atendimento_id,usuario_id,iniciado_em,necessidade_declarada,intencao,para_quem,genero_desejado,tom_desejado,formato_desejado,orcamento,livro_procurado_id,livro_recomendado_id,formato_recomendado,preco_informado,estoque_informado,pontuacao_recomendacao,recomendacao_aceita,etapa_final,resultado,motivo_abandono,avaliacao,custo_ia_eur
ATD-000001,38,2026-06-01 10:11:00,Quero algo parecido com os livros que costumo ler.,livro_parecido,PROPRIO,Fantasia,épico,FISICO,20.51,,9,FISICO,23.25,12,65,NAO,RECOMENDACAO,SEM_COMPRA,preco_acima_do_orcamento,1,0.0263
ATD-000002,75,2026-06-01 12:06:00,Preciso de um livro para dar de presente e não sei qual escolher.,presente,PRESENTE,Mistério,intrigante,FISICO,47.51,,37,FISICO,23.25,16,65,NAO,RECOMENDACAO,SEM_COMPRA,recomendacao_nao_combinou,4,0.0477
ATD-000003,112,2026-06-01 13:01:00,Estou procurando um título específico e quero saber se está disponível.,titulo_especifico,PROPRIO,Ficção contemporânea,acolhedor,FISICO,23.35,25,25,FISICO,25.85,4,90,SIM,PEDIDO_CONFIRMADO,VENDA_CONCLUIDA,,5,0.0504
ATD-000004,149,2026-06-01 14:17:00,Quero experimentar um gênero novo sem pegar um livro muito difícil.,explorar_novo_genero,PROPRIO,Fantasia,épico,DIGITAL,35.99,,3,DIGITAL,18.05,9999,65,NAO,RECOMENDACAO,SEM_COMPRA,recomendacao_nao_combinou,2,0.0525
ATD-000005,186,2026-06-01 14:55:00,Preciso de um livro para dar de presente e não sei qual escolher.,presente,PRESENTE,Ficção histórica,melancólico,FISICO,34.58,,15,FISICO,25.45,6,61,NAO,RECOMENDACAO,SEM_COMPRA,recomendacao_nao_combinou,4,0.0566
ATD-000006,223,2026-06-01 16:09:00,"Quero continuar uma saga que comecei, mas não sei qual é o próximo volume.",continuacao_de_saga,PROPRIO,Fantasia,épico,DIGITAL,42.65,40,40,DIGITAL,22.40,9999,90,SIM,PEDIDO_CONFIRMADO,VENDA_CONCLUIDA,,5,0.0197
ATD-000007,260,2026-06-01 17:55:00,Preciso de um livro para dar de presente e não sei qual escolher.,presente,PRESENTE,Ficção científica,reflexivo,DIGITAL,34.75,,14,DIGITAL,12.40,9999,65,NAO,RECOMENDACAO,SEM_COMPRA,recomendacao_nao_combinou,3,0.0465
ATD-000008,297,2026-06-01 18:47:00,"Quero continuar uma saga que comecei, mas não sei qual é o próximo volume.",continuacao_de_saga,PROPRIO,Fantasia,épico,FISICO,47.44,3,1,FISICO,21.95,4,84,SIM,CHECKOUT,SEM_COMPRA,abandono_no_checkout,3,0.0533
ATD-000009,334,2026-06-01 20:24:00,Quero algo parecido com os livros que costumo ler.,livro_parecido,PROPRIO,Drama,emocional,FISICO,39.68,,44,FISICO,28.50,17,65,SIM,PEDIDO_CONFIRMADO,VENDA_CONCLUIDA,,5,0.0341
ATD-000010,371,2026-06-01 21:05:00,"Quero continuar uma saga que comecei, mas não sei qual é o próximo volume.",continuacao_de_saga,PROPRIO,Fantasia,esperançoso,DIGITAL,29.64,,11,DIGITAL,19.35,9999,90,SIM,PEDIDO_CONFIRMADO,VENDA_CONCLUIDA,,4,0.0367
ATD-000011,408,2026-06-01 22:49:00,"Quero continuar uma saga que comecei, mas não sei qual é o próximo volume.",continuacao_de_saga,PROPRIO,Fantasia,épico,DIGITAL,29.21,40,40,DIGITAL,22.40,9999,90,SIM,PEDIDO_CONFIRMADO,VENDA_CONCLUIDA,,4,0.0559
ATD-000012,445,2026-06-01 23:23:00,Estou procurando um título específico e quero saber se está disponível.,titulo_especifico,PROPRIO,Ficção científica,reflexivo,DIGITAL,19.84,48,48,DIGITAL,23.70,9999,90,NAO,RECOMENDACAO,SEM_COMPRA,preco_acima_do_orcamento,2,0.0286
ATD-000013,482,2026-06-02 00:52:00,Preciso de um livro para dar de presente e não sei qual escolher.,presente,PRESENTE,Fantasia,esperançoso,DIGITAL,38.31,,2,DIGITAL,15.00,9999,65,SIM,PEDIDO_CONFIRMADO,VENDA_CONCLUIDA,,5,0.0153
ATD-000014,519,2026-06-02 01:54:00,Quero experimentar um gênero novo sem pegar um livro muito difícil.,explorar_novo_genero,PROPRIO,Romance,emocional,DIGITAL,19.71,,8,DIGITAL,17.20,9999,65,SIM,PEDIDO_CONFIRMADO,VENDA_CONCLUIDA,,5,0.0283
ATD-000015,556,2026-06-02 02:49:00,"Quero continuar uma saga que comecei, mas não sei qual é o próximo volume.",continuacao_de_saga,PROPRIO,Fantasia,esperançoso,FISICO,27.26,12,12,FISICO,32.40,9,90,NAO,RECOMENDACAO,SEM_COMPRA,preco_acima_do_orcamento,4,0.0363
ATD-000016,593,2026-06-02 04:32:00,"Quero continuar uma saga que comecei, mas não sei qual é o próximo volume.",continuacao_de_saga,PROPRIO,Ficção científica,reflexivo,FISICO,13.50,,47,FISICO,30.65,14,90,SIM,CHECKOUT,SEM_COMPRA,abandono_no_checkout,3,0.0500
ATD-000017,630,2026-06-02 05:53:00,Quero algo parecido com os livros que costumo ler.,livro_parecido,PROPRIO,Romance,emocional,FISICO,29.35,,13,FISICO,28.45,16,65,NAO,RECOMENDACAO,SEM_COMPRA,apenas_pesquisando,3,0.0460
ATD-000018,667,2026-06-02 06:34:00,Preciso de um livro para dar de presente e não sei qual escolher.,presente,PRESENTE,Fantasia,épico,FISICO,16.56,,47,FISICO,30.65,14,65,NAO,RECOMENDACAO,SEM_COMPRA,preco_acima_do_orcamento,3,0.0329
ATD-000019,704,2026-06-02 07:54:00,Estou procurando um título específico e quero saber se está disponível.,titulo_especifico,PROPRIO,Aventura,inspirador,FISICO,27.48,17,17,FISICO,24.55,20,90,SIM,PEDIDO_CONFIRMADO,VENDA_CONCLUIDA,,4,0.0402
ATD-000020,741,2026-06-02 09:23:00,Quero algo parecido com os livros que costumo ler.,livro_parecido,PROPRIO,Ficção científica,reflexivo,DIGITAL,12.73,,2,DIGITAL,15.00,9999,10,NAO,RECOMENDACAO,SEM_COMPRA,preco_acima_do_orcamento,3,0.0288
ATD-000021,778,2026-06-02 09:51:00,Quero algo parecido com os livros que costumo ler.,livro_parecido,PROPRIO,Fantasia,esperançoso,DIGITAL,23.00,,4,DIGITAL,21.10,9999,65,SIM,PEDIDO_CONFIRMADO,VENDA_CONCLUIDA,,5,0.0238
ATD-000022,815,2026-06-02 11:43:00,Preciso de um livro para dar de presente e não sei qual escolher.,presente,PRESENTE,Fantasia,épico,FISICO,30.09,,37,FISICO,23.25,16,65,SIM,PEDIDO_CONFIRMADO,VENDA_CONCLUIDA,,5,0.0392
ATD-000023,852,2026-06-02 12:57:00,Preciso de um livro para dar de presente e não sei qual escolher.,presente,PRESENTE,Fantasia,esperançoso,DIGITAL,32.61,,8,DIGITAL,17.20,9999,65,NAO,RECOMENDACAO,SEM_COMPRA,recomendacao_nao_combinou,1,0.0155
ATD-000024,889,2026-06-02 13:33:00,"Quero continuar uma saga que comecei, mas não sei qual é o próximo volume.",continuacao_de_saga,PROPRIO,Romance,emocional,FISICO,33.06,15,15,FISICO,25.45,6,86,SIM,CHECKOUT,SEM_COMPRA,abandono_no_checkout,3,0.0291
ATD-000025,926,2026-06-02 14:47:00,Quero experimentar um gênero novo sem pegar um livro muito difícil.,explorar_novo_genero,PROPRIO,Fantasia,esperançoso,FISICO,23.97,,2,FISICO,25.00,11,65,NAO,RECOMENDACAO,SEM_COMPRA,preco_acima_do_orcamento,2,0.0191
ATD-000026,963,2026-06-02 15:59:00,Quero experimentar um gênero novo sem pegar um livro muito difícil.,explorar_novo_genero,PROPRIO,Drama,emocional,DIGITAL,43.59,,41,DIGITAL,18.45,9999,65,SIM,PEDIDO_CONFIRMADO,VENDA_CONCLUIDA,,5,0.0370
ATD-000027,1000,2026-06-02 17:09:00,Quero algo parecido com os livros que costumo ler.,livro_parecido,PROPRIO,Aventura,aventureiro,FISICO,18.09,,29,FISICO,21.95,8,63,SIM,PEDIDO_CONFIRMADO,VENDA_CONCLUIDA,,4,0.0546
ATD-000028,37,2026-06-02 18:34:00,"Quero continuar uma saga que comecei, mas não sei qual é o próximo volume.",continuacao_de_saga,PROPRIO,Aventura,inspirador,DIGITAL,37.59,32,32,DIGITAL,21.10,9999,90,NAO,RECOMENDACAO,SEM_COMPRA,apenas_pesquisando,3,0.0373
ATD-000029,74,2026-06-02 20:02:00,Quero experimentar um gênero novo sem pegar um livro muito difícil.,explorar_novo_genero,PROPRIO,Romance,nostálgico,FISICO,43.08,,6,FISICO,30.20,15,65,SIM,PEDIDO_CONFIRMADO,VENDA_CONCLUIDA,,4,0.0569
ATD-000030,111,2026-06-02 20:44:00,"Quero continuar uma saga que comecei, mas não sei qual é o próximo volume.",continuacao_de_saga,PROPRIO,Fantasia,épico,FISICO,30.35,,3,FISICO,28.05,18,90,NAO,BUSCA,SEM_COMPRA,nao_encontrou_continuacao,3,0.0561
ATD-000031,148,2026-06-02 21:55:00,Quero algo parecido com os livros que costumo ler.,livro_parecido,PROPRIO,Fantasia,épico,DIGITAL,30.27,,2,DIGITAL,15.00,9999,65,SIM,PEDIDO_CONFIRMADO,VENDA_CONCLUIDA,,5,0.0439
ATD-000032,185,2026-06-02 23:27:00,Preciso de um livro para dar de presente e não sei qual escolher.,presente,PRESENTE,Aventura,inspirador,FISICO,29.56,,5,FISICO,27.15,8,63,NAO,RECOMENDACAO,SEM_COMPRA,recomendacao_nao_combinou,4,0.0573
ATD-000033,222,2026-06-03 00:28:00,Preciso de um livro para dar de presente e não sei qual escolher.,presente,PRESENTE,Ficção histórica,melancólico,FISICO,27.44,,22,FISICO,23.70,7,62,NAO,RECOMENDACAO,SEM_COMPRA,recomendacao_nao_combinou,4,0.0184
ATD-000034,259,2026-06-03 01:46:00,"Quero continuar uma saga que comecei, mas não sei qual é o próximo volume.",continuacao_de_saga,PROPRIO,Ficção histórica,melancólico,FISICO,30.20,34,34,FISICO,30.20,19,90,SIM,PEDIDO_CONFIRMADO,VENDA_CONCLUIDA,,4,0.0352
ATD-000035,296,2026-06-03 03:07:00,Quero algo parecido com os livros que costumo ler.,livro_parecido,PROPRIO,Aventura,aventureiro,DIGITAL,34.11,,19,DIGITAL,20.65,9999,65,SIM,PEDIDO_CONFIRMADO,VENDA_CONCLUIDA,,5,0.0498
ATD-000036,333,2026-06-03 03:49:00,Preciso de um livro para dar de presente e não sei qual escolher.,presente,PRESENTE,Ficção contemporânea,acolhedor,DIGITAL,22.73,,8,DIGITAL,17.20,9999,65,NAO,RECOMENDACAO,SEM_COMPRA,recomendacao_nao_combinou,2,0.0432
ATD-000037,370,2026-06-03 04:58:00,Quero algo parecido com os livros que costumo ler.,livro_parecido,PROPRIO,Ficção científica,reflexivo,DIGITAL,12.17,,45,DIGITAL,14.55,9999,65,NAO,RECOMENDACAO,SEM_COMPRA,preco_acima_do_orcamento,4,0.0459
ATD-000038,407,2026-06-03 06:27:00,Estou procurando um título específico e quero saber se está disponível.,titulo_especifico,PROPRIO,Aventura,aventureiro,DIGITAL,13.39,31,31,DIGITAL,18.05,9999,90,NAO,RECOMENDACAO,SEM_COMPRA,apenas_pesquisando,3,0.0408
ATD-000039,444,2026-06-03 07:59:00,Estou procurando um título específico e quero saber se está disponível.,titulo_especifico,PROPRIO,Drama,emocional,FISICO,45.74,41,41,FISICO,28.45,20,90,SIM,PEDIDO_CONFIRMADO,VENDA_CONCLUIDA,,4,0.0496
ATD-000040,481,2026-06-03 08:25:00,"Quero continuar uma saga que comecei, mas não sei qual é o próximo volume.",continuacao_de_saga,PROPRIO,Romance,emocional,FISICO,25.82,15,15,FISICO,25.45,6,86,SIM,PEDIDO_CONFIRMADO,VENDA_CONCLUIDA,,5,0.0438
ATD-000041,518,2026-06-03 10:00:00,Quero algo parecido com os livros que costumo ler.,livro_parecido,PROPRIO,Aventura,inspirador,FISICO,16.51,,17,FISICO,24.55,20,65,NAO,RECOMENDACAO,SEM_COMPRA,preco_acima_do_orcamento,1,0.0231
ATD-000042,555,2026-06-03 11:10:00,Quero algo parecido com os livros que costumo ler.,livro_parecido,PROPRIO,Ficção científica,reflexivo,FISICO,23.15,,46,FISICO,27.60,7,62,NAO,RECOMENDACAO,SEM_COMPRA,preco_acima_do_orcamento,2,0.0487
ATD-000043,592,2026-06-03 12:11:00,Estou procurando um título específico e quero saber se está disponível.,titulo_especifico,PROPRIO,Mistério,intrigante,DIGITAL,43.07,23,23,DIGITAL,16.75,9999,90,SIM,PEDIDO_CONFIRMADO,VENDA_CONCLUIDA,,4,0.0576
ATD-000044,629,2026-06-03 13:51:00,Quero algo parecido com os livros que costumo ler.,livro_parecido,PROPRIO,Ficção científica,reflexivo,DIGITAL,42.46,,47,DIGITAL,20.65,9999,65,NAO,RECOMENDACAO,SEM_COMPRA,recomendacao_nao_combinou,3,0.0424
ATD-000045,666,2026-06-03 14:24:00,"Quero continuar uma saga que comecei, mas não sei qual é o próximo volume.",continuacao_de_saga,PROPRIO,Ficção contemporânea,acolhedor,FISICO,35.80,27,28,FISICO,25.90,1,81,NAO,BUSCA,SEM_COMPRA,nao_encontrou_continuacao,3,0.0328
ATD-000046,703,2026-06-03 16:00:00,"Quero continuar uma saga que comecei, mas não sei qual é o próximo volume.",continuacao_de_saga,PROPRIO,Ficção histórica,melancólico,FISICO,34.44,35,35,FISICO,24.15,2,82,SIM,PEDIDO_CONFIRMADO,VENDA_CONCLUIDA,,5,0.0500
ATD-000047,740,2026-06-03 17:00:00,Quero experimentar um gênero novo sem pegar um livro muito difícil.,explorar_novo_genero,PROPRIO,Fantasia,esperançoso,DIGITAL,14.92,,2,DIGITAL,15.00,9999,65,NAO,RECOMENDACAO,SEM_COMPRA,recomendacao_nao_combinou,3,0.0436
ATD-000048,777,2026-06-03 17:55:00,"Quero continuar uma saga que comecei, mas não sei qual é o próximo volume.",continuacao_de_saga,PROPRIO,Fantasia,esperançoso,FISICO,39.44,12,12,FISICO,32.40,9,90,SIM,PEDIDO_CONFIRMADO,VENDA_CONCLUIDA,,5,0.0271
ATD-000049,814,2026-06-03 19:13:00,Quero experimentar um gênero novo sem pegar um livro muito difícil.,explorar_novo_genero,PROPRIO,Mistério,intrigante,DIGITAL,47.07,,22,DIGITAL,13.70,9999,65,SIM,CHECKOUT,SEM_COMPRA,abandono_no_checkout,3,0.0559
ATD-000050,851,2026-06-03 20:20:00,Quero algo parecido com os livros que costumo ler.,livro_parecido,PROPRIO,Fantasia,épico,FISICO,20.22,,10,FISICO,26.30,19,65,NAO,RECOMENDACAO,SEM_COMPRA,preco_acima_do_orcamento,3,0.0433
ATD-000051,888,2026-06-03 21:28:00,Quero algo parecido com os livros que costumo ler.,livro_parecido,PROPRIO,Ficção científica,reflexivo,FISICO,28.47,,47,FISICO,30.65,14,65,NAO,RECOMENDACAO,SEM_COMPRA,preco_acima_do_orcamento,2,0.0504
ATD-000052,925,2026-06-03 22:47:00,Estou procurando um título específico e quero saber se está disponível.,titulo_especifico,PROPRIO,Drama,emocional,DIGITAL,40.97,43,43,DIGITAL,15.45,9999,90,SIM,PEDIDO_CONFIRMADO,VENDA_CONCLUIDA,,4,0.0423
ATD-000053,962,2026-06-03 23:45:00,Quero algo parecido com os livros que costumo ler.,livro_parecido,PROPRIO,Fantasia,épico,FISICO,20.89,,37,FISICO,23.25,16,65,NAO,RECOMENDACAO,SEM_COMPRA,preco_acima_do_orcamento,3,0.0240
ATD-000054,999,2026-06-04 01:33:00,Quero experimentar um gênero novo sem pegar um livro muito difícil.,explorar_novo_genero,PROPRIO,Aventura,aventureiro,FISICO,36.19,,19,FISICO,30.65,10,65,SIM,PEDIDO_CONFIRMADO,VENDA_CONCLUIDA,,4,0.0138
ATD-000055,36,2026-06-04 02:16:00,Quero experimentar um gênero novo sem pegar um livro muito difícil.,explorar_novo_genero,PROPRIO,Ficção científica,reflexivo,FISICO,37.50,,47,FISICO,30.65,14,65,SIM,CHECKOUT,SEM_COMPRA,abandono_no_checkout,2,0.0230
ATD-000056,73,2026-06-04 03:16:00,"Quero continuar uma saga que comecei, mas não sei qual é o próximo volume.",continuacao_de_saga,PROPRIO,Romance,nostálgico,FISICO,36.04,,6,FISICO,30.20,15,90,SIM,PEDIDO_CONFIRMADO,VENDA_CONCLUIDA,,4,0.0351
ATD-000057,110,2026-06-04 04:53:00,Quero experimentar um gênero novo sem pegar um livro muito difícil.,explorar_novo_genero,PROPRIO,Romance,emocional,FISICO,28.35,,16,FISICO,28.50,13,65,NAO,RECOMENDACAO,SEM_COMPRA,preco_acima_do_orcamento,3,0.0514
ATD-000058,147,2026-06-04 06:19:00,"Quero continuar uma saga que comecei, mas não sei qual é o próximo volume.",continuacao_de_saga,PROPRIO,Fantasia,épico,FISICO,21.83,40,40,FISICO,32.40,13,90,SIM,PEDIDO_CONFIRMADO,VENDA_CONCLUIDA,,5,0.0331
ATD-000059,184,2026-06-04 07:25:00,Preciso de um livro para dar de presente e não sei qual escolher.,presente,PRESENTE,Ficção contemporânea,acolhedor,DIGITAL,18.07,,6,DIGITAL,20.20,9999,65,NAO,RECOMENDACAO,SEM_COMPRA,preco_acima_do_orcamento,2,0.0301
ATD-000060,221,2026-06-04 08:15:00,Quero experimentar um gênero novo sem pegar um livro muito difícil.,explorar_novo_genero,PROPRIO,Romance,emocional,FISICO,41.27,,6,FISICO,30.20,15,65,SIM,PEDIDO_CONFIRMADO,VENDA_CONCLUIDA,,5,0.0571
ATD-000061,258,2026-06-04 09:17:00,Quero experimentar um gênero novo sem pegar um livro muito difícil.,explorar_novo_genero,PROPRIO,Fantasia,esperançoso,DIGITAL,17.01,,1,DIGITAL,11.95,9999,65,SIM,PEDIDO_CONFIRMADO,VENDA_CONCLUIDA,,5,0.0264
ATD-000062,295,2026-06-04 10:30:00,"Quero continuar uma saga que comecei, mas não sei qual é o próximo volume.",continuacao_de_saga,PROPRIO,Romance,emocional,DIGITAL,40.31,16,13,DIGITAL,18.45,9999,90,NAO,BUSCA,SEM_COMPRA,nao_encontrou_continuacao,2,0.0303
ATD-000063,332,2026-06-04 11:58:00,"Quero continuar uma saga que comecei, mas não sei qual é o próximo volume.",continuacao_de_saga,PROPRIO,Drama,emocional,FISICO,25.25,43,43,FISICO,25.45,10,90,NAO,RECOMENDACAO,SEM_COMPRA,preco_acima_do_orcamento,2,0.0282
ATD-000064,369,2026-06-04 13:06:00,Quero algo parecido com os livros que costumo ler.,livro_parecido,PROPRIO,Fantasia,épico,FISICO,12.12,,3,FISICO,28.05,18,65,NAO,RECOMENDACAO,SEM_COMPRA,preco_acima_do_orcamento,3,0.0319
ATD-000065,406,2026-06-04 14:30:00,Preciso de um livro para dar de presente e não sei qual escolher.,presente,PRESENTE,Ficção contemporânea,acolhedor,DIGITAL,45.10,,1,DIGITAL,11.95,9999,65,NAO,RECOMENDACAO,SEM_COMPRA,recomendacao_nao_combinou,2,0.0422
ATD-000066,443,2026-06-04 15:30:00,"Quero continuar uma saga que comecei, mas não sei qual é o próximo volume.",continuacao_de_saga,PROPRIO,Mistério,intrigante,FISICO,26.55,,22,FISICO,23.70,7,87,NAO,BUSCA,SEM_COMPRA,nao_encontrou_continuacao,3,0.0415
ATD-000067,480,2026-06-04 16:44:00,Preciso de um livro para dar de presente e não sei qual escolher.,presente,PRESENTE,Fantasia,épico,DIGITAL,41.06,,7,DIGITAL,14.15,9999,65,NAO,RECOMENDACAO,SEM_COMPRA,recomendacao_nao_combinou,1,0.0548
ATD-000068,517,2026-06-04 17:29:00,Preciso de um livro para dar de presente e não sei qual escolher.,presente,PRESENTE,Mistério,intrigante,FISICO,28.50,,34,FISICO,30.20,19,65,NAO,RECOMENDACAO,SEM_COMPRA,preco_acima_do_orcamento,3,0.0295
ATD-000069,554,2026-06-04 19:04:00,Quero experimentar um gênero novo sem pegar um livro muito difícil.,explorar_novo_genero,PROPRIO,Romance,emocional,FISICO,22.03,,15,FISICO,25.45,6,61,NAO,RECOMENDACAO,SEM_COMPRA,preco_acima_do_orcamento,3,0.0142
ATD-000070,591,2026-06-04 20:01:00,"Quero continuar uma saga que comecei, mas não sei qual é o próximo volume.",continuacao_de_saga,PROPRIO,Aventura,aventureiro,FISICO,16.17,20,20,FISICO,33.70,17,90,NAO,RECOMENDACAO,SEM_COMPRA,preco_acima_do_orcamento,2,0.0183
ATD-000071,628,2026-06-04 21:30:00,Estou procurando um título específico e quero saber se está disponível.,titulo_especifico,PROPRIO,Ficção científica,reflexivo,DIGITAL,34.51,48,48,DIGITAL,23.70,9999,90,SIM,CHECKOUT,SEM_COMPRA,abandono_no_checkout,1,0.0309
ATD-000072,665,2026-06-04 22:26:00,Quero algo parecido com os livros que costumo ler.,livro_parecido,PROPRIO,Romance,emocional,FISICO,41.72,,6,FISICO,30.20,15,65,NAO,RECOMENDACAO,SEM_COMPRA,recomendacao_nao_combinou,3,0.0527
ATD-000073,702,2026-06-04 23:28:00,Quero algo parecido com os livros que costumo ler.,livro_parecido,PROPRIO,Romance,nostálgico,DIGITAL,35.94,,5,DIGITAL,17.15,9999,65,SIM,PEDIDO_CONFIRMADO,VENDA_CONCLUIDA,,4,0.0469
ATD-000074,739,2026-06-05 00:58:00,Quero algo parecido com os livros que costumo ler.,livro_parecido,PROPRIO,Aventura,inspirador,DIGITAL,17.09,,19,DIGITAL,20.65,9999,65,NAO,RECOMENDACAO,SEM_COMPRA,preco_acima_do_orcamento,4,0.0558
ATD-000075,776,2026-06-05 01:56:00,Preciso de um livro para dar de presente e não sei qual escolher.,presente,PRESENTE,Drama,emocional,DIGITAL,33.33,,4,DIGITAL,21.10,9999,65,NAO,RECOMENDACAO,SEM_COMPRA,recomendacao_nao_combinou,3,0.0329
ATD-000076,813,2026-06-05 03:29:00,"Quero continuar uma saga que comecei, mas não sei qual é o próximo volume.",continuacao_de_saga,PROPRIO,Romance,emocional,DIGITAL,46.97,15,15,DIGITAL,15.45,9999,90,SIM,PEDIDO_CONFIRMADO,VENDA_CONCLUIDA,,5,0.0373
ATD-000077,850,2026-06-05 04:21:00,"Quero continuar uma saga que comecei, mas não sei qual é o próximo volume.",continuacao_de_saga,PROPRIO,Fantasia,épico,FISICO,41.77,3,3,FISICO,28.05,18,90,SIM,PEDIDO_CONFIRMADO,VENDA_CONCLUIDA,,5,0.0199
ATD-000078,887,2026-06-05 05:18:00,"Quero continuar uma saga que comecei, mas não sei qual é o próximo volume.",continuacao_de_saga,PROPRIO,Ficção contemporânea,acolhedor,FISICO,17.00,26,26,FISICO,28.90,11,90,SIM,PEDIDO_CONFIRMADO,VENDA_CONCLUIDA,,4,0.0557
ATD-000079,924,2026-06-05 07:06:00,"Quero continuar uma saga que comecei, mas não sei qual é o próximo volume.",continuacao_de_saga,PROPRIO,Mistério,intrigante,FISICO,34.41,22,22,FISICO,23.70,7,87,SIM,PEDIDO_CONFIRMADO,VENDA_CONCLUIDA,,4,0.0442
ATD-000080,961,2026-06-05 08:08:00,Quero algo parecido com os livros que costumo ler.,livro_parecido,PROPRIO,Romance,nostálgico,DIGITAL,17.68,,5,DIGITAL,17.15,9999,65,SIM,PEDIDO_CONFIRMADO,VENDA_CONCLUIDA,,5,0.0447
ATD-000081,998,2026-06-05 08:58:00,"Quero continuar uma saga que comecei, mas não sei qual é o próximo volume.",continuacao_de_saga,PROPRIO,Fantasia,esperançoso,DIGITAL,28.96,10,10,DIGITAL,16.30,9999,90,SIM,PEDIDO_CONFIRMADO,VENDA_CONCLUIDA,,5,0.0182
ATD-000082,35,2026-06-05 10:36:00,Preciso de um livro para dar de presente e não sei qual escolher.,presente,PRESENTE,Aventura,inspirador,FISICO,35.42,,30,FISICO,25.00,15,65,NAO,RECOMENDACAO,SEM_COMPRA,apenas_pesquisando,2,0.0547
ATD-000083,72,2026-06-05 11:15:00,Quero algo parecido com os livros que costumo ler.,livro_parecido,PROPRIO,Fantasia,épico,DIGITAL,32.85,,11,DIGITAL,19.35,9999,65,SIM,PEDIDO_CONFIRMADO,VENDA_CONCLUIDA,,4,0.0422
ATD-000084,109,2026-06-05 12:34:00,"Quero continuar uma saga que comecei, mas não sei qual é o próximo volume.",continuacao_de_saga,PROPRIO,Romance,nostálgico,FISICO,26.17,7,8,FISICO,27.20,5,85,SIM,PEDIDO_CONFIRMADO,VENDA_CONCLUIDA,,4,0.0366
ATD-000085,146,2026-06-05 14:23:00,Quero algo parecido com os livros que costumo ler.,livro_parecido,PROPRIO,Ficção contemporânea,acolhedor,FISICO,24.32,,27,FISICO,31.95,18,65,NAO,RECOMENDACAO,SEM_COMPRA,preco_acima_do_orcamento,3,0.0425
ATD-000086,183,2026-06-05 15:12:00,"Quero continuar uma saga que comecei, mas não sei qual é o próximo volume.",continuacao_de_saga,PROPRIO,Drama,emocional,DIGITAL,28.57,42,43,DIGITAL,15.45,9999,90,SIM,PEDIDO_CONFIRMADO,VENDA_CONCLUIDA,,5,0.0514
ATD-000087,220,2026-06-05 16:21:00,"Quero continuar uma saga que comecei, mas não sei qual é o próximo volume.",continuacao_de_saga,PROPRIO,Ficção contemporânea,acolhedor,FISICO,17.18,28,28,FISICO,25.90,1,81,SIM,PEDIDO_CONFIRMADO,VENDA_CONCLUIDA,,5,0.0235
ATD-000088,257,2026-06-05 17:16:00,Estou procurando um título específico e quero saber se está disponível.,titulo_especifico,PROPRIO,Fantasia,esperançoso,FISICO,43.06,39,39,FISICO,29.35,6,90,NAO,RECOMENDACAO,SEM_COMPRA,recomendacao_nao_combinou,2,0.0263
ATD-000089,294,2026-06-05 19:05:00,Estou procurando um título específico e quero saber se está disponível.,titulo_especifico,PROPRIO,Fantasia,esperançoso,DIGITAL,42.37,11,11,DIGITAL,19.35,9999,90,SIM,PEDIDO_CONFIRMADO,VENDA_CONCLUIDA,,5,0.0353
ATD-000090,331,2026-06-05 20:04:00,Preciso de um livro para dar de presente e não sei qual escolher.,presente,PRESENTE,Drama,emocional,DIGITAL,16.85,,7,DIGITAL,14.15,9999,65,NAO,RECOMENDACAO,SEM_COMPRA,recomendacao_nao_combinou,3,0.0401
ATD-000091,368,2026-06-05 20:51:00,Preciso de um livro para dar de presente e não sei qual escolher.,presente,PRESENTE,Drama,emocional,FISICO,27.23,,6,FISICO,30.20,15,10,NAO,RECOMENDACAO,SEM_COMPRA,preco_acima_do_orcamento,2,0.0476
ATD-000092,405,2026-06-05 22:39:00,Quero experimentar um gênero novo sem pegar um livro muito difícil.,explorar_novo_genero,PROPRIO,Ficção científica,reflexivo,DIGITAL,42.58,,46,DIGITAL,17.60,9999,65,SIM,CHECKOUT,SEM_COMPRA,abandono_no_checkout,3,0.0470
ATD-000093,442,2026-06-05 23:39:00,Quero algo parecido com os livros que costumo ler.,livro_parecido,PROPRIO,Fantasia,esperançoso,DIGITAL,42.94,,3,DIGITAL,18.05,9999,65,SIM,PEDIDO_CONFIRMADO,VENDA_CONCLUIDA,,4,0.0367
ATD-000094,479,2026-06-06 01:02:00,"Quero continuar uma saga que comecei, mas não sei qual é o próximo volume.",continuacao_de_saga,PROPRIO,Romance,emocional,FISICO,24.57,15,15,FISICO,25.45,6,86,NAO,RECOMENDACAO,SEM_COMPRA,preco_acima_do_orcamento,2,0.0439
ATD-000095,516,2026-06-06 01:49:00,Estou procurando um título específico e quero saber se está disponível.,titulo_especifico,PROPRIO,Fantasia,épico,FISICO,27.40,38,2,FISICO,25.00,11,65,NAO,BUSCA,SEM_COMPRA,livro_procurado_sem_estoque,4,0.0154
ATD-000096,553,2026-06-06 03:04:00,Preciso de um livro para dar de presente e não sei qual escolher.,presente,PRESENTE,Ficção científica,reflexivo,FISICO,36.28,,40,FISICO,32.40,13,65,NAO,RECOMENDACAO,SEM_COMPRA,recomendacao_nao_combinou,3,0.0180
ATD-000097,590,2026-06-06 03:55:00,Estou procurando um título específico e quero saber se está disponível.,titulo_especifico,PROPRIO,Mistério,intrigante,DIGITAL,37.62,23,23,DIGITAL,16.75,9999,90,SIM,PEDIDO_CONFIRMADO,VENDA_CONCLUIDA,,4,0.0447
ATD-000098,627,2026-06-06 05:20:00,"Quero continuar uma saga que comecei, mas não sei qual é o próximo volume.",continuacao_de_saga,PROPRIO,Fantasia,esperançoso,DIGITAL,19.85,,11,DIGITAL,19.35,9999,90,NAO,BUSCA,SEM_COMPRA,nao_encontrou_continuacao,3,0.0347
ATD-000099,664,2026-06-06 06:50:00,Quero experimentar um gênero novo sem pegar um livro muito difícil.,explorar_novo_genero,PROPRIO,Aventura,aventureiro,FISICO,43.82,,19,FISICO,30.65,10,65,SIM,PEDIDO_CONFIRMADO,VENDA_CONCLUIDA,,5,0.0271
ATD-000100,701,2026-06-06 07:42:00,Quero experimentar um gênero novo sem pegar um livro muito difícil.,explorar_novo_genero,PROPRIO,Mistério,intrigante,DIGITAL,12.65,,23,DIGITAL,16.75,9999,65,NAO,RECOMENDACAO,SEM_COMPRA,preco_acima_do_orcamento,3,0.0273
ATD-000101,738,2026-06-06 09:07:00,Preciso de um livro para dar de presente e não sei qual escolher.,presente,PRESENTE,Ficção histórica,melancólico,DIGITAL,16.63,,43,DIGITAL,15.45,9999,65,NAO,RECOMENDACAO,SEM_COMPRA,recomendacao_nao_combinou,2,0.0491
ATD-000102,775,2026-06-06 10:00:00,"Quero continuar uma saga que comecei, mas não sei qual é o próximo volume.",continuacao_de_saga,PROPRIO,Fantasia,esperançoso,FISICO,38.53,,10,FISICO,26.30,19,90,NAO,BUSCA,SEM_COMPRA,nao_encontrou_continuacao,3,0.0243
ATD-000103,812,2026-06-06 11:36:00,Quero algo parecido com os livros que costumo ler.,livro_parecido,PROPRIO,Fantasia,épico,DIGITAL,40.95,,2,DIGITAL,15.00,9999,65,NAO,RECOMENDACAO,SEM_COMPRA,apenas_pesquisando,3,0.0398
ATD-000104,849,2026-06-06 12:05:00,Estou procurando um título específico e quero saber se está disponível.,titulo_especifico,PROPRIO,Fantasia,épico,FISICO,12.24,39,39,FISICO,29.35,6,90,NAO,RECOMENDACAO,SEM_COMPRA,preco_acima_do_orcamento,4,0.0576
ATD-000105,886,2026-06-06 13:37:00,Estou procurando um título específico e quero saber se está disponível.,titulo_especifico,PROPRIO,Fantasia,épico,FISICO,47.13,40,40,FISICO,32.40,13,90,SIM,PEDIDO_CONFIRMADO,VENDA_CONCLUIDA,,5,0.0568
ATD-000106,923,2026-06-06 14:26:00,Preciso de um livro para dar de presente e não sei qual escolher.,presente,PRESENTE,Aventura,aventureiro,FISICO,41.01,,41,FISICO,28.45,20,65,NAO,RECOMENDACAO,SEM_COMPRA,recomendacao_nao_combinou,4,0.0131
ATD-000107,960,2026-06-06 15:51:00,"Quero continuar uma saga que comecei, mas não sei qual é o próximo volume.",continuacao_de_saga,PROPRIO,Aventura,inspirador,DIGITAL,32.84,32,32,DIGITAL,21.10,9999,90,SIM,PEDIDO_CONFIRMADO,VENDA_CONCLUIDA,,4,0.0428
ATD-000108,997,2026-06-06 17:38:00,Preciso de um livro para dar de presente e não sei qual escolher.,presente,PRESENTE,Mistério,intrigante,FISICO,22.69,,30,FISICO,25.00,15,65,NAO,RECOMENDACAO,SEM_COMPRA,preco_acima_do_orcamento,4,0.0173
ATD-000109,34,2026-06-06 18:27:00,"Quero continuar uma saga que comecei, mas não sei qual é o próximo volume.",continuacao_de_saga,PROPRIO,Fantasia,esperançoso,FISICO,32.93,10,10,FISICO,26.30,19,90,SIM,PEDIDO_CONFIRMADO,VENDA_CONCLUIDA,,4,0.0468
ATD-000110,71,2026-06-06 19:44:00,Quero algo parecido com os livros que costumo ler.,livro_parecido,PROPRIO,Fantasia,épico,FISICO,19.61,,9,FISICO,23.25,12,65,NAO,RECOMENDACAO,SEM_COMPRA,preco_acima_do_orcamento,4,0.0568
ATD-000111,108,2026-06-06 20:30:00,Quero algo parecido com os livros que costumo ler.,livro_parecido,PROPRIO,Drama,emocional,DIGITAL,30.81,,41,DIGITAL,18.45,9999,65,SIM,PEDIDO_CONFIRMADO,VENDA_CONCLUIDA,,5,0.0367
ATD-000112,145,2026-06-06 21:48:00,Quero algo parecido com os livros que costumo ler.,livro_parecido,PROPRIO,Fantasia,épico,FISICO,34.12,,9,FISICO,23.25,12,65,NAO,RECOMENDACAO,SEM_COMPRA,recomendacao_nao_combinou,2,0.0404
ATD-000113,182,2026-06-06 23:13:00,"Quero continuar uma saga que comecei, mas não sei qual é o próximo volume.",continuacao_de_saga,PROPRIO,Ficção científica,reflexivo,FISICO,24.07,47,47,FISICO,30.65,14,90,NAO,RECOMENDACAO,SEM_COMPRA,preco_acima_do_orcamento,3,0.0361
ATD-000114,219,2026-06-07 00:03:00,Quero experimentar um gênero novo sem pegar um livro muito difícil.,explorar_novo_genero,PROPRIO,Ficção contemporânea,acolhedor,DIGITAL,36.78,,26,DIGITAL,18.90,9999,65,NAO,RECOMENDACAO,SEM_COMPRA,recomendacao_nao_combinou,3,0.0340
ATD-000115,256,2026-06-07 01:51:00,"Quero continuar uma saga que comecei, mas não sei qual é o próximo volume.",continuacao_de_saga,PROPRIO,Ficção contemporânea,acolhedor,FISICO,17.26,27,25,FISICO,25.85,4,84,NAO,RECOMENDACAO,SEM_COMPRA,preco_acima_do_orcamento,4,0.0376
ATD-000116,293,2026-06-07 02:23:00,Quero experimentar um gênero novo sem pegar um livro muito difícil.,explorar_novo_genero,PROPRIO,Drama,emocional,DIGITAL,46.07,,41,DIGITAL,18.45,9999,65,SIM,PEDIDO_CONFIRMADO,VENDA_CONCLUIDA,,5,0.0235
ATD-000117,330,2026-06-07 04:05:00,Quero algo parecido com os livros que costumo ler.,livro_parecido,PROPRIO,Fantasia,esperançoso,DIGITAL,43.63,,10,DIGITAL,16.30,9999,65,SIM,PEDIDO_CONFIRMADO,VENDA_CONCLUIDA,,4,0.0251
ATD-000118,367,2026-06-07 04:43:00,Quero algo parecido com os livros que costumo ler.,livro_parecido,PROPRIO,Ficção contemporânea,acolhedor,FISICO,20.55,,27,FISICO,31.95,18,65,NAO,RECOMENDACAO,SEM_COMPRA,preco_acima_do_orcamento,2,0.0286
ATD-000119,404,2026-06-07 05:56:00,Quero experimentar um gênero novo sem pegar um livro muito difícil.,explorar_novo_genero,PROPRIO,Ficção científica,reflexivo,FISICO,12.58,,46,FISICO,27.60,7,62,NAO,RECOMENDACAO,SEM_COMPRA,preco_acima_do_orcamento,3,0.0385
ATD-000120,441,2026-06-07 07:20:00,Quero experimentar um gênero novo sem pegar um livro muito difícil.,explorar_novo_genero,PROPRIO,Ficção contemporânea,acolhedor,FISICO,26.51,,27,FISICO,31.95,18,65,NAO,RECOMENDACAO,SEM_COMPRA,preco_acima_do_orcamento,4,0.0475
ATD-000121,478,2026-06-07 08:24:00,Quero experimentar um gênero novo sem pegar um livro muito difícil.,explorar_novo_genero,PROPRIO,Aventura,aventureiro,DIGITAL,36.30,,17,DIGITAL,14.55,9999,65,SIM,PEDIDO_CONFIRMADO,VENDA_CONCLUIDA,,4,0.0185
ATD-000122,515,2026-06-07 09:47:00,"Quero continuar uma saga que comecei, mas não sei qual é o próximo volume.",continuacao_de_saga,PROPRIO,Mistério,intrigante,FISICO,12.85,23,23,FISICO,26.75,14,90,NAO,RECOMENDACAO,SEM_COMPRA,preco_acima_do_orcamento,4,0.0408
ATD-000123,552,2026-06-07 11:01:00,Preciso de um livro para dar de presente e não sei qual escolher.,presente,PRESENTE,Romance,nostálgico,DIGITAL,19.99,,45,DIGITAL,14.55,9999,65,NAO,RECOMENDACAO,SEM_COMPRA,recomendacao_nao_combinou,4,0.0518
ATD-000124,589,2026-06-07 12:22:00,Estou procurando um título específico e quero saber se está disponível.,titulo_especifico,PROPRIO,Aventura,inspirador,DIGITAL,30.18,17,17,DIGITAL,14.55,9999,90,SIM,PEDIDO_CONFIRMADO,VENDA_CONCLUIDA,,5,0.0394
ATD-000125,626,2026-06-07 13:17:00,"Quero continuar uma saga que comecei, mas não sei qual é o próximo volume.",continuacao_de_saga,PROPRIO,Drama,emocional,DIGITAL,38.22,42,42,DIGITAL,12.40,9999,90,SIM,PEDIDO_CONFIRMADO,VENDA_CONCLUIDA,,5,0.0157
ATD-000126,663,2026-06-07 14:17:00,"Quero continuar uma saga que comecei, mas não sei qual é o próximo volume.",continuacao_de_saga,PROPRIO,Fantasia,esperançoso,FISICO,15.82,,10,FISICO,26.30,19,90,NAO,BUSCA,SEM_COMPRA,nao_encontrou_continuacao,2,0.0381
ATD-000127,700,2026-06-07 15:39:00,"Quero continuar uma saga que comecei, mas não sei qual é o próximo volume.",continuacao_de_saga,PROPRIO,Ficção contemporânea,acolhedor,FISICO,38.35,28,25,FISICO,25.85,4,84,NAO,BUSCA,SEM_COMPRA,nao_encontrou_continuacao,4,0.0512
ATD-000128,737,2026-06-07 16:38:00,Preciso de um livro para dar de presente e não sei qual escolher.,presente,PRESENTE,Ficção contemporânea,acolhedor,DIGITAL,41.02,,29,DIGITAL,11.95,9999,65,NAO,RECOMENDACAO,SEM_COMPRA,recomendacao_nao_combinou,2,0.0442
ATD-000129,774,2026-06-07 18:22:00,Preciso de um livro para dar de presente e não sei qual escolher.,presente,PRESENTE,Aventura,inspirador,DIGITAL,26.18,,24,DIGITAL,19.80,9999,65,NAO,RECOMENDACAO,SEM_COMPRA,recomendacao_nao_combinou,2,0.0336
ATD-000130,811,2026-06-07 19:07:00,Quero algo parecido com os livros que costumo ler.,livro_parecido,PROPRIO,Drama,emocional,FISICO,15.45,,43,FISICO,25.45,10,65,NAO,RECOMENDACAO,SEM_COMPRA,preco_acima_do_orcamento,3,0.0154
ATD-000131,848,2026-06-07 20:09:00,Preciso de um livro para dar de presente e não sei qual escolher.,presente,PRESENTE,Ficção histórica,melancólico,FISICO,29.41,,29,FISICO,21.95,8,63,NAO,RECOMENDACAO,SEM_COMPRA,recomendacao_nao_combinou,4,0.0334
ATD-000132,885,2026-06-07 21:25:00,Preciso de um livro para dar de presente e não sei qual escolher.,presente,PRESENTE,Aventura,aventureiro,DIGITAL,40.06,,19,DIGITAL,20.65,9999,65,SIM,PEDIDO_CONFIRMADO,VENDA_CONCLUIDA,,5,0.0474
ATD-000133,922,2026-06-07 23:13:00,"Quero continuar uma saga que comecei, mas não sei qual é o próximo volume.",continuacao_de_saga,PROPRIO,Ficção histórica,melancólico,FISICO,15.82,36,36,FISICO,27.20,9,90,NAO,RECOMENDACAO,SEM_COMPRA,preco_acima_do_orcamento,4,0.0545
ATD-000134,959,2026-06-07 23:36:00,"Quero continuar uma saga que comecei, mas não sei qual é o próximo volume.",continuacao_de_saga,PROPRIO,Fantasia,esperançoso,FISICO,26.66,12,10,FISICO,26.30,19,90,SIM,PEDIDO_CONFIRMADO,VENDA_CONCLUIDA,,4,0.0458
ATD-000135,996,2026-06-08 01:14:00,Quero algo parecido com os livros que costumo ler.,livro_parecido,PROPRIO,Fantasia,épico,FISICO,12.40,,37,FISICO,23.25,16,65,NAO,RECOMENDACAO,SEM_COMPRA,preco_acima_do_orcamento,1,0.0504
ATD-000136,33,2026-06-08 02:02:00,Quero experimentar um gênero novo sem pegar um livro muito difícil.,explorar_novo_genero,PROPRIO,Ficção histórica,melancólico,DIGITAL,21.18,,33,DIGITAL,17.15,9999,65,NAO,RECOMENDACAO,SEM_COMPRA,apenas_pesquisando,4,0.0541
ATD-000137,70,2026-06-08 03:17:00,Quero experimentar um gênero novo sem pegar um livro muito difícil.,explorar_novo_genero,PROPRIO,Ficção contemporânea,acolhedor,FISICO,34.11,,26,FISICO,28.90,11,65,SIM,PEDIDO_CONFIRMADO,VENDA_CONCLUIDA,,5,0.0452
ATD-000138,107,2026-06-08 04:27:00,"Quero continuar uma saga que comecei, mas não sei qual é o próximo volume.",continuacao_de_saga,PROPRIO,Romance,emocional,DIGITAL,19.37,16,16,DIGITAL,18.50,9999,90,SIM,PEDIDO_CONFIRMADO,VENDA_CONCLUIDA,,4,0.0535
ATD-000139,144,2026-06-08 05:53:00,Preciso de um livro para dar de presente e não sei qual escolher.,presente,PRESENTE,Mistério,intrigante,FISICO,20.39,,12,FISICO,32.40,9,64,NAO,RECOMENDACAO,SEM_COMPRA,preco_acima_do_orcamento,3,0.0525
ATD-000140,181,2026-06-08 07:03:00,"Quero continuar uma saga que comecei, mas não sei qual é o próximo volume.",continuacao_de_saga,PROPRIO,Aventura,aventureiro,DIGITAL,32.49,20,20,DIGITAL,23.70,9999,90,SIM,PEDIDO_CONFIRMADO,VENDA_CONCLUIDA,,5,0.0233
ATD-000141,218,2026-06-08 08:14:00,Quero algo parecido com os livros que costumo ler.,livro_parecido,PROPRIO,Fantasia,épico,FISICO,31.10,,3,FISICO,28.05,18,65,SIM,PEDIDO_CONFIRMADO,VENDA_CONCLUIDA,,5,0.0230
ATD-000142,255,2026-06-08 09:28:00,Preciso de um livro para dar de presente e não sei qual escolher.,presente,PRESENTE,Aventura,inspirador,FISICO,41.54,,13,FISICO,28.45,16,65,NAO,RECOMENDACAO,SEM_COMPRA,recomendacao_nao_combinou,2,0.0212
ATD-000143,292,2026-06-08 10:57:00,Quero algo parecido com os livros que costumo ler.,livro_parecido,PROPRIO,Fantasia,esperançoso,DIGITAL,47.28,,4,DIGITAL,21.10,9999,65,SIM,CHECKOUT,SEM_COMPRA,abandono_no_checkout,3,0.0418
ATD-000144,329,2026-06-08 11:55:00,"Quero continuar uma saga que comecei, mas não sei qual é o próximo volume.",continuacao_de_saga,PROPRIO,Ficção histórica,melancólico,DIGITAL,30.55,36,36,DIGITAL,17.20,9999,90,SIM,PEDIDO_CONFIRMADO,VENDA_CONCLUIDA,,4,0.0223
ATD-000145,366,2026-06-08 13:13:00,Preciso de um livro para dar de presente e não sei qual escolher.,presente,PRESENTE,Romance,emocional,FISICO,16.42,,35,FISICO,24.15,2,57,NAO,RECOMENDACAO,SEM_COMPRA,preco_acima_do_orcamento,4,0.0351
ATD-000146,403,2026-06-08 13:49:00,Preciso de um livro para dar de presente e não sei qual escolher.,presente,PRESENTE,Mistério,intrigante,FISICO,47.55,,3,FISICO,28.05,18,65,SIM,PEDIDO_CONFIRMADO,VENDA_CONCLUIDA,,5,0.0380
ATD-000147,440,2026-06-08 15:11:00,Preciso de um livro para dar de presente e não sei qual escolher.,presente,PRESENTE,Drama,emocional,FISICO,34.33,,5,FISICO,27.15,8,63,NAO,RECOMENDACAO,SEM_COMPRA,recomendacao_nao_combinou,2,0.0511
ATD-000148,477,2026-06-08 16:28:00,Quero algo parecido com os livros que costumo ler.,livro_parecido,PROPRIO,Ficção histórica,melancólico,DIGITAL,23.13,,34,DIGITAL,20.20,9999,65,SIM,PEDIDO_CONFIRMADO,VENDA_CONCLUIDA,,5,0.0448
ATD-000149,514,2026-06-08 17:53:00,Quero algo parecido com os livros que costumo ler.,livro_parecido,PROPRIO,Fantasia,épico,DIGITAL,14.23,,1,DIGITAL,11.95,9999,65,SIM,PEDIDO_CONFIRMADO,VENDA_CONCLUIDA,,4,0.0393
ATD-000150,551,2026-06-08 18:58:00,Estou procurando um título específico e quero saber se está disponível.,titulo_especifico,PROPRIO,Mistério,intrigante,DIGITAL,13.20,21,21,DIGITAL,10.65,9999,90,NAO,RECOMENDACAO,SEM_COMPRA,apenas_pesquisando,1,0.0283
ATD-000151,588,2026-06-08 19:47:00,"Quero continuar uma saga que comecei, mas não sei qual é o próximo volume.",continuacao_de_saga,PROPRIO,Drama,emocional,DIGITAL,22.51,43,43,DIGITAL,15.45,9999,90,SIM,PEDIDO_CONFIRMADO,VENDA_CONCLUIDA,,5,0.0143
ATD-000152,625,2026-06-08 21:31:00,Estou procurando um título específico e quero saber se está disponível.,titulo_especifico,PROPRIO,Ficção contemporânea,acolhedor,FISICO,22.04,26,26,FISICO,28.90,11,90,NAO,RECOMENDACAO,SEM_COMPRA,preco_acima_do_orcamento,4,0.0408
ATD-000153,662,2026-06-08 22:08:00,Quero experimentar um gênero novo sem pegar um livro muito difícil.,explorar_novo_genero,PROPRIO,Fantasia,esperançoso,DIGITAL,26.35,,2,DIGITAL,15.00,9999,65,SIM,PEDIDO_CONFIRMADO,VENDA_CONCLUIDA,,5,0.0258
ATD-000154,699,2026-06-08 23:59:00,Estou procurando um título específico e quero saber se está disponível.,titulo_especifico,PROPRIO,Ficção histórica,melancólico,DIGITAL,29.07,33,33,DIGITAL,17.15,9999,90,SIM,PEDIDO_CONFIRMADO,VENDA_CONCLUIDA,,5,0.0221
ATD-000155,736,2026-06-09 00:47:00,Quero algo parecido com os livros que costumo ler.,livro_parecido,PROPRIO,Fantasia,épico,FISICO,47.24,,10,FISICO,26.30,19,65,NAO,RECOMENDACAO,SEM_COMPRA,recomendacao_nao_combinou,3,0.0323
ATD-000156,773,2026-06-09 02:00:00,"Quero continuar uma saga que comecei, mas não sei qual é o próximo volume.",continuacao_de_saga,PROPRIO,Romance,emocional,DIGITAL,47.50,16,16,DIGITAL,18.50,9999,90,SIM,PEDIDO_CONFIRMADO,VENDA_CONCLUIDA,,4,0.0235
ATD-000157,810,2026-06-09 03:01:00,Preciso de um livro para dar de presente e não sei qual escolher.,presente,PRESENTE,Romance,nostálgico,FISICO,39.20,,29,FISICO,21.95,8,63,NAO,RECOMENDACAO,SEM_COMPRA,recomendacao_nao_combinou,2,0.0320
ATD-000158,847,2026-06-09 04:29:00,Quero algo parecido com os livros que costumo ler.,livro_parecido,PROPRIO,Ficção histórica,melancólico,DIGITAL,28.88,,35,DIGITAL,14.15,9999,65,SIM,PEDIDO_CONFIRMADO,VENDA_CONCLUIDA,,5,0.0405
ATD-000159,884,2026-06-09 05:53:00,"Quero continuar uma saga que comecei, mas não sei qual é o próximo volume.",continuacao_de_saga,PROPRIO,Aventura,aventureiro,FISICO,12.93,20,20,FISICO,33.70,17,90,NAO,RECOMENDACAO,SEM_COMPRA,preco_acima_do_orcamento,3,0.0554
ATD-000160,921,2026-06-09 06:26:00,Estou procurando um título específico e quero saber se está disponível.,titulo_especifico,PROPRIO,Drama,emocional,DIGITAL,24.13,44,44,DIGITAL,18.50,9999,90,SIM,PEDIDO_CONFIRMADO,VENDA_CONCLUIDA,,5,0.0518
ATD-000161,958,2026-06-09 07:44:00,"Quero continuar uma saga que comecei, mas não sei qual é o próximo volume.",continuacao_de_saga,PROPRIO,Aventura,aventureiro,DIGITAL,19.09,20,18,DIGITAL,17.60,9999,90,NAO,BUSCA,SEM_COMPRA,nao_encontrou_continuacao,3,0.0510
ATD-000162,995,2026-06-09 09:15:00,Estou procurando um título específico e quero saber se está disponível.,titulo_especifico,PROPRIO,Fantasia,esperançoso,DIGITAL,41.93,10,10,DIGITAL,16.30,9999,90,SIM,PEDIDO_CONFIRMADO,VENDA_CONCLUIDA,,5,0.0514
ATD-000163,32,2026-06-09 10:20:00,Estou procurando um título específico e quero saber se está disponível.,titulo_especifico,PROPRIO,Ficção contemporânea,acolhedor,FISICO,36.55,28,28,FISICO,25.90,1,90,SIM,PEDIDO_CONFIRMADO,VENDA_CONCLUIDA,,4,0.0540
ATD-000164,69,2026-06-09 11:37:00,"Quero continuar uma saga que comecei, mas não sei qual é o próximo volume.",continuacao_de_saga,PROPRIO,Romance,emocional,DIGITAL,28.03,15,15,DIGITAL,15.45,9999,90,SIM,PEDIDO_CONFIRMADO,VENDA_CONCLUIDA,,5,0.0306
ATD-000165,106,2026-06-09 13:03:00,Quero algo parecido com os livros que costumo ler.,livro_parecido,PROPRIO,Ficção contemporânea,acolhedor,FISICO,46.21,,25,FISICO,25.85,4,59,NAO,RECOMENDACAO,SEM_COMPRA,apenas_pesquisando,3,0.0516
ATD-000166,143,2026-06-09 14:12:00,"Quero continuar uma saga que comecei, mas não sei qual é o próximo volume.",continuacao_de_saga,PROPRIO,Ficção científica,reflexivo,FISICO,38.80,,47,FISICO,30.65,14,90,NAO,BUSCA,SEM_COMPRA,nao_encontrou_continuacao,4,0.0452
ATD-000167,180,2026-06-09 15:15:00,Preciso de um livro para dar de presente e não sei qual escolher.,presente,PRESENTE,Ficção científica,reflexivo,FISICO,45.88,,23,FISICO,26.75,14,65,NAO,RECOMENDACAO,SEM_COMPRA,recomendacao_nao_combinou,3,0.0225
ATD-000168,217,2026-06-09 16:23:00,"Quero continuar uma saga que comecei, mas não sei qual é o próximo volume.",continuacao_de_saga,PROPRIO,Aventura,aventureiro,DIGITAL,25.27,20,20,DIGITAL,23.70,9999,90,SIM,PEDIDO_CONFIRMADO,VENDA_CONCLUIDA,,4,0.0299
ATD-000169,254,2026-06-09 17:12:00,Preciso de um livro para dar de presente e não sei qual escolher.,presente,PRESENTE,Ficção contemporânea,acolhedor,DIGITAL,17.57,,20,DIGITAL,23.70,9999,65,NAO,RECOMENDACAO,SEM_COMPRA,preco_acima_do_orcamento,3,0.0508
ATD-000170,291,2026-06-09 18:52:00,Quero algo parecido com os livros que costumo ler.,livro_parecido,PROPRIO,Fantasia,esperançoso,FISICO,30.26,,2,FISICO,25.00,11,65,SIM,PEDIDO_CONFIRMADO,VENDA_CONCLUIDA,,5,0.0438
ATD-000171,328,2026-06-09 19:47:00,"Quero continuar uma saga que comecei, mas não sei qual é o próximo volume.",continuacao_de_saga,PROPRIO,Aventura,inspirador,FISICO,22.55,,29,FISICO,21.95,8,88,NAO,BUSCA,SEM_COMPRA,nao_encontrou_continuacao,2,0.0465
ATD-000172,365,2026-06-09 20:47:00,"Quero continuar uma saga que comecei, mas não sei qual é o próximo volume.",continuacao_de_saga,PROPRIO,Drama,emocional,DIGITAL,32.57,43,44,DIGITAL,18.50,9999,90,NAO,BUSCA,SEM_COMPRA,nao_encontrou_continuacao,4,0.0286
ATD-000173,402,2026-06-09 21:53:00,Quero algo parecido com os livros que costumo ler.,livro_parecido,PROPRIO,Aventura,inspirador,FISICO,27.08,,20,FISICO,33.70,17,65,NAO,RECOMENDACAO,SEM_COMPRA,recomendacao_nao_combinou,3,0.0302
ATD-000174,439,2026-06-09 23:04:00,Quero experimentar um gênero novo sem pegar um livro muito difícil.,explorar_novo_genero,PROPRIO,Ficção contemporânea,acolhedor,DIGITAL,28.43,,28,DIGITAL,15.90,9999,65,SIM,PEDIDO_CONFIRMADO,VENDA_CONCLUIDA,,5,0.0369
ATD-000175,476,2026-06-10 00:22:00,"Quero continuar uma saga que comecei, mas não sei qual é o próximo volume.",continuacao_de_saga,PROPRIO,Romance,emocional,DIGITAL,44.18,,14,DIGITAL,12.40,9999,90,NAO,BUSCA,SEM_COMPRA,nao_encontrou_continuacao,2,0.0132
ATD-000176,513,2026-06-10 01:51:00,Estou procurando um título específico e quero saber se está disponível.,titulo_especifico,PROPRIO,Ficção científica,reflexivo,FISICO,18.72,47,47,FISICO,30.65,14,90,NAO,RECOMENDACAO,SEM_COMPRA,preco_acima_do_orcamento,3,0.0305
ATD-000177,550,2026-06-10 02:46:00,Estou procurando um título específico e quero saber se está disponível.,titulo_especifico,PROPRIO,Fantasia,esperançoso,DIGITAL,22.28,38,38,DIGITAL,16.30,9999,90,NAO,RECOMENDACAO,SEM_COMPRA,recomendacao_nao_combinou,3,0.0506
ATD-000178,587,2026-06-10 04:21:00,"Quero continuar uma saga que comecei, mas não sei qual é o próximo volume.",continuacao_de_saga,PROPRIO,Ficção científica,reflexivo,DIGITAL,45.30,47,48,DIGITAL,23.70,9999,90,NAO,BUSCA,SEM_COMPRA,nao_encontrou_continuacao,3,0.0557
ATD-000179,624,2026-06-10 05:06:00,Quero algo parecido com os livros que costumo ler.,livro_parecido,PROPRIO,Aventura,inspirador,FISICO,16.24,,30,FISICO,25.00,15,65,NAO,RECOMENDACAO,SEM_COMPRA,preco_acima_do_orcamento,2,0.0545
ATD-000180,661,2026-06-10 06:37:00,Quero algo parecido com os livros que costumo ler.,livro_parecido,PROPRIO,Aventura,inspirador,DIGITAL,41.43,,18,DIGITAL,17.60,9999,65,SIM,PEDIDO_CONFIRMADO,VENDA_CONCLUIDA,,5,0.0449
ATD-000181,698,2026-06-10 07:58:00,Preciso de um livro para dar de presente e não sei qual escolher.,presente,PRESENTE,Fantasia,épico,DIGITAL,37.86,,4,DIGITAL,21.10,9999,65,SIM,CHECKOUT,SEM_COMPRA,abandono_no_checkout,3,0.0173
ATD-000182,735,2026-06-10 08:51:00,"Quero continuar uma saga que comecei, mas não sei qual é o próximo volume.",continuacao_de_saga,PROPRIO,Drama,emocional,DIGITAL,19.91,42,44,DIGITAL,18.50,9999,90,NAO,BUSCA,SEM_COMPRA,nao_encontrou_continuacao,4,0.0295
ATD-000183,772,2026-06-10 10:03:00,Estou procurando um título específico e quero saber se está disponível.,titulo_especifico,PROPRIO,Ficção contemporânea,acolhedor,DIGITAL,34.99,27,27,DIGITAL,21.95,9999,90,SIM,PEDIDO_CONFIRMADO,VENDA_CONCLUIDA,,5,0.0319
ATD-000184,809,2026-06-10 10:55:00,Quero algo parecido com os livros que costumo ler.,livro_parecido,PROPRIO,Fantasia,épico,FISICO,17.45,,40,FISICO,32.40,13,65,NAO,RECOMENDACAO,SEM_COMPRA,preco_acima_do_orcamento,3,0.0149
ATD-000185,846,2026-06-10 12:04:00,"Quero continuar uma saga que comecei, mas não sei qual é o próximo volume.",continuacao_de_saga,PROPRIO,Aventura,inspirador,DIGITAL,18.50,32,32,DIGITAL,21.10,9999,90,NAO,RECOMENDACAO,SEM_COMPRA,preco_acima_do_orcamento,2,0.0244
ATD-000186,883,2026-06-10 13:20:00,"Quero continuar uma saga que comecei, mas não sei qual é o próximo volume.",continuacao_de_saga,PROPRIO,Ficção histórica,melancólico,FISICO,16.29,36,36,FISICO,27.20,9,89,NAO,RECOMENDACAO,SEM_COMPRA,preco_acima_do_orcamento,2,0.0493
ATD-000187,920,2026-06-10 14:46:00,"Quero continuar uma saga que comecei, mas não sei qual é o próximo volume.",continuacao_de_saga,PROPRIO,Ficção científica,reflexivo,FISICO,43.10,47,47,FISICO,30.65,14,90,SIM,PEDIDO_CONFIRMADO,VENDA_CONCLUIDA,,5,0.0521
ATD-000188,957,2026-06-10 15:46:00,"Quero continuar uma saga que comecei, mas não sei qual é o próximo volume.",continuacao_de_saga,PROPRIO,Aventura,inspirador,FISICO,35.06,,30,FISICO,25.00,15,90,NAO,BUSCA,SEM_COMPRA,nao_encontrou_continuacao,2,0.0337
ATD-000189,994,2026-06-10 17:10:00,Quero algo parecido com os livros que costumo ler.,livro_parecido,PROPRIO,Ficção histórica,melancólico,DIGITAL,21.57,,34,DIGITAL,20.20,9999,65,SIM,PEDIDO_CONFIRMADO,VENDA_CONCLUIDA,,5,0.0283
ATD-000190,31,2026-06-10 18:11:00,"Quero continuar uma saga que comecei, mas não sei qual é o próximo volume.",continuacao_de_saga,PROPRIO,Fantasia,épico,DIGITAL,21.52,,38,DIGITAL,16.30,9999,90,NAO,BUSCA,SEM_COMPRA,nao_encontrou_continuacao,2,0.0400
ATD-000191,68,2026-06-10 19:07:00,"Quero continuar uma saga que comecei, mas não sei qual é o próximo volume.",continuacao_de_saga,PROPRIO,Ficção científica,reflexivo,FISICO,31.66,,46,FISICO,27.60,7,87,NAO,BUSCA,SEM_COMPRA,nao_encontrou_continuacao,1,0.0342
ATD-000192,105,2026-06-10 20:40:00,"Quero continuar uma saga que comecei, mas não sei qual é o próximo volume.",continuacao_de_saga,PROPRIO,Fantasia,esperançoso,DIGITAL,45.68,11,11,DIGITAL,19.35,9999,90,SIM,PEDIDO_CONFIRMADO,VENDA_CONCLUIDA,,4,0.0209
ATD-000193,142,2026-06-10 21:47:00,"Quero continuar uma saga que comecei, mas não sei qual é o próximo volume.",continuacao_de_saga,PROPRIO,Ficção científica,reflexivo,DIGITAL,46.50,48,48,DIGITAL,23.70,9999,90,SIM,PEDIDO_CONFIRMADO,VENDA_CONCLUIDA,,5,0.0226
ATD-000194,179,2026-06-10 22:56:00,Quero algo parecido com os livros que costumo ler.,livro_parecido,PROPRIO,Fantasia,épico,DIGITAL,38.81,,4,DIGITAL,21.10,9999,65,SIM,CHECKOUT,SEM_COMPRA,abandono_no_checkout,3,0.0397
ATD-000195,216,2026-06-11 00:22:00,Quero algo parecido com os livros que costumo ler.,livro_parecido,PROPRIO,Romance,emocional,FISICO,13.97,,5,FISICO,27.15,8,63,NAO,RECOMENDACAO,SEM_COMPRA,preco_acima_do_orcamento,3,0.0487
ATD-000196,253,2026-06-11 01:06:00,Quero algo parecido com os livros que costumo ler.,livro_parecido,PROPRIO,Aventura,inspirador,FISICO,14.86,,30,FISICO,25.00,15,65,NAO,RECOMENDACAO,SEM_COMPRA,preco_acima_do_orcamento,4,0.0457
ATD-000197,290,2026-06-11 02:17:00,"Quero continuar uma saga que comecei, mas não sei qual é o próximo volume.",continuacao_de_saga,PROPRIO,Ficção científica,reflexivo,FISICO,23.26,46,46,FISICO,27.60,7,90,NAO,RECOMENDACAO,SEM_COMPRA,preco_acima_do_orcamento,3,0.0197
ATD-000198,327,2026-06-11 03:47:00,"Quero continuar uma saga que comecei, mas não sei qual é o próximo volume.",continuacao_de_saga,PROPRIO,Drama,emocional,DIGITAL,31.08,43,43,DIGITAL,15.45,9999,90,NAO,RECOMENDACAO,SEM_COMPRA,apenas_pesquisando,3,0.0346
ATD-000199,364,2026-06-11 05:00:00,"Quero continuar uma saga que comecei, mas não sei qual é o próximo volume.",continuacao_de_saga,PROPRIO,Mistério,intrigante,FISICO,13.09,24,6,FISICO,30.20,15,10,NAO,BUSCA,SEM_COMPRA,nao_encontrou_continuacao,4,0.0296
ATD-000200,401,2026-06-11 05:54:00,"Quero continuar uma saga que comecei, mas não sei qual é o próximo volume.",continuacao_de_saga,PROPRIO,Romance,nostálgico,FISICO,36.62,,5,FISICO,27.15,8,88,NAO,BUSCA,SEM_COMPRA,nao_encontrou_continuacao,3,0.0284
ATD-000201,438,2026-06-11 07:37:00,Estou procurando um título específico e quero saber se está disponível.,titulo_especifico,PROPRIO,Fantasia,esperançoso,FISICO,12.95,4,4,FISICO,31.10,1,90,SIM,PEDIDO_CONFIRMADO,VENDA_CONCLUIDA,,5,0.0461
ATD-000202,475,2026-06-11 08:07:00,"Quero continuar uma saga que comecei, mas não sei qual é o próximo volume.",continuacao_de_saga,PROPRIO,Ficção científica,reflexivo,DIGITAL,37.31,,45,DIGITAL,14.55,9999,90,SIM,PEDIDO_CONFIRMADO,VENDA_CONCLUIDA,,4,0.0310
ATD-000203,512,2026-06-11 09:39:00,Quero algo parecido com os livros que costumo ler.,livro_parecido,PROPRIO,Romance,emocional,DIGITAL,32.41,,7,DIGITAL,14.15,9999,65,SIM,PEDIDO_CONFIRMADO,VENDA_CONCLUIDA,,4,0.0452
ATD-000204,549,2026-06-11 10:50:00,"Quero continuar uma saga que comecei, mas não sei qual é o próximo volume.",continuacao_de_saga,PROPRIO,Aventura,aventureiro,DIGITAL,23.45,,18,DIGITAL,17.60,9999,90,NAO,BUSCA,SEM_COMPRA,nao_encontrou_continuacao,3,0.0203
ATD-000205,586,2026-06-11 12:09:00,"Quero continuar uma saga que comecei, mas não sei qual é o próximo volume.",continuacao_de_saga,PROPRIO,Drama,emocional,DIGITAL,16.27,43,43,DIGITAL,15.45,9999,90,SIM,PEDIDO_CONFIRMADO,VENDA_CONCLUIDA,,5,0.0456
ATD-000206,623,2026-06-11 12:48:00,Quero algo parecido com os livros que costumo ler.,livro_parecido,PROPRIO,Drama,emocional,FISICO,20.76,,43,FISICO,25.45,10,65,SIM,CHECKOUT,SEM_COMPRA,abandono_no_checkout,4,0.0444
ATD-000207,660,2026-06-11 14:44:00,Quero experimentar um gênero novo sem pegar um livro muito difícil.,explorar_novo_genero,PROPRIO,Ficção histórica,melancólico,FISICO,26.08,,35,FISICO,24.15,2,57,SIM,PEDIDO_CONFIRMADO,VENDA_CONCLUIDA,,5,0.0297
ATD-000208,697,2026-06-11 15:53:00,Quero algo parecido com os livros que costumo ler.,livro_parecido,PROPRIO,Aventura,inspirador,DIGITAL,25.78,,19,DIGITAL,20.65,9999,65,NAO,RECOMENDACAO,SEM_COMPRA,recomendacao_nao_combinou,3,0.0153
ATD-000209,734,2026-06-11 16:47:00,"Quero continuar uma saga que comecei, mas não sei qual é o próximo volume.",continuacao_de_saga,PROPRIO,Mistério,intrigante,FISICO,35.75,,22,FISICO,23.70,7,87,NAO,BUSCA,SEM_COMPRA,nao_encontrou_continuacao,3,0.0525
ATD-000210,771,2026-06-11 17:54:00,"Quero continuar uma saga que comecei, mas não sei qual é o próximo volume.",continuacao_de_saga,PROPRIO,Aventura,inspirador,FISICO,17.80,,30,FISICO,25.00,15,90,NAO,BUSCA,SEM_COMPRA,nao_encontrou_continuacao,3,0.0402
ATD-000211,808,2026-06-11 19:24:00,Estou procurando um título específico e quero saber se está disponível.,titulo_especifico,PROPRIO,Romance,emocional,DIGITAL,14.02,7,7,DIGITAL,14.15,9999,90,NAO,RECOMENDACAO,SEM_COMPRA,preco_acima_do_orcamento,4,0.0410
ATD-000212,845,2026-06-11 20:36:00,"Quero continuar uma saga que comecei, mas não sei qual é o próximo volume.",continuacao_de_saga,PROPRIO,Ficção científica,reflexivo,FISICO,39.57,,46,FISICO,27.60,7,87,NAO,BUSCA,SEM_COMPRA,nao_encontrou_continuacao,2,0.0565
ATD-000213,882,2026-06-11 21:07:00,Quero experimentar um gênero novo sem pegar um livro muito difícil.,explorar_novo_genero,PROPRIO,Romance,nostálgico,DIGITAL,28.39,,7,DIGITAL,14.15,9999,65,SIM,PEDIDO_CONFIRMADO,VENDA_CONCLUIDA,,4,0.0405
ATD-000214,919,2026-06-11 22:29:00,Preciso de um livro para dar de presente e não sei qual escolher.,presente,PRESENTE,Drama,emocional,FISICO,40.88,,2,FISICO,25.00,11,65,NAO,RECOMENDACAO,SEM_COMPRA,recomendacao_nao_combinou,3,0.0159
ATD-000215,956,2026-06-11 23:32:00,"Quero continuar uma saga que comecei, mas não sei qual é o próximo volume.",continuacao_de_saga,PROPRIO,Romance,emocional,DIGITAL,16.04,15,15,DIGITAL,15.45,9999,90,SIM,CHECKOUT,SEM_COMPRA,abandono_no_checkout,3,0.0355
ATD-000216,993,2026-06-12 01:14:00,Quero experimentar um gênero novo sem pegar um livro muito difícil.,explorar_novo_genero,PROPRIO,Ficção contemporânea,acolhedor,DIGITAL,47.38,,25,DIGITAL,15.85,9999,65,SIM,PEDIDO_CONFIRMADO,VENDA_CONCLUIDA,,5,0.0514
ATD-000217,30,2026-06-12 02:28:00,Estou procurando um título específico e quero saber se está disponível.,titulo_especifico,PROPRIO,Mistério,intrigante,FISICO,27.32,23,23,FISICO,26.75,14,90,SIM,CHECKOUT,SEM_COMPRA,abandono_no_checkout,3,0.0534
ATD-000218,67,2026-06-12 03:47:00,"Quero continuar uma saga que comecei, mas não sei qual é o próximo volume.",continuacao_de_saga,PROPRIO,Ficção científica,reflexivo,DIGITAL,30.87,,47,DIGITAL,20.65,9999,90,NAO,BUSCA,SEM_COMPRA,nao_encontrou_continuacao,3,0.0343
ATD-000219,104,2026-06-12 04:16:00,Estou procurando um título específico e quero saber se está disponível.,titulo_especifico,PROPRIO,Fantasia,épico,FISICO,24.45,9,9,FISICO,23.25,12,90,SIM,PEDIDO_CONFIRMADO,VENDA_CONCLUIDA,,4,0.0475
ATD-000220,141,2026-06-12 05:38:00,"Quero continuar uma saga que comecei, mas não sei qual é o próximo volume.",continuacao_de_saga,PROPRIO,Romance,emocional,FISICO,36.53,16,13,FISICO,28.45,16,90,SIM,PEDIDO_CONFIRMADO,VENDA_CONCLUIDA,,5,0.0567
ATD-000221,178,2026-06-12 06:45:00,Preciso de um livro para dar de presente e não sei qual escolher.,presente,PRESENTE,Romance,nostálgico,FISICO,32.32,,43,FISICO,25.45,10,65,NAO,RECOMENDACAO,SEM_COMPRA,recomendacao_nao_combinou,4,0.0217
ATD-000222,215,2026-06-12 08:22:00,"Quero continuar uma saga que comecei, mas não sei qual é o próximo volume.",continuacao_de_saga,PROPRIO,Aventura,inspirador,FISICO,16.99,,29,FISICO,21.95,8,88,NAO,BUSCA,SEM_COMPRA,nao_encontrou_continuacao,2,0.0524
ATD-000223,252,2026-06-12 09:20:00,Preciso de um livro para dar de presente e não sei qual escolher.,presente,PRESENTE,Romance,emocional,FISICO,46.47,,2,FISICO,25.00,11,65,NAO,RECOMENDACAO,SEM_COMPRA,recomendacao_nao_combinou,4,0.0238
ATD-000224,289,2026-06-12 10:44:00,"Quero continuar uma saga que comecei, mas não sei qual é o próximo volume.",continuacao_de_saga,PROPRIO,Ficção contemporânea,acolhedor,DIGITAL,32.30,,27,DIGITAL,21.95,9999,90,SIM,PEDIDO_CONFIRMADO,VENDA_CONCLUIDA,,4,0.0458
ATD-000225,326,2026-06-12 11:38:00,Quero experimentar um gênero novo sem pegar um livro muito difícil.,explorar_novo_genero,PROPRIO,Mistério,intrigante,DIGITAL,27.05,,23,DIGITAL,16.75,9999,65,SIM,PEDIDO_CONFIRMADO,VENDA_CONCLUIDA,,5,0.0142
ATD-000226,363,2026-06-12 13:05:00,"Quero continuar uma saga que comecei, mas não sei qual é o próximo volume.",continuacao_de_saga,PROPRIO,Ficção científica,reflexivo,DIGITAL,21.93,47,48,DIGITAL,23.70,9999,90,NAO,BUSCA,SEM_COMPRA,nao_encontrou_continuacao,1,0.0513
ATD-000227,400,2026-06-12 13:58:00,"Quero continuar uma saga que comecei, mas não sei qual é o próximo volume.",continuacao_de_saga,PROPRIO,Ficção histórica,melancólico,FISICO,34.78,34,36,FISICO,27.20,9,89,NAO,BUSCA,SEM_COMPRA,nao_encontrou_continuacao,3,0.0552
ATD-000228,437,2026-06-12 15:03:00,Preciso de um livro para dar de presente e não sei qual escolher.,presente,PRESENTE,Mistério,intrigante,FISICO,17.15,,20,FISICO,33.70,17,65,NAO,RECOMENDACAO,SEM_COMPRA,recomendacao_nao_combinou,2,0.0512
ATD-000229,474,2026-06-12 16:04:00,"Quero continuar uma saga que comecei, mas não sei qual é o próximo volume.",continuacao_de_saga,PROPRIO,Mistério,intrigante,DIGITAL,26.15,24,24,DIGITAL,19.80,9999,90,SIM,PEDIDO_CONFIRMADO,VENDA_CONCLUIDA,,5,0.0560
ATD-000230,511,2026-06-12 17:59:00,"Quero continuar uma saga que comecei, mas não sei qual é o próximo volume.",continuacao_de_saga,PROPRIO,Romance,emocional,DIGITAL,28.33,,14,DIGITAL,12.40,9999,90,NAO,BUSCA,SEM_COMPRA,nao_encontrou_continuacao,3,0.0510
ATD-000231,548,2026-06-12 18:40:00,"Quero continuar uma saga que comecei, mas não sei qual é o próximo volume.",continuacao_de_saga,PROPRIO,Fantasia,épico,DIGITAL,32.22,3,3,DIGITAL,18.05,9999,90,SIM,PEDIDO_CONFIRMADO,VENDA_CONCLUIDA,,5,0.0219
ATD-000232,585,2026-06-12 19:59:00,Quero algo parecido com os livros que costumo ler.,livro_parecido,PROPRIO,Fantasia,épico,DIGITAL,25.69,,10,DIGITAL,16.30,9999,65,SIM,CHECKOUT,SEM_COMPRA,abandono_no_checkout,1,0.0574
ATD-000233,622,2026-06-12 20:47:00,Quero experimentar um gênero novo sem pegar um livro muito difícil.,explorar_novo_genero,PROPRIO,Ficção científica,reflexivo,FISICO,42.11,,46,FISICO,27.60,7,62,NAO,RECOMENDACAO,SEM_COMPRA,recomendacao_nao_combinou,3,0.0476
ATD-000234,659,2026-06-12 22:28:00,Preciso de um livro para dar de presente e não sei qual escolher.,presente,PRESENTE,Ficção contemporânea,acolhedor,FISICO,14.87,,46,FISICO,27.60,7,62,NAO,RECOMENDACAO,SEM_COMPRA,preco_acima_do_orcamento,1,0.0179
ATD-000235,696,2026-06-12 23:28:00,Preciso de um livro para dar de presente e não sei qual escolher.,presente,PRESENTE,Ficção contemporânea,acolhedor,DIGITAL,23.61,,1,DIGITAL,11.95,9999,65,NAO,RECOMENDACAO,SEM_COMPRA,recomendacao_nao_combinou,1,0.0394
ATD-000236,733,2026-06-13 01:04:00,Quero algo parecido com os livros que costumo ler.,livro_parecido,PROPRIO,Mistério,intrigante,FISICO,12.10,,23,FISICO,26.75,14,65,NAO,RECOMENDACAO,SEM_COMPRA,preco_acima_do_orcamento,4,0.0209
ATD-000237,770,2026-06-13 02:15:00,"Quero continuar uma saga que comecei, mas não sei qual é o próximo volume.",continuacao_de_saga,PROPRIO,Ficção contemporânea,acolhedor,DIGITAL,33.65,,27,DIGITAL,21.95,9999,90,NAO,RECOMENDACAO,SEM_COMPRA,apenas_pesquisando,3,0.0491
ATD-000238,807,2026-06-13 03:07:00,Quero algo parecido com os livros que costumo ler.,livro_parecido,PROPRIO,Aventura,aventureiro,DIGITAL,13.28,,17,DIGITAL,14.55,9999,65,NAO,RECOMENDACAO,SEM_COMPRA,preco_acima_do_orcamento,3,0.0495
ATD-000239,844,2026-06-13 04:08:00,Quero algo parecido com os livros que costumo ler.,livro_parecido,PROPRIO,Fantasia,épico,FISICO,22.78,,2,FISICO,25.00,11,65,NAO,RECOMENDACAO,SEM_COMPRA,preco_acima_do_orcamento,2,0.0301
ATD-000240,881,2026-06-13 05:25:00,"Quero continuar uma saga que comecei, mas não sei qual é o próximo volume.",continuacao_de_saga,PROPRIO,Romance,emocional,DIGITAL,27.57,15,15,DIGITAL,15.45,9999,90,SIM,PEDIDO_CONFIRMADO,VENDA_CONCLUIDA,,5,0.0411
ATD-000241,918,2026-06-13 06:37:00,"Quero continuar uma saga que comecei, mas não sei qual é o próximo volume.",continuacao_de_saga,PROPRIO,Aventura,aventureiro,FISICO,17.20,20,20,FISICO,33.70,17,90,NAO,RECOMENDACAO,SEM_COMPRA,preco_acima_do_orcamento,2,0.0154
ATD-000242,955,2026-06-13 07:29:00,Estou procurando um título específico e quero saber se está disponível.,titulo_especifico,PROPRIO,Fantasia,esperançoso,FISICO,21.42,40,40,FISICO,32.40,13,90,NAO,RECOMENDACAO,SEM_COMPRA,preco_acima_do_orcamento,3,0.0404
ATD-000243,992,2026-06-13 08:37:00,Preciso de um livro para dar de presente e não sei qual escolher.,presente,PRESENTE,Mistério,intrigante,DIGITAL,25.93,,2,DIGITAL,15.00,9999,10,SIM,PEDIDO_CONFIRMADO,VENDA_CONCLUIDA,,4,0.0286
ATD-000244,29,2026-06-13 10:26:00,"Quero continuar uma saga que comecei, mas não sei qual é o próximo volume.",continuacao_de_saga,PROPRIO,Drama,emocional,DIGITAL,36.56,,42,DIGITAL,12.40,9999,90,NAO,BUSCA,SEM_COMPRA,nao_encontrou_continuacao,4,0.0513
ATD-000245,66,2026-06-13 11:31:00,"Quero continuar uma saga que comecei, mas não sei qual é o próximo volume.",continuacao_de_saga,PROPRIO,Ficção científica,reflexivo,DIGITAL,22.46,46,46,DIGITAL,17.60,9999,90,SIM,CHECKOUT,SEM_COMPRA,abandono_no_checkout,4,0.0425
ATD-000246,103,2026-06-13 12:28:00,"Quero continuar uma saga que comecei, mas não sei qual é o próximo volume.",continuacao_de_saga,PROPRIO,Fantasia,épico,DIGITAL,32.50,38,38,DIGITAL,16.30,9999,90,SIM,PEDIDO_CONFIRMADO,VENDA_CONCLUIDA,,4,0.0196
ATD-000247,140,2026-06-13 13:20:00,Quero algo parecido com os livros que costumo ler.,livro_parecido,PROPRIO,Ficção científica,reflexivo,DIGITAL,45.29,,45,DIGITAL,14.55,9999,65,SIM,PEDIDO_CONFIRMADO,VENDA_CONCLUIDA,,5,0.0270
ATD-000248,177,2026-06-13 15:08:00,"Quero continuar uma saga que comecei, mas não sei qual é o próximo volume.",continuacao_de_saga,PROPRIO,Fantasia,esperançoso,FISICO,30.25,10,12,FISICO,32.40,9,89,NAO,BUSCA,SEM_COMPRA,nao_encontrou_continuacao,2,0.0148
ATD-000249,214,2026-06-13 16:05:00,Quero experimentar um gênero novo sem pegar um livro muito difícil.,explorar_novo_genero,PROPRIO,Drama,emocional,DIGITAL,32.67,,41,DIGITAL,18.45,9999,65,SIM,PEDIDO_CONFIRMADO,VENDA_CONCLUIDA,,5,0.0220
ATD-000250,251,2026-06-13 17:20:00,Preciso de um livro para dar de presente e não sei qual escolher.,presente,PRESENTE,Ficção contemporânea,acolhedor,FISICO,36.30,,9,FISICO,23.25,12,65,NAO,RECOMENDACAO,SEM_COMPRA,recomendacao_nao_combinou,2,0.0372
ATD-000251,288,2026-06-13 18:15:00,Estou procurando um título específico e quero saber se está disponível.,titulo_especifico,PROPRIO,Mistério,intrigante,FISICO,44.46,21,23,FISICO,26.75,14,65,NAO,BUSCA,SEM_COMPRA,livro_procurado_sem_estoque,3,0.0494
ATD-000252,325,2026-06-13 19:27:00,Quero experimentar um gênero novo sem pegar um livro muito difícil.,explorar_novo_genero,PROPRIO,Ficção histórica,melancólico,FISICO,26.26,,35,FISICO,24.15,2,57,SIM,PEDIDO_CONFIRMADO,VENDA_CONCLUIDA,,5,0.0506
ATD-000253,362,2026-06-13 20:43:00,Quero experimentar um gênero novo sem pegar um livro muito difícil.,explorar_novo_genero,PROPRIO,Ficção contemporânea,acolhedor,FISICO,17.43,,27,FISICO,31.95,18,65,NAO,RECOMENDACAO,SEM_COMPRA,preco_acima_do_orcamento,3,0.0188
ATD-000254,399,2026-06-13 21:39:00,"Quero continuar uma saga que comecei, mas não sei qual é o próximo volume.",continuacao_de_saga,PROPRIO,Mistério,intrigante,DIGITAL,19.84,24,24,DIGITAL,19.80,9999,90,SIM,PEDIDO_CONFIRMADO,VENDA_CONCLUIDA,,5,0.0281
ATD-000255,436,2026-06-13 22:57:00,"Quero continuar uma saga que comecei, mas não sei qual é o próximo volume.",continuacao_de_saga,PROPRIO,Ficção histórica,melancólico,FISICO,37.05,35,35,FISICO,24.15,2,82,SIM,PEDIDO_CONFIRMADO,VENDA_CONCLUIDA,,5,0.0275
ATD-000256,473,2026-06-14 00:41:00,"Quero continuar uma saga que comecei, mas não sei qual é o próximo volume.",continuacao_de_saga,PROPRIO,Ficção contemporânea,acolhedor,FISICO,46.43,26,27,FISICO,31.95,18,90,NAO,BUSCA,SEM_COMPRA,nao_encontrou_continuacao,4,0.0492
ATD-000257,510,2026-06-14 01:45:00,Preciso de um livro para dar de presente e não sei qual escolher.,presente,PRESENTE,Ficção científica,reflexivo,FISICO,25.52,,41,FISICO,28.45,20,65,NAO,RECOMENDACAO,SEM_COMPRA,preco_acima_do_orcamento,4,0.0159
ATD-000258,547,2026-06-14 03:07:00,"Quero continuar uma saga que comecei, mas não sei qual é o próximo volume.",continuacao_de_saga,PROPRIO,Drama,emocional,FISICO,33.92,,43,FISICO,25.45,10,90,NAO,BUSCA,SEM_COMPRA,nao_encontrou_continuacao,4,0.0428
ATD-000259,584,2026-06-14 03:39:00,Quero algo parecido com os livros que costumo ler.,livro_parecido,PROPRIO,Aventura,aventureiro,DIGITAL,33.97,,29,DIGITAL,11.95,9999,65,SIM,CHECKOUT,SEM_COMPRA,abandono_no_checkout,4,0.0144
ATD-000260,621,2026-06-14 04:59:00,Quero algo parecido com os livros que costumo ler.,livro_parecido,PROPRIO,Ficção histórica,melancólico,DIGITAL,25.83,,35,DIGITAL,14.15,9999,65,SIM,PEDIDO_CONFIRMADO,VENDA_CONCLUIDA,,4,0.0128
ATD-000261,658,2026-06-14 06:35:00,Preciso de um livro para dar de presente e não sei qual escolher.,presente,PRESENTE,Aventura,aventureiro,FISICO,39.50,,32,FISICO,31.10,5,60,SIM,CHECKOUT,SEM_COMPRA,abandono_no_checkout,4,0.0203
ATD-000262,695,2026-06-14 07:45:00,Quero algo parecido com os livros que costumo ler.,livro_parecido,PROPRIO,Aventura,aventureiro,DIGITAL,18.13,,20,DIGITAL,23.70,9999,65,NAO,RECOMENDACAO,SEM_COMPRA,apenas_pesquisando,3,0.0353
ATD-000263,732,2026-06-14 08:59:00,Quero experimentar um gênero novo sem pegar um livro muito difícil.,explorar_novo_genero,PROPRIO,Aventura,aventureiro,FISICO,33.62,,19,FISICO,30.65,10,65,SIM,CHECKOUT,SEM_COMPRA,abandono_no_checkout,3,0.0148
ATD-000264,769,2026-06-14 09:31:00,Quero experimentar um gênero novo sem pegar um livro muito difícil.,explorar_novo_genero,PROPRIO,Ficção histórica,melancólico,FISICO,13.57,,34,FISICO,30.20,19,65,NAO,RECOMENDACAO,SEM_COMPRA,preco_acima_do_orcamento,2,0.0433
ATD-000265,806,2026-06-14 11:03:00,"Quero continuar uma saga que comecei, mas não sei qual é o próximo volume.",continuacao_de_saga,PROPRIO,Romance,emocional,FISICO,35.25,16,16,FISICO,28.50,13,90,SIM,PEDIDO_CONFIRMADO,VENDA_CONCLUIDA,,5,0.0392
ATD-000266,843,2026-06-14 12:24:00,Preciso de um livro para dar de presente e não sei qual escolher.,presente,PRESENTE,Ficção científica,reflexivo,FISICO,20.96,,37,FISICO,23.25,16,65,NAO,RECOMENDACAO,SEM_COMPRA,preco_acima_do_orcamento,3,0.0530
ATD-000267,880,2026-06-14 13:04:00,"Quero continuar uma saga que comecei, mas não sei qual é o próximo volume.",continuacao_de_saga,PROPRIO,Romance,nostálgico,FISICO,39.35,6,6,FISICO,30.20,15,90,SIM,PEDIDO_CONFIRMADO,VENDA_CONCLUIDA,,5,0.0499
ATD-000268,917,2026-06-14 14:33:00,"Quero continuar uma saga que comecei, mas não sei qual é o próximo volume.",continuacao_de_saga,PROPRIO,Aventura,inspirador,FISICO,47.13,,29,FISICO,21.95,8,88,NAO,BUSCA,SEM_COMPRA,nao_encontrou_continuacao,3,0.0384
ATD-000269,954,2026-06-14 15:51:00,Quero experimentar um gênero novo sem pegar um livro muito difícil.,explorar_novo_genero,PROPRIO,Mistério,intrigante,FISICO,15.15,,22,FISICO,23.70,7,62,NAO,RECOMENDACAO,SEM_COMPRA,preco_acima_do_orcamento,3,0.0438
ATD-000270,991,2026-06-14 16:59:00,"Quero continuar uma saga que comecei, mas não sei qual é o próximo volume.",continuacao_de_saga,PROPRIO,Aventura,aventureiro,DIGITAL,21.30,20,20,DIGITAL,23.70,9999,90,NAO,RECOMENDACAO,SEM_COMPRA,preco_acima_do_orcamento,2,0.0391
ATD-000271,28,2026-06-14 18:26:00,Estou procurando um título específico e quero saber se está disponível.,titulo_especifico,PROPRIO,Ficção histórica,melancólico,FISICO,33.96,33,33,FISICO,27.15,12,90,SIM,PEDIDO_CONFIRMADO,VENDA_CONCLUIDA,,5,0.0463
ATD-000272,65,2026-06-14 19:11:00,Quero algo parecido com os livros que costumo ler.,livro_parecido,PROPRIO,Drama,emocional,FISICO,44.00,,44,FISICO,28.50,17,65,SIM,PEDIDO_CONFIRMADO,VENDA_CONCLUIDA,,5,0.0197
ATD-000273,102,2026-06-14 20:35:00,Quero experimentar um gênero novo sem pegar um livro muito difícil.,explorar_novo_genero,PROPRIO,Mistério,intrigante,FISICO,24.30,,22,FISICO,23.70,7,62,SIM,PEDIDO_CONFIRMADO,VENDA_CONCLUIDA,,4,0.0257
ATD-000274,139,2026-06-14 21:15:00,Preciso de um livro para dar de presente e não sei qual escolher.,presente,PRESENTE,Ficção científica,reflexivo,DIGITAL,19.75,,12,DIGITAL,22.40,9999,65,NAO,RECOMENDACAO,SEM_COMPRA,preco_acima_do_orcamento,3,0.0424
ATD-000275,176,2026-06-14 23:00:00,"Quero continuar uma saga que comecei, mas não sei qual é o próximo volume.",continuacao_de_saga,PROPRIO,Drama,emocional,DIGITAL,24.44,44,44,DIGITAL,18.50,9999,90,SIM,PEDIDO_CONFIRMADO,VENDA_CONCLUIDA,,5,0.0438
ATD-000276,213,2026-06-14 23:57:00,"Quero continuar uma saga que comecei, mas não sei qual é o próximo volume.",continuacao_de_saga,PROPRIO,Mistério,intrigante,DIGITAL,32.42,23,23,DIGITAL,16.75,9999,90,SIM,PEDIDO_CONFIRMADO,VENDA_CONCLUIDA,,5,0.0418
ATD-000277,250,2026-06-15 00:53:00,Quero algo parecido com os livros que costumo ler.,livro_parecido,PROPRIO,Romance,emocional,DIGITAL,44.72,,5,DIGITAL,17.15,9999,65,SIM,PEDIDO_CONFIRMADO,VENDA_CONCLUIDA,,5,0.0192
ATD-000278,287,2026-06-15 02:31:00,Quero algo parecido com os livros que costumo ler.,livro_parecido,PROPRIO,Ficção contemporânea,acolhedor,DIGITAL,45.57,,28,DIGITAL,15.90,9999,65,SIM,PEDIDO_CONFIRMADO,VENDA_CONCLUIDA,,4,0.0246
ATD-000279,324,2026-06-15 03:31:00,Quero algo parecido com os livros que costumo ler.,livro_parecido,PROPRIO,Ficção histórica,melancólico,DIGITAL,36.70,,36,DIGITAL,17.20,9999,65,NAO,RECOMENDACAO,SEM_COMPRA,recomendacao_nao_combinou,4,0.0125
ATD-000280,361,2026-06-15 04:22:00,Quero algo parecido com os livros que costumo ler.,livro_parecido,PROPRIO,Fantasia,esperançoso,DIGITAL,17.11,,4,DIGITAL,21.10,9999,65,NAO,RECOMENDACAO,SEM_COMPRA,preco_acima_do_orcamento,3,0.0505
ATD-000281,398,2026-06-15 05:43:00,Quero algo parecido com os livros que costumo ler.,livro_parecido,PROPRIO,Ficção histórica,melancólico,DIGITAL,14.08,,33,DIGITAL,17.15,9999,65,NAO,RECOMENDACAO,SEM_COMPRA,preco_acima_do_orcamento,3,0.0247
ATD-000282,435,2026-06-15 07:13:00,"Quero continuar uma saga que comecei, mas não sei qual é o próximo volume.",continuacao_de_saga,PROPRIO,Romance,nostálgico,DIGITAL,25.58,7,5,DIGITAL,17.15,9999,90,NAO,BUSCA,SEM_COMPRA,nao_encontrou_continuacao,2,0.0567
ATD-000283,472,2026-06-15 08:06:00,Preciso de um livro para dar de presente e não sei qual escolher.,presente,PRESENTE,Ficção contemporânea,acolhedor,FISICO,19.41,,44,FISICO,28.50,17,65,NAO,RECOMENDACAO,SEM_COMPRA,preco_acima_do_orcamento,4,0.0382
ATD-000284,509,2026-06-15 09:44:00,Preciso de um livro para dar de presente e não sei qual escolher.,presente,PRESENTE,Ficção científica,reflexivo,DIGITAL,17.00,,1,DIGITAL,11.95,9999,65,NAO,RECOMENDACAO,SEM_COMPRA,recomendacao_nao_combinou,3,0.0440
ATD-000285,546,2026-06-15 10:58:00,"Quero continuar uma saga que comecei, mas não sei qual é o próximo volume.",continuacao_de_saga,PROPRIO,Fantasia,épico,FISICO,22.52,38,40,FISICO,32.40,13,90,NAO,RECOMENDACAO,SEM_COMPRA,preco_acima_do_orcamento,4,0.0180
ATD-000286,583,2026-06-15 11:58:00,Estou procurando um título específico e quero saber se está disponível.,titulo_especifico,PROPRIO,Ficção científica,reflexivo,FISICO,17.13,46,46,FISICO,27.60,7,90,NAO,RECOMENDACAO,SEM_COMPRA,preco_acima_do_orcamento,4,0.0372
ATD-000287,620,2026-06-15 13:24:00,"Quero continuar uma saga que comecei, mas não sei qual é o próximo volume.",continuacao_de_saga,PROPRIO,Fantasia,épico,FISICO,45.76,40,40,FISICO,32.40,13,90,SIM,PEDIDO_CONFIRMADO,VENDA_CONCLUIDA,,4,0.0523
ATD-000288,657,2026-06-15 14:14:00,"Quero continuar uma saga que comecei, mas não sei qual é o próximo volume.",continuacao_de_saga,PROPRIO,Aventura,aventureiro,DIGITAL,27.66,20,20,DIGITAL,23.70,9999,90,SIM,PEDIDO_CONFIRMADO,VENDA_CONCLUIDA,,4,0.0456
ATD-000289,694,2026-06-15 15:06:00,Quero experimentar um gênero novo sem pegar um livro muito difícil.,explorar_novo_genero,PROPRIO,Aventura,inspirador,DIGITAL,23.42,,18,DIGITAL,17.60,9999,65,SIM,PEDIDO_CONFIRMADO,VENDA_CONCLUIDA,,4,0.0442
ATD-000290,731,2026-06-15 16:59:00,"Quero continuar uma saga que comecei, mas não sei qual é o próximo volume.",continuacao_de_saga,PROPRIO,Ficção contemporânea,acolhedor,DIGITAL,31.32,28,28,DIGITAL,15.90,9999,90,SIM,PEDIDO_CONFIRMADO,VENDA_CONCLUIDA,,4,0.0536
ATD-000291,768,2026-06-15 17:45:00,Quero experimentar um gênero novo sem pegar um livro muito difícil.,explorar_novo_genero,PROPRIO,Ficção contemporânea,acolhedor,DIGITAL,25.27,,26,DIGITAL,18.90,9999,65,SIM,PEDIDO_CONFIRMADO,VENDA_CONCLUIDA,,5,0.0197
ATD-000292,805,2026-06-15 19:22:00,Estou procurando um título específico e quero saber se está disponível.,titulo_especifico,PROPRIO,Mistério,intrigante,DIGITAL,41.74,23,23,DIGITAL,16.75,9999,90,SIM,PEDIDO_CONFIRMADO,VENDA_CONCLUIDA,,5,0.0385
ATD-000293,842,2026-06-15 19:59:00,"Quero continuar uma saga que comecei, mas não sei qual é o próximo volume.",continuacao_de_saga,PROPRIO,Aventura,inspirador,FISICO,38.06,30,32,FISICO,31.10,5,85,NAO,BUSCA,SEM_COMPRA,nao_encontrou_continuacao,3,0.0254
ATD-000294,879,2026-06-15 21:00:00,Quero algo parecido com os livros que costumo ler.,livro_parecido,PROPRIO,Fantasia,épico,DIGITAL,33.04,,3,DIGITAL,18.05,9999,65,SIM,PEDIDO_CONFIRMADO,VENDA_CONCLUIDA,,5,0.0278
ATD-000295,916,2026-06-15 22:40:00,Quero algo parecido com os livros que costumo ler.,livro_parecido,PROPRIO,Ficção científica,reflexivo,DIGITAL,35.60,,48,DIGITAL,23.70,9999,65,SIM,PEDIDO_CONFIRMADO,VENDA_CONCLUIDA,,5,0.0170
ATD-000296,953,2026-06-15 23:36:00,Preciso de um livro para dar de presente e não sei qual escolher.,presente,PRESENTE,Romance,emocional,DIGITAL,32.33,,27,DIGITAL,21.95,9999,65,NAO,RECOMENDACAO,SEM_COMPRA,recomendacao_nao_combinou,3,0.0345
ATD-000297,990,2026-06-16 00:36:00,Quero algo parecido com os livros que costumo ler.,livro_parecido,PROPRIO,Fantasia,épico,DIGITAL,42.20,,2,DIGITAL,15.00,9999,65,SIM,PEDIDO_CONFIRMADO,VENDA_CONCLUIDA,,5,0.0531
ATD-000298,27,2026-06-16 02:07:00,Quero algo parecido com os livros que costumo ler.,livro_parecido,PROPRIO,Aventura,aventureiro,FISICO,33.85,,29,FISICO,21.95,8,63,NAO,RECOMENDACAO,SEM_COMPRA,recomendacao_nao_combinou,3,0.0437
ATD-000299,64,2026-06-16 03:04:00,"Quero continuar uma saga que comecei, mas não sei qual é o próximo volume.",continuacao_de_saga,PROPRIO,Mistério,intrigante,DIGITAL,16.94,24,24,DIGITAL,19.80,9999,90,NAO,RECOMENDACAO,SEM_COMPRA,preco_acima_do_orcamento,1,0.0341
ATD-000300,101,2026-06-16 04:24:00,Quero algo parecido com os livros que costumo ler.,livro_parecido,PROPRIO,Mistério,intrigante,FISICO,42.46,,23,FISICO,26.75,14,65,SIM,CHECKOUT,SEM_COMPRA,abandono_no_checkout,2,0.0236
ATD-000301,138,2026-06-16 05:42:00,"Quero continuar uma saga que comecei, mas não sei qual é o próximo volume.",continuacao_de_saga,PROPRIO,Romance,nostálgico,FISICO,21.36,,6,FISICO,30.20,15,90,NAO,BUSCA,SEM_COMPRA,nao_encontrou_continuacao,3,0.0278
ATD-000302,175,2026-06-16 06:40:00,Estou procurando um título específico e quero saber se está disponível.,titulo_especifico,PROPRIO,Fantasia,épico,FISICO,47.38,1,1,FISICO,21.95,4,90,SIM,CHECKOUT,SEM_COMPRA,abandono_no_checkout,2,0.0121
ATD-000303,212,2026-06-16 08:01:00,Estou procurando um título específico e quero saber se está disponível.,titulo_especifico,PROPRIO,Aventura,aventureiro,FISICO,39.86,19,19,FISICO,30.65,10,90,NAO,RECOMENDACAO,SEM_COMPRA,apenas_pesquisando,2,0.0413
ATD-000304,249,2026-06-16 09:20:00,Quero algo parecido com os livros que costumo ler.,livro_parecido,PROPRIO,Fantasia,épico,DIGITAL,36.72,,9,DIGITAL,13.25,9999,65,SIM,PEDIDO_CONFIRMADO,VENDA_CONCLUIDA,,5,0.0527
ATD-000305,286,2026-06-16 09:58:00,Quero algo parecido com os livros que costumo ler.,livro_parecido,PROPRIO,Ficção histórica,melancólico,FISICO,46.68,,33,FISICO,27.15,12,65,SIM,PEDIDO_CONFIRMADO,VENDA_CONCLUIDA,,5,0.0495
ATD-000306,323,2026-06-16 11:19:00,Preciso de um livro para dar de presente e não sei qual escolher.,presente,PRESENTE,Fantasia,épico,FISICO,15.18,,41,FISICO,28.45,20,65,NAO,RECOMENDACAO,SEM_COMPRA,preco_acima_do_orcamento,1,0.0481
ATD-000307,360,2026-06-16 13:01:00,Preciso de um livro para dar de presente e não sei qual escolher.,presente,PRESENTE,Romance,nostálgico,FISICO,25.73,,43,FISICO,25.45,10,65,NAO,RECOMENDACAO,SEM_COMPRA,recomendacao_nao_combinou,2,0.0255
ATD-000308,397,2026-06-16 13:44:00,Estou procurando um título específico e quero saber se está disponível.,titulo_especifico,PROPRIO,Aventura,aventureiro,DIGITAL,26.86,32,32,DIGITAL,21.10,9999,90,SIM,PEDIDO_CONFIRMADO,VENDA_CONCLUIDA,,5,0.0504
ATD-000309,434,2026-06-16 14:57:00,Quero algo parecido com os livros que costumo ler.,livro_parecido,PROPRIO,Aventura,aventureiro,FISICO,30.11,,20,FISICO,33.70,17,65,NAO,RECOMENDACAO,SEM_COMPRA,preco_acima_do_orcamento,3,0.0426
ATD-000310,471,2026-06-16 16:09:00,"Quero continuar uma saga que comecei, mas não sei qual é o próximo volume.",continuacao_de_saga,PROPRIO,Aventura,aventureiro,DIGITAL,43.49,,18,DIGITAL,17.60,9999,90,NAO,BUSCA,SEM_COMPRA,nao_encontrou_continuacao,4,0.0479
ATD-000311,508,2026-06-16 17:18:00,Estou procurando um título específico e quero saber se está disponível.,titulo_especifico,PROPRIO,Fantasia,esperançoso,DIGITAL,15.01,39,39,DIGITAL,19.35,9999,90,NAO,RECOMENDACAO,SEM_COMPRA,preco_acima_do_orcamento,1,0.0329
ATD-000312,545,2026-06-16 18:39:00,Preciso de um livro para dar de presente e não sei qual escolher.,presente,PRESENTE,Drama,emocional,FISICO,37.64,,28,FISICO,25.90,1,56,NAO,RECOMENDACAO,SEM_COMPRA,recomendacao_nao_combinou,2,0.0171
ATD-000313,582,2026-06-16 20:10:00,Quero algo parecido com os livros que costumo ler.,livro_parecido,PROPRIO,Aventura,inspirador,FISICO,14.37,,29,FISICO,21.95,8,63,NAO,RECOMENDACAO,SEM_COMPRA,preco_acima_do_orcamento,3,0.0282
ATD-000314,619,2026-06-16 20:42:00,Quero experimentar um gênero novo sem pegar um livro muito difícil.,explorar_novo_genero,PROPRIO,Ficção científica,reflexivo,FISICO,18.86,,47,FISICO,30.65,14,65,NAO,RECOMENDACAO,SEM_COMPRA,preco_acima_do_orcamento,3,0.0517
ATD-000315,656,2026-06-16 21:55:00,Preciso de um livro para dar de presente e não sei qual escolher.,presente,PRESENTE,Ficção científica,reflexivo,DIGITAL,27.72,,4,DIGITAL,21.10,9999,65,NAO,RECOMENDACAO,SEM_COMPRA,recomendacao_nao_combinou,3,0.0476
ATD-000316,693,2026-06-16 23:11:00,Quero experimentar um gênero novo sem pegar um livro muito difícil.,explorar_novo_genero,PROPRIO,Ficção científica,reflexivo,FISICO,14.68,,46,FISICO,27.60,7,62,SIM,PEDIDO_CONFIRMADO,VENDA_CONCLUIDA,,5,0.0513
ATD-000317,730,2026-06-17 00:53:00,Quero experimentar um gênero novo sem pegar um livro muito difícil.,explorar_novo_genero,PROPRIO,Drama,emocional,DIGITAL,31.86,,44,DIGITAL,18.50,9999,65,SIM,PEDIDO_CONFIRMADO,VENDA_CONCLUIDA,,5,0.0306
ATD-000318,767,2026-06-17 01:49:00,Quero experimentar um gênero novo sem pegar um livro muito difícil.,explorar_novo_genero,PROPRIO,Mistério,intrigante,FISICO,27.50,,22,FISICO,23.70,7,62,NAO,RECOMENDACAO,SEM_COMPRA,recomendacao_nao_combinou,3,0.0213
ATD-000319,804,2026-06-17 02:52:00,Preciso de um livro para dar de presente e não sei qual escolher.,presente,PRESENTE,Drama,emocional,DIGITAL,43.16,,47,DIGITAL,20.65,9999,65,NAO,RECOMENDACAO,SEM_COMPRA,recomendacao_nao_combinou,4,0.0122
ATD-000320,841,2026-06-17 03:54:00,Quero experimentar um gênero novo sem pegar um livro muito difícil.,explorar_novo_genero,PROPRIO,Aventura,inspirador,DIGITAL,14.27,,18,DIGITAL,17.60,9999,65,NAO,RECOMENDACAO,SEM_COMPRA,preco_acima_do_orcamento,4,0.0262
ATD-000321,878,2026-06-17 05:10:00,"Quero continuar uma saga que comecei, mas não sei qual é o próximo volume.",continuacao_de_saga,PROPRIO,Romance,nostálgico,DIGITAL,45.21,8,8,DIGITAL,17.20,9999,90,SIM,PEDIDO_CONFIRMADO,VENDA_CONCLUIDA,,5,0.0472
ATD-000322,915,2026-06-17 06:45:00,Quero experimentar um gênero novo sem pegar um livro muito difícil.,explorar_novo_genero,PROPRIO,Mistério,intrigante,FISICO,16.52,,22,FISICO,23.70,7,62,NAO,RECOMENDACAO,SEM_COMPRA,preco_acima_do_orcamento,3,0.0424
ATD-000323,952,2026-06-17 07:59:00,Quero experimentar um gênero novo sem pegar um livro muito difícil.,explorar_novo_genero,PROPRIO,Ficção contemporânea,acolhedor,FISICO,44.01,,28,FISICO,25.90,1,56,SIM,PEDIDO_CONFIRMADO,VENDA_CONCLUIDA,,4,0.0175
ATD-000324,989,2026-06-17 08:44:00,Quero experimentar um gênero novo sem pegar um livro muito difícil.,explorar_novo_genero,PROPRIO,Ficção histórica,melancólico,DIGITAL,33.15,,33,DIGITAL,17.15,9999,65,SIM,PEDIDO_CONFIRMADO,VENDA_CONCLUIDA,,4,0.0191
ATD-000325,26,2026-06-17 09:37:00,Quero algo parecido com os livros que costumo ler.,livro_parecido,PROPRIO,Drama,emocional,FISICO,40.37,,43,FISICO,25.45,10,65,SIM,PEDIDO_CONFIRMADO,VENDA_CONCLUIDA,,5,0.0189
ATD-000326,63,2026-06-17 11:03:00,Estou procurando um título específico e quero saber se está disponível.,titulo_especifico,PROPRIO,Ficção contemporânea,acolhedor,DIGITAL,30.96,26,26,DIGITAL,18.90,9999,90,SIM,CHECKOUT,SEM_COMPRA,abandono_no_checkout,2,0.0504
ATD-000327,100,2026-06-17 12:37:00,Quero algo parecido com os livros que costumo ler.,livro_parecido,PROPRIO,Ficção histórica,melancólico,DIGITAL,15.26,,33,DIGITAL,17.15,9999,65,NAO,RECOMENDACAO,SEM_COMPRA,preco_acima_do_orcamento,2,0.0269
ATD-000328,137,2026-06-17 13:48:00,Quero experimentar um gênero novo sem pegar um livro muito difícil.,explorar_novo_genero,PROPRIO,Romance,nostálgico,DIGITAL,21.16,,8,DIGITAL,17.20,9999,65,SIM,CHECKOUT,SEM_COMPRA,abandono_no_checkout,4,0.0456
ATD-000329,174,2026-06-17 14:51:00,Preciso de um livro para dar de presente e não sei qual escolher.,presente,PRESENTE,Mistério,intrigante,DIGITAL,45.45,,47,DIGITAL,20.65,9999,65,NAO,RECOMENDACAO,SEM_COMPRA,recomendacao_nao_combinou,3,0.0326
ATD-000330,211,2026-06-17 15:44:00,Preciso de um livro para dar de presente e não sei qual escolher.,presente,PRESENTE,Mistério,intrigante,DIGITAL,44.14,,30,DIGITAL,15.00,9999,65,NAO,RECOMENDACAO,SEM_COMPRA,recomendacao_nao_combinou,4,0.0291
ATD-000331,248,2026-06-17 17:08:00,Quero algo parecido com os livros que costumo ler.,livro_parecido,PROPRIO,Aventura,inspirador,DIGITAL,47.97,,18,DIGITAL,17.60,9999,65,NAO,RECOMENDACAO,SEM_COMPRA,recomendacao_nao_combinou,3,0.0330
ATD-000332,285,2026-06-17 18:34:00,Estou procurando um título específico e quero saber se está disponível.,titulo_especifico,PROPRIO,Ficção contemporânea,acolhedor,FISICO,18.80,28,28,FISICO,25.90,1,90,NAO,RECOMENDACAO,SEM_COMPRA,preco_acima_do_orcamento,2,0.0559
ATD-000333,322,2026-06-17 19:30:00,"Quero continuar uma saga que comecei, mas não sei qual é o próximo volume.",continuacao_de_saga,PROPRIO,Ficção histórica,melancólico,DIGITAL,24.80,,34,DIGITAL,20.20,9999,90,NAO,BUSCA,SEM_COMPRA,nao_encontrou_continuacao,3,0.0455
ATD-000334,359,2026-06-17 20:57:00,Preciso de um livro para dar de presente e não sei qual escolher.,presente,PRESENTE,Drama,emocional,DIGITAL,24.07,,5,DIGITAL,17.15,9999,65,NAO,RECOMENDACAO,SEM_COMPRA,recomendacao_nao_combinou,1,0.0569
ATD-000335,396,2026-06-17 21:26:00,"Quero continuar uma saga que comecei, mas não sei qual é o próximo volume.",continuacao_de_saga,PROPRIO,Fantasia,épico,FISICO,46.28,,2,FISICO,25.00,11,90,NAO,BUSCA,SEM_COMPRA,nao_encontrou_continuacao,3,0.0330
ATD-000336,433,2026-06-17 22:41:00,"Quero continuar uma saga que comecei, mas não sei qual é o próximo volume.",continuacao_de_saga,PROPRIO,Fantasia,épico,DIGITAL,39.12,3,1,DIGITAL,11.95,9999,90,NAO,BUSCA,SEM_COMPRA,nao_encontrou_continuacao,4,0.0314
ATD-000337,470,2026-06-18 00:37:00,"Quero continuar uma saga que comecei, mas não sei qual é o próximo volume.",continuacao_de_saga,PROPRIO,Fantasia,épico,FISICO,35.12,4,4,FISICO,31.10,1,90,SIM,PEDIDO_CONFIRMADO,VENDA_CONCLUIDA,,4,0.0260
ATD-000338,507,2026-06-18 01:17:00,"Quero continuar uma saga que comecei, mas não sei qual é o próximo volume.",continuacao_de_saga,PROPRIO,Ficção científica,reflexivo,DIGITAL,13.35,,45,DIGITAL,14.55,9999,90,NAO,BUSCA,SEM_COMPRA,nao_encontrou_continuacao,1,0.0130
ATD-000339,544,2026-06-18 02:45:00,Estou procurando um título específico e quero saber se está disponível.,titulo_especifico,PROPRIO,Ficção histórica,melancólico,DIGITAL,43.88,33,33,DIGITAL,17.15,9999,90,SIM,PEDIDO_CONFIRMADO,VENDA_CONCLUIDA,,4,0.0189
ATD-000340,581,2026-06-18 03:41:00,"Quero continuar uma saga que comecei, mas não sei qual é o próximo volume.",continuacao_de_saga,PROPRIO,Ficção contemporânea,acolhedor,FISICO,13.90,26,26,FISICO,28.90,11,90,SIM,PEDIDO_CONFIRMADO,VENDA_CONCLUIDA,,5,0.0120
ATD-000341,618,2026-06-18 04:31:00,"Quero continuar uma saga que comecei, mas não sei qual é o próximo volume.",continuacao_de_saga,PROPRIO,Romance,nostálgico,FISICO,33.42,7,8,FISICO,27.20,5,85,NAO,RECOMENDACAO,SEM_COMPRA,apenas_pesquisando,4,0.0405
ATD-000342,655,2026-06-18 06:27:00,"Quero continuar uma saga que comecei, mas não sei qual é o próximo volume.",continuacao_de_saga,PROPRIO,Mistério,intrigante,DIGITAL,14.74,,21,DIGITAL,10.65,9999,90,NAO,BUSCA,SEM_COMPRA,nao_encontrou_continuacao,3,0.0303
ATD-000343,692,2026-06-18 07:17:00,Quero algo parecido com os livros que costumo ler.,livro_parecido,PROPRIO,Drama,emocional,FISICO,26.81,,41,FISICO,28.45,20,65,SIM,PEDIDO_CONFIRMADO,VENDA_CONCLUIDA,,5,0.0568
ATD-000344,729,2026-06-18 08:50:00,Preciso de um livro para dar de presente e não sei qual escolher.,presente,PRESENTE,Mistério,intrigante,FISICO,18.91,,46,FISICO,27.60,7,62,NAO,RECOMENDACAO,SEM_COMPRA,preco_acima_do_orcamento,3,0.0470
ATD-000345,766,2026-06-18 09:23:00,Preciso de um livro para dar de presente e não sei qual escolher.,presente,PRESENTE,Aventura,aventureiro,FISICO,13.89,,19,FISICO,30.65,10,65,NAO,RECOMENDACAO,SEM_COMPRA,preco_acima_do_orcamento,4,0.0559
ATD-000346,803,2026-06-18 11:08:00,"Quero continuar uma saga que comecei, mas não sei qual é o próximo volume.",continuacao_de_saga,PROPRIO,Ficção científica,reflexivo,FISICO,21.42,47,47,FISICO,30.65,14,90,NAO,RECOMENDACAO,SEM_COMPRA,preco_acima_do_orcamento,2,0.0322
ATD-000347,840,2026-06-18 12:12:00,Quero algo parecido com os livros que costumo ler.,livro_parecido,PROPRIO,Drama,emocional,DIGITAL,44.31,,41,DIGITAL,18.45,9999,65,SIM,PEDIDO_CONFIRMADO,VENDA_CONCLUIDA,,5,0.0341
ATD-000348,877,2026-06-18 13:02:00,Estou procurando um título específico e quero saber se está disponível.,titulo_especifico,PROPRIO,Romance,nostálgico,DIGITAL,13.18,6,6,DIGITAL,20.20,9999,90,NAO,RECOMENDACAO,SEM_COMPRA,preco_acima_do_orcamento,2,0.0511
ATD-000349,914,2026-06-18 14:25:00,Preciso de um livro para dar de presente e não sei qual escolher.,presente,PRESENTE,Drama,emocional,FISICO,33.78,,5,FISICO,27.15,8,63,NAO,RECOMENDACAO,SEM_COMPRA,recomendacao_nao_combinou,4,0.0269
ATD-000350,951,2026-06-18 15:55:00,Quero algo parecido com os livros que costumo ler.,livro_parecido,PROPRIO,Aventura,aventureiro,DIGITAL,24.66,,29,DIGITAL,11.95,9999,65,NAO,RECOMENDACAO,SEM_COMPRA,recomendacao_nao_combinou,3,0.0469
ATD-000351,988,2026-06-18 17:10:00,Estou procurando um título específico e quero saber se está disponível.,titulo_especifico,PROPRIO,Aventura,aventureiro,FISICO,12.13,18,18,FISICO,27.60,3,90,NAO,RECOMENDACAO,SEM_COMPRA,preco_acima_do_orcamento,4,0.0517
ATD-000352,25,2026-06-18 17:50:00,Quero algo parecido com os livros que costumo ler.,livro_parecido,PROPRIO,Ficção científica,reflexivo,FISICO,39.28,,47,FISICO,30.65,14,65,SIM,PEDIDO_CONFIRMADO,VENDA_CONCLUIDA,,4,0.0199
ATD-000353,62,2026-06-18 19:21:00,Quero algo parecido com os livros que costumo ler.,livro_parecido,PROPRIO,Mistério,intrigante,FISICO,19.71,,22,FISICO,23.70,7,62,NAO,RECOMENDACAO,SEM_COMPRA,preco_acima_do_orcamento,2,0.0451
ATD-000354,99,2026-06-18 20:37:00,"Quero continuar uma saga que comecei, mas não sei qual é o próximo volume.",continuacao_de_saga,PROPRIO,Fantasia,épico,FISICO,45.04,,39,FISICO,29.35,6,86,NAO,BUSCA,SEM_COMPRA,nao_encontrou_continuacao,2,0.0542
ATD-000355,136,2026-06-18 21:10:00,Estou procurando um título específico e quero saber se está disponível.,titulo_especifico,PROPRIO,Fantasia,esperançoso,DIGITAL,36.61,12,12,DIGITAL,22.40,9999,90,SIM,CHECKOUT,SEM_COMPRA,abandono_no_checkout,4,0.0156
ATD-000356,173,2026-06-18 22:21:00,"Quero continuar uma saga que comecei, mas não sei qual é o próximo volume.",continuacao_de_saga,PROPRIO,Mistério,intrigante,FISICO,43.01,22,22,FISICO,23.70,7,90,NAO,RECOMENDACAO,SEM_COMPRA,apenas_pesquisando,2,0.0383
ATD-000357,210,2026-06-18 23:58:00,Quero algo parecido com os livros que costumo ler.,livro_parecido,PROPRIO,Fantasia,esperançoso,DIGITAL,28.27,,1,DIGITAL,11.95,9999,65,SIM,PEDIDO_CONFIRMADO,VENDA_CONCLUIDA,,4,0.0523
ATD-000358,247,2026-06-19 01:00:00,Quero experimentar um gênero novo sem pegar um livro muito difícil.,explorar_novo_genero,PROPRIO,Ficção contemporânea,acolhedor,DIGITAL,44.05,,28,DIGITAL,15.90,9999,65,NAO,RECOMENDACAO,SEM_COMPRA,recomendacao_nao_combinou,3,0.0267
ATD-000359,284,2026-06-19 02:30:00,Quero algo parecido com os livros que costumo ler.,livro_parecido,PROPRIO,Ficção contemporânea,acolhedor,FISICO,23.12,,28,FISICO,25.90,1,56,NAO,RECOMENDACAO,SEM_COMPRA,preco_acima_do_orcamento,4,0.0459
ATD-000360,321,2026-06-19 03:43:00,Preciso de um livro para dar de presente e não sei qual escolher.,presente,PRESENTE,Mistério,intrigante,DIGITAL,28.65,,8,DIGITAL,17.20,9999,65,SIM,CHECKOUT,SEM_COMPRA,abandono_no_checkout,4,0.0292
ATD-000361,358,2026-06-19 04:34:00,"Quero continuar uma saga que comecei, mas não sei qual é o próximo volume.",continuacao_de_saga,PROPRIO,Drama,emocional,FISICO,43.78,,43,FISICO,25.45,10,90,NAO,BUSCA,SEM_COMPRA,nao_encontrou_continuacao,2,0.0502
ATD-000362,395,2026-06-19 06:09:00,Quero algo parecido com os livros que costumo ler.,livro_parecido,PROPRIO,Aventura,inspirador,FISICO,33.11,,20,FISICO,33.70,17,65,NAO,RECOMENDACAO,SEM_COMPRA,preco_acima_do_orcamento,1,0.0315
ATD-000363,432,2026-06-19 07:20:00,"Quero continuar uma saga que comecei, mas não sei qual é o próximo volume.",continuacao_de_saga,PROPRIO,Aventura,aventureiro,DIGITAL,33.17,18,18,DIGITAL,17.60,9999,90,SIM,PEDIDO_CONFIRMADO,VENDA_CONCLUIDA,,4,0.0282
ATD-000364,469,2026-06-19 07:49:00,Quero algo parecido com os livros que costumo ler.,livro_parecido,PROPRIO,Fantasia,esperançoso,DIGITAL,45.19,,4,DIGITAL,21.10,9999,65,SIM,PEDIDO_CONFIRMADO,VENDA_CONCLUIDA,,4,0.0292
ATD-000365,506,2026-06-19 08:59:00,"Quero continuar uma saga que comecei, mas não sei qual é o próximo volume.",continuacao_de_saga,PROPRIO,Ficção contemporânea,acolhedor,FISICO,42.67,28,28,FISICO,25.90,1,90,SIM,PEDIDO_CONFIRMADO,VENDA_CONCLUIDA,,5,0.0184
ATD-000366,543,2026-06-19 10:54:00,Estou procurando um título específico e quero saber se está disponível.,titulo_especifico,PROPRIO,Drama,emocional,FISICO,24.13,41,41,FISICO,28.45,20,90,SIM,PEDIDO_CONFIRMADO,VENDA_CONCLUIDA,,5,0.0209
ATD-000367,580,2026-06-19 11:50:00,Preciso de um livro para dar de presente e não sei qual escolher.,presente,PRESENTE,Romance,emocional,DIGITAL,19.85,,10,DIGITAL,16.30,9999,65,NAO,RECOMENDACAO,SEM_COMPRA,recomendacao_nao_combinou,4,0.0445
ATD-000368,617,2026-06-19 12:59:00,Quero algo parecido com os livros que costumo ler.,livro_parecido,PROPRIO,Fantasia,épico,DIGITAL,23.19,,1,DIGITAL,11.95,9999,65,SIM,PEDIDO_CONFIRMADO,VENDA_CONCLUIDA,,5,0.0240
ATD-000369,654,2026-06-19 14:11:00,Quero experimentar um gênero novo sem pegar um livro muito difícil.,explorar_novo_genero,PROPRIO,Fantasia,esperançoso,DIGITAL,31.95,,2,DIGITAL,15.00,9999,65,SIM,PEDIDO_CONFIRMADO,VENDA_CONCLUIDA,,5,0.0406
ATD-000370,691,2026-06-19 15:16:00,"Quero continuar uma saga que comecei, mas não sei qual é o próximo volume.",continuacao_de_saga,PROPRIO,Fantasia,esperançoso,FISICO,42.35,11,11,FISICO,29.35,2,90,SIM,PEDIDO_CONFIRMADO,VENDA_CONCLUIDA,,5,0.0360
ATD-000371,728,2026-06-19 16:36:00,"Quero continuar uma saga que comecei, mas não sei qual é o próximo volume.",continuacao_de_saga,PROPRIO,Drama,emocional,FISICO,17.72,43,43,FISICO,25.45,10,90,NAO,RECOMENDACAO,SEM_COMPRA,preco_acima_do_orcamento,3,0.0411
ATD-000372,765,2026-06-19 17:48:00,Quero algo parecido com os livros que costumo ler.,livro_parecido,PROPRIO,Fantasia,épico,FISICO,35.60,,9,FISICO,23.25,12,65,SIM,PEDIDO_CONFIRMADO,VENDA_CONCLUIDA,,5,0.0471
ATD-000373,802,2026-06-19 18:59:00,"Quero continuar uma saga que comecei, mas não sei qual é o próximo volume.",continuacao_de_saga,PROPRIO,Fantasia,épico,DIGITAL,18.91,4,2,DIGITAL,15.00,9999,90,NAO,BUSCA,SEM_COMPRA,nao_encontrou_continuacao,3,0.0239
ATD-000374,839,2026-06-19 20:05:00,Quero algo parecido com os livros que costumo ler.,livro_parecido,PROPRIO,Fantasia,épico,DIGITAL,13.53,,2,DIGITAL,15.00,9999,65,NAO,RECOMENDACAO,SEM_COMPRA,preco_acima_do_orcamento,3,0.0416
ATD-000375,876,2026-06-19 20:52:00,Preciso de um livro para dar de presente e não sei qual escolher.,presente,PRESENTE,Mistério,intrigante,DIGITAL,33.94,,10,DIGITAL,16.30,9999,65,NAO,RECOMENDACAO,SEM_COMPRA,recomendacao_nao_combinou,3,0.0564
ATD-000376,913,2026-06-19 22:22:00,"Quero continuar uma saga que comecei, mas não sei qual é o próximo volume.",continuacao_de_saga,PROPRIO,Romance,emocional,FISICO,31.03,14,15,FISICO,25.45,6,86,SIM,PEDIDO_CONFIRMADO,VENDA_CONCLUIDA,,5,0.0174
ATD-000377,950,2026-06-19 23:19:00,"Quero continuar uma saga que comecei, mas não sei qual é o próximo volume.",continuacao_de_saga,PROPRIO,Fantasia,épico,FISICO,47.22,2,2,FISICO,25.00,11,90,SIM,PEDIDO_CONFIRMADO,VENDA_CONCLUIDA,,5,0.0240
ATD-000378,987,2026-06-20 00:23:00,"Quero continuar uma saga que comecei, mas não sei qual é o próximo volume.",continuacao_de_saga,PROPRIO,Romance,emocional,FISICO,20.26,,13,FISICO,28.45,16,90,NAO,BUSCA,SEM_COMPRA,nao_encontrou_continuacao,3,0.0255
ATD-000379,24,2026-06-20 01:52:00,Quero algo parecido com os livros que costumo ler.,livro_parecido,PROPRIO,Ficção histórica,melancólico,DIGITAL,14.27,,35,DIGITAL,14.15,9999,65,SIM,PEDIDO_CONFIRMADO,VENDA_CONCLUIDA,,5,0.0416
ATD-000380,61,2026-06-20 03:09:00,Estou procurando um título específico e quero saber se está disponível.,titulo_especifico,PROPRIO,Aventura,aventureiro,FISICO,41.76,17,17,FISICO,24.55,20,90,SIM,PEDIDO_CONFIRMADO,VENDA_CONCLUIDA,,4,0.0263
ATD-000381,98,2026-06-20 04:20:00,"Quero continuar uma saga que comecei, mas não sei qual é o próximo volume.",continuacao_de_saga,PROPRIO,Fantasia,épico,DIGITAL,47.06,38,38,DIGITAL,16.30,9999,90,SIM,PEDIDO_CONFIRMADO,VENDA_CONCLUIDA,,4,0.0144
ATD-000382,135,2026-06-20 05:26:00,Quero algo parecido com os livros que costumo ler.,livro_parecido,PROPRIO,Aventura,inspirador,DIGITAL,27.86,,20,DIGITAL,23.70,9999,65,SIM,PEDIDO_CONFIRMADO,VENDA_CONCLUIDA,,5,0.0527
ATD-000383,172,2026-06-20 06:57:00,Quero algo parecido com os livros que costumo ler.,livro_parecido,PROPRIO,Aventura,inspirador,DIGITAL,29.11,,19,DIGITAL,20.65,9999,65,SIM,CHECKOUT,SEM_COMPRA,abandono_no_checkout,3,0.0558
ATD-000384,209,2026-06-20 07:35:00,Preciso de um livro para dar de presente e não sei qual escolher.,presente,PRESENTE,Mistério,intrigante,FISICO,29.22,,28,FISICO,25.90,1,56,NAO,RECOMENDACAO,SEM_COMPRA,recomendacao_nao_combinou,3,0.0334
ATD-000385,246,2026-06-20 08:44:00,"Quero continuar uma saga que comecei, mas não sei qual é o próximo volume.",continuacao_de_saga,PROPRIO,Aventura,aventureiro,FISICO,14.93,20,20,FISICO,33.70,17,90,NAO,RECOMENDACAO,SEM_COMPRA,preco_acima_do_orcamento,3,0.0455
ATD-000386,283,2026-06-20 09:54:00,"Quero continuar uma saga que comecei, mas não sei qual é o próximo volume.",continuacao_de_saga,PROPRIO,Romance,emocional,DIGITAL,45.63,14,14,DIGITAL,12.40,9999,90,NAO,RECOMENDACAO,SEM_COMPRA,apenas_pesquisando,4,0.0327
ATD-000387,320,2026-06-20 11:34:00,Quero experimentar um gênero novo sem pegar um livro muito difícil.,explorar_novo_genero,PROPRIO,Ficção contemporânea,acolhedor,DIGITAL,20.20,,26,DIGITAL,18.90,9999,65,SIM,PEDIDO_CONFIRMADO,VENDA_CONCLUIDA,,4,0.0149
ATD-000388,357,2026-06-20 12:42:00,Preciso de um livro para dar de presente e não sei qual escolher.,presente,PRESENTE,Mistério,intrigante,FISICO,29.78,,3,FISICO,28.05,18,65,NAO,RECOMENDACAO,SEM_COMPRA,recomendacao_nao_combinou,1,0.0264
ATD-000389,394,2026-06-20 13:45:00,Quero experimentar um gênero novo sem pegar um livro muito difícil.,explorar_novo_genero,PROPRIO,Mistério,intrigante,DIGITAL,47.50,,22,DIGITAL,13.70,9999,65,SIM,PEDIDO_CONFIRMADO,VENDA_CONCLUIDA,,5,0.0388
ATD-000390,431,2026-06-20 15:09:00,Preciso de um livro para dar de presente e não sei qual escolher.,presente,PRESENTE,Ficção histórica,melancólico,DIGITAL,38.29,,3,DIGITAL,18.05,9999,65,NAO,RECOMENDACAO,SEM_COMPRA,recomendacao_nao_combinou,3,0.0448
ATD-000391,468,2026-06-20 16:26:00,Quero algo parecido com os livros que costumo ler.,livro_parecido,PROPRIO,Fantasia,esperançoso,FISICO,31.16,,3,FISICO,28.05,18,65,NAO,RECOMENDACAO,SEM_COMPRA,recomendacao_nao_combinou,4,0.0385
ATD-000392,505,2026-06-20 17:22:00,Estou procurando um título específico e quero saber se está disponível.,titulo_especifico,PROPRIO,Fantasia,esperançoso,FISICO,14.49,4,4,FISICO,31.10,1,90,NAO,RECOMENDACAO,SEM_COMPRA,preco_acima_do_orcamento,4,0.0433
ATD-000393,542,2026-06-20 18:52:00,Preciso de um livro para dar de presente e não sei qual escolher.,presente,PRESENTE,Drama,emocional,DIGITAL,42.69,,3,DIGITAL,18.05,9999,65,NAO,RECOMENDACAO,SEM_COMPRA,recomendacao_nao_combinou,2,0.0383
ATD-000394,579,2026-06-20 19:35:00,Preciso de um livro para dar de presente e não sei qual escolher.,presente,PRESENTE,Romance,nostálgico,DIGITAL,22.17,,13,DIGITAL,18.45,9999,65,SIM,CHECKOUT,SEM_COMPRA,abandono_no_checkout,4,0.0569
ATD-000395,616,2026-06-20 20:30:00,Quero algo parecido com os livros que costumo ler.,livro_parecido,PROPRIO,Fantasia,épico,FISICO,45.69,,9,FISICO,23.25,12,65,SIM,PEDIDO_CONFIRMADO,VENDA_CONCLUIDA,,5,0.0414
ATD-000396,653,2026-06-20 22:22:00,"Quero continuar uma saga que comecei, mas não sei qual é o próximo volume.",continuacao_de_saga,PROPRIO,Aventura,inspirador,DIGITAL,20.44,32,29,DIGITAL,11.95,9999,90,NAO,BUSCA,SEM_COMPRA,nao_encontrou_continuacao,3,0.0572
ATD-000397,690,2026-06-20 23:21:00,Quero algo parecido com os livros que costumo ler.,livro_parecido,PROPRIO,Fantasia,esperançoso,DIGITAL,41.65,,2,DIGITAL,15.00,9999,65,NAO,RECOMENDACAO,SEM_COMPRA,apenas_pesquisando,3,0.0215
ATD-000398,727,2026-06-21 00:10:00,Quero algo parecido com os livros que costumo ler.,livro_parecido,PROPRIO,Mistério,intrigante,DIGITAL,39.53,,24,DIGITAL,19.80,9999,65,SIM,PEDIDO_CONFIRMADO,VENDA_CONCLUIDA,,5,0.0358
ATD-000399,764,2026-06-21 01:11:00,Preciso de um livro para dar de presente e não sei qual escolher.,presente,PRESENTE,Mistério,intrigante,FISICO,18.84,,19,FISICO,30.65,10,65,NAO,RECOMENDACAO,SEM_COMPRA,recomendacao_nao_combinou,1,0.0254
ATD-000400,801,2026-06-21 02:56:00,Quero experimentar um gênero novo sem pegar um livro muito difícil.,explorar_novo_genero,PROPRIO,Ficção científica,reflexivo,FISICO,18.02,,46,FISICO,27.60,7,62,NAO,RECOMENDACAO,SEM_COMPRA,preco_acima_do_orcamento,3,0.0200
ATD-000401,838,2026-06-21 03:41:00,"Quero continuar uma saga que comecei, mas não sei qual é o próximo volume.",continuacao_de_saga,PROPRIO,Romance,emocional,FISICO,28.00,14,16,FISICO,28.50,13,90,NAO,BUSCA,SEM_COMPRA,nao_encontrou_continuacao,2,0.0148
ATD-000402,875,2026-06-21 04:46:00,Preciso de um livro para dar de presente e não sei qual escolher.,presente,PRESENTE,Ficção contemporânea,acolhedor,FISICO,19.62,,44,FISICO,28.50,17,65,NAO,RECOMENDACAO,SEM_COMPRA,preco_acima_do_orcamento,3,0.0437
ATD-000403,912,2026-06-21 06:26:00,Estou procurando um título específico e quero saber se está disponível.,titulo_especifico,PROPRIO,Aventura,aventureiro,FISICO,13.69,20,20,FISICO,33.70,17,90,NAO,RECOMENDACAO,SEM_COMPRA,preco_acima_do_orcamento,3,0.0334
ATD-000404,949,2026-06-21 07:10:00,Quero experimentar um gênero novo sem pegar um livro muito difícil.,explorar_novo_genero,PROPRIO,Fantasia,esperançoso,DIGITAL,46.26,,4,DIGITAL,21.10,9999,65,SIM,PEDIDO_CONFIRMADO,VENDA_CONCLUIDA,,5,0.0561
ATD-000405,986,2026-06-21 08:52:00,Quero experimentar um gênero novo sem pegar um livro muito difícil.,explorar_novo_genero,PROPRIO,Mistério,intrigante,FISICO,25.57,,23,FISICO,26.75,14,65,NAO,RECOMENDACAO,SEM_COMPRA,preco_acima_do_orcamento,3,0.0249
ATD-000406,23,2026-06-21 09:26:00,"Quero continuar uma saga que comecei, mas não sei qual é o próximo volume.",continuacao_de_saga,PROPRIO,Romance,emocional,DIGITAL,25.22,15,16,DIGITAL,18.50,9999,90,NAO,BUSCA,SEM_COMPRA,nao_encontrou_continuacao,3,0.0547
ATD-000407,60,2026-06-21 11:20:00,"Quero continuar uma saga que comecei, mas não sei qual é o próximo volume.",continuacao_de_saga,PROPRIO,Mistério,intrigante,FISICO,20.86,22,22,FISICO,23.70,7,87,NAO,RECOMENDACAO,SEM_COMPRA,preco_acima_do_orcamento,3,0.0127
ATD-000408,97,2026-06-21 12:32:00,Quero experimentar um gênero novo sem pegar um livro muito difícil.,explorar_novo_genero,PROPRIO,Ficção histórica,melancólico,DIGITAL,30.28,,36,DIGITAL,17.20,9999,65,NAO,RECOMENDACAO,SEM_COMPRA,recomendacao_nao_combinou,3,0.0566
ATD-000409,134,2026-06-21 13:25:00,"Quero continuar uma saga que comecei, mas não sei qual é o próximo volume.",continuacao_de_saga,PROPRIO,Ficção contemporânea,acolhedor,DIGITAL,26.43,26,26,DIGITAL,18.90,9999,90,SIM,CHECKOUT,SEM_COMPRA,abandono_no_checkout,3,0.0486
ATD-000410,171,2026-06-21 14:13:00,Estou procurando um título específico e quero saber se está disponível.,titulo_especifico,PROPRIO,Ficção contemporânea,acolhedor,FISICO,33.26,25,25,FISICO,25.85,4,90,SIM,PEDIDO_CONFIRMADO,VENDA_CONCLUIDA,,5,0.0175
ATD-000411,208,2026-06-21 16:07:00,Preciso de um livro para dar de presente e não sei qual escolher.,presente,PRESENTE,Mistério,intrigante,FISICO,40.37,,3,FISICO,28.05,18,65,NAO,RECOMENDACAO,SEM_COMPRA,recomendacao_nao_combinou,3,0.0340
ATD-000412,245,2026-06-21 17:05:00,Estou procurando um título específico e quero saber se está disponível.,titulo_especifico,PROPRIO,Drama,emocional,FISICO,41.88,42,42,FISICO,22.40,3,90,SIM,PEDIDO_CONFIRMADO,VENDA_CONCLUIDA,,4,0.0513
ATD-000413,282,2026-06-21 18:07:00,"Quero continuar uma saga que comecei, mas não sei qual é o próximo volume.",continuacao_de_saga,PROPRIO,Fantasia,esperançoso,FISICO,29.47,11,11,FISICO,29.35,2,82,SIM,PEDIDO_CONFIRMADO,VENDA_CONCLUIDA,,5,0.0526
ATD-000414,319,2026-06-21 19:19:00,Preciso de um livro para dar de presente e não sei qual escolher.,presente,PRESENTE,Ficção contemporânea,acolhedor,DIGITAL,33.96,,9,DIGITAL,13.25,9999,65,NAO,RECOMENDACAO,SEM_COMPRA,recomendacao_nao_combinou,3,0.0126
ATD-000415,356,2026-06-21 20:42:00,"Quero continuar uma saga que comecei, mas não sei qual é o próximo volume.",continuacao_de_saga,PROPRIO,Romance,emocional,FISICO,46.98,16,16,FISICO,28.50,13,90,SIM,PEDIDO_CONFIRMADO,VENDA_CONCLUIDA,,4,0.0241
ATD-000416,393,2026-06-21 21:16:00,Estou procurando um título específico e quero saber se está disponível.,titulo_especifico,PROPRIO,Fantasia,épico,DIGITAL,24.55,11,11,DIGITAL,19.35,9999,90,SIM,PEDIDO_CONFIRMADO,VENDA_CONCLUIDA,,5,0.0147
ATD-000417,430,2026-06-21 23:17:00,"Quero continuar uma saga que comecei, mas não sei qual é o próximo volume.",continuacao_de_saga,PROPRIO,Romance,nostálgico,DIGITAL,12.48,8,8,DIGITAL,17.20,9999,90,NAO,RECOMENDACAO,SEM_COMPRA,preco_acima_do_orcamento,3,0.0311
ATD-000418,467,2026-06-22 00:12:00,"Quero continuar uma saga que comecei, mas não sei qual é o próximo volume.",continuacao_de_saga,PROPRIO,Fantasia,épico,DIGITAL,33.89,,2,DIGITAL,15.00,9999,90,SIM,PEDIDO_CONFIRMADO,VENDA_CONCLUIDA,,5,0.0456
ATD-000419,504,2026-06-22 00:53:00,Quero experimentar um gênero novo sem pegar um livro muito difícil.,explorar_novo_genero,PROPRIO,Ficção histórica,melancólico,DIGITAL,29.03,,33,DIGITAL,17.15,9999,65,SIM,PEDIDO_CONFIRMADO,VENDA_CONCLUIDA,,5,0.0126
ATD-000420,541,2026-06-22 02:49:00,Quero experimentar um gênero novo sem pegar um livro muito difícil.,explorar_novo_genero,PROPRIO,Romance,emocional,DIGITAL,33.78,,5,DIGITAL,17.15,9999,65,NAO,RECOMENDACAO,SEM_COMPRA,apenas_pesquisando,3,0.0246
ATD-000421,578,2026-06-22 03:49:00,Quero experimentar um gênero novo sem pegar um livro muito difícil.,explorar_novo_genero,PROPRIO,Drama,emocional,DIGITAL,24.61,,43,DIGITAL,15.45,9999,65,NAO,RECOMENDACAO,SEM_COMPRA,recomendacao_nao_combinou,3,0.0214
ATD-000422,615,2026-06-22 04:46:00,Preciso de um livro para dar de presente e não sei qual escolher.,presente,PRESENTE,Mistério,intrigante,FISICO,18.82,,10,FISICO,26.30,19,65,NAO,RECOMENDACAO,SEM_COMPRA,preco_acima_do_orcamento,2,0.0577
ATD-000423,652,2026-06-22 06:20:00,Quero algo parecido com os livros que costumo ler.,livro_parecido,PROPRIO,Fantasia,épico,DIGITAL,27.37,,9,DIGITAL,13.25,9999,65,NAO,RECOMENDACAO,SEM_COMPRA,recomendacao_nao_combinou,3,0.0366
ATD-000424,689,2026-06-22 06:58:00,Preciso de um livro para dar de presente e não sei qual escolher.,presente,PRESENTE,Ficção contemporânea,acolhedor,FISICO,45.85,,2,FISICO,25.00,11,65,NAO,RECOMENDACAO,SEM_COMPRA,recomendacao_nao_combinou,2,0.0449
ATD-000425,726,2026-06-22 08:19:00,"Quero continuar uma saga que comecei, mas não sei qual é o próximo volume.",continuacao_de_saga,PROPRIO,Fantasia,esperançoso,DIGITAL,37.92,10,10,DIGITAL,16.30,9999,90,SIM,PEDIDO_CONFIRMADO,VENDA_CONCLUIDA,,4,0.0344
ATD-000426,763,2026-06-22 09:22:00,"Quero continuar uma saga que comecei, mas não sei qual é o próximo volume.",continuacao_de_saga,PROPRIO,Romance,nostálgico,FISICO,38.60,6,6,FISICO,30.20,15,90,SIM,PEDIDO_CONFIRMADO,VENDA_CONCLUIDA,,5,0.0140
ATD-000427,800,2026-06-22 10:19:00,Quero algo parecido com os livros que costumo ler.,livro_parecido,PROPRIO,Aventura,inspirador,FISICO,30.58,,17,FISICO,24.55,20,65,SIM,PEDIDO_CONFIRMADO,VENDA_CONCLUIDA,,5,0.0291
ATD-000428,837,2026-06-22 11:34:00,Estou procurando um título específico e quero saber se está disponível.,titulo_especifico,PROPRIO,Aventura,inspirador,FISICO,19.09,32,32,FISICO,31.10,5,90,NAO,RECOMENDACAO,SEM_COMPRA,preco_acima_do_orcamento,2,0.0329
ATD-000429,874,2026-06-22 13:05:00,Estou procurando um título específico e quero saber se está disponível.,titulo_especifico,PROPRIO,Aventura,inspirador,DIGITAL,26.37,17,17,DIGITAL,14.55,9999,90,NAO,RECOMENDACAO,SEM_COMPRA,apenas_pesquisando,3,0.0196
ATD-000430,911,2026-06-22 14:02:00,"Quero continuar uma saga que comecei, mas não sei qual é o próximo volume.",continuacao_de_saga,PROPRIO,Aventura,aventureiro,DIGITAL,19.68,,17,DIGITAL,14.55,9999,90,SIM,PEDIDO_CONFIRMADO,VENDA_CONCLUIDA,,5,0.0259
ATD-000431,948,2026-06-22 15:50:00,"Quero continuar uma saga que comecei, mas não sei qual é o próximo volume.",continuacao_de_saga,PROPRIO,Ficção contemporânea,acolhedor,DIGITAL,23.41,26,26,DIGITAL,18.90,9999,90,SIM,PEDIDO_CONFIRMADO,VENDA_CONCLUIDA,,5,0.0434
ATD-000432,985,2026-06-22 16:36:00,Estou procurando um título específico e quero saber se está disponível.,titulo_especifico,PROPRIO,Fantasia,épico,FISICO,42.03,1,1,FISICO,21.95,4,90,SIM,PEDIDO_CONFIRMADO,VENDA_CONCLUIDA,,4,0.0230
ATD-000433,22,2026-06-22 18:12:00,"Quero continuar uma saga que comecei, mas não sei qual é o próximo volume.",continuacao_de_saga,PROPRIO,Fantasia,épico,FISICO,27.62,,3,FISICO,28.05,18,90,NAO,BUSCA,SEM_COMPRA,nao_encontrou_continuacao,3,0.0206
ATD-000434,59,2026-06-22 19:18:00,"Quero continuar uma saga que comecei, mas não sei qual é o próximo volume.",continuacao_de_saga,PROPRIO,Fantasia,épico,FISICO,21.17,4,4,FISICO,31.10,1,90,NAO,RECOMENDACAO,SEM_COMPRA,preco_acima_do_orcamento,3,0.0304
ATD-000435,96,2026-06-22 19:59:00,Preciso de um livro para dar de presente e não sei qual escolher.,presente,PRESENTE,Aventura,inspirador,FISICO,31.20,,19,FISICO,30.65,10,65,NAO,RECOMENDACAO,SEM_COMPRA,apenas_pesquisando,3,0.0315
ATD-000436,133,2026-06-22 21:36:00,Preciso de um livro para dar de presente e não sei qual escolher.,presente,PRESENTE,Fantasia,esperançoso,FISICO,32.66,,47,FISICO,30.65,14,65,NAO,RECOMENDACAO,SEM_COMPRA,recomendacao_nao_combinou,3,0.0254
ATD-000437,170,2026-06-22 22:47:00,"Quero continuar uma saga que comecei, mas não sei qual é o próximo volume.",continuacao_de_saga,PROPRIO,Romance,nostálgico,DIGITAL,47.27,,7,DIGITAL,14.15,9999,90,NAO,BUSCA,SEM_COMPRA,nao_encontrou_continuacao,3,0.0524
ATD-000438,207,2026-06-22 23:47:00,"Quero continuar uma saga que comecei, mas não sei qual é o próximo volume.",continuacao_de_saga,PROPRIO,Fantasia,épico,FISICO,13.24,40,40,FISICO,32.40,13,90,SIM,PEDIDO_CONFIRMADO,VENDA_CONCLUIDA,,5,0.0568
ATD-000439,244,2026-06-23 01:16:00,Quero algo parecido com os livros que costumo ler.,livro_parecido,PROPRIO,Fantasia,esperançoso,FISICO,39.75,,9,FISICO,23.25,12,65,SIM,PEDIDO_CONFIRMADO,VENDA_CONCLUIDA,,5,0.0365
ATD-000440,281,2026-06-23 02:00:00,Quero algo parecido com os livros que costumo ler.,livro_parecido,PROPRIO,Ficção científica,reflexivo,FISICO,36.62,,10,FISICO,26.30,19,10,NAO,RECOMENDACAO,SEM_COMPRA,recomendacao_nao_combinou,3,0.0375
ATD-000441,318,2026-06-23 02:56:00,"Quero continuar uma saga que comecei, mas não sei qual é o próximo volume.",continuacao_de_saga,PROPRIO,Aventura,aventureiro,FISICO,31.66,19,20,FISICO,33.70,17,90,NAO,BUSCA,SEM_COMPRA,nao_encontrou_continuacao,3,0.0194
ATD-000442,355,2026-06-23 04:20:00,Quero algo parecido com os livros que costumo ler.,livro_parecido,PROPRIO,Fantasia,épico,DIGITAL,43.69,,3,DIGITAL,18.05,9999,65,NAO,RECOMENDACAO,SEM_COMPRA,recomendacao_nao_combinou,3,0.0463
ATD-000443,392,2026-06-23 05:20:00,"Quero continuar uma saga que comecei, mas não sei qual é o próximo volume.",continuacao_de_saga,PROPRIO,Mistério,intrigante,DIGITAL,12.69,,21,DIGITAL,10.65,9999,90,NAO,BUSCA,SEM_COMPRA,nao_encontrou_continuacao,3,0.0309
ATD-000444,429,2026-06-23 06:54:00,Quero algo parecido com os livros que costumo ler.,livro_parecido,PROPRIO,Fantasia,épico,DIGITAL,14.69,,4,DIGITAL,21.10,9999,65,NAO,RECOMENDACAO,SEM_COMPRA,preco_acima_do_orcamento,2,0.0559
ATD-000445,466,2026-06-23 08:13:00,"Quero continuar uma saga que comecei, mas não sei qual é o próximo volume.",continuacao_de_saga,PROPRIO,Fantasia,épico,DIGITAL,42.26,40,40,DIGITAL,22.40,9999,90,SIM,PEDIDO_CONFIRMADO,VENDA_CONCLUIDA,,4,0.0420
ATD-000446,503,2026-06-23 09:01:00,Estou procurando um título específico e quero saber se está disponível.,titulo_especifico,PROPRIO,Aventura,inspirador,FISICO,38.47,30,30,FISICO,25.00,15,90,SIM,CHECKOUT,SEM_COMPRA,abandono_no_checkout,2,0.0182
ATD-000447,540,2026-06-23 10:00:00,Preciso de um livro para dar de presente e não sei qual escolher.,presente,PRESENTE,Drama,emocional,FISICO,29.02,,30,FISICO,25.00,15,65,NAO,RECOMENDACAO,SEM_COMPRA,recomendacao_nao_combinou,3,0.0271
ATD-000448,577,2026-06-23 11:12:00,Quero algo parecido com os livros que costumo ler.,livro_parecido,PROPRIO,Drama,emocional,FISICO,46.57,,43,FISICO,25.45,10,65,SIM,PEDIDO_CONFIRMADO,VENDA_CONCLUIDA,,4,0.0520
ATD-000449,614,2026-06-23 13:03:00,Quero experimentar um gênero novo sem pegar um livro muito difícil.,explorar_novo_genero,PROPRIO,Ficção científica,reflexivo,FISICO,27.82,,46,FISICO,27.60,7,62,NAO,RECOMENDACAO,SEM_COMPRA,recomendacao_nao_combinou,3,0.0532
ATD-000450,651,2026-06-23 14:10:00,"Quero continuar uma saga que comecei, mas não sei qual é o próximo volume.",continuacao_de_saga,PROPRIO,Fantasia,épico,FISICO,28.40,2,2,FISICO,25.00,11,90,SIM,CHECKOUT,SEM_COMPRA,abandono_no_checkout,3,0.0382
ATD-000451,688,2026-06-23 14:58:00,Preciso de um livro para dar de presente e não sei qual escolher.,presente,PRESENTE,Drama,emocional,FISICO,47.12,,6,FISICO,30.20,15,65,NAO,RECOMENDACAO,SEM_COMPRA,recomendacao_nao_combinou,3,0.0188
ATD-000452,725,2026-06-23 15:58:00,"Quero continuar uma saga que comecei, mas não sei qual é o próximo volume.",continuacao_de_saga,PROPRIO,Aventura,inspirador,FISICO,20.31,,29,FISICO,21.95,8,88,NAO,BUSCA,SEM_COMPRA,nao_encontrou_continuacao,1,0.0454
ATD-000453,762,2026-06-23 17:12:00,Preciso de um livro para dar de presente e não sei qual escolher.,presente,PRESENTE,Aventura,aventureiro,FISICO,27.99,,44,FISICO,28.50,17,65,NAO,RECOMENDACAO,SEM_COMPRA,recomendacao_nao_combinou,3,0.0286
ATD-000454,799,2026-06-23 18:47:00,"Quero continuar uma saga que comecei, mas não sei qual é o próximo volume.",continuacao_de_saga,PROPRIO,Romance,emocional,DIGITAL,47.71,,14,DIGITAL,12.40,9999,90,NAO,BUSCA,SEM_COMPRA,nao_encontrou_continuacao,3,0.0259
ATD-000455,836,2026-06-23 19:35:00,Preciso de um livro para dar de presente e não sei qual escolher.,presente,PRESENTE,Romance,nostálgico,FISICO,33.57,,37,FISICO,23.25,16,65,SIM,PEDIDO_CONFIRMADO,VENDA_CONCLUIDA,,5,0.0493
ATD-000456,873,2026-06-23 21:19:00,Quero algo parecido com os livros que costumo ler.,livro_parecido,PROPRIO,Ficção contemporânea,acolhedor,DIGITAL,37.84,,27,DIGITAL,21.95,9999,65,NAO,RECOMENDACAO,SEM_COMPRA,recomendacao_nao_combinou,1,0.0394
ATD-000457,910,2026-06-23 22:16:00,"Quero continuar uma saga que comecei, mas não sei qual é o próximo volume.",continuacao_de_saga,PROPRIO,Ficção científica,reflexivo,FISICO,44.30,48,46,FISICO,27.60,7,87,NAO,BUSCA,SEM_COMPRA,nao_encontrou_continuacao,2,0.0247
ATD-000458,947,2026-06-23 23:23:00,Preciso de um livro para dar de presente e não sei qual escolher.,presente,PRESENTE,Drama,emocional,FISICO,13.36,,10,FISICO,26.30,19,65,NAO,RECOMENDACAO,SEM_COMPRA,preco_acima_do_orcamento,2,0.0230
ATD-000459,984,2026-06-24 00:55:00,Estou procurando um título específico e quero saber se está disponível.,titulo_especifico,PROPRIO,Romance,emocional,DIGITAL,23.77,6,6,DIGITAL,20.20,9999,90,NAO,RECOMENDACAO,SEM_COMPRA,recomendacao_nao_combinou,1,0.0243
ATD-000460,21,2026-06-24 01:24:00,Quero algo parecido com os livros que costumo ler.,livro_parecido,PROPRIO,Mistério,intrigante,DIGITAL,24.82,,24,DIGITAL,19.80,9999,65,SIM,PEDIDO_CONFIRMADO,VENDA_CONCLUIDA,,5,0.0300
ATD-000461,58,2026-06-24 03:02:00,Quero algo parecido com os livros que costumo ler.,livro_parecido,PROPRIO,Mistério,intrigante,FISICO,20.06,,2,FISICO,25.00,11,10,NAO,RECOMENDACAO,SEM_COMPRA,preco_acima_do_orcamento,3,0.0200
ATD-000462,95,2026-06-24 04:27:00,Quero algo parecido com os livros que costumo ler.,livro_parecido,PROPRIO,Romance,emocional,DIGITAL,21.43,,5,DIGITAL,17.15,9999,65,SIM,PEDIDO_CONFIRMADO,VENDA_CONCLUIDA,,5,0.0362
ATD-000463,132,2026-06-24 05:12:00,Estou procurando um título específico e quero saber se está disponível.,titulo_especifico,PROPRIO,Drama,emocional,FISICO,44.56,41,41,FISICO,28.45,20,90,SIM,PEDIDO_CONFIRMADO,VENDA_CONCLUIDA,,4,0.0401
ATD-000464,169,2026-06-24 06:43:00,Quero algo parecido com os livros que costumo ler.,livro_parecido,PROPRIO,Fantasia,esperançoso,FISICO,30.37,,2,FISICO,25.00,11,65,SIM,PEDIDO_CONFIRMADO,VENDA_CONCLUIDA,,5,0.0493
ATD-000465,206,2026-06-24 07:19:00,Preciso de um livro para dar de presente e não sei qual escolher.,presente,PRESENTE,Aventura,inspirador,DIGITAL,29.77,,14,DIGITAL,12.40,9999,65,NAO,RECOMENDACAO,SEM_COMPRA,recomendacao_nao_combinou,3,0.0431
ATD-000466,243,2026-06-24 08:35:00,Quero experimentar um gênero novo sem pegar um livro muito difícil.,explorar_novo_genero,PROPRIO,Aventura,aventureiro,DIGITAL,39.47,,20,DIGITAL,23.70,9999,65,SIM,PEDIDO_CONFIRMADO,VENDA_CONCLUIDA,,5,0.0419
ATD-000467,280,2026-06-24 09:47:00,"Quero continuar uma saga que comecei, mas não sei qual é o próximo volume.",continuacao_de_saga,PROPRIO,Ficção contemporânea,acolhedor,FISICO,38.51,,25,FISICO,25.85,4,84,NAO,BUSCA,SEM_COMPRA,nao_encontrou_continuacao,4,0.0466
ATD-000468,317,2026-06-24 11:15:00,Preciso de um livro para dar de presente e não sei qual escolher.,presente,PRESENTE,Mistério,intrigante,FISICO,22.61,,19,FISICO,30.65,10,65,NAO,RECOMENDACAO,SEM_COMPRA,preco_acima_do_orcamento,3,0.0516
ATD-000469,354,2026-06-24 12:24:00,Preciso de um livro para dar de presente e não sei qual escolher.,presente,PRESENTE,Ficção histórica,melancólico,FISICO,21.31,,25,FISICO,25.85,4,59,NAO,RECOMENDACAO,SEM_COMPRA,preco_acima_do_orcamento,3,0.0157
ATD-000470,391,2026-06-24 13:20:00,"Quero continuar uma saga que comecei, mas não sei qual é o próximo volume.",continuacao_de_saga,PROPRIO,Fantasia,esperançoso,FISICO,28.64,,11,FISICO,29.35,2,82,NAO,BUSCA,SEM_COMPRA,nao_encontrou_continuacao,1,0.0343
ATD-000471,428,2026-06-24 14:51:00,Preciso de um livro para dar de presente e não sei qual escolher.,presente,PRESENTE,Ficção contemporânea,acolhedor,FISICO,20.96,,41,FISICO,28.45,20,65,NAO,RECOMENDACAO,SEM_COMPRA,preco_acima_do_orcamento,3,0.0324
ATD-000472,465,2026-06-24 16:21:00,Quero experimentar um gênero novo sem pegar um livro muito difícil.,explorar_novo_genero,PROPRIO,Ficção contemporânea,acolhedor,FISICO,42.18,,26,FISICO,28.90,11,65,SIM,PEDIDO_CONFIRMADO,VENDA_CONCLUIDA,,5,0.0355
ATD-000473,502,2026-06-24 16:59:00,Preciso de um livro para dar de presente e não sei qual escolher.,presente,PRESENTE,Mistério,intrigante,FISICO,46.37,,37,FISICO,23.25,16,65,NAO,RECOMENDACAO,SEM_COMPRA,recomendacao_nao_combinou,3,0.0225
ATD-000474,539,2026-06-24 18:43:00,Quero algo parecido com os livros que costumo ler.,livro_parecido,PROPRIO,Romance,nostálgico,FISICO,43.03,,6,FISICO,30.20,15,65,SIM,PEDIDO_CONFIRMADO,VENDA_CONCLUIDA,,5,0.0447
ATD-000475,576,2026-06-24 19:38:00,Quero algo parecido com os livros que costumo ler.,livro_parecido,PROPRIO,Drama,emocional,FISICO,17.92,,41,FISICO,28.45,20,65,SIM,PEDIDO_CONFIRMADO,VENDA_CONCLUIDA,,5,0.0288
ATD-000476,613,2026-06-24 20:40:00,Preciso de um livro para dar de presente e não sei qual escolher.,presente,PRESENTE,Ficção histórica,melancólico,DIGITAL,35.66,,10,DIGITAL,16.30,9999,65,NAO,RECOMENDACAO,SEM_COMPRA,recomendacao_nao_combinou,3,0.0268
ATD-000477,650,2026-06-24 21:55:00,"Quero continuar uma saga que comecei, mas não sei qual é o próximo volume.",continuacao_de_saga,PROPRIO,Ficção científica,reflexivo,DIGITAL,24.42,47,45,DIGITAL,14.55,9999,90,SIM,PEDIDO_CONFIRMADO,VENDA_CONCLUIDA,,5,0.0452
ATD-000478,687,2026-06-24 23:06:00,Quero experimentar um gênero novo sem pegar um livro muito difícil.,explorar_novo_genero,PROPRIO,Ficção científica,reflexivo,FISICO,26.85,,47,FISICO,30.65,14,65,NAO,RECOMENDACAO,SEM_COMPRA,preco_acima_do_orcamento,3,0.0219
ATD-000479,724,2026-06-25 00:06:00,Quero algo parecido com os livros que costumo ler.,livro_parecido,PROPRIO,Drama,emocional,DIGITAL,46.72,,44,DIGITAL,18.50,9999,65,SIM,CHECKOUT,SEM_COMPRA,abandono_no_checkout,2,0.0346
ATD-000480,761,2026-06-25 01:06:00,"Quero continuar uma saga que comecei, mas não sei qual é o próximo volume.",continuacao_de_saga,PROPRIO,Aventura,aventureiro,DIGITAL,20.22,,19,DIGITAL,20.65,9999,90,NAO,BUSCA,SEM_COMPRA,nao_encontrou_continuacao,2,0.0179
ATD-000481,798,2026-06-25 02:49:00,"Quero continuar uma saga que comecei, mas não sei qual é o próximo volume.",continuacao_de_saga,PROPRIO,Ficção histórica,melancólico,FISICO,25.83,35,36,FISICO,27.20,9,89,NAO,BUSCA,SEM_COMPRA,nao_encontrou_continuacao,3,0.0437
ATD-000482,835,2026-06-25 03:55:00,Preciso de um livro para dar de presente e não sei qual escolher.,presente,PRESENTE,Ficção histórica,melancólico,DIGITAL,41.32,,10,DIGITAL,16.30,9999,65,NAO,RECOMENDACAO,SEM_COMPRA,recomendacao_nao_combinou,3,0.0434
ATD-000483,872,2026-06-25 05:16:00,Preciso de um livro para dar de presente e não sei qual escolher.,presente,PRESENTE,Mistério,intrigante,DIGITAL,34.67,,1,DIGITAL,11.95,9999,65,NAO,RECOMENDACAO,SEM_COMPRA,recomendacao_nao_combinou,2,0.0142
ATD-000484,909,2026-06-25 06:19:00,Quero experimentar um gênero novo sem pegar um livro muito difícil.,explorar_novo_genero,PROPRIO,Fantasia,esperançoso,FISICO,45.85,,10,FISICO,26.30,19,65,SIM,CHECKOUT,SEM_COMPRA,abandono_no_checkout,3,0.0508
ATD-000485,946,2026-06-25 07:40:00,Quero algo parecido com os livros que costumo ler.,livro_parecido,PROPRIO,Fantasia,esperançoso,DIGITAL,18.89,,1,DIGITAL,11.95,9999,65,NAO,RECOMENDACAO,SEM_COMPRA,apenas_pesquisando,3,0.0265
ATD-000486,983,2026-06-25 08:19:00,Preciso de um livro para dar de presente e não sei qual escolher.,presente,PRESENTE,Ficção científica,reflexivo,DIGITAL,45.60,,23,DIGITAL,16.75,9999,65,NAO,RECOMENDACAO,SEM_COMPRA,recomendacao_nao_combinou,3,0.0372
ATD-000487,20,2026-06-25 09:40:00,Estou procurando um título específico e quero saber se está disponível.,titulo_especifico,PROPRIO,Ficção contemporânea,acolhedor,DIGITAL,44.16,27,27,DIGITAL,21.95,9999,90,SIM,CHECKOUT,SEM_COMPRA,abandono_no_checkout,2,0.0292
ATD-000488,57,2026-06-25 10:32:00,Estou procurando um título específico e quero saber se está disponível.,titulo_especifico,PROPRIO,Fantasia,épico,FISICO,14.15,39,39,FISICO,29.35,6,90,NAO,RECOMENDACAO,SEM_COMPRA,recomendacao_nao_combinou,3,0.0217
ATD-000489,94,2026-06-25 12:14:00,"Quero continuar uma saga que comecei, mas não sei qual é o próximo volume.",continuacao_de_saga,PROPRIO,Ficção histórica,melancólico,DIGITAL,42.04,36,36,DIGITAL,17.20,9999,90,SIM,PEDIDO_CONFIRMADO,VENDA_CONCLUIDA,,5,0.0143
ATD-000490,131,2026-06-25 12:56:00,Quero algo parecido com os livros que costumo ler.,livro_parecido,PROPRIO,Fantasia,épico,FISICO,44.41,,9,FISICO,23.25,12,65,NAO,RECOMENDACAO,SEM_COMPRA,apenas_pesquisando,3,0.0308
ATD-000491,168,2026-06-25 14:43:00,Quero algo parecido com os livros que costumo ler.,livro_parecido,PROPRIO,Ficção contemporânea,acolhedor,DIGITAL,41.13,,27,DIGITAL,21.95,9999,65,NAO,RECOMENDACAO,SEM_COMPRA,apenas_pesquisando,4,0.0384
ATD-000492,205,2026-06-25 15:43:00,Preciso de um livro para dar de presente e não sei qual escolher.,presente,PRESENTE,Ficção histórica,melancólico,DIGITAL,36.33,,42,DIGITAL,12.40,9999,65,NAO,RECOMENDACAO,SEM_COMPRA,recomendacao_nao_combinou,3,0.0429
ATD-000493,242,2026-06-25 17:01:00,Estou procurando um título específico e quero saber se está disponível.,titulo_especifico,PROPRIO,Aventura,inspirador,FISICO,32.51,32,32,FISICO,31.10,5,90,SIM,PEDIDO_CONFIRMADO,VENDA_CONCLUIDA,,5,0.0332
ATD-000494,279,2026-06-25 18:18:00,Preciso de um livro para dar de presente e não sei qual escolher.,presente,PRESENTE,Ficção contemporânea,acolhedor,FISICO,13.73,,9,FISICO,23.25,12,65,NAO,RECOMENDACAO,SEM_COMPRA,preco_acima_do_orcamento,2,0.0528
ATD-000495,316,2026-06-25 19:30:00,Quero algo parecido com os livros que costumo ler.,livro_parecido,PROPRIO,Ficção científica,reflexivo,DIGITAL,14.02,,45,DIGITAL,14.55,9999,65,NAO,RECOMENDACAO,SEM_COMPRA,preco_acima_do_orcamento,4,0.0413
ATD-000496,353,2026-06-25 19:56:00,Quero algo parecido com os livros que costumo ler.,livro_parecido,PROPRIO,Fantasia,épico,FISICO,12.33,,3,FISICO,28.05,18,65,NAO,RECOMENDACAO,SEM_COMPRA,preco_acima_do_orcamento,3,0.0200
ATD-000497,390,2026-06-25 21:10:00,Estou procurando um título específico e quero saber se está disponível.,titulo_especifico,PROPRIO,Fantasia,esperançoso,DIGITAL,37.36,4,4,DIGITAL,21.10,9999,90,NAO,RECOMENDACAO,SEM_COMPRA,recomendacao_nao_combinou,2,0.0202
ATD-000498,427,2026-06-25 22:58:00,Quero algo parecido com os livros que costumo ler.,livro_parecido,PROPRIO,Mistério,intrigante,DIGITAL,30.25,,21,DIGITAL,10.65,9999,65,SIM,CHECKOUT,SEM_COMPRA,abandono_no_checkout,4,0.0449
ATD-000499,464,2026-06-25 23:30:00,"Quero continuar uma saga que comecei, mas não sei qual é o próximo volume.",continuacao_de_saga,PROPRIO,Aventura,aventureiro,DIGITAL,19.46,19,17,DIGITAL,14.55,9999,90,SIM,PEDIDO_CONFIRMADO,VENDA_CONCLUIDA,,4,0.0206
ATD-000500,501,2026-06-26 01:24:00,Quero experimentar um gênero novo sem pegar um livro muito difícil.,explorar_novo_genero,PROPRIO,Ficção científica,reflexivo,DIGITAL,22.46,,46,DIGITAL,17.60,9999,65,NAO,RECOMENDACAO,SEM_COMPRA,recomendacao_nao_combinou,3,0.0494
ATD-000501,538,2026-06-26 02:16:00,"Quero continuar uma saga que comecei, mas não sei qual é o próximo volume.",continuacao_de_saga,PROPRIO,Fantasia,épico,FISICO,31.20,,37,FISICO,23.25,16,90,NAO,BUSCA,SEM_COMPRA,nao_encontrou_continuacao,4,0.0242
ATD-000502,575,2026-06-26 03:43:00,"Quero continuar uma saga que comecei, mas não sei qual é o próximo volume.",continuacao_de_saga,PROPRIO,Ficção histórica,melancólico,DIGITAL,12.84,36,36,DIGITAL,17.20,9999,90,NAO,RECOMENDACAO,SEM_COMPRA,preco_acima_do_orcamento,3,0.0130
ATD-000503,612,2026-06-26 04:35:00,"Quero continuar uma saga que comecei, mas não sei qual é o próximo volume.",continuacao_de_saga,PROPRIO,Ficção científica,reflexivo,FISICO,22.84,47,47,FISICO,30.65,14,90,NAO,RECOMENDACAO,SEM_COMPRA,preco_acima_do_orcamento,3,0.0483
ATD-000504,649,2026-06-26 05:48:00,Estou procurando um título específico e quero saber se está disponível.,titulo_especifico,PROPRIO,Ficção histórica,melancólico,DIGITAL,41.88,36,36,DIGITAL,17.20,9999,90,SIM,PEDIDO_CONFIRMADO,VENDA_CONCLUIDA,,5,0.0279
ATD-000505,686,2026-06-26 06:43:00,"Quero continuar uma saga que comecei, mas não sei qual é o próximo volume.",continuacao_de_saga,PROPRIO,Fantasia,épico,DIGITAL,35.56,39,39,DIGITAL,19.35,9999,90,SIM,PEDIDO_CONFIRMADO,VENDA_CONCLUIDA,,5,0.0258
ATD-000506,723,2026-06-26 08:28:00,"Quero continuar uma saga que comecei, mas não sei qual é o próximo volume.",continuacao_de_saga,PROPRIO,Romance,nostálgico,DIGITAL,16.59,,7,DIGITAL,14.15,9999,90,NAO,BUSCA,SEM_COMPRA,nao_encontrou_continuacao,3,0.0313
ATD-000507,760,2026-06-26 09:16:00,Quero experimentar um gênero novo sem pegar um livro muito difícil.,explorar_novo_genero,PROPRIO,Romance,nostálgico,DIGITAL,19.50,,6,DIGITAL,20.20,9999,65,NAO,RECOMENDACAO,SEM_COMPRA,preco_acima_do_orcamento,4,0.0377
ATD-000508,797,2026-06-26 10:37:00,Quero experimentar um gênero novo sem pegar um livro muito difícil.,explorar_novo_genero,PROPRIO,Drama,emocional,DIGITAL,19.73,,42,DIGITAL,12.40,9999,65,NAO,RECOMENDACAO,SEM_COMPRA,recomendacao_nao_combinou,3,0.0181
ATD-000509,834,2026-06-26 11:41:00,"Quero continuar uma saga que comecei, mas não sei qual é o próximo volume.",continuacao_de_saga,PROPRIO,Ficção contemporânea,acolhedor,DIGITAL,15.82,28,25,DIGITAL,15.85,9999,90,NAO,BUSCA,SEM_COMPRA,nao_encontrou_continuacao,3,0.0489
ATD-000510,871,2026-06-26 12:46:00,Quero experimentar um gênero novo sem pegar um livro muito difícil.,explorar_novo_genero,PROPRIO,Ficção contemporânea,acolhedor,FISICO,23.65,,25,FISICO,25.85,4,59,NAO,RECOMENDACAO,SEM_COMPRA,preco_acima_do_orcamento,1,0.0424
ATD-000511,908,2026-06-26 14:28:00,Estou procurando um título específico e quero saber se está disponível.,titulo_especifico,PROPRIO,Ficção contemporânea,acolhedor,DIGITAL,31.42,25,25,DIGITAL,15.85,9999,90,SIM,PEDIDO_CONFIRMADO,VENDA_CONCLUIDA,,4,0.0254
ATD-000512,945,2026-06-26 15:12:00,Quero algo parecido com os livros que costumo ler.,livro_parecido,PROPRIO,Fantasia,esperançoso,FISICO,31.86,,3,FISICO,28.05,18,65,SIM,PEDIDO_CONFIRMADO,VENDA_CONCLUIDA,,5,0.0485
ATD-000513,982,2026-06-26 16:32:00,Preciso de um livro para dar de presente e não sei qual escolher.,presente,PRESENTE,Mistério,intrigante,DIGITAL,40.02,,7,DIGITAL,14.15,9999,65,SIM,CHECKOUT,SEM_COMPRA,abandono_no_checkout,2,0.0353
ATD-000514,19,2026-06-26 17:28:00,"Quero continuar uma saga que comecei, mas não sei qual é o próximo volume.",continuacao_de_saga,PROPRIO,Drama,emocional,FISICO,21.81,44,44,FISICO,28.50,17,90,SIM,PEDIDO_CONFIRMADO,VENDA_CONCLUIDA,,4,0.0541
ATD-000515,56,2026-06-26 18:33:00,Preciso de um livro para dar de presente e não sei qual escolher.,presente,PRESENTE,Romance,emocional,DIGITAL,23.66,,19,DIGITAL,20.65,9999,65,NAO,RECOMENDACAO,SEM_COMPRA,recomendacao_nao_combinou,3,0.0333
ATD-000516,93,2026-06-26 20:00:00,"Quero continuar uma saga que comecei, mas não sei qual é o próximo volume.",continuacao_de_saga,PROPRIO,Drama,emocional,FISICO,39.17,,42,FISICO,22.40,3,83,NAO,BUSCA,SEM_COMPRA,nao_encontrou_continuacao,4,0.0392
ATD-000517,130,2026-06-26 21:15:00,Quero algo parecido com os livros que costumo ler.,livro_parecido,PROPRIO,Ficção científica,reflexivo,DIGITAL,25.81,,45,DIGITAL,14.55,9999,65,NAO,RECOMENDACAO,SEM_COMPRA,apenas_pesquisando,4,0.0365
ATD-000518,167,2026-06-26 22:44:00,Estou procurando um título específico e quero saber se está disponível.,titulo_especifico,PROPRIO,Fantasia,épico,DIGITAL,32.60,40,40,DIGITAL,22.40,9999,90,NAO,RECOMENDACAO,SEM_COMPRA,recomendacao_nao_combinou,3,0.0152
ATD-000519,204,2026-06-26 23:19:00,Estou procurando um título específico e quero saber se está disponível.,titulo_especifico,PROPRIO,Aventura,inspirador,FISICO,25.55,29,29,FISICO,21.95,8,90,SIM,PEDIDO_CONFIRMADO,VENDA_CONCLUIDA,,5,0.0152
ATD-000520,241,2026-06-27 00:58:00,"Quero continuar uma saga que comecei, mas não sei qual é o próximo volume.",continuacao_de_saga,PROPRIO,Fantasia,esperançoso,DIGITAL,13.58,12,12,DIGITAL,22.40,9999,90,SIM,PEDIDO_CONFIRMADO,VENDA_CONCLUIDA,,4,0.0182
ATD-000521,278,2026-06-27 02:10:00,Preciso de um livro para dar de presente e não sei qual escolher.,presente,PRESENTE,Ficção contemporânea,acolhedor,FISICO,44.21,,17,FISICO,24.55,20,65,NAO,RECOMENDACAO,SEM_COMPRA,recomendacao_nao_combinou,2,0.0211
ATD-000522,315,2026-06-27 03:08:00,Estou procurando um título específico e quero saber se está disponível.,titulo_especifico,PROPRIO,Ficção científica,reflexivo,FISICO,40.56,48,16,FISICO,28.50,13,10,NAO,BUSCA,SEM_COMPRA,livro_procurado_sem_estoque,3,0.0323
ATD-000523,352,2026-06-27 04:08:00,Preciso de um livro para dar de presente e não sei qual escolher.,presente,PRESENTE,Ficção contemporânea,acolhedor,DIGITAL,45.32,,43,DIGITAL,15.45,9999,65,NAO,RECOMENDACAO,SEM_COMPRA,recomendacao_nao_combinou,2,0.0461
ATD-000524,389,2026-06-27 05:22:00,"Quero continuar uma saga que comecei, mas não sei qual é o próximo volume.",continuacao_de_saga,PROPRIO,Ficção contemporânea,acolhedor,DIGITAL,25.74,27,27,DIGITAL,21.95,9999,90,SIM,PEDIDO_CONFIRMADO,VENDA_CONCLUIDA,,5,0.0271
ATD-000525,426,2026-06-27 06:27:00,Quero algo parecido com os livros que costumo ler.,livro_parecido,PROPRIO,Aventura,aventureiro,FISICO,28.98,,20,FISICO,33.70,17,65,NAO,RECOMENDACAO,SEM_COMPRA,preco_acima_do_orcamento,3,0.0203
ATD-000526,463,2026-06-27 07:28:00,Quero experimentar um gênero novo sem pegar um livro muito difícil.,explorar_novo_genero,PROPRIO,Ficção histórica,melancólico,DIGITAL,44.98,,34,DIGITAL,20.20,9999,65,SIM,PEDIDO_CONFIRMADO,VENDA_CONCLUIDA,,5,0.0562
ATD-000527,500,2026-06-27 09:03:00,Quero algo parecido com os livros que costumo ler.,livro_parecido,PROPRIO,Fantasia,épico,DIGITAL,28.10,,3,DIGITAL,18.05,9999,65,SIM,PEDIDO_CONFIRMADO,VENDA_CONCLUIDA,,5,0.0318
ATD-000528,537,2026-06-27 09:55:00,Quero experimentar um gênero novo sem pegar um livro muito difícil.,explorar_novo_genero,PROPRIO,Ficção contemporânea,acolhedor,FISICO,24.50,,27,FISICO,31.95,18,65,NAO,RECOMENDACAO,SEM_COMPRA,preco_acima_do_orcamento,3,0.0495
ATD-000529,574,2026-06-27 11:41:00,Quero algo parecido com os livros que costumo ler.,livro_parecido,PROPRIO,Ficção histórica,melancólico,FISICO,34.84,,33,FISICO,27.15,12,65,SIM,CHECKOUT,SEM_COMPRA,abandono_no_checkout,3,0.0466
ATD-000530,611,2026-06-27 12:47:00,"Quero continuar uma saga que comecei, mas não sei qual é o próximo volume.",continuacao_de_saga,PROPRIO,Ficção científica,reflexivo,DIGITAL,17.81,47,47,DIGITAL,20.65,9999,90,NAO,RECOMENDACAO,SEM_COMPRA,preco_acima_do_orcamento,2,0.0289
ATD-000531,648,2026-06-27 13:22:00,Estou procurando um título específico e quero saber se está disponível.,titulo_especifico,PROPRIO,Drama,emocional,FISICO,38.49,44,44,FISICO,28.50,17,90,SIM,PEDIDO_CONFIRMADO,VENDA_CONCLUIDA,,5,0.0315
ATD-000532,685,2026-06-27 15:02:00,"Quero continuar uma saga que comecei, mas não sei qual é o próximo volume.",continuacao_de_saga,PROPRIO,Drama,emocional,DIGITAL,23.28,44,44,DIGITAL,18.50,9999,90,SIM,PEDIDO_CONFIRMADO,VENDA_CONCLUIDA,,4,0.0229
ATD-000533,722,2026-06-27 15:50:00,Preciso de um livro para dar de presente e não sei qual escolher.,presente,PRESENTE,Fantasia,esperançoso,DIGITAL,38.76,,18,DIGITAL,17.60,9999,65,NAO,RECOMENDACAO,SEM_COMPRA,recomendacao_nao_combinou,3,0.0466
ATD-000534,759,2026-06-27 17:13:00,Preciso de um livro para dar de presente e não sei qual escolher.,presente,PRESENTE,Aventura,aventureiro,DIGITAL,43.42,,4,DIGITAL,21.10,9999,65,NAO,RECOMENDACAO,SEM_COMPRA,recomendacao_nao_combinou,2,0.0409
ATD-000535,796,2026-06-27 18:15:00,Preciso de um livro para dar de presente e não sei qual escolher.,presente,PRESENTE,Mistério,intrigante,DIGITAL,27.44,,22,DIGITAL,13.70,9999,65,SIM,PEDIDO_CONFIRMADO,VENDA_CONCLUIDA,,4,0.0455
ATD-000536,833,2026-06-27 19:49:00,Preciso de um livro para dar de presente e não sei qual escolher.,presente,PRESENTE,Ficção histórica,melancólico,FISICO,47.38,,30,FISICO,25.00,15,65,SIM,PEDIDO_CONFIRMADO,VENDA_CONCLUIDA,,4,0.0298
ATD-000537,870,2026-06-27 21:06:00,Quero experimentar um gênero novo sem pegar um livro muito difícil.,explorar_novo_genero,PROPRIO,Ficção científica,reflexivo,FISICO,15.88,,47,FISICO,30.65,14,65,SIM,PEDIDO_CONFIRMADO,VENDA_CONCLUIDA,,5,0.0165
ATD-000538,907,2026-06-27 21:48:00,Preciso de um livro para dar de presente e não sei qual escolher.,presente,PRESENTE,Aventura,inspirador,FISICO,21.55,,3,FISICO,28.05,18,65,NAO,RECOMENDACAO,SEM_COMPRA,preco_acima_do_orcamento,3,0.0560
ATD-000539,944,2026-06-27 22:56:00,Estou procurando um título específico e quero saber se está disponível.,titulo_especifico,PROPRIO,Aventura,aventureiro,FISICO,40.37,32,32,FISICO,31.10,5,90,NAO,RECOMENDACAO,SEM_COMPRA,recomendacao_nao_combinou,2,0.0438
ATD-000540,981,2026-06-28 00:19:00,Estou procurando um título específico e quero saber se está disponível.,titulo_especifico,PROPRIO,Ficção contemporânea,acolhedor,DIGITAL,41.28,27,27,DIGITAL,21.95,9999,90,SIM,PEDIDO_CONFIRMADO,VENDA_CONCLUIDA,,5,0.0201
ATD-000541,18,2026-06-28 01:15:00,Estou procurando um título específico e quero saber se está disponível.,titulo_especifico,PROPRIO,Drama,emocional,DIGITAL,18.67,42,42,DIGITAL,12.40,9999,90,SIM,PEDIDO_CONFIRMADO,VENDA_CONCLUIDA,,5,0.0345
ATD-000542,55,2026-06-28 02:29:00,"Quero continuar uma saga que comecei, mas não sei qual é o próximo volume.",continuacao_de_saga,PROPRIO,Fantasia,épico,FISICO,19.75,38,40,FISICO,32.40,13,90,NAO,BUSCA,SEM_COMPRA,nao_encontrou_continuacao,4,0.0184
ATD-000543,92,2026-06-28 03:49:00,"Quero continuar uma saga que comecei, mas não sei qual é o próximo volume.",continuacao_de_saga,PROPRIO,Fantasia,épico,FISICO,47.01,,39,FISICO,29.35,6,86,SIM,PEDIDO_CONFIRMADO,VENDA_CONCLUIDA,,4,0.0176
ATD-000544,129,2026-06-28 04:50:00,"Quero continuar uma saga que comecei, mas não sei qual é o próximo volume.",continuacao_de_saga,PROPRIO,Drama,emocional,FISICO,30.26,44,44,FISICO,28.50,17,90,SIM,PEDIDO_CONFIRMADO,VENDA_CONCLUIDA,,5,0.0510
ATD-000545,166,2026-06-28 06:30:00,Quero experimentar um gênero novo sem pegar um livro muito difícil.,explorar_novo_genero,PROPRIO,Romance,emocional,FISICO,28.21,,6,FISICO,30.20,15,65,NAO,RECOMENDACAO,SEM_COMPRA,preco_acima_do_orcamento,3,0.0554
ATD-000546,203,2026-06-28 07:10:00,Estou procurando um título específico e quero saber se está disponível.,titulo_especifico,PROPRIO,Mistério,intrigante,DIGITAL,43.98,21,21,DIGITAL,10.65,9999,90,SIM,PEDIDO_CONFIRMADO,VENDA_CONCLUIDA,,5,0.0295
ATD-000547,240,2026-06-28 08:19:00,Estou procurando um título específico e quero saber se está disponível.,titulo_especifico,PROPRIO,Aventura,inspirador,FISICO,21.93,17,17,FISICO,24.55,20,90,NAO,RECOMENDACAO,SEM_COMPRA,preco_acima_do_orcamento,3,0.0416
ATD-000548,277,2026-06-28 09:50:00,"Quero continuar uma saga que comecei, mas não sei qual é o próximo volume.",continuacao_de_saga,PROPRIO,Aventura,aventureiro,DIGITAL,45.37,20,20,DIGITAL,23.70,9999,90,SIM,PEDIDO_CONFIRMADO,VENDA_CONCLUIDA,,4,0.0462
ATD-000549,314,2026-06-28 11:06:00,Estou procurando um título específico e quero saber se está disponível.,titulo_especifico,PROPRIO,Mistério,intrigante,FISICO,42.45,22,22,FISICO,23.70,7,90,SIM,PEDIDO_CONFIRMADO,VENDA_CONCLUIDA,,4,0.0318
ATD-000550,351,2026-06-28 12:24:00,Estou procurando um título específico e quero saber se está disponível.,titulo_especifico,PROPRIO,Aventura,aventureiro,FISICO,43.91,29,29,FISICO,21.95,8,90,SIM,PEDIDO_CONFIRMADO,VENDA_CONCLUIDA,,4,0.0150
ATD-000551,388,2026-06-28 13:02:00,Preciso de um livro para dar de presente e não sei qual escolher.,presente,PRESENTE,Fantasia,esperançoso,DIGITAL,32.14,,1,DIGITAL,11.95,9999,65,SIM,CHECKOUT,SEM_COMPRA,abandono_no_checkout,3,0.0173
ATD-000552,425,2026-06-28 14:54:00,Quero algo parecido com os livros que costumo ler.,livro_parecido,PROPRIO,Fantasia,esperançoso,FISICO,37.89,,3,FISICO,28.05,18,65,SIM,CHECKOUT,SEM_COMPRA,abandono_no_checkout,3,0.0338
ATD-000553,462,2026-06-28 15:58:00,"Quero continuar uma saga que comecei, mas não sei qual é o próximo volume.",continuacao_de_saga,PROPRIO,Fantasia,épico,FISICO,44.15,,1,FISICO,21.95,4,84,NAO,RECOMENDACAO,SEM_COMPRA,apenas_pesquisando,3,0.0437
ATD-000554,499,2026-06-28 16:56:00,Preciso de um livro para dar de presente e não sei qual escolher.,presente,PRESENTE,Romance,nostálgico,DIGITAL,22.53,,41,DIGITAL,18.45,9999,65,NAO,RECOMENDACAO,SEM_COMPRA,recomendacao_nao_combinou,3,0.0424
ATD-000555,536,2026-06-28 18:08:00,"Quero continuar uma saga que comecei, mas não sei qual é o próximo volume.",continuacao_de_saga,PROPRIO,Mistério,intrigante,DIGITAL,21.07,23,23,DIGITAL,16.75,9999,90,SIM,PEDIDO_CONFIRMADO,VENDA_CONCLUIDA,,5,0.0363
ATD-000556,573,2026-06-28 19:44:00,"Quero continuar uma saga que comecei, mas não sei qual é o próximo volume.",continuacao_de_saga,PROPRIO,Romance,emocional,DIGITAL,43.43,16,16,DIGITAL,18.50,9999,90,SIM,PEDIDO_CONFIRMADO,VENDA_CONCLUIDA,,5,0.0174
ATD-000557,610,2026-06-28 20:33:00,"Quero continuar uma saga que comecei, mas não sei qual é o próximo volume.",continuacao_de_saga,PROPRIO,Ficção histórica,melancólico,FISICO,41.84,34,34,FISICO,30.20,19,90,SIM,PEDIDO_CONFIRMADO,VENDA_CONCLUIDA,,5,0.0452
ATD-000558,647,2026-06-28 21:39:00,Preciso de um livro para dar de presente e não sei qual escolher.,presente,PRESENTE,Ficção contemporânea,acolhedor,DIGITAL,35.70,,30,DIGITAL,15.00,9999,65,SIM,PEDIDO_CONFIRMADO,VENDA_CONCLUIDA,,4,0.0246
ATD-000559,684,2026-06-28 22:37:00,"Quero continuar uma saga que comecei, mas não sei qual é o próximo volume.",continuacao_de_saga,PROPRIO,Fantasia,épico,DIGITAL,19.30,,1,DIGITAL,11.95,9999,90,NAO,BUSCA,SEM_COMPRA,nao_encontrou_continuacao,3,0.0257
ATD-000560,721,2026-06-28 23:56:00,Preciso de um livro para dar de presente e não sei qual escolher.,presente,PRESENTE,Romance,nostálgico,DIGITAL,36.95,,1,DIGITAL,11.95,9999,65,SIM,PEDIDO_CONFIRMADO,VENDA_CONCLUIDA,,5,0.0311
ATD-000561,758,2026-06-29 01:34:00,Preciso de um livro para dar de presente e não sei qual escolher.,presente,PRESENTE,Ficção histórica,melancólico,FISICO,39.22,,20,FISICO,33.70,17,65,SIM,PEDIDO_CONFIRMADO,VENDA_CONCLUIDA,,5,0.0236
ATD-000562,795,2026-06-29 02:24:00,"Quero continuar uma saga que comecei, mas não sei qual é o próximo volume.",continuacao_de_saga,PROPRIO,Fantasia,épico,DIGITAL,38.92,4,4,DIGITAL,21.10,9999,90,SIM,PEDIDO_CONFIRMADO,VENDA_CONCLUIDA,,5,0.0271
ATD-000563,832,2026-06-29 03:42:00,Estou procurando um título específico e quero saber se está disponível.,titulo_especifico,PROPRIO,Romance,emocional,DIGITAL,16.81,15,15,DIGITAL,15.45,9999,90,SIM,PEDIDO_CONFIRMADO,VENDA_CONCLUIDA,,4,0.0285
ATD-000564,869,2026-06-29 05:10:00,"Quero continuar uma saga que comecei, mas não sei qual é o próximo volume.",continuacao_de_saga,PROPRIO,Aventura,aventureiro,FISICO,14.96,18,18,FISICO,27.60,3,90,NAO,RECOMENDACAO,SEM_COMPRA,preco_acima_do_orcamento,3,0.0393
ATD-000565,906,2026-06-29 06:25:00,Quero algo parecido com os livros que costumo ler.,livro_parecido,PROPRIO,Aventura,aventureiro,DIGITAL,36.49,,18,DIGITAL,17.60,9999,65,SIM,PEDIDO_CONFIRMADO,VENDA_CONCLUIDA,,5,0.0424
ATD-000566,943,2026-06-29 07:20:00,"Quero continuar uma saga que comecei, mas não sei qual é o próximo volume.",continuacao_de_saga,PROPRIO,Ficção contemporânea,acolhedor,FISICO,38.26,26,27,FISICO,31.95,18,90,NAO,BUSCA,SEM_COMPRA,nao_encontrou_continuacao,2,0.0361
ATD-000567,980,2026-06-29 08:10:00,Preciso de um livro para dar de presente e não sei qual escolher.,presente,PRESENTE,Ficção histórica,melancólico,DIGITAL,30.90,,5,DIGITAL,17.15,9999,65,NAO,RECOMENDACAO,SEM_COMPRA,recomendacao_nao_combinou,4,0.0462
ATD-000568,17,2026-06-29 09:27:00,"Quero continuar uma saga que comecei, mas não sei qual é o próximo volume.",continuacao_de_saga,PROPRIO,Fantasia,épico,FISICO,47.68,,37,FISICO,23.25,16,90,NAO,BUSCA,SEM_COMPRA,nao_encontrou_continuacao,2,0.0212
ATD-000569,54,2026-06-29 10:49:00,Quero algo parecido com os livros que costumo ler.,livro_parecido,PROPRIO,Aventura,inspirador,FISICO,27.81,,17,FISICO,24.55,20,65,NAO,RECOMENDACAO,SEM_COMPRA,recomendacao_nao_combinou,2,0.0485
ATD-000570,91,2026-06-29 11:44:00,Preciso de um livro para dar de presente e não sei qual escolher.,presente,PRESENTE,Ficção histórica,melancólico,DIGITAL,24.84,,34,DIGITAL,20.20,9999,65,NAO,RECOMENDACAO,SEM_COMPRA,recomendacao_nao_combinou,3,0.0196
ATD-000571,128,2026-06-29 12:52:00,Estou procurando um título específico e quero saber se está disponível.,titulo_especifico,PROPRIO,Fantasia,épico,DIGITAL,46.19,11,11,DIGITAL,19.35,9999,90,SIM,CHECKOUT,SEM_COMPRA,abandono_no_checkout,3,0.0246
ATD-000572,165,2026-06-29 14:28:00,Quero algo parecido com os livros que costumo ler.,livro_parecido,PROPRIO,Drama,emocional,DIGITAL,19.42,,43,DIGITAL,15.45,9999,65,SIM,PEDIDO_CONFIRMADO,VENDA_CONCLUIDA,,4,0.0262
ATD-000573,202,2026-06-29 15:29:00,"Quero continuar uma saga que comecei, mas não sei qual é o próximo volume.",continuacao_de_saga,PROPRIO,Fantasia,esperançoso,FISICO,16.92,12,12,FISICO,32.40,9,90,NAO,RECOMENDACAO,SEM_COMPRA,preco_acima_do_orcamento,2,0.0153
ATD-000574,239,2026-06-29 16:23:00,Estou procurando um título específico e quero saber se está disponível.,titulo_especifico,PROPRIO,Aventura,aventureiro,DIGITAL,28.79,32,32,DIGITAL,21.10,9999,90,SIM,PEDIDO_CONFIRMADO,VENDA_CONCLUIDA,,4,0.0152
ATD-000575,276,2026-06-29 17:51:00,"Quero continuar uma saga que comecei, mas não sei qual é o próximo volume.",continuacao_de_saga,PROPRIO,Aventura,aventureiro,DIGITAL,14.43,,18,DIGITAL,17.60,9999,90,NAO,RECOMENDACAO,SEM_COMPRA,preco_acima_do_orcamento,1,0.0183
ATD-000576,313,2026-06-29 18:45:00,Quero algo parecido com os livros que costumo ler.,livro_parecido,PROPRIO,Aventura,inspirador,FISICO,19.80,,17,FISICO,24.55,20,65,SIM,PEDIDO_CONFIRMADO,VENDA_CONCLUIDA,,5,0.0231
ATD-000577,350,2026-06-29 19:59:00,Quero algo parecido com os livros que costumo ler.,livro_parecido,PROPRIO,Drama,emocional,FISICO,15.76,,42,FISICO,22.40,3,58,NAO,RECOMENDACAO,SEM_COMPRA,preco_acima_do_orcamento,3,0.0299
ATD-000578,387,2026-06-29 21:12:00,Preciso de um livro para dar de presente e não sei qual escolher.,presente,PRESENTE,Drama,emocional,DIGITAL,23.70,,3,DIGITAL,18.05,9999,65,NAO,RECOMENDACAO,SEM_COMPRA,recomendacao_nao_combinou,3,0.0474
ATD-000579,424,2026-06-29 22:29:00,Estou procurando um título específico e quero saber se está disponível.,titulo_especifico,PROPRIO,Drama,emocional,FISICO,44.39,42,42,FISICO,22.40,3,90,SIM,CHECKOUT,SEM_COMPRA,abandono_no_checkout,4,0.0567
ATD-000580,461,2026-06-29 23:31:00,Estou procurando um título específico e quero saber se está disponível.,titulo_especifico,PROPRIO,Romance,nostálgico,DIGITAL,26.21,15,15,DIGITAL,15.45,9999,90,NAO,RECOMENDACAO,SEM_COMPRA,recomendacao_nao_combinou,4,0.0568
ATD-000581,498,2026-06-30 00:32:00,"Quero continuar uma saga que comecei, mas não sei qual é o próximo volume.",continuacao_de_saga,PROPRIO,Romance,emocional,DIGITAL,23.21,16,16,DIGITAL,18.50,9999,90,SIM,PEDIDO_CONFIRMADO,VENDA_CONCLUIDA,,4,0.0326
ATD-000582,535,2026-06-30 01:58:00,"Quero continuar uma saga que comecei, mas não sei qual é o próximo volume.",continuacao_de_saga,PROPRIO,Romance,nostálgico,DIGITAL,34.56,8,8,DIGITAL,17.20,9999,90,NAO,RECOMENDACAO,SEM_COMPRA,apenas_pesquisando,1,0.0297
ATD-000583,572,2026-06-30 03:17:00,Quero algo parecido com os livros que costumo ler.,livro_parecido,PROPRIO,Fantasia,esperançoso,FISICO,19.21,,3,FISICO,28.05,18,65,NAO,RECOMENDACAO,SEM_COMPRA,preco_acima_do_orcamento,4,0.0461
ATD-000584,609,2026-06-30 04:24:00,Quero experimentar um gênero novo sem pegar um livro muito difícil.,explorar_novo_genero,PROPRIO,Aventura,inspirador,DIGITAL,36.26,,18,DIGITAL,17.60,9999,65,NAO,RECOMENDACAO,SEM_COMPRA,recomendacao_nao_combinou,3,0.0517
ATD-000585,646,2026-06-30 06:01:00,"Quero continuar uma saga que comecei, mas não sei qual é o próximo volume.",continuacao_de_saga,PROPRIO,Mistério,intrigante,FISICO,35.53,23,23,FISICO,26.75,14,90,NAO,RECOMENDACAO,SEM_COMPRA,apenas_pesquisando,3,0.0434
ATD-000586,683,2026-06-30 06:57:00,Estou procurando um título específico e quero saber se está disponível.,titulo_especifico,PROPRIO,Romance,nostálgico,FISICO,30.61,16,16,FISICO,28.50,13,90,SIM,PEDIDO_CONFIRMADO,VENDA_CONCLUIDA,,4,0.0541
ATD-000587,720,2026-06-30 08:08:00,"Quero continuar uma saga que comecei, mas não sei qual é o próximo volume.",continuacao_de_saga,PROPRIO,Ficção científica,reflexivo,DIGITAL,13.63,46,46,DIGITAL,17.60,9999,90,NAO,RECOMENDACAO,SEM_COMPRA,preco_acima_do_orcamento,4,0.0488
ATD-000588,757,2026-06-30 09:18:00,"Quero continuar uma saga que comecei, mas não sei qual é o próximo volume.",continuacao_de_saga,PROPRIO,Fantasia,épico,DIGITAL,27.84,,3,DIGITAL,18.05,9999,90,NAO,BUSCA,SEM_COMPRA,nao_encontrou_continuacao,3,0.0228
ATD-000589,794,2026-06-30 10:02:00,Quero experimentar um gênero novo sem pegar um livro muito difícil.,explorar_novo_genero,PROPRIO,Drama,emocional,DIGITAL,42.21,,42,DIGITAL,12.40,9999,65,SIM,PEDIDO_CONFIRMADO,VENDA_CONCLUIDA,,5,0.0236
ATD-000590,831,2026-06-30 11:52:00,Preciso de um livro para dar de presente e não sei qual escolher.,presente,PRESENTE,Fantasia,esperançoso,DIGITAL,17.50,,21,DIGITAL,10.65,9999,65,NAO,RECOMENDACAO,SEM_COMPRA,recomendacao_nao_combinou,3,0.0242
ATD-000591,868,2026-06-30 12:21:00,Preciso de um livro para dar de presente e não sei qual escolher.,presente,PRESENTE,Mistério,intrigante,DIGITAL,39.17,,1,DIGITAL,11.95,9999,65,NAO,RECOMENDACAO,SEM_COMPRA,recomendacao_nao_combinou,3,0.0372
ATD-000592,905,2026-06-30 13:39:00,Preciso de um livro para dar de presente e não sei qual escolher.,presente,PRESENTE,Fantasia,épico,FISICO,47.95,,2,FISICO,25.00,11,65,SIM,PEDIDO_CONFIRMADO,VENDA_CONCLUIDA,,4,0.0417
ATD-000593,942,2026-06-30 15:05:00,Quero algo parecido com os livros que costumo ler.,livro_parecido,PROPRIO,Ficção histórica,melancólico,DIGITAL,12.80,,34,DIGITAL,20.20,9999,65,NAO,RECOMENDACAO,SEM_COMPRA,preco_acima_do_orcamento,3,0.0241
ATD-000594,979,2026-06-30 16:22:00,Quero experimentar um gênero novo sem pegar um livro muito difícil.,explorar_novo_genero,PROPRIO,Ficção histórica,melancólico,FISICO,20.06,,35,FISICO,24.15,2,57,NAO,RECOMENDACAO,SEM_COMPRA,preco_acima_do_orcamento,3,0.0526
ATD-000595,16,2026-06-30 17:40:00,"Quero continuar uma saga que comecei, mas não sei qual é o próximo volume.",continuacao_de_saga,PROPRIO,Fantasia,épico,FISICO,28.67,,37,FISICO,23.25,16,90,NAO,BUSCA,SEM_COMPRA,nao_encontrou_continuacao,4,0.0254
ATD-000596,53,2026-06-30 18:26:00,Quero algo parecido com os livros que costumo ler.,livro_parecido,PROPRIO,Aventura,inspirador,FISICO,22.30,,29,FISICO,21.95,8,63,SIM,PEDIDO_CONFIRMADO,VENDA_CONCLUIDA,,4,0.0504
ATD-000597,90,2026-06-30 20:11:00,"Quero continuar uma saga que comecei, mas não sei qual é o próximo volume.",continuacao_de_saga,PROPRIO,Ficção contemporânea,acolhedor,DIGITAL,20.62,,27,DIGITAL,21.95,9999,90,NAO,BUSCA,SEM_COMPRA,nao_encontrou_continuacao,2,0.0406
ATD-000598,127,2026-06-30 21:23:00,Quero algo parecido com os livros que costumo ler.,livro_parecido,PROPRIO,Fantasia,esperançoso,FISICO,39.82,,37,FISICO,23.25,16,65,SIM,PEDIDO_CONFIRMADO,VENDA_CONCLUIDA,,5,0.0439
ATD-000599,164,2026-06-30 22:13:00,Quero algo parecido com os livros que costumo ler.,livro_parecido,PROPRIO,Romance,emocional,DIGITAL,33.59,,5,DIGITAL,17.15,9999,65,NAO,RECOMENDACAO,SEM_COMPRA,recomendacao_nao_combinou,3,0.0292
ATD-000600,201,2026-06-30 23:02:00,"Quero continuar uma saga que comecei, mas não sei qual é o próximo volume.",continuacao_de_saga,PROPRIO,Romance,emocional,FISICO,21.01,,15,FISICO,25.45,6,86,NAO,BUSCA,SEM_COMPRA,nao_encontrou_continuacao,3,0.0284
ATD-000601,238,2026-07-01 01:01:00,Quero experimentar um gênero novo sem pegar um livro muito difícil.,explorar_novo_genero,PROPRIO,Ficção científica,reflexivo,FISICO,34.63,,47,FISICO,30.65,14,65,SIM,PEDIDO_CONFIRMADO,VENDA_CONCLUIDA,,4,0.0194
ATD-000602,275,2026-07-01 01:59:00,"Quero continuar uma saga que comecei, mas não sei qual é o próximo volume.",continuacao_de_saga,PROPRIO,Aventura,aventureiro,DIGITAL,26.01,20,20,DIGITAL,23.70,9999,90,SIM,PEDIDO_CONFIRMADO,VENDA_CONCLUIDA,,5,0.0534
ATD-000603,312,2026-07-01 02:57:00,Quero experimentar um gênero novo sem pegar um livro muito difícil.,explorar_novo_genero,PROPRIO,Ficção histórica,melancólico,DIGITAL,43.02,,36,DIGITAL,17.20,9999,65,SIM,PEDIDO_CONFIRMADO,VENDA_CONCLUIDA,,4,0.0375
ATD-000604,349,2026-07-01 04:14:00,Quero algo parecido com os livros que costumo ler.,livro_parecido,PROPRIO,Ficção histórica,melancólico,DIGITAL,40.98,,36,DIGITAL,17.20,9999,65,NAO,RECOMENDACAO,SEM_COMPRA,recomendacao_nao_combinou,3,0.0425
ATD-000605,386,2026-07-01 05:37:00,Preciso de um livro para dar de presente e não sei qual escolher.,presente,PRESENTE,Ficção histórica,melancólico,FISICO,17.77,,46,FISICO,27.60,7,62,NAO,RECOMENDACAO,SEM_COMPRA,preco_acima_do_orcamento,3,0.0243
ATD-000606,423,2026-07-01 06:47:00,Quero experimentar um gênero novo sem pegar um livro muito difícil.,explorar_novo_genero,PROPRIO,Romance,emocional,FISICO,20.86,,13,FISICO,28.45,16,65,NAO,RECOMENDACAO,SEM_COMPRA,preco_acima_do_orcamento,4,0.0194
ATD-000607,460,2026-07-01 07:26:00,"Quero continuar uma saga que comecei, mas não sei qual é o próximo volume.",continuacao_de_saga,PROPRIO,Ficção científica,reflexivo,DIGITAL,44.16,,45,DIGITAL,14.55,9999,90,NAO,BUSCA,SEM_COMPRA,nao_encontrou_continuacao,4,0.0261
ATD-000608,497,2026-07-01 08:47:00,"Quero continuar uma saga que comecei, mas não sei qual é o próximo volume.",continuacao_de_saga,PROPRIO,Aventura,aventureiro,DIGITAL,25.61,,18,DIGITAL,17.60,9999,90,SIM,CHECKOUT,SEM_COMPRA,abandono_no_checkout,2,0.0363
ATD-000609,534,2026-07-01 09:55:00,"Quero continuar uma saga que comecei, mas não sei qual é o próximo volume.",continuacao_de_saga,PROPRIO,Romance,nostálgico,FISICO,12.98,8,5,FISICO,27.15,8,88,SIM,PEDIDO_CONFIRMADO,VENDA_CONCLUIDA,,5,0.0478
ATD-000610,571,2026-07-01 11:08:00,Quero experimentar um gênero novo sem pegar um livro muito difícil.,explorar_novo_genero,PROPRIO,Ficção científica,reflexivo,FISICO,14.71,,46,FISICO,27.60,7,62,SIM,PEDIDO_CONFIRMADO,VENDA_CONCLUIDA,,5,0.0358
ATD-000611,608,2026-07-01 12:44:00,Quero experimentar um gênero novo sem pegar um livro muito difícil.,explorar_novo_genero,PROPRIO,Mistério,intrigante,FISICO,32.84,,22,FISICO,23.70,7,62,NAO,RECOMENDACAO,SEM_COMPRA,recomendacao_nao_combinou,4,0.0470
ATD-000612,645,2026-07-01 13:51:00,Quero algo parecido com os livros que costumo ler.,livro_parecido,PROPRIO,Ficção contemporânea,acolhedor,FISICO,29.28,,26,FISICO,28.90,11,65,NAO,RECOMENDACAO,SEM_COMPRA,apenas_pesquisando,2,0.0393
ATD-000613,682,2026-07-01 14:36:00,Estou procurando um título específico e quero saber se está disponível.,titulo_especifico,PROPRIO,Ficção histórica,melancólico,DIGITAL,27.23,35,35,DIGITAL,14.15,9999,90,NAO,RECOMENDACAO,SEM_COMPRA,apenas_pesquisando,3,0.0459
ATD-000614,719,2026-07-01 16:07:00,"Quero continuar uma saga que comecei, mas não sei qual é o próximo volume.",continuacao_de_saga,PROPRIO,Fantasia,épico,FISICO,28.42,,3,FISICO,28.05,18,90,NAO,BUSCA,SEM_COMPRA,nao_encontrou_continuacao,3,0.0217
ATD-000615,756,2026-07-01 17:21:00,Quero experimentar um gênero novo sem pegar um livro muito difícil.,explorar_novo_genero,PROPRIO,Fantasia,esperançoso,DIGITAL,13.85,,2,DIGITAL,15.00,9999,65,NAO,RECOMENDACAO,SEM_COMPRA,preco_acima_do_orcamento,2,0.0403
ATD-000616,793,2026-07-01 18:17:00,Preciso de um livro para dar de presente e não sei qual escolher.,presente,PRESENTE,Romance,emocional,DIGITAL,19.89,,43,DIGITAL,15.45,9999,65,SIM,PEDIDO_CONFIRMADO,VENDA_CONCLUIDA,,5,0.0164
ATD-000617,830,2026-07-01 19:30:00,Quero experimentar um gênero novo sem pegar um livro muito difícil.,explorar_novo_genero,PROPRIO,Ficção científica,reflexivo,FISICO,34.29,,46,FISICO,27.60,7,62,SIM,PEDIDO_CONFIRMADO,VENDA_CONCLUIDA,,5,0.0517
ATD-000618,867,2026-07-01 20:56:00,Preciso de um livro para dar de presente e não sei qual escolher.,presente,PRESENTE,Romance,nostálgico,FISICO,44.69,,19,FISICO,30.65,10,65,NAO,RECOMENDACAO,SEM_COMPRA,recomendacao_nao_combinou,4,0.0280
ATD-000619,904,2026-07-01 21:31:00,"Quero continuar uma saga que comecei, mas não sei qual é o próximo volume.",continuacao_de_saga,PROPRIO,Ficção histórica,melancólico,DIGITAL,38.35,35,35,DIGITAL,14.15,9999,90,SIM,PEDIDO_CONFIRMADO,VENDA_CONCLUIDA,,5,0.0242
ATD-000620,941,2026-07-01 23:18:00,Quero algo parecido com os livros que costumo ler.,livro_parecido,PROPRIO,Romance,emocional,DIGITAL,25.51,,5,DIGITAL,17.15,9999,65,SIM,PEDIDO_CONFIRMADO,VENDA_CONCLUIDA,,4,0.0239
ATD-000621,978,2026-07-01 23:57:00,Preciso de um livro para dar de presente e não sei qual escolher.,presente,PRESENTE,Drama,emocional,FISICO,28.14,,2,FISICO,25.00,11,65,NAO,RECOMENDACAO,SEM_COMPRA,recomendacao_nao_combinou,3,0.0565
ATD-000622,15,2026-07-02 01:38:00,Quero algo parecido com os livros que costumo ler.,livro_parecido,PROPRIO,Ficção científica,reflexivo,DIGITAL,37.25,,47,DIGITAL,20.65,9999,65,SIM,PEDIDO_CONFIRMADO,VENDA_CONCLUIDA,,4,0.0370
ATD-000623,52,2026-07-02 02:26:00,Quero algo parecido com os livros que costumo ler.,livro_parecido,PROPRIO,Ficção histórica,melancólico,FISICO,45.62,,33,FISICO,27.15,12,65,NAO,RECOMENDACAO,SEM_COMPRA,apenas_pesquisando,4,0.0526
ATD-000624,89,2026-07-02 03:36:00,"Quero continuar uma saga que comecei, mas não sei qual é o próximo volume.",continuacao_de_saga,PROPRIO,Ficção histórica,melancólico,FISICO,34.35,35,35,FISICO,24.15,2,90,SIM,PEDIDO_CONFIRMADO,VENDA_CONCLUIDA,,5,0.0423
ATD-000625,126,2026-07-02 05:19:00,Quero algo parecido com os livros que costumo ler.,livro_parecido,PROPRIO,Aventura,inspirador,DIGITAL,33.45,,19,DIGITAL,20.65,9999,65,SIM,PEDIDO_CONFIRMADO,VENDA_CONCLUIDA,,5,0.0201
ATD-000626,163,2026-07-02 05:51:00,Quero algo parecido com os livros que costumo ler.,livro_parecido,PROPRIO,Drama,emocional,FISICO,33.13,,43,FISICO,25.45,10,65,SIM,PEDIDO_CONFIRMADO,VENDA_CONCLUIDA,,5,0.0425
ATD-000627,200,2026-07-02 07:43:00,"Quero continuar uma saga que comecei, mas não sei qual é o próximo volume.",continuacao_de_saga,PROPRIO,Ficção científica,reflexivo,FISICO,19.83,,9,FISICO,23.25,12,10,NAO,RECOMENDACAO,SEM_COMPRA,recomendacao_nao_combinou,2,0.0546
ATD-000628,237,2026-07-02 08:23:00,Quero experimentar um gênero novo sem pegar um livro muito difícil.,explorar_novo_genero,PROPRIO,Ficção científica,reflexivo,FISICO,27.42,,46,FISICO,27.60,7,62,SIM,PEDIDO_CONFIRMADO,VENDA_CONCLUIDA,,5,0.0170
ATD-000629,274,2026-07-02 09:36:00,"Quero continuar uma saga que comecei, mas não sei qual é o próximo volume.",continuacao_de_saga,PROPRIO,Romance,nostálgico,DIGITAL,34.69,,5,DIGITAL,17.15,9999,90,SIM,PEDIDO_CONFIRMADO,VENDA_CONCLUIDA,,5,0.0519
ATD-000630,311,2026-07-02 10:33:00,Quero algo parecido com os livros que costumo ler.,livro_parecido,PROPRIO,Aventura,inspirador,FISICO,45.89,,29,FISICO,21.95,8,63,SIM,PEDIDO_CONFIRMADO,VENDA_CONCLUIDA,,5,0.0279
ATD-000631,348,2026-07-02 11:48:00,Preciso de um livro para dar de presente e não sei qual escolher.,presente,PRESENTE,Ficção contemporânea,acolhedor,FISICO,42.29,,9,FISICO,23.25,12,65,NAO,RECOMENDACAO,SEM_COMPRA,apenas_pesquisando,3,0.0537
ATD-000632,385,2026-07-02 13:13:00,Preciso de um livro para dar de presente e não sei qual escolher.,presente,PRESENTE,Drama,emocional,DIGITAL,42.33,,25,DIGITAL,15.85,9999,65,NAO,RECOMENDACAO,SEM_COMPRA,recomendacao_nao_combinou,4,0.0379
ATD-000633,422,2026-07-02 14:13:00,"Quero continuar uma saga que comecei, mas não sei qual é o próximo volume.",continuacao_de_saga,PROPRIO,Ficção histórica,melancólico,FISICO,31.98,35,33,FISICO,27.15,12,90,NAO,RECOMENDACAO,SEM_COMPRA,apenas_pesquisando,3,0.0551
ATD-000634,459,2026-07-02 16:02:00,Preciso de um livro para dar de presente e não sei qual escolher.,presente,PRESENTE,Aventura,aventureiro,DIGITAL,22.45,,5,DIGITAL,17.15,9999,65,NAO,RECOMENDACAO,SEM_COMPRA,recomendacao_nao_combinou,3,0.0443
ATD-000635,496,2026-07-02 16:43:00,"Quero continuar uma saga que comecei, mas não sei qual é o próximo volume.",continuacao_de_saga,PROPRIO,Romance,emocional,FISICO,45.55,16,16,FISICO,28.50,13,90,SIM,PEDIDO_CONFIRMADO,VENDA_CONCLUIDA,,5,0.0376
ATD-000636,533,2026-07-02 18:16:00,Quero algo parecido com os livros que costumo ler.,livro_parecido,PROPRIO,Ficção contemporânea,acolhedor,FISICO,19.79,,25,FISICO,25.85,4,59,NAO,RECOMENDACAO,SEM_COMPRA,preco_acima_do_orcamento,3,0.0457
ATD-000637,570,2026-07-02 19:36:00,"Quero continuar uma saga que comecei, mas não sei qual é o próximo volume.",continuacao_de_saga,PROPRIO,Aventura,aventureiro,FISICO,36.10,,17,FISICO,24.55,20,90,NAO,BUSCA,SEM_COMPRA,nao_encontrou_continuacao,3,0.0521
ATD-000638,607,2026-07-02 20:33:00,"Quero continuar uma saga que comecei, mas não sei qual é o próximo volume.",continuacao_de_saga,PROPRIO,Ficção histórica,melancólico,DIGITAL,39.98,36,36,DIGITAL,17.20,9999,90,SIM,PEDIDO_CONFIRMADO,VENDA_CONCLUIDA,,4,0.0241
ATD-000639,644,2026-07-02 21:22:00,Quero algo parecido com os livros que costumo ler.,livro_parecido,PROPRIO,Aventura,aventureiro,FISICO,21.53,,30,FISICO,25.00,15,65,SIM,PEDIDO_CONFIRMADO,VENDA_CONCLUIDA,,5,0.0305
ATD-000640,681,2026-07-02 23:04:00,Quero algo parecido com os livros que costumo ler.,livro_parecido,PROPRIO,Aventura,inspirador,DIGITAL,41.16,,20,DIGITAL,23.70,9999,65,SIM,PEDIDO_CONFIRMADO,VENDA_CONCLUIDA,,5,0.0269
ATD-000641,718,2026-07-03 00:02:00,"Quero continuar uma saga que comecei, mas não sei qual é o próximo volume.",continuacao_de_saga,PROPRIO,Romance,emocional,DIGITAL,38.16,,15,DIGITAL,15.45,9999,90,SIM,PEDIDO_CONFIRMADO,VENDA_CONCLUIDA,,5,0.0449
ATD-000642,755,2026-07-03 00:46:00,Quero experimentar um gênero novo sem pegar um livro muito difícil.,explorar_novo_genero,PROPRIO,Ficção histórica,melancólico,DIGITAL,32.54,,35,DIGITAL,14.15,9999,65,NAO,RECOMENDACAO,SEM_COMPRA,recomendacao_nao_combinou,3,0.0396
ATD-000643,792,2026-07-03 02:33:00,"Quero continuar uma saga que comecei, mas não sei qual é o próximo volume.",continuacao_de_saga,PROPRIO,Ficção contemporânea,acolhedor,FISICO,33.12,28,28,FISICO,25.90,1,90,SIM,PEDIDO_CONFIRMADO,VENDA_CONCLUIDA,,4,0.0273
ATD-000644,829,2026-07-03 03:28:00,Quero experimentar um gênero novo sem pegar um livro muito difícil.,explorar_novo_genero,PROPRIO,Fantasia,esperançoso,DIGITAL,36.63,,9,DIGITAL,13.25,9999,65,SIM,PEDIDO_CONFIRMADO,VENDA_CONCLUIDA,,4,0.0426
ATD-000645,866,2026-07-03 04:19:00,Estou procurando um título específico e quero saber se está disponível.,titulo_especifico,PROPRIO,Fantasia,esperançoso,DIGITAL,26.53,38,38,DIGITAL,16.30,9999,90,NAO,RECOMENDACAO,SEM_COMPRA,recomendacao_nao_combinou,2,0.0205
ATD-000646,903,2026-07-03 05:51:00,Preciso de um livro para dar de presente e não sei qual escolher.,presente,PRESENTE,Mistério,intrigante,FISICO,25.77,,5,FISICO,27.15,8,63,NAO,RECOMENDACAO,SEM_COMPRA,preco_acima_do_orcamento,2,0.0373
ATD-000647,940,2026-07-03 07:12:00,"Quero continuar uma saga que comecei, mas não sei qual é o próximo volume.",continuacao_de_saga,PROPRIO,Ficção histórica,melancólico,FISICO,38.98,34,36,FISICO,27.20,9,89,NAO,BUSCA,SEM_COMPRA,nao_encontrou_continuacao,3,0.0577
ATD-000648,977,2026-07-03 07:59:00,Quero experimentar um gênero novo sem pegar um livro muito difícil.,explorar_novo_genero,PROPRIO,Ficção histórica,melancólico,DIGITAL,24.18,,34,DIGITAL,20.20,9999,65,NAO,RECOMENDACAO,SEM_COMPRA,recomendacao_nao_combinou,3,0.0552
ATD-000649,14,2026-07-03 09:06:00,Quero algo parecido com os livros que costumo ler.,livro_parecido,PROPRIO,Fantasia,esperançoso,DIGITAL,19.97,,3,DIGITAL,18.05,9999,65,NAO,RECOMENDACAO,SEM_COMPRA,recomendacao_nao_combinou,3,0.0331
ATD-000650,51,2026-07-03 10:40:00,"Quero continuar uma saga que comecei, mas não sei qual é o próximo volume.",continuacao_de_saga,PROPRIO,Fantasia,esperançoso,DIGITAL,42.54,11,9,DIGITAL,13.25,9999,90,SIM,PEDIDO_CONFIRMADO,VENDA_CONCLUIDA,,5,0.0236
ATD-000651,88,2026-07-03 11:58:00,Quero algo parecido com os livros que costumo ler.,livro_parecido,PROPRIO,Aventura,inspirador,DIGITAL,17.59,,19,DIGITAL,20.65,9999,65,NAO,RECOMENDACAO,SEM_COMPRA,preco_acima_do_orcamento,3,0.0386
ATD-000652,125,2026-07-03 13:20:00,"Quero continuar uma saga que comecei, mas não sei qual é o próximo volume.",continuacao_de_saga,PROPRIO,Romance,nostálgico,FISICO,41.06,,6,FISICO,30.20,15,90,NAO,BUSCA,SEM_COMPRA,nao_encontrou_continuacao,3,0.0202
ATD-000653,162,2026-07-03 14:10:00,"Quero continuar uma saga que comecei, mas não sei qual é o próximo volume.",continuacao_de_saga,PROPRIO,Fantasia,esperançoso,DIGITAL,18.98,,9,DIGITAL,13.25,9999,90,NAO,BUSCA,SEM_COMPRA,nao_encontrou_continuacao,4,0.0558
ATD-000654,199,2026-07-03 15:21:00,"Quero continuar uma saga que comecei, mas não sei qual é o próximo volume.",continuacao_de_saga,PROPRIO,Ficção científica,reflexivo,DIGITAL,24.67,48,46,DIGITAL,17.60,9999,90,SIM,PEDIDO_CONFIRMADO,VENDA_CONCLUIDA,,5,0.0308
ATD-000655,236,2026-07-03 16:49:00,Quero experimentar um gênero novo sem pegar um livro muito difícil.,explorar_novo_genero,PROPRIO,Romance,emocional,DIGITAL,28.38,,6,DIGITAL,20.20,9999,65,NAO,RECOMENDACAO,SEM_COMPRA,recomendacao_nao_combinou,4,0.0317
ATD-000656,273,2026-07-03 17:23:00,"Quero continuar uma saga que comecei, mas não sei qual é o próximo volume.",continuacao_de_saga,PROPRIO,Ficção histórica,melancólico,FISICO,17.19,35,35,FISICO,24.15,2,90,NAO,RECOMENDACAO,SEM_COMPRA,preco_acima_do_orcamento,1,0.0561
ATD-000657,310,2026-07-03 18:48:00,Preciso de um livro para dar de presente e não sei qual escolher.,presente,PRESENTE,Drama,emocional,FISICO,18.59,,10,FISICO,26.30,19,65,NAO,RECOMENDACAO,SEM_COMPRA,preco_acima_do_orcamento,2,0.0570
ATD-000658,347,2026-07-03 20:05:00,"Quero continuar uma saga que comecei, mas não sei qual é o próximo volume.",continuacao_de_saga,PROPRIO,Romance,emocional,FISICO,45.53,14,16,FISICO,28.50,13,90,NAO,BUSCA,SEM_COMPRA,nao_encontrou_continuacao,4,0.0398
ATD-000659,384,2026-07-03 21:14:00,Quero algo parecido com os livros que costumo ler.,livro_parecido,PROPRIO,Fantasia,esperançoso,DIGITAL,19.21,,4,DIGITAL,21.10,9999,65,NAO,RECOMENDACAO,SEM_COMPRA,recomendacao_nao_combinou,3,0.0378
ATD-000660,421,2026-07-03 22:21:00,Estou procurando um título específico e quero saber se está disponível.,titulo_especifico,PROPRIO,Fantasia,épico,FISICO,34.62,11,11,FISICO,29.35,2,90,SIM,CHECKOUT,SEM_COMPRA,abandono_no_checkout,3,0.0209
ATD-000661,458,2026-07-03 23:26:00,Estou procurando um título específico e quero saber se está disponível.,titulo_especifico,PROPRIO,Romance,nostálgico,DIGITAL,34.51,13,13,DIGITAL,18.45,9999,90,SIM,PEDIDO_CONFIRMADO,VENDA_CONCLUIDA,,4,0.0147
ATD-000662,495,2026-07-04 00:31:00,Quero experimentar um gênero novo sem pegar um livro muito difícil.,explorar_novo_genero,PROPRIO,Ficção científica,reflexivo,FISICO,46.95,,47,FISICO,30.65,14,65,SIM,PEDIDO_CONFIRMADO,VENDA_CONCLUIDA,,5,0.0464
ATD-000663,532,2026-07-04 02:12:00,Preciso de um livro para dar de presente e não sei qual escolher.,presente,PRESENTE,Romance,nostálgico,FISICO,31.31,,5,FISICO,27.15,8,63,SIM,PEDIDO_CONFIRMADO,VENDA_CONCLUIDA,,4,0.0155
ATD-000664,569,2026-07-04 03:19:00,Quero experimentar um gênero novo sem pegar um livro muito difícil.,explorar_novo_genero,PROPRIO,Ficção contemporânea,acolhedor,DIGITAL,43.65,,27,DIGITAL,21.95,9999,65,SIM,PEDIDO_CONFIRMADO,VENDA_CONCLUIDA,,5,0.0516
ATD-000665,606,2026-07-04 04:39:00,Quero experimentar um gênero novo sem pegar um livro muito difícil.,explorar_novo_genero,PROPRIO,Ficção científica,reflexivo,FISICO,36.11,,47,FISICO,30.65,14,65,SIM,PEDIDO_CONFIRMADO,VENDA_CONCLUIDA,,5,0.0260
ATD-000666,643,2026-07-04 05:43:00,Quero algo parecido com os livros que costumo ler.,livro_parecido,PROPRIO,Aventura,inspirador,DIGITAL,33.23,,20,DIGITAL,23.70,9999,65,NAO,RECOMENDACAO,SEM_COMPRA,recomendacao_nao_combinou,2,0.0261
ATD-000667,680,2026-07-04 06:56:00,"Quero continuar uma saga que comecei, mas não sei qual é o próximo volume.",continuacao_de_saga,PROPRIO,Fantasia,esperançoso,FISICO,33.26,11,11,FISICO,29.35,2,90,SIM,PEDIDO_CONFIRMADO,VENDA_CONCLUIDA,,5,0.0408
ATD-000668,717,2026-07-04 07:31:00,Preciso de um livro para dar de presente e não sei qual escolher.,presente,PRESENTE,Romance,emocional,FISICO,34.23,,29,FISICO,21.95,8,63,SIM,PEDIDO_CONFIRMADO,VENDA_CONCLUIDA,,5,0.0558
ATD-000669,754,2026-07-04 08:44:00,"Quero continuar uma saga que comecei, mas não sei qual é o próximo volume.",continuacao_de_saga,PROPRIO,Fantasia,épico,DIGITAL,25.31,39,39,DIGITAL,19.35,9999,90,NAO,RECOMENDACAO,SEM_COMPRA,apenas_pesquisando,1,0.0476
ATD-000670,791,2026-07-04 10:06:00,Quero algo parecido com os livros que costumo ler.,livro_parecido,PROPRIO,Drama,emocional,DIGITAL,34.41,,43,DIGITAL,15.45,9999,65,SIM,CHECKOUT,SEM_COMPRA,abandono_no_checkout,2,0.0487
ATD-000671,828,2026-07-04 11:03:00,Quero algo parecido com os livros que costumo ler.,livro_parecido,PROPRIO,Fantasia,épico,FISICO,28.73,,10,FISICO,26.30,19,65,SIM,PEDIDO_CONFIRMADO,VENDA_CONCLUIDA,,4,0.0561
ATD-000672,865,2026-07-04 12:39:00,"Quero continuar uma saga que comecei, mas não sei qual é o próximo volume.",continuacao_de_saga,PROPRIO,Fantasia,esperançoso,DIGITAL,34.69,10,10,DIGITAL,16.30,9999,90,SIM,PEDIDO_CONFIRMADO,VENDA_CONCLUIDA,,4,0.0130
ATD-000673,902,2026-07-04 13:42:00,"Quero continuar uma saga que comecei, mas não sei qual é o próximo volume.",continuacao_de_saga,PROPRIO,Fantasia,épico,FISICO,33.79,2,2,FISICO,25.00,11,90,SIM,PEDIDO_CONFIRMADO,VENDA_CONCLUIDA,,4,0.0420
ATD-000674,939,2026-07-04 14:59:00,Quero algo parecido com os livros que costumo ler.,livro_parecido,PROPRIO,Drama,emocional,FISICO,47.28,,42,FISICO,22.40,3,58,NAO,RECOMENDACAO,SEM_COMPRA,recomendacao_nao_combinou,3,0.0171
ATD-000675,976,2026-07-04 16:20:00,"Quero continuar uma saga que comecei, mas não sei qual é o próximo volume.",continuacao_de_saga,PROPRIO,Ficção contemporânea,acolhedor,FISICO,20.77,28,28,FISICO,25.90,1,90,NAO,RECOMENDACAO,SEM_COMPRA,preco_acima_do_orcamento,1,0.0185
ATD-000676,13,2026-07-04 17:06:00,"Quero continuar uma saga que comecei, mas não sei qual é o próximo volume.",continuacao_de_saga,PROPRIO,Aventura,inspirador,FISICO,45.06,32,32,FISICO,31.10,5,90,SIM,PEDIDO_CONFIRMADO,VENDA_CONCLUIDA,,5,0.0337
ATD-000677,50,2026-07-04 18:27:00,"Quero continuar uma saga que comecei, mas não sei qual é o próximo volume.",continuacao_de_saga,PROPRIO,Fantasia,esperançoso,DIGITAL,20.34,12,12,DIGITAL,22.40,9999,90,NAO,RECOMENDACAO,SEM_COMPRA,preco_acima_do_orcamento,2,0.0378
ATD-000678,87,2026-07-04 19:31:00,"Quero continuar uma saga que comecei, mas não sei qual é o próximo volume.",continuacao_de_saga,PROPRIO,Drama,emocional,FISICO,32.32,44,42,FISICO,22.40,3,83,NAO,BUSCA,SEM_COMPRA,nao_encontrou_continuacao,2,0.0176
ATD-000679,124,2026-07-04 20:44:00,"Quero continuar uma saga que comecei, mas não sei qual é o próximo volume.",continuacao_de_saga,PROPRIO,Romance,nostálgico,FISICO,13.18,8,8,FISICO,27.20,5,90,NAO,RECOMENDACAO,SEM_COMPRA,preco_acima_do_orcamento,4,0.0323
ATD-000680,161,2026-07-04 22:19:00,"Quero continuar uma saga que comecei, mas não sei qual é o próximo volume.",continuacao_de_saga,PROPRIO,Romance,nostálgico,FISICO,30.82,7,5,FISICO,27.15,8,88,SIM,PEDIDO_CONFIRMADO,VENDA_CONCLUIDA,,5,0.0328
ATD-000681,198,2026-07-04 23:11:00,"Quero continuar uma saga que comecei, mas não sei qual é o próximo volume.",continuacao_de_saga,PROPRIO,Fantasia,épico,DIGITAL,24.80,3,3,DIGITAL,18.05,9999,90,SIM,PEDIDO_CONFIRMADO,VENDA_CONCLUIDA,,4,0.0524
ATD-000682,235,2026-07-05 00:03:00,Preciso de um livro para dar de presente e não sei qual escolher.,presente,PRESENTE,Aventura,aventureiro,FISICO,24.15,,19,FISICO,30.65,10,65,NAO,RECOMENDACAO,SEM_COMPRA,preco_acima_do_orcamento,3,0.0138
ATD-000683,272,2026-07-05 01:41:00,Quero experimentar um gênero novo sem pegar um livro muito difícil.,explorar_novo_genero,PROPRIO,Drama,emocional,DIGITAL,18.99,,43,DIGITAL,15.45,9999,65,SIM,PEDIDO_CONFIRMADO,VENDA_CONCLUIDA,,5,0.0230
ATD-000684,309,2026-07-05 02:38:00,Quero algo parecido com os livros que costumo ler.,livro_parecido,PROPRIO,Ficção histórica,melancólico,DIGITAL,36.11,,33,DIGITAL,17.15,9999,65,NAO,RECOMENDACAO,SEM_COMPRA,apenas_pesquisando,3,0.0277
ATD-000685,346,2026-07-05 04:10:00,Estou procurando um título específico e quero saber se está disponível.,titulo_especifico,PROPRIO,Aventura,aventureiro,DIGITAL,44.41,30,30,DIGITAL,15.00,9999,90,NAO,RECOMENDACAO,SEM_COMPRA,apenas_pesquisando,4,0.0365
ATD-000686,383,2026-07-05 04:55:00,Quero experimentar um gênero novo sem pegar um livro muito difícil.,explorar_novo_genero,PROPRIO,Ficção contemporânea,acolhedor,DIGITAL,38.55,,26,DIGITAL,18.90,9999,65,NAO,RECOMENDACAO,SEM_COMPRA,recomendacao_nao_combinou,4,0.0291
ATD-000687,420,2026-07-05 06:11:00,"Quero continuar uma saga que comecei, mas não sei qual é o próximo volume.",continuacao_de_saga,PROPRIO,Mistério,intrigante,FISICO,17.59,22,22,FISICO,23.70,7,90,NAO,RECOMENDACAO,SEM_COMPRA,preco_acima_do_orcamento,2,0.0301
ATD-000688,457,2026-07-05 07:36:00,Quero experimentar um gênero novo sem pegar um livro muito difícil.,explorar_novo_genero,PROPRIO,Romance,nostálgico,FISICO,47.95,,5,FISICO,27.15,8,63,SIM,PEDIDO_CONFIRMADO,VENDA_CONCLUIDA,,4,0.0404
ATD-000689,494,2026-07-05 08:43:00,Estou procurando um título específico e quero saber se está disponível.,titulo_especifico,PROPRIO,Romance,emocional,DIGITAL,18.97,6,6,DIGITAL,20.20,9999,90,SIM,PEDIDO_CONFIRMADO,VENDA_CONCLUIDA,,5,0.0357
ATD-000690,531,2026-07-05 09:34:00,Quero experimentar um gênero novo sem pegar um livro muito difícil.,explorar_novo_genero,PROPRIO,Mistério,intrigante,DIGITAL,43.49,,22,DIGITAL,13.70,9999,65,SIM,PEDIDO_CONFIRMADO,VENDA_CONCLUIDA,,5,0.0173
ATD-000691,568,2026-07-05 11:17:00,Quero experimentar um gênero novo sem pegar um livro muito difícil.,explorar_novo_genero,PROPRIO,Mistério,intrigante,FISICO,22.07,,22,FISICO,23.70,7,62,SIM,CHECKOUT,SEM_COMPRA,abandono_no_checkout,3,0.0288
ATD-000692,605,2026-07-05 12:41:00,"Quero continuar uma saga que comecei, mas não sei qual é o próximo volume.",continuacao_de_saga,PROPRIO,Fantasia,épico,DIGITAL,17.17,2,2,DIGITAL,15.00,9999,90,SIM,CHECKOUT,SEM_COMPRA,abandono_no_checkout,4,0.0420
ATD-000693,642,2026-07-05 13:48:00,Quero algo parecido com os livros que costumo ler.,livro_parecido,PROPRIO,Romance,emocional,DIGITAL,33.93,,8,DIGITAL,17.20,9999,65,NAO,RECOMENDACAO,SEM_COMPRA,recomendacao_nao_combinou,3,0.0168
ATD-000694,679,2026-07-05 14:30:00,Quero experimentar um gênero novo sem pegar um livro muito difícil.,explorar_novo_genero,PROPRIO,Ficção científica,reflexivo,DIGITAL,22.23,,45,DIGITAL,14.55,9999,65,SIM,PEDIDO_CONFIRMADO,VENDA_CONCLUIDA,,5,0.0490
ATD-000695,716,2026-07-05 15:50:00,Quero algo parecido com os livros que costumo ler.,livro_parecido,PROPRIO,Aventura,inspirador,FISICO,17.96,,29,FISICO,21.95,8,63,NAO,RECOMENDACAO,SEM_COMPRA,preco_acima_do_orcamento,3,0.0265
ATD-000696,753,2026-07-05 16:51:00,"Quero continuar uma saga que comecei, mas não sei qual é o próximo volume.",continuacao_de_saga,PROPRIO,Ficção científica,reflexivo,DIGITAL,12.81,48,45,DIGITAL,14.55,9999,90,SIM,PEDIDO_CONFIRMADO,VENDA_CONCLUIDA,,5,0.0360
ATD-000697,790,2026-07-05 18:05:00,"Quero continuar uma saga que comecei, mas não sei qual é o próximo volume.",continuacao_de_saga,PROPRIO,Ficção histórica,melancólico,DIGITAL,34.13,,33,DIGITAL,17.15,9999,90,NAO,BUSCA,SEM_COMPRA,nao_encontrou_continuacao,4,0.0255
ATD-000698,827,2026-07-05 19:28:00,"Quero continuar uma saga que comecei, mas não sei qual é o próximo volume.",continuacao_de_saga,PROPRIO,Mistério,intrigante,DIGITAL,43.02,24,24,DIGITAL,19.80,9999,90,SIM,PEDIDO_CONFIRMADO,VENDA_CONCLUIDA,,5,0.0481
ATD-000699,864,2026-07-05 20:30:00,Quero algo parecido com os livros que costumo ler.,livro_parecido,PROPRIO,Fantasia,épico,DIGITAL,35.82,,4,DIGITAL,21.10,9999,65,SIM,PEDIDO_CONFIRMADO,VENDA_CONCLUIDA,,5,0.0209
ATD-000700,901,2026-07-05 21:48:00,Estou procurando um título específico e quero saber se está disponível.,titulo_especifico,PROPRIO,Aventura,inspirador,FISICO,43.96,31,17,FISICO,24.55,20,65,NAO,BUSCA,SEM_COMPRA,livro_procurado_sem_estoque,2,0.0562
ATD-000701,938,2026-07-05 22:51:00,Estou procurando um título específico e quero saber se está disponível.,titulo_especifico,PROPRIO,Fantasia,épico,FISICO,44.50,4,4,FISICO,31.10,1,90,SIM,PEDIDO_CONFIRMADO,VENDA_CONCLUIDA,,4,0.0410
ATD-000702,975,2026-07-05 23:51:00,"Quero continuar uma saga que comecei, mas não sei qual é o próximo volume.",continuacao_de_saga,PROPRIO,Fantasia,esperançoso,FISICO,12.04,10,11,FISICO,29.35,2,82,NAO,BUSCA,SEM_COMPRA,nao_encontrou_continuacao,4,0.0341
ATD-000703,12,2026-07-06 01:14:00,"Quero continuar uma saga que comecei, mas não sei qual é o próximo volume.",continuacao_de_saga,PROPRIO,Ficção científica,reflexivo,FISICO,21.48,,47,FISICO,30.65,14,90,NAO,BUSCA,SEM_COMPRA,nao_encontrou_continuacao,3,0.0211
ATD-000704,49,2026-07-06 02:18:00,Quero experimentar um gênero novo sem pegar um livro muito difícil.,explorar_novo_genero,PROPRIO,Drama,emocional,FISICO,45.99,,44,FISICO,28.50,17,65,SIM,PEDIDO_CONFIRMADO,VENDA_CONCLUIDA,,5,0.0243
ATD-000705,86,2026-07-06 04:01:00,"Quero continuar uma saga que comecei, mas não sei qual é o próximo volume.",continuacao_de_saga,PROPRIO,Aventura,inspirador,DIGITAL,36.22,30,30,DIGITAL,15.00,9999,90,SIM,PEDIDO_CONFIRMADO,VENDA_CONCLUIDA,,5,0.0360
ATD-000706,123,2026-07-06 05:07:00,Quero experimentar um gênero novo sem pegar um livro muito difícil.,explorar_novo_genero,PROPRIO,Ficção histórica,melancólico,FISICO,36.22,,34,FISICO,30.20,19,65,SIM,PEDIDO_CONFIRMADO,VENDA_CONCLUIDA,,5,0.0417
ATD-000707,160,2026-07-06 06:20:00,"Quero continuar uma saga que comecei, mas não sei qual é o próximo volume.",continuacao_de_saga,PROPRIO,Drama,emocional,FISICO,23.93,43,43,FISICO,25.45,10,90,NAO,RECOMENDACAO,SEM_COMPRA,preco_acima_do_orcamento,3,0.0201
ATD-000708,197,2026-07-06 07:05:00,"Quero continuar uma saga que comecei, mas não sei qual é o próximo volume.",continuacao_de_saga,PROPRIO,Ficção histórica,melancólico,DIGITAL,41.41,,35,DIGITAL,14.15,9999,90,NAO,BUSCA,SEM_COMPRA,nao_encontrou_continuacao,4,0.0450
ATD-000709,234,2026-07-06 08:09:00,"Quero continuar uma saga que comecei, mas não sei qual é o próximo volume.",continuacao_de_saga,PROPRIO,Aventura,inspirador,FISICO,46.40,30,30,FISICO,25.00,15,90,SIM,PEDIDO_CONFIRMADO,VENDA_CONCLUIDA,,4,0.0302
ATD-000710,271,2026-07-06 09:20:00,Quero experimentar um gênero novo sem pegar um livro muito difícil.,explorar_novo_genero,PROPRIO,Ficção histórica,melancólico,DIGITAL,40.13,,36,DIGITAL,17.20,9999,65,SIM,PEDIDO_CONFIRMADO,VENDA_CONCLUIDA,,5,0.0234
ATD-000711,308,2026-07-06 10:34:00,"Quero continuar uma saga que comecei, mas não sei qual é o próximo volume.",continuacao_de_saga,PROPRIO,Drama,emocional,FISICO,15.57,,41,FISICO,28.45,20,90,NAO,BUSCA,SEM_COMPRA,nao_encontrou_continuacao,3,0.0270
ATD-000712,345,2026-07-06 11:55:00,Preciso de um livro para dar de presente e não sei qual escolher.,presente,PRESENTE,Ficção contemporânea,acolhedor,DIGITAL,28.42,,23,DIGITAL,16.75,9999,65,NAO,RECOMENDACAO,SEM_COMPRA,recomendacao_nao_combinou,3,0.0334
ATD-000713,382,2026-07-06 12:43:00,Quero experimentar um gênero novo sem pegar um livro muito difícil.,explorar_novo_genero,PROPRIO,Ficção histórica,melancólico,FISICO,19.64,,35,FISICO,24.15,2,57,NAO,RECOMENDACAO,SEM_COMPRA,preco_acima_do_orcamento,3,0.0456
ATD-000714,419,2026-07-06 14:19:00,"Quero continuar uma saga que comecei, mas não sei qual é o próximo volume.",continuacao_de_saga,PROPRIO,Ficção histórica,melancólico,FISICO,36.20,35,35,FISICO,24.15,2,90,SIM,PEDIDO_CONFIRMADO,VENDA_CONCLUIDA,,4,0.0388
ATD-000715,456,2026-07-06 15:32:00,"Quero continuar uma saga que comecei, mas não sei qual é o próximo volume.",continuacao_de_saga,PROPRIO,Ficção contemporânea,acolhedor,DIGITAL,41.14,26,26,DIGITAL,18.90,9999,90,SIM,PEDIDO_CONFIRMADO,VENDA_CONCLUIDA,,5,0.0283
ATD-000716,493,2026-07-06 16:24:00,Quero experimentar um gênero novo sem pegar um livro muito difícil.,explorar_novo_genero,PROPRIO,Ficção científica,reflexivo,FISICO,31.35,,47,FISICO,30.65,14,65,NAO,RECOMENDACAO,SEM_COMPRA,recomendacao_nao_combinou,3,0.0271
ATD-000717,530,2026-07-06 18:03:00,Quero experimentar um gênero novo sem pegar um livro muito difícil.,explorar_novo_genero,PROPRIO,Drama,emocional,DIGITAL,25.89,,42,DIGITAL,12.40,9999,65,SIM,PEDIDO_CONFIRMADO,VENDA_CONCLUIDA,,4,0.0154
ATD-000718,567,2026-07-06 18:41:00,Quero algo parecido com os livros que costumo ler.,livro_parecido,PROPRIO,Drama,emocional,FISICO,45.19,,44,FISICO,28.50,17,65,SIM,PEDIDO_CONFIRMADO,VENDA_CONCLUIDA,,5,0.0145
ATD-000719,604,2026-07-06 20:00:00,"Quero continuar uma saga que comecei, mas não sei qual é o próximo volume.",continuacao_de_saga,PROPRIO,Ficção contemporânea,acolhedor,FISICO,26.65,,27,FISICO,31.95,18,90,NAO,BUSCA,SEM_COMPRA,nao_encontrou_continuacao,2,0.0169
ATD-000720,641,2026-07-06 21:01:00,Quero experimentar um gênero novo sem pegar um livro muito difícil.,explorar_novo_genero,PROPRIO,Ficção histórica,melancólico,FISICO,22.26,,33,FISICO,27.15,12,65,NAO,RECOMENDACAO,SEM_COMPRA,preco_acima_do_orcamento,2,0.0300
ATD-000721,678,2026-07-06 22:40:00,Quero algo parecido com os livros que costumo ler.,livro_parecido,PROPRIO,Aventura,inspirador,DIGITAL,27.83,,31,DIGITAL,18.05,9999,65,SIM,PEDIDO_CONFIRMADO,VENDA_CONCLUIDA,,5,0.0354
ATD-000722,715,2026-07-06 23:32:00,"Quero continuar uma saga que comecei, mas não sei qual é o próximo volume.",continuacao_de_saga,PROPRIO,Fantasia,épico,FISICO,26.13,4,4,FISICO,31.10,1,90,NAO,RECOMENDACAO,SEM_COMPRA,preco_acima_do_orcamento,3,0.0527
ATD-000723,752,2026-07-07 00:52:00,"Quero continuar uma saga que comecei, mas não sei qual é o próximo volume.",continuacao_de_saga,PROPRIO,Mistério,intrigante,DIGITAL,35.66,24,21,DIGITAL,10.65,9999,90,NAO,BUSCA,SEM_COMPRA,nao_encontrou_continuacao,3,0.0124
ATD-000724,789,2026-07-07 01:58:00,Estou procurando um título específico e quero saber se está disponível.,titulo_especifico,PROPRIO,Fantasia,épico,DIGITAL,15.48,3,3,DIGITAL,18.05,9999,90,SIM,PEDIDO_CONFIRMADO,VENDA_CONCLUIDA,,5,0.0140
ATD-000725,826,2026-07-07 03:27:00,Estou procurando um título específico e quero saber se está disponível.,titulo_especifico,PROPRIO,Fantasia,épico,DIGITAL,43.93,10,10,DIGITAL,16.30,9999,90,SIM,PEDIDO_CONFIRMADO,VENDA_CONCLUIDA,,4,0.0381
ATD-000726,863,2026-07-07 04:08:00,"Quero continuar uma saga que comecei, mas não sei qual é o próximo volume.",continuacao_de_saga,PROPRIO,Fantasia,épico,DIGITAL,17.52,2,2,DIGITAL,15.00,9999,90,SIM,PEDIDO_CONFIRMADO,VENDA_CONCLUIDA,,5,0.0491
ATD-000727,900,2026-07-07 05:23:00,Quero experimentar um gênero novo sem pegar um livro muito difícil.,explorar_novo_genero,PROPRIO,Mistério,intrigante,DIGITAL,31.18,,24,DIGITAL,19.80,9999,65,NAO,RECOMENDACAO,SEM_COMPRA,recomendacao_nao_combinou,4,0.0264
ATD-000728,937,2026-07-07 07:07:00,Quero algo parecido com os livros que costumo ler.,livro_parecido,PROPRIO,Romance,emocional,FISICO,24.52,,6,FISICO,30.20,15,65,SIM,CHECKOUT,SEM_COMPRA,abandono_no_checkout,3,0.0231
ATD-000729,974,2026-07-07 07:52:00,"Quero continuar uma saga que comecei, mas não sei qual é o próximo volume.",continuacao_de_saga,PROPRIO,Fantasia,esperançoso,DIGITAL,28.31,,11,DIGITAL,19.35,9999,90,NAO,BUSCA,SEM_COMPRA,nao_encontrou_continuacao,2,0.0202
ATD-000730,11,2026-07-07 08:50:00,Estou procurando um título específico e quero saber se está disponível.,titulo_especifico,PROPRIO,Fantasia,épico,DIGITAL,24.77,4,4,DIGITAL,21.10,9999,90,SIM,PEDIDO_CONFIRMADO,VENDA_CONCLUIDA,,4,0.0540
ATD-000731,48,2026-07-07 10:28:00,Preciso de um livro para dar de presente e não sei qual escolher.,presente,PRESENTE,Fantasia,esperançoso,DIGITAL,30.68,,2,DIGITAL,15.00,9999,65,NAO,RECOMENDACAO,SEM_COMPRA,recomendacao_nao_combinou,3,0.0296
ATD-000732,85,2026-07-07 11:45:00,Estou procurando um título específico e quero saber se está disponível.,titulo_especifico,PROPRIO,Ficção científica,reflexivo,FISICO,47.04,47,47,FISICO,30.65,14,90,SIM,PEDIDO_CONFIRMADO,VENDA_CONCLUIDA,,4,0.0150
ATD-000733,122,2026-07-07 12:30:00,"Quero continuar uma saga que comecei, mas não sei qual é o próximo volume.",continuacao_de_saga,PROPRIO,Ficção científica,reflexivo,FISICO,46.21,,46,FISICO,27.60,7,87,SIM,PEDIDO_CONFIRMADO,VENDA_CONCLUIDA,,5,0.0484
ATD-000734,159,2026-07-07 14:23:00,Preciso de um livro para dar de presente e não sei qual escolher.,presente,PRESENTE,Fantasia,épico,DIGITAL,29.50,,6,DIGITAL,20.20,9999,65,NAO,RECOMENDACAO,SEM_COMPRA,recomendacao_nao_combinou,3,0.0238
ATD-000735,196,2026-07-07 15:21:00,Preciso de um livro para dar de presente e não sei qual escolher.,presente,PRESENTE,Ficção histórica,melancólico,FISICO,38.72,,30,FISICO,25.00,15,65,NAO,RECOMENDACAO,SEM_COMPRA,recomendacao_nao_combinou,4,0.0478
ATD-000736,233,2026-07-07 16:29:00,Quero algo parecido com os livros que costumo ler.,livro_parecido,PROPRIO,Aventura,aventureiro,FISICO,33.63,,17,FISICO,24.55,20,65,SIM,PEDIDO_CONFIRMADO,VENDA_CONCLUIDA,,5,0.0484
ATD-000737,270,2026-07-07 17:45:00,"Quero continuar uma saga que comecei, mas não sei qual é o próximo volume.",continuacao_de_saga,PROPRIO,Ficção científica,reflexivo,DIGITAL,46.46,,46,DIGITAL,17.60,9999,90,NAO,RECOMENDACAO,SEM_COMPRA,recomendacao_nao_combinou,3,0.0468
ATD-000738,307,2026-07-07 18:56:00,"Quero continuar uma saga que comecei, mas não sei qual é o próximo volume.",continuacao_de_saga,PROPRIO,Fantasia,esperançoso,DIGITAL,18.81,,10,DIGITAL,16.30,9999,90,NAO,BUSCA,SEM_COMPRA,nao_encontrou_continuacao,3,0.0259
ATD-000739,344,2026-07-07 19:51:00,Preciso de um livro para dar de presente e não sei qual escolher.,presente,PRESENTE,Fantasia,épico,DIGITAL,25.94,,45,DIGITAL,14.55,9999,65,NAO,RECOMENDACAO,SEM_COMPRA,recomendacao_nao_combinou,4,0.0126
ATD-000740,381,2026-07-07 20:56:00,Quero algo parecido com os livros que costumo ler.,livro_parecido,PROPRIO,Aventura,aventureiro,DIGITAL,43.71,,18,DIGITAL,17.60,9999,65,NAO,RECOMENDACAO,SEM_COMPRA,apenas_pesquisando,4,0.0432
ATD-000741,418,2026-07-07 21:57:00,Preciso de um livro para dar de presente e não sei qual escolher.,presente,PRESENTE,Fantasia,épico,FISICO,28.87,,20,FISICO,33.70,17,65,NAO,RECOMENDACAO,SEM_COMPRA,preco_acima_do_orcamento,3,0.0320
ATD-000742,455,2026-07-07 23:48:00,Quero algo parecido com os livros que costumo ler.,livro_parecido,PROPRIO,Fantasia,esperançoso,FISICO,35.13,,12,FISICO,32.40,9,64,NAO,RECOMENDACAO,SEM_COMPRA,recomendacao_nao_combinou,3,0.0139
ATD-000743,492,2026-07-08 00:15:00,Quero algo parecido com os livros que costumo ler.,livro_parecido,PROPRIO,Fantasia,esperançoso,DIGITAL,13.68,,3,DIGITAL,18.05,9999,65,SIM,PEDIDO_CONFIRMADO,VENDA_CONCLUIDA,,4,0.0309
ATD-000744,529,2026-07-08 01:47:00,Estou procurando um título específico e quero saber se está disponível.,titulo_especifico,PROPRIO,Fantasia,épico,DIGITAL,37.76,9,9,DIGITAL,13.25,9999,90,SIM,PEDIDO_CONFIRMADO,VENDA_CONCLUIDA,,5,0.0487
ATD-000745,566,2026-07-08 03:08:00,Quero experimentar um gênero novo sem pegar um livro muito difícil.,explorar_novo_genero,PROPRIO,Ficção histórica,melancólico,DIGITAL,28.07,,34,DIGITAL,20.20,9999,65,NAO,RECOMENDACAO,SEM_COMPRA,recomendacao_nao_combinou,4,0.0216
ATD-000746,603,2026-07-08 03:51:00,Estou procurando um título específico e quero saber se está disponível.,titulo_especifico,PROPRIO,Fantasia,esperançoso,DIGITAL,21.75,1,1,DIGITAL,11.95,9999,90,NAO,RECOMENDACAO,SEM_COMPRA,recomendacao_nao_combinou,2,0.0263
ATD-000747,640,2026-07-08 05:31:00,Quero experimentar um gênero novo sem pegar um livro muito difícil.,explorar_novo_genero,PROPRIO,Ficção científica,reflexivo,DIGITAL,40.16,,47,DIGITAL,20.65,9999,65,SIM,PEDIDO_CONFIRMADO,VENDA_CONCLUIDA,,4,0.0531
ATD-000748,677,2026-07-08 06:55:00,Quero algo parecido com os livros que costumo ler.,livro_parecido,PROPRIO,Fantasia,esperançoso,DIGITAL,43.43,,3,DIGITAL,18.05,9999,65,NAO,RECOMENDACAO,SEM_COMPRA,recomendacao_nao_combinou,3,0.0372
ATD-000749,714,2026-07-08 07:34:00,"Quero continuar uma saga que comecei, mas não sei qual é o próximo volume.",continuacao_de_saga,PROPRIO,Mistério,intrigante,DIGITAL,37.44,,22,DIGITAL,13.70,9999,90,SIM,PEDIDO_CONFIRMADO,VENDA_CONCLUIDA,,5,0.0372
ATD-000750,751,2026-07-08 09:13:00,Estou procurando um título específico e quero saber se está disponível.,titulo_especifico,PROPRIO,Fantasia,épico,DIGITAL,12.58,9,9,DIGITAL,13.25,9999,90,NAO,RECOMENDACAO,SEM_COMPRA,preco_acima_do_orcamento,3,0.0526
ATD-000751,788,2026-07-08 10:24:00,Quero algo parecido com os livros que costumo ler.,livro_parecido,PROPRIO,Romance,emocional,DIGITAL,16.25,,7,DIGITAL,14.15,9999,65,NAO,RECOMENDACAO,SEM_COMPRA,recomendacao_nao_combinou,4,0.0243
ATD-000752,825,2026-07-08 11:37:00,"Quero continuar uma saga que comecei, mas não sei qual é o próximo volume.",continuacao_de_saga,PROPRIO,Ficção histórica,melancólico,DIGITAL,27.87,35,36,DIGITAL,17.20,9999,90,NAO,BUSCA,SEM_COMPRA,nao_encontrou_continuacao,3,0.0175
ATD-000753,862,2026-07-08 12:52:00,"Quero continuar uma saga que comecei, mas não sei qual é o próximo volume.",continuacao_de_saga,PROPRIO,Aventura,aventureiro,FISICO,35.23,18,19,FISICO,30.65,10,90,SIM,PEDIDO_CONFIRMADO,VENDA_CONCLUIDA,,5,0.0348
ATD-000754,899,2026-07-08 13:16:00,Quero experimentar um gênero novo sem pegar um livro muito difícil.,explorar_novo_genero,PROPRIO,Fantasia,épico,FISICO,23.64,,9,FISICO,23.25,12,65,SIM,CHECKOUT,SEM_COMPRA,abandono_no_checkout,3,0.0256
ATD-000755,936,2026-07-08 15:02:00,Quero algo parecido com os livros que costumo ler.,livro_parecido,PROPRIO,Drama,emocional,DIGITAL,47.72,,41,DIGITAL,18.45,9999,65,SIM,PEDIDO_CONFIRMADO,VENDA_CONCLUIDA,,5,0.0526
ATD-000756,973,2026-07-08 15:51:00,Quero algo parecido com os livros que costumo ler.,livro_parecido,PROPRIO,Fantasia,esperançoso,DIGITAL,22.82,,1,DIGITAL,11.95,9999,65,NAO,RECOMENDACAO,SEM_COMPRA,recomendacao_nao_combinou,3,0.0229
ATD-000757,10,2026-07-08 17:11:00,Estou procurando um título específico e quero saber se está disponível.,titulo_especifico,PROPRIO,Aventura,aventureiro,FISICO,32.68,17,17,FISICO,24.55,20,90,SIM,PEDIDO_CONFIRMADO,VENDA_CONCLUIDA,,4,0.0298
ATD-000758,47,2026-07-08 18:43:00,"Quero continuar uma saga que comecei, mas não sei qual é o próximo volume.",continuacao_de_saga,PROPRIO,Ficção histórica,melancólico,FISICO,42.73,,33,FISICO,27.15,12,90,SIM,PEDIDO_CONFIRMADO,VENDA_CONCLUIDA,,4,0.0152
ATD-000759,84,2026-07-08 19:56:00,"Quero continuar uma saga que comecei, mas não sei qual é o próximo volume.",continuacao_de_saga,PROPRIO,Ficção histórica,melancólico,DIGITAL,35.61,36,33,DIGITAL,17.15,9999,90,NAO,BUSCA,SEM_COMPRA,nao_encontrou_continuacao,2,0.0198
ATD-000760,121,2026-07-08 21:02:00,Quero algo parecido com os livros que costumo ler.,livro_parecido,PROPRIO,Aventura,aventureiro,DIGITAL,14.20,,18,DIGITAL,17.60,9999,65,NAO,RECOMENDACAO,SEM_COMPRA,preco_acima_do_orcamento,3,0.0531
ATD-000761,158,2026-07-08 21:52:00,"Quero continuar uma saga que comecei, mas não sei qual é o próximo volume.",continuacao_de_saga,PROPRIO,Aventura,aventureiro,DIGITAL,34.11,18,18,DIGITAL,17.60,9999,90,NAO,RECOMENDACAO,SEM_COMPRA,apenas_pesquisando,4,0.0448
ATD-000762,195,2026-07-08 22:59:00,"Quero continuar uma saga que comecei, mas não sei qual é o próximo volume.",continuacao_de_saga,PROPRIO,Ficção histórica,melancólico,FISICO,40.93,35,35,FISICO,24.15,2,82,SIM,CHECKOUT,SEM_COMPRA,abandono_no_checkout,3,0.0512
ATD-000763,232,2026-07-09 00:20:00,"Quero continuar uma saga que comecei, mas não sei qual é o próximo volume.",continuacao_de_saga,PROPRIO,Ficção científica,reflexivo,DIGITAL,19.07,47,47,DIGITAL,20.65,9999,90,NAO,RECOMENDACAO,SEM_COMPRA,preco_acima_do_orcamento,2,0.0244
ATD-000764,269,2026-07-09 01:49:00,"Quero continuar uma saga que comecei, mas não sei qual é o próximo volume.",continuacao_de_saga,PROPRIO,Fantasia,esperançoso,DIGITAL,32.81,10,10,DIGITAL,16.30,9999,90,SIM,PEDIDO_CONFIRMADO,VENDA_CONCLUIDA,,5,0.0518
ATD-000765,306,2026-07-09 02:40:00,Quero algo parecido com os livros que costumo ler.,livro_parecido,PROPRIO,Aventura,aventureiro,FISICO,27.18,,30,FISICO,25.00,15,65,SIM,PEDIDO_CONFIRMADO,VENDA_CONCLUIDA,,5,0.0453
ATD-000766,343,2026-07-09 03:28:00,Estou procurando um título específico e quero saber se está disponível.,titulo_especifico,PROPRIO,Ficção histórica,melancólico,FISICO,21.79,35,35,FISICO,24.15,2,90,NAO,RECOMENDACAO,SEM_COMPRA,preco_acima_do_orcamento,3,0.0143
ATD-000767,380,2026-07-09 05:01:00,Estou procurando um título específico e quero saber se está disponível.,titulo_especifico,PROPRIO,Aventura,inspirador,FISICO,31.80,19,19,FISICO,30.65,10,90,SIM,PEDIDO_CONFIRMADO,VENDA_CONCLUIDA,,5,0.0478
ATD-000768,417,2026-07-09 06:29:00,"Quero continuar uma saga que comecei, mas não sei qual é o próximo volume.",continuacao_de_saga,PROPRIO,Fantasia,esperançoso,DIGITAL,42.37,12,10,DIGITAL,16.30,9999,90,NAO,BUSCA,SEM_COMPRA,nao_encontrou_continuacao,4,0.0262
ATD-000769,454,2026-07-09 07:00:00,Preciso de um livro para dar de presente e não sei qual escolher.,presente,PRESENTE,Ficção científica,reflexivo,FISICO,47.50,,22,FISICO,23.70,7,62,SIM,PEDIDO_CONFIRMADO,VENDA_CONCLUIDA,,4,0.0330
ATD-000770,491,2026-07-09 08:45:00,Preciso de um livro para dar de presente e não sei qual escolher.,presente,PRESENTE,Ficção histórica,melancólico,FISICO,23.56,,42,FISICO,22.40,3,58,NAO,RECOMENDACAO,SEM_COMPRA,recomendacao_nao_combinou,3,0.0244
ATD-000771,528,2026-07-09 09:48:00,Quero algo parecido com os livros que costumo ler.,livro_parecido,PROPRIO,Fantasia,épico,FISICO,12.53,,3,FISICO,28.05,18,65,SIM,PEDIDO_CONFIRMADO,VENDA_CONCLUIDA,,4,0.0439
ATD-000772,565,2026-07-09 11:16:00,Preciso de um livro para dar de presente e não sei qual escolher.,presente,PRESENTE,Aventura,inspirador,FISICO,28.78,,10,FISICO,26.30,19,65,NAO,RECOMENDACAO,SEM_COMPRA,recomendacao_nao_combinou,3,0.0163
ATD-000773,602,2026-07-09 12:17:00,Quero algo parecido com os livros que costumo ler.,livro_parecido,PROPRIO,Aventura,inspirador,DIGITAL,24.31,,17,DIGITAL,14.55,9999,65,SIM,PEDIDO_CONFIRMADO,VENDA_CONCLUIDA,,4,0.0229
ATD-000774,639,2026-07-09 13:17:00,Quero experimentar um gênero novo sem pegar um livro muito difícil.,explorar_novo_genero,PROPRIO,Mistério,intrigante,DIGITAL,41.09,,24,DIGITAL,19.80,9999,65,SIM,PEDIDO_CONFIRMADO,VENDA_CONCLUIDA,,5,0.0555
ATD-000775,676,2026-07-09 14:13:00,Quero algo parecido com os livros que costumo ler.,livro_parecido,PROPRIO,Aventura,aventureiro,FISICO,31.02,,20,FISICO,33.70,17,65,NAO,RECOMENDACAO,SEM_COMPRA,preco_acima_do_orcamento,3,0.0176
ATD-000776,713,2026-07-09 15:36:00,Quero algo parecido com os livros que costumo ler.,livro_parecido,PROPRIO,Drama,emocional,DIGITAL,22.39,,42,DIGITAL,12.40,9999,65,SIM,PEDIDO_CONFIRMADO,VENDA_CONCLUIDA,,4,0.0422
ATD-000777,750,2026-07-09 17:14:00,"Quero continuar uma saga que comecei, mas não sei qual é o próximo volume.",continuacao_de_saga,PROPRIO,Ficção científica,reflexivo,DIGITAL,18.14,,46,DIGITAL,17.60,9999,90,NAO,RECOMENDACAO,SEM_COMPRA,apenas_pesquisando,3,0.0219
ATD-000778,787,2026-07-09 18:02:00,Quero algo parecido com os livros que costumo ler.,livro_parecido,PROPRIO,Mistério,intrigante,FISICO,42.03,,22,FISICO,23.70,7,62,SIM,PEDIDO_CONFIRMADO,VENDA_CONCLUIDA,,5,0.0299
ATD-000779,824,2026-07-09 19:11:00,Preciso de um livro para dar de presente e não sei qual escolher.,presente,PRESENTE,Romance,emocional,FISICO,47.94,,28,FISICO,25.90,1,56,SIM,PEDIDO_CONFIRMADO,VENDA_CONCLUIDA,,5,0.0357
ATD-000780,861,2026-07-09 20:44:00,"Quero continuar uma saga que comecei, mas não sei qual é o próximo volume.",continuacao_de_saga,PROPRIO,Ficção histórica,melancólico,FISICO,13.29,35,33,FISICO,27.15,12,90,NAO,BUSCA,SEM_COMPRA,nao_encontrou_continuacao,1,0.0358
ATD-000781,898,2026-07-09 21:42:00,Quero experimentar um gênero novo sem pegar um livro muito difícil.,explorar_novo_genero,PROPRIO,Romance,emocional,DIGITAL,20.31,,7,DIGITAL,14.15,9999,65,NAO,RECOMENDACAO,SEM_COMPRA,recomendacao_nao_combinou,3,0.0311
ATD-000782,935,2026-07-09 22:43:00,Quero algo parecido com os livros que costumo ler.,livro_parecido,PROPRIO,Ficção histórica,melancólico,DIGITAL,44.14,,35,DIGITAL,14.15,9999,65,SIM,PEDIDO_CONFIRMADO,VENDA_CONCLUIDA,,5,0.0153
ATD-000783,972,2026-07-10 00:20:00,Quero algo parecido com os livros que costumo ler.,livro_parecido,PROPRIO,Fantasia,esperançoso,FISICO,30.64,,2,FISICO,25.00,11,65,SIM,PEDIDO_CONFIRMADO,VENDA_CONCLUIDA,,4,0.0194
ATD-000784,9,2026-07-10 00:44:00,Preciso de um livro para dar de presente e não sei qual escolher.,presente,PRESENTE,Ficção histórica,melancólico,DIGITAL,24.47,,20,DIGITAL,23.70,9999,65,NAO,RECOMENDACAO,SEM_COMPRA,recomendacao_nao_combinou,3,0.0276
ATD-000785,46,2026-07-10 02:28:00,"Quero continuar uma saga que comecei, mas não sei qual é o próximo volume.",continuacao_de_saga,PROPRIO,Romance,emocional,FISICO,40.86,16,16,FISICO,28.50,13,90,SIM,PEDIDO_CONFIRMADO,VENDA_CONCLUIDA,,5,0.0428
ATD-000786,83,2026-07-10 03:25:00,"Quero continuar uma saga que comecei, mas não sei qual é o próximo volume.",continuacao_de_saga,PROPRIO,Aventura,inspirador,FISICO,42.60,,30,FISICO,25.00,15,90,NAO,RECOMENDACAO,SEM_COMPRA,recomendacao_nao_combinou,2,0.0182
ATD-000787,120,2026-07-10 05:02:00,"Quero continuar uma saga que comecei, mas não sei qual é o próximo volume.",continuacao_de_saga,PROPRIO,Fantasia,esperançoso,FISICO,42.65,11,12,FISICO,32.40,9,89,NAO,BUSCA,SEM_COMPRA,nao_encontrou_continuacao,4,0.0443
ATD-000788,157,2026-07-10 06:17:00,Preciso de um livro para dar de presente e não sei qual escolher.,presente,PRESENTE,Ficção histórica,melancólico,DIGITAL,15.91,,7,DIGITAL,14.15,9999,65,NAO,RECOMENDACAO,SEM_COMPRA,recomendacao_nao_combinou,3,0.0339
ATD-000789,194,2026-07-10 07:01:00,"Quero continuar uma saga que comecei, mas não sei qual é o próximo volume.",continuacao_de_saga,PROPRIO,Fantasia,épico,DIGITAL,26.32,,3,DIGITAL,18.05,9999,90,NAO,RECOMENDACAO,SEM_COMPRA,recomendacao_nao_combinou,3,0.0500
ATD-000790,231,2026-07-10 08:17:00,Quero experimentar um gênero novo sem pegar um livro muito difícil.,explorar_novo_genero,PROPRIO,Drama,emocional,FISICO,32.59,,43,FISICO,25.45,10,65,NAO,RECOMENDACAO,SEM_COMPRA,apenas_pesquisando,4,0.0284
ATD-000791,268,2026-07-10 09:42:00,Estou procurando um título específico e quero saber se está disponível.,titulo_especifico,PROPRIO,Ficção contemporânea,acolhedor,DIGITAL,42.94,27,27,DIGITAL,21.95,9999,90,SIM,PEDIDO_CONFIRMADO,VENDA_CONCLUIDA,,5,0.0331
ATD-000792,305,2026-07-10 10:52:00,Preciso de um livro para dar de presente e não sei qual escolher.,presente,PRESENTE,Drama,emocional,DIGITAL,44.73,,11,DIGITAL,19.35,9999,65,NAO,RECOMENDACAO,SEM_COMPRA,recomendacao_nao_combinou,4,0.0293
ATD-000793,342,2026-07-10 12:06:00,"Quero continuar uma saga que comecei, mas não sei qual é o próximo volume.",continuacao_de_saga,PROPRIO,Aventura,aventureiro,DIGITAL,39.06,,17,DIGITAL,14.55,9999,90,NAO,BUSCA,SEM_COMPRA,nao_encontrou_continuacao,1,0.0502
ATD-000794,379,2026-07-10 12:38:00,Quero algo parecido com os livros que costumo ler.,livro_parecido,PROPRIO,Aventura,inspirador,DIGITAL,18.32,,19,DIGITAL,20.65,9999,65,NAO,RECOMENDACAO,SEM_COMPRA,preco_acima_do_orcamento,3,0.0143
ATD-000795,416,2026-07-10 13:55:00,"Quero continuar uma saga que comecei, mas não sei qual é o próximo volume.",continuacao_de_saga,PROPRIO,Mistério,intrigante,FISICO,29.77,,23,FISICO,26.75,14,90,NAO,BUSCA,SEM_COMPRA,nao_encontrou_continuacao,2,0.0182
ATD-000796,453,2026-07-10 14:57:00,"Quero continuar uma saga que comecei, mas não sei qual é o próximo volume.",continuacao_de_saga,PROPRIO,Aventura,aventureiro,FISICO,38.55,20,20,FISICO,33.70,17,90,SIM,CHECKOUT,SEM_COMPRA,abandono_no_checkout,3,0.0286
ATD-000797,490,2026-07-10 16:40:00,Quero algo parecido com os livros que costumo ler.,livro_parecido,PROPRIO,Ficção histórica,melancólico,FISICO,47.62,,36,FISICO,27.20,9,64,SIM,PEDIDO_CONFIRMADO,VENDA_CONCLUIDA,,5,0.0403
ATD-000798,527,2026-07-10 17:34:00,"Quero continuar uma saga que comecei, mas não sei qual é o próximo volume.",continuacao_de_saga,PROPRIO,Romance,emocional,FISICO,14.34,14,16,FISICO,28.50,13,90,NAO,BUSCA,SEM_COMPRA,nao_encontrou_continuacao,3,0.0219
ATD-000799,564,2026-07-10 18:40:00,Quero experimentar um gênero novo sem pegar um livro muito difícil.,explorar_novo_genero,PROPRIO,Aventura,aventureiro,FISICO,39.55,,17,FISICO,24.55,20,65,SIM,PEDIDO_CONFIRMADO,VENDA_CONCLUIDA,,5,0.0558
ATD-000800,601,2026-07-10 20:21:00,"Quero continuar uma saga que comecei, mas não sei qual é o próximo volume.",continuacao_de_saga,PROPRIO,Mistério,intrigante,FISICO,29.08,22,23,FISICO,26.75,14,90,NAO,BUSCA,SEM_COMPRA,nao_encontrou_continuacao,3,0.0502
ATD-000801,638,2026-07-10 21:39:00,"Quero continuar uma saga que comecei, mas não sei qual é o próximo volume.",continuacao_de_saga,PROPRIO,Fantasia,esperançoso,FISICO,44.55,10,10,FISICO,26.30,19,90,SIM,PEDIDO_CONFIRMADO,VENDA_CONCLUIDA,,5,0.0530
ATD-000802,675,2026-07-10 22:18:00,Preciso de um livro para dar de presente e não sei qual escolher.,presente,PRESENTE,Ficção histórica,melancólico,DIGITAL,37.17,,8,DIGITAL,17.20,9999,65,NAO,RECOMENDACAO,SEM_COMPRA,recomendacao_nao_combinou,3,0.0323
ATD-000803,712,2026-07-11 00:03:00,Quero experimentar um gênero novo sem pegar um livro muito difícil.,explorar_novo_genero,PROPRIO,Romance,nostálgico,FISICO,43.08,,16,FISICO,28.50,13,65,SIM,PEDIDO_CONFIRMADO,VENDA_CONCLUIDA,,5,0.0295
ATD-000804,749,2026-07-11 00:28:00,"Quero continuar uma saga que comecei, mas não sei qual é o próximo volume.",continuacao_de_saga,PROPRIO,Drama,emocional,DIGITAL,45.94,,42,DIGITAL,12.40,9999,90,NAO,BUSCA,SEM_COMPRA,nao_encontrou_continuacao,2,0.0428
ATD-000805,786,2026-07-11 01:52:00,"Quero continuar uma saga que comecei, mas não sei qual é o próximo volume.",continuacao_de_saga,PROPRIO,Ficção científica,reflexivo,FISICO,41.71,48,46,FISICO,27.60,7,87,SIM,PEDIDO_CONFIRMADO,VENDA_CONCLUIDA,,4,0.0443
ATD-000806,823,2026-07-11 02:48:00,Estou procurando um título específico e quero saber se está disponível.,titulo_especifico,PROPRIO,Aventura,aventureiro,FISICO,35.21,20,20,FISICO,33.70,17,90,SIM,PEDIDO_CONFIRMADO,VENDA_CONCLUIDA,,5,0.0427
ATD-000807,860,2026-07-11 04:16:00,Quero experimentar um gênero novo sem pegar um livro muito difícil.,explorar_novo_genero,PROPRIO,Drama,emocional,DIGITAL,41.22,,42,DIGITAL,12.40,9999,65,SIM,PEDIDO_CONFIRMADO,VENDA_CONCLUIDA,,5,0.0147
ATD-000808,897,2026-07-11 05:55:00,"Quero continuar uma saga que comecei, mas não sei qual é o próximo volume.",continuacao_de_saga,PROPRIO,Romance,nostálgico,DIGITAL,16.66,,5,DIGITAL,17.15,9999,90,NAO,BUSCA,SEM_COMPRA,nao_encontrou_continuacao,3,0.0503
ATD-000809,934,2026-07-11 06:42:00,"Quero continuar uma saga que comecei, mas não sei qual é o próximo volume.",continuacao_de_saga,PROPRIO,Mistério,intrigante,DIGITAL,39.76,24,24,DIGITAL,19.80,9999,90,SIM,PEDIDO_CONFIRMADO,VENDA_CONCLUIDA,,5,0.0547
ATD-000810,971,2026-07-11 08:18:00,"Quero continuar uma saga que comecei, mas não sei qual é o próximo volume.",continuacao_de_saga,PROPRIO,Fantasia,épico,DIGITAL,19.08,,2,DIGITAL,15.00,9999,90,NAO,BUSCA,SEM_COMPRA,nao_encontrou_continuacao,3,0.0123
ATD-000811,8,2026-07-11 08:48:00,"Quero continuar uma saga que comecei, mas não sei qual é o próximo volume.",continuacao_de_saga,PROPRIO,Ficção histórica,melancólico,DIGITAL,21.45,,34,DIGITAL,20.20,9999,90,NAO,BUSCA,SEM_COMPRA,nao_encontrou_continuacao,2,0.0408
ATD-000812,45,2026-07-11 10:19:00,Preciso de um livro para dar de presente e não sei qual escolher.,presente,PRESENTE,Drama,emocional,FISICO,13.33,,10,FISICO,26.30,19,65,NAO,RECOMENDACAO,SEM_COMPRA,preco_acima_do_orcamento,3,0.0350
ATD-000813,82,2026-07-11 11:22:00,Quero algo parecido com os livros que costumo ler.,livro_parecido,PROPRIO,Romance,nostálgico,FISICO,37.30,,5,FISICO,27.15,8,63,SIM,PEDIDO_CONFIRMADO,VENDA_CONCLUIDA,,5,0.0322
ATD-000814,119,2026-07-11 12:26:00,Estou procurando um título específico e quero saber se está disponível.,titulo_especifico,PROPRIO,Fantasia,épico,DIGITAL,28.87,11,11,DIGITAL,19.35,9999,90,NAO,RECOMENDACAO,SEM_COMPRA,recomendacao_nao_combinou,2,0.0376
ATD-000815,156,2026-07-11 13:40:00,Quero algo parecido com os livros que costumo ler.,livro_parecido,PROPRIO,Drama,emocional,DIGITAL,40.01,,43,DIGITAL,15.45,9999,65,SIM,PEDIDO_CONFIRMADO,VENDA_CONCLUIDA,,5,0.0519
ATD-000816,193,2026-07-11 15:21:00,"Quero continuar uma saga que comecei, mas não sei qual é o próximo volume.",continuacao_de_saga,PROPRIO,Ficção científica,reflexivo,FISICO,32.55,48,46,FISICO,27.60,7,87,NAO,BUSCA,SEM_COMPRA,nao_encontrou_continuacao,3,0.0247
ATD-000817,230,2026-07-11 15:56:00,"Quero continuar uma saga que comecei, mas não sei qual é o próximo volume.",continuacao_de_saga,PROPRIO,Ficção contemporânea,acolhedor,DIGITAL,13.29,26,26,DIGITAL,18.90,9999,90,NAO,RECOMENDACAO,SEM_COMPRA,preco_acima_do_orcamento,3,0.0375
ATD-000818,267,2026-07-11 17:18:00,Quero algo parecido com os livros que costumo ler.,livro_parecido,PROPRIO,Aventura,aventureiro,DIGITAL,17.54,,20,DIGITAL,23.70,9999,65,NAO,RECOMENDACAO,SEM_COMPRA,preco_acima_do_orcamento,3,0.0237
ATD-000819,304,2026-07-11 18:36:00,"Quero continuar uma saga que comecei, mas não sei qual é o próximo volume.",continuacao_de_saga,PROPRIO,Ficção histórica,melancólico,DIGITAL,30.13,35,35,DIGITAL,14.15,9999,90,SIM,PEDIDO_CONFIRMADO,VENDA_CONCLUIDA,,5,0.0403
ATD-000820,341,2026-07-11 19:27:00,"Quero continuar uma saga que comecei, mas não sei qual é o próximo volume.",continuacao_de_saga,PROPRIO,Fantasia,épico,DIGITAL,46.51,,37,DIGITAL,13.25,9999,90,NAO,BUSCA,SEM_COMPRA,nao_encontrou_continuacao,1,0.0326
ATD-000821,378,2026-07-11 20:43:00,Preciso de um livro para dar de presente e não sei qual escolher.,presente,PRESENTE,Ficção contemporânea,acolhedor,FISICO,35.29,,13,FISICO,28.45,16,65,NAO,RECOMENDACAO,SEM_COMPRA,recomendacao_nao_combinou,2,0.0276
ATD-000822,415,2026-07-11 22:27:00,"Quero continuar uma saga que comecei, mas não sei qual é o próximo volume.",continuacao_de_saga,PROPRIO,Romance,emocional,DIGITAL,42.80,,13,DIGITAL,18.45,9999,90,NAO,BUSCA,SEM_COMPRA,nao_encontrou_continuacao,3,0.0175
ATD-000823,452,2026-07-11 23:25:00,Quero algo parecido com os livros que costumo ler.,livro_parecido,PROPRIO,Mistério,intrigante,FISICO,37.96,,22,FISICO,23.70,7,62,NAO,RECOMENDACAO,SEM_COMPRA,apenas_pesquisando,4,0.0124
ATD-000824,489,2026-07-12 00:41:00,Quero algo parecido com os livros que costumo ler.,livro_parecido,PROPRIO,Fantasia,épico,DIGITAL,14.07,,4,DIGITAL,21.10,9999,65,NAO,RECOMENDACAO,SEM_COMPRA,preco_acima_do_orcamento,4,0.0258
ATD-000825,526,2026-07-12 01:48:00,Quero algo parecido com os livros que costumo ler.,livro_parecido,PROPRIO,Fantasia,esperançoso,FISICO,14.67,,10,FISICO,26.30,19,65,NAO,RECOMENDACAO,SEM_COMPRA,preco_acima_do_orcamento,3,0.0486
ATD-000826,563,2026-07-12 02:41:00,Quero experimentar um gênero novo sem pegar um livro muito difícil.,explorar_novo_genero,PROPRIO,Ficção contemporânea,acolhedor,FISICO,30.16,,28,FISICO,25.90,1,56,SIM,PEDIDO_CONFIRMADO,VENDA_CONCLUIDA,,5,0.0450
ATD-000827,600,2026-07-12 04:26:00,"Quero continuar uma saga que comecei, mas não sei qual é o próximo volume.",continuacao_de_saga,PROPRIO,Fantasia,épico,FISICO,31.45,2,3,FISICO,28.05,18,90,NAO,BUSCA,SEM_COMPRA,nao_encontrou_continuacao,3,0.0571
ATD-000828,637,2026-07-12 05:07:00,Quero algo parecido com os livros que costumo ler.,livro_parecido,PROPRIO,Fantasia,épico,DIGITAL,22.14,,10,DIGITAL,16.30,9999,65,NAO,RECOMENDACAO,SEM_COMPRA,recomendacao_nao_combinou,4,0.0208
ATD-000829,674,2026-07-12 06:29:00,Quero algo parecido com os livros que costumo ler.,livro_parecido,PROPRIO,Aventura,aventureiro,DIGITAL,41.14,,18,DIGITAL,17.60,9999,65,SIM,PEDIDO_CONFIRMADO,VENDA_CONCLUIDA,,5,0.0170
ATD-000830,711,2026-07-12 07:19:00,"Quero continuar uma saga que comecei, mas não sei qual é o próximo volume.",continuacao_de_saga,PROPRIO,Mistério,intrigante,FISICO,19.13,,22,FISICO,23.70,7,87,NAO,BUSCA,SEM_COMPRA,nao_encontrou_continuacao,3,0.0526
ATD-000831,748,2026-07-12 08:33:00,Estou procurando um título específico e quero saber se está disponível.,titulo_especifico,PROPRIO,Romance,emocional,FISICO,45.79,5,5,FISICO,27.15,8,90,SIM,PEDIDO_CONFIRMADO,VENDA_CONCLUIDA,,4,0.0134
ATD-000832,785,2026-07-12 09:33:00,Quero algo parecido com os livros que costumo ler.,livro_parecido,PROPRIO,Ficção científica,reflexivo,DIGITAL,18.74,,45,DIGITAL,14.55,9999,65,SIM,PEDIDO_CONFIRMADO,VENDA_CONCLUIDA,,5,0.0408
ATD-000833,822,2026-07-12 10:48:00,Quero algo parecido com os livros que costumo ler.,livro_parecido,PROPRIO,Aventura,aventureiro,DIGITAL,18.68,,18,DIGITAL,17.60,9999,65,NAO,RECOMENDACAO,SEM_COMPRA,recomendacao_nao_combinou,3,0.0486
ATD-000834,859,2026-07-12 12:12:00,"Quero continuar uma saga que comecei, mas não sei qual é o próximo volume.",continuacao_de_saga,PROPRIO,Fantasia,épico,FISICO,26.58,,39,FISICO,29.35,6,86,SIM,PEDIDO_CONFIRMADO,VENDA_CONCLUIDA,,4,0.0155
ATD-000835,896,2026-07-12 13:54:00,Preciso de um livro para dar de presente e não sei qual escolher.,presente,PRESENTE,Ficção contemporânea,acolhedor,FISICO,25.14,,3,FISICO,28.05,18,65,NAO,RECOMENDACAO,SEM_COMPRA,preco_acima_do_orcamento,3,0.0478
ATD-000836,933,2026-07-12 14:44:00,Quero experimentar um gênero novo sem pegar um livro muito difícil.,explorar_novo_genero,PROPRIO,Drama,emocional,DIGITAL,22.48,,41,DIGITAL,18.45,9999,65,SIM,CHECKOUT,SEM_COMPRA,abandono_no_checkout,3,0.0332
ATD-000837,970,2026-07-12 15:31:00,Quero algo parecido com os livros que costumo ler.,livro_parecido,PROPRIO,Ficção científica,reflexivo,DIGITAL,31.58,,46,DIGITAL,17.60,9999,65,SIM,PEDIDO_CONFIRMADO,VENDA_CONCLUIDA,,5,0.0223
ATD-000838,7,2026-07-12 17:14:00,"Quero continuar uma saga que comecei, mas não sei qual é o próximo volume.",continuacao_de_saga,PROPRIO,Romance,nostálgico,FISICO,36.06,8,6,FISICO,30.20,15,90,NAO,RECOMENDACAO,SEM_COMPRA,recomendacao_nao_combinou,3,0.0332
ATD-000839,44,2026-07-12 18:17:00,Quero algo parecido com os livros que costumo ler.,livro_parecido,PROPRIO,Romance,emocional,FISICO,27.08,,15,FISICO,25.45,6,61,NAO,RECOMENDACAO,SEM_COMPRA,recomendacao_nao_combinou,2,0.0196
ATD-000840,81,2026-07-12 19:49:00,"Quero continuar uma saga que comecei, mas não sei qual é o próximo volume.",continuacao_de_saga,PROPRIO,Drama,emocional,DIGITAL,38.69,42,42,DIGITAL,12.40,9999,90,SIM,PEDIDO_CONFIRMADO,VENDA_CONCLUIDA,,5,0.0356
ATD-000841,118,2026-07-12 20:13:00,Estou procurando um título específico e quero saber se está disponível.,titulo_especifico,PROPRIO,Aventura,inspirador,FISICO,39.14,20,20,FISICO,33.70,17,90,NAO,RECOMENDACAO,SEM_COMPRA,recomendacao_nao_combinou,4,0.0445
ATD-000842,155,2026-07-12 22:12:00,Preciso de um livro para dar de presente e não sei qual escolher.,presente,PRESENTE,Ficção científica,reflexivo,DIGITAL,37.89,,20,DIGITAL,23.70,9999,65,NAO,RECOMENDACAO,SEM_COMPRA,recomendacao_nao_combinou,3,0.0500
ATD-000843,192,2026-07-12 23:10:00,"Quero continuar uma saga que comecei, mas não sei qual é o próximo volume.",continuacao_de_saga,PROPRIO,Romance,emocional,DIGITAL,15.32,14,16,DIGITAL,18.50,9999,90,NAO,BUSCA,SEM_COMPRA,nao_encontrou_continuacao,4,0.0189
ATD-000844,229,2026-07-13 00:23:00,"Quero continuar uma saga que comecei, mas não sei qual é o próximo volume.",continuacao_de_saga,PROPRIO,Aventura,inspirador,DIGITAL,42.92,30,30,DIGITAL,15.00,9999,90,SIM,PEDIDO_CONFIRMADO,VENDA_CONCLUIDA,,4,0.0265
ATD-000845,266,2026-07-13 01:16:00,"Quero continuar uma saga que comecei, mas não sei qual é o próximo volume.",continuacao_de_saga,PROPRIO,Romance,emocional,FISICO,29.98,,13,FISICO,28.45,16,90,NAO,BUSCA,SEM_COMPRA,nao_encontrou_continuacao,3,0.0351
ATD-000846,303,2026-07-13 02:39:00,"Quero continuar uma saga que comecei, mas não sei qual é o próximo volume.",continuacao_de_saga,PROPRIO,Fantasia,épico,DIGITAL,33.80,2,2,DIGITAL,15.00,9999,90,SIM,PEDIDO_CONFIRMADO,VENDA_CONCLUIDA,,5,0.0481
ATD-000847,340,2026-07-13 03:40:00,"Quero continuar uma saga que comecei, mas não sei qual é o próximo volume.",continuacao_de_saga,PROPRIO,Romance,emocional,DIGITAL,24.07,15,15,DIGITAL,15.45,9999,90,SIM,PEDIDO_CONFIRMADO,VENDA_CONCLUIDA,,5,0.0445
ATD-000848,377,2026-07-13 05:18:00,"Quero continuar uma saga que comecei, mas não sei qual é o próximo volume.",continuacao_de_saga,PROPRIO,Ficção científica,reflexivo,FISICO,39.41,46,46,FISICO,27.60,7,90,SIM,CHECKOUT,SEM_COMPRA,abandono_no_checkout,4,0.0247
ATD-000849,414,2026-07-13 06:13:00,"Quero continuar uma saga que comecei, mas não sei qual é o próximo volume.",continuacao_de_saga,PROPRIO,Fantasia,épico,DIGITAL,32.15,,38,DIGITAL,16.30,9999,90,NAO,BUSCA,SEM_COMPRA,nao_encontrou_continuacao,2,0.0488
ATD-000850,451,2026-07-13 07:17:00,Preciso de um livro para dar de presente e não sei qual escolher.,presente,PRESENTE,Ficção contemporânea,acolhedor,FISICO,33.42,,19,FISICO,30.65,10,65,NAO,RECOMENDACAO,SEM_COMPRA,recomendacao_nao_combinou,2,0.0404
ATD-000851,488,2026-07-13 08:19:00,Quero algo parecido com os livros que costumo ler.,livro_parecido,PROPRIO,Aventura,inspirador,DIGITAL,30.81,,17,DIGITAL,14.55,9999,65,SIM,PEDIDO_CONFIRMADO,VENDA_CONCLUIDA,,5,0.0150
ATD-000852,525,2026-07-13 09:33:00,"Quero continuar uma saga que comecei, mas não sei qual é o próximo volume.",continuacao_de_saga,PROPRIO,Ficção contemporânea,acolhedor,FISICO,42.78,27,28,FISICO,25.90,1,81,NAO,BUSCA,SEM_COMPRA,nao_encontrou_continuacao,3,0.0173
ATD-000853,562,2026-07-13 11:01:00,Quero algo parecido com os livros que costumo ler.,livro_parecido,PROPRIO,Ficção contemporânea,acolhedor,DIGITAL,40.09,,28,DIGITAL,15.90,9999,65,SIM,PEDIDO_CONFIRMADO,VENDA_CONCLUIDA,,4,0.0148
ATD-000854,599,2026-07-13 11:36:00,"Quero continuar uma saga que comecei, mas não sei qual é o próximo volume.",continuacao_de_saga,PROPRIO,Mistério,intrigante,DIGITAL,12.02,24,24,DIGITAL,19.80,9999,90,NAO,RECOMENDACAO,SEM_COMPRA,preco_acima_do_orcamento,1,0.0212
ATD-000855,636,2026-07-13 13:01:00,Preciso de um livro para dar de presente e não sei qual escolher.,presente,PRESENTE,Aventura,aventureiro,DIGITAL,12.18,,4,DIGITAL,21.10,9999,65,NAO,RECOMENDACAO,SEM_COMPRA,preco_acima_do_orcamento,2,0.0133
ATD-000856,673,2026-07-13 13:58:00,Quero algo parecido com os livros que costumo ler.,livro_parecido,PROPRIO,Fantasia,esperançoso,FISICO,18.04,,2,FISICO,25.00,11,65,NAO,RECOMENDACAO,SEM_COMPRA,preco_acima_do_orcamento,4,0.0425
ATD-000857,710,2026-07-13 15:22:00,Estou procurando um título específico e quero saber se está disponível.,titulo_especifico,PROPRIO,Mistério,intrigante,FISICO,31.17,24,22,FISICO,23.70,7,62,NAO,BUSCA,SEM_COMPRA,livro_procurado_sem_estoque,1,0.0283
ATD-000858,747,2026-07-13 16:43:00,Quero algo parecido com os livros que costumo ler.,livro_parecido,PROPRIO,Fantasia,épico,FISICO,45.38,,37,FISICO,23.25,16,65,SIM,PEDIDO_CONFIRMADO,VENDA_CONCLUIDA,,4,0.0453
ATD-000859,784,2026-07-13 17:48:00,Preciso de um livro para dar de presente e não sei qual escolher.,presente,PRESENTE,Aventura,inspirador,DIGITAL,22.75,,36,DIGITAL,17.20,9999,65,NAO,RECOMENDACAO,SEM_COMPRA,recomendacao_nao_combinou,3,0.0457
ATD-000860,821,2026-07-13 19:13:00,Quero experimentar um gênero novo sem pegar um livro muito difícil.,explorar_novo_genero,PROPRIO,Aventura,aventureiro,DIGITAL,16.80,,20,DIGITAL,23.70,9999,65,NAO,RECOMENDACAO,SEM_COMPRA,preco_acima_do_orcamento,4,0.0234
ATD-000861,858,2026-07-13 20:28:00,Quero experimentar um gênero novo sem pegar um livro muito difícil.,explorar_novo_genero,PROPRIO,Drama,emocional,DIGITAL,20.74,,44,DIGITAL,18.50,9999,65,NAO,RECOMENDACAO,SEM_COMPRA,recomendacao_nao_combinou,3,0.0179
ATD-000862,895,2026-07-13 21:39:00,Preciso de um livro para dar de presente e não sei qual escolher.,presente,PRESENTE,Romance,emocional,DIGITAL,26.30,,33,DIGITAL,17.15,9999,65,NAO,RECOMENDACAO,SEM_COMPRA,recomendacao_nao_combinou,3,0.0415
ATD-000863,932,2026-07-13 22:27:00,Estou procurando um título específico e quero saber se está disponível.,titulo_especifico,PROPRIO,Drama,emocional,FISICO,19.71,43,43,FISICO,25.45,10,90,NAO,RECOMENDACAO,SEM_COMPRA,preco_acima_do_orcamento,4,0.0546
ATD-000864,969,2026-07-14 00:02:00,Quero algo parecido com os livros que costumo ler.,livro_parecido,PROPRIO,Fantasia,esperançoso,FISICO,39.81,,37,FISICO,23.25,16,65,NAO,RECOMENDACAO,SEM_COMPRA,recomendacao_nao_combinou,2,0.0409
ATD-000865,6,2026-07-14 00:54:00,Quero experimentar um gênero novo sem pegar um livro muito difícil.,explorar_novo_genero,PROPRIO,Ficção científica,reflexivo,DIGITAL,47.46,,48,DIGITAL,23.70,9999,65,SIM,CHECKOUT,SEM_COMPRA,abandono_no_checkout,3,0.0300
ATD-000866,43,2026-07-14 02:06:00,"Quero continuar uma saga que comecei, mas não sei qual é o próximo volume.",continuacao_de_saga,PROPRIO,Ficção histórica,melancólico,DIGITAL,13.76,35,36,DIGITAL,17.20,9999,90,NAO,BUSCA,SEM_COMPRA,nao_encontrou_continuacao,4,0.0220
ATD-000867,80,2026-07-14 03:35:00,Quero experimentar um gênero novo sem pegar um livro muito difícil.,explorar_novo_genero,PROPRIO,Ficção histórica,melancólico,DIGITAL,46.43,,34,DIGITAL,20.20,9999,65,NAO,RECOMENDACAO,SEM_COMPRA,recomendacao_nao_combinou,3,0.0337
ATD-000868,117,2026-07-14 04:44:00,Quero experimentar um gênero novo sem pegar um livro muito difícil.,explorar_novo_genero,PROPRIO,Ficção científica,reflexivo,FISICO,24.94,,46,FISICO,27.60,7,62,NAO,RECOMENDACAO,SEM_COMPRA,preco_acima_do_orcamento,2,0.0548
ATD-000869,154,2026-07-14 05:55:00,Quero experimentar um gênero novo sem pegar um livro muito difícil.,explorar_novo_genero,PROPRIO,Romance,emocional,FISICO,39.22,,13,FISICO,28.45,16,65,SIM,PEDIDO_CONFIRMADO,VENDA_CONCLUIDA,,5,0.0562
ATD-000870,191,2026-07-14 06:36:00,Quero algo parecido com os livros que costumo ler.,livro_parecido,PROPRIO,Ficção histórica,melancólico,DIGITAL,22.47,,34,DIGITAL,20.20,9999,65,SIM,CHECKOUT,SEM_COMPRA,abandono_no_checkout,2,0.0443
ATD-000871,228,2026-07-14 07:53:00,"Quero continuar uma saga que comecei, mas não sei qual é o próximo volume.",continuacao_de_saga,PROPRIO,Ficção contemporânea,acolhedor,DIGITAL,39.80,26,26,DIGITAL,18.90,9999,90,NAO,RECOMENDACAO,SEM_COMPRA,apenas_pesquisando,1,0.0271
ATD-000872,265,2026-07-14 09:40:00,Quero experimentar um gênero novo sem pegar um livro muito difícil.,explorar_novo_genero,PROPRIO,Drama,emocional,FISICO,13.57,,43,FISICO,25.45,10,65,NAO,RECOMENDACAO,SEM_COMPRA,preco_acima_do_orcamento,2,0.0387
ATD-000873,302,2026-07-14 10:25:00,Quero algo parecido com os livros que costumo ler.,livro_parecido,PROPRIO,Fantasia,épico,FISICO,15.89,,2,FISICO,25.00,11,65,NAO,RECOMENDACAO,SEM_COMPRA,preco_acima_do_orcamento,3,0.0181
ATD-000874,339,2026-07-14 11:37:00,Estou procurando um título específico e quero saber se está disponível.,titulo_especifico,PROPRIO,Romance,emocional,FISICO,45.52,6,6,FISICO,30.20,15,90,NAO,RECOMENDACAO,SEM_COMPRA,recomendacao_nao_combinou,2,0.0404
ATD-000875,376,2026-07-14 12:32:00,Quero algo parecido com os livros que costumo ler.,livro_parecido,PROPRIO,Fantasia,épico,DIGITAL,46.96,,4,DIGITAL,21.10,9999,65,SIM,CHECKOUT,SEM_COMPRA,abandono_no_checkout,2,0.0258
ATD-000876,413,2026-07-14 13:54:00,Quero algo parecido com os livros que costumo ler.,livro_parecido,PROPRIO,Drama,emocional,FISICO,14.13,,44,FISICO,28.50,17,65,NAO,RECOMENDACAO,SEM_COMPRA,preco_acima_do_orcamento,4,0.0342
ATD-000877,450,2026-07-14 15:19:00,Quero algo parecido com os livros que costumo ler.,livro_parecido,PROPRIO,Ficção científica,reflexivo,FISICO,25.06,,46,FISICO,27.60,7,62,SIM,PEDIDO_CONFIRMADO,VENDA_CONCLUIDA,,5,0.0429
ATD-000878,487,2026-07-14 16:11:00,"Quero continuar uma saga que comecei, mas não sei qual é o próximo volume.",continuacao_de_saga,PROPRIO,Romance,emocional,FISICO,44.03,16,16,FISICO,28.50,13,90,SIM,PEDIDO_CONFIRMADO,VENDA_CONCLUIDA,,5,0.0353
ATD-000879,524,2026-07-14 17:18:00,Quero algo parecido com os livros que costumo ler.,livro_parecido,PROPRIO,Ficção contemporânea,acolhedor,DIGITAL,22.71,,26,DIGITAL,18.90,9999,65,NAO,RECOMENDACAO,SEM_COMPRA,apenas_pesquisando,1,0.0288
ATD-000880,561,2026-07-14 18:22:00,Quero algo parecido com os livros que costumo ler.,livro_parecido,PROPRIO,Ficção científica,reflexivo,FISICO,28.44,,46,FISICO,27.60,7,62,SIM,PEDIDO_CONFIRMADO,VENDA_CONCLUIDA,,5,0.0148
ATD-000881,598,2026-07-14 20:09:00,Estou procurando um título específico e quero saber se está disponível.,titulo_especifico,PROPRIO,Mistério,intrigante,DIGITAL,41.36,21,21,DIGITAL,10.65,9999,90,SIM,PEDIDO_CONFIRMADO,VENDA_CONCLUIDA,,5,0.0433
ATD-000882,635,2026-07-14 20:43:00,Quero algo parecido com os livros que costumo ler.,livro_parecido,PROPRIO,Aventura,inspirador,DIGITAL,12.83,,17,DIGITAL,14.55,9999,65,SIM,PEDIDO_CONFIRMADO,VENDA_CONCLUIDA,,5,0.0210
ATD-000883,672,2026-07-14 22:13:00,Preciso de um livro para dar de presente e não sei qual escolher.,presente,PRESENTE,Mistério,intrigante,DIGITAL,37.06,,4,DIGITAL,21.10,9999,65,SIM,PEDIDO_CONFIRMADO,VENDA_CONCLUIDA,,5,0.0193
ATD-000884,709,2026-07-14 23:26:00,Estou procurando um título específico e quero saber se está disponível.,titulo_especifico,PROPRIO,Mistério,intrigante,FISICO,21.47,21,9,FISICO,23.25,12,10,NAO,BUSCA,SEM_COMPRA,livro_procurado_sem_estoque,4,0.0415
ATD-000885,746,2026-07-15 01:03:00,Preciso de um livro para dar de presente e não sei qual escolher.,presente,PRESENTE,Romance,nostálgico,DIGITAL,45.25,,18,DIGITAL,17.60,9999,65,SIM,PEDIDO_CONFIRMADO,VENDA_CONCLUIDA,,5,0.0183
ATD-000886,783,2026-07-15 02:10:00,Quero algo parecido com os livros que costumo ler.,livro_parecido,PROPRIO,Ficção científica,reflexivo,FISICO,24.55,,47,FISICO,30.65,14,65,NAO,RECOMENDACAO,SEM_COMPRA,preco_acima_do_orcamento,1,0.0148
ATD-000887,820,2026-07-15 03:22:00,"Quero continuar uma saga que comecei, mas não sei qual é o próximo volume.",continuacao_de_saga,PROPRIO,Drama,emocional,FISICO,33.94,44,41,FISICO,28.45,20,90,NAO,BUSCA,SEM_COMPRA,nao_encontrou_continuacao,3,0.0365
ATD-000888,857,2026-07-15 04:35:00,Preciso de um livro para dar de presente e não sei qual escolher.,presente,PRESENTE,Fantasia,esperançoso,DIGITAL,33.60,,23,DIGITAL,16.75,9999,65,NAO,RECOMENDACAO,SEM_COMPRA,recomendacao_nao_combinou,2,0.0399
ATD-000889,894,2026-07-15 05:16:00,"Quero continuar uma saga que comecei, mas não sei qual é o próximo volume.",continuacao_de_saga,PROPRIO,Ficção científica,reflexivo,FISICO,40.86,,47,FISICO,30.65,14,90,NAO,BUSCA,SEM_COMPRA,nao_encontrou_continuacao,3,0.0548
ATD-000890,931,2026-07-15 06:57:00,"Quero continuar uma saga que comecei, mas não sei qual é o próximo volume.",continuacao_de_saga,PROPRIO,Mistério,intrigante,DIGITAL,30.19,24,24,DIGITAL,19.80,9999,90,SIM,PEDIDO_CONFIRMADO,VENDA_CONCLUIDA,,4,0.0487
ATD-000891,968,2026-07-15 07:40:00,"Quero continuar uma saga que comecei, mas não sei qual é o próximo volume.",continuacao_de_saga,PROPRIO,Aventura,inspirador,DIGITAL,14.34,,29,DIGITAL,11.95,9999,90,NAO,BUSCA,SEM_COMPRA,nao_encontrou_continuacao,3,0.0530
ATD-000892,5,2026-07-15 08:56:00,Quero experimentar um gênero novo sem pegar um livro muito difícil.,explorar_novo_genero,PROPRIO,Romance,nostálgico,DIGITAL,41.09,,8,DIGITAL,17.20,9999,65,SIM,PEDIDO_CONFIRMADO,VENDA_CONCLUIDA,,4,0.0366
ATD-000893,42,2026-07-15 10:08:00,"Quero continuar uma saga que comecei, mas não sei qual é o próximo volume.",continuacao_de_saga,PROPRIO,Ficção contemporânea,acolhedor,FISICO,33.72,28,28,FISICO,25.90,1,81,NAO,RECOMENDACAO,SEM_COMPRA,apenas_pesquisando,3,0.0513
ATD-000894,79,2026-07-15 11:33:00,"Quero continuar uma saga que comecei, mas não sei qual é o próximo volume.",continuacao_de_saga,PROPRIO,Drama,emocional,DIGITAL,16.10,,42,DIGITAL,12.40,9999,90,SIM,PEDIDO_CONFIRMADO,VENDA_CONCLUIDA,,5,0.0306
ATD-000895,116,2026-07-15 12:38:00,Quero algo parecido com os livros que costumo ler.,livro_parecido,PROPRIO,Romance,emocional,DIGITAL,13.86,,14,DIGITAL,12.40,9999,65,SIM,PEDIDO_CONFIRMADO,VENDA_CONCLUIDA,,4,0.0438
ATD-000896,153,2026-07-15 13:31:00,Quero experimentar um gênero novo sem pegar um livro muito difícil.,explorar_novo_genero,PROPRIO,Ficção contemporânea,acolhedor,FISICO,32.51,,25,FISICO,25.85,4,59,SIM,PEDIDO_CONFIRMADO,VENDA_CONCLUIDA,,4,0.0170
ATD-000897,190,2026-07-15 15:06:00,"Quero continuar uma saga que comecei, mas não sei qual é o próximo volume.",continuacao_de_saga,PROPRIO,Romance,emocional,DIGITAL,31.27,15,15,DIGITAL,15.45,9999,90,SIM,PEDIDO_CONFIRMADO,VENDA_CONCLUIDA,,4,0.0394
ATD-000898,227,2026-07-15 16:11:00,"Quero continuar uma saga que comecei, mas não sei qual é o próximo volume.",continuacao_de_saga,PROPRIO,Romance,emocional,DIGITAL,35.91,,13,DIGITAL,18.45,9999,90,NAO,BUSCA,SEM_COMPRA,nao_encontrou_continuacao,4,0.0470
ATD-000899,264,2026-07-15 17:32:00,Quero algo parecido com os livros que costumo ler.,livro_parecido,PROPRIO,Aventura,inspirador,DIGITAL,26.72,,18,DIGITAL,17.60,9999,65,NAO,RECOMENDACAO,SEM_COMPRA,recomendacao_nao_combinou,3,0.0153
ATD-000900,301,2026-07-15 18:10:00,Preciso de um livro para dar de presente e não sei qual escolher.,presente,PRESENTE,Fantasia,épico,FISICO,32.90,,30,FISICO,25.00,15,65,NAO,RECOMENDACAO,SEM_COMPRA,recomendacao_nao_combinou,3,0.0131
ATD-000901,338,2026-07-15 19:48:00,"Quero continuar uma saga que comecei, mas não sei qual é o próximo volume.",continuacao_de_saga,PROPRIO,Fantasia,épico,FISICO,13.21,,2,FISICO,25.00,11,90,NAO,BUSCA,SEM_COMPRA,nao_encontrou_continuacao,3,0.0359
ATD-000902,375,2026-07-15 20:52:00,"Quero continuar uma saga que comecei, mas não sei qual é o próximo volume.",continuacao_de_saga,PROPRIO,Ficção científica,reflexivo,FISICO,17.46,47,47,FISICO,30.65,14,90,NAO,RECOMENDACAO,SEM_COMPRA,preco_acima_do_orcamento,3,0.0136
ATD-000903,412,2026-07-15 22:01:00,Preciso de um livro para dar de presente e não sei qual escolher.,presente,PRESENTE,Romance,emocional,DIGITAL,26.29,,17,DIGITAL,14.55,9999,65,SIM,PEDIDO_CONFIRMADO,VENDA_CONCLUIDA,,5,0.0481
ATD-000904,449,2026-07-15 22:49:00,Preciso de um livro para dar de presente e não sei qual escolher.,presente,PRESENTE,Ficção contemporânea,acolhedor,DIGITAL,39.96,,28,DIGITAL,15.90,9999,65,SIM,PEDIDO_CONFIRMADO,VENDA_CONCLUIDA,,5,0.0176
ATD-000905,486,2026-07-16 00:22:00,"Quero continuar uma saga que comecei, mas não sei qual é o próximo volume.",continuacao_de_saga,PROPRIO,Aventura,inspirador,DIGITAL,46.70,30,30,DIGITAL,15.00,9999,90,SIM,PEDIDO_CONFIRMADO,VENDA_CONCLUIDA,,4,0.0499
ATD-000906,523,2026-07-16 01:45:00,Quero experimentar um gênero novo sem pegar um livro muito difícil.,explorar_novo_genero,PROPRIO,Aventura,aventureiro,FISICO,37.22,,19,FISICO,30.65,10,65,NAO,RECOMENDACAO,SEM_COMPRA,apenas_pesquisando,4,0.0570
ATD-000907,560,2026-07-16 02:37:00,Quero experimentar um gênero novo sem pegar um livro muito difícil.,explorar_novo_genero,PROPRIO,Drama,emocional,FISICO,27.65,,41,FISICO,28.45,20,65,NAO,RECOMENDACAO,SEM_COMPRA,preco_acima_do_orcamento,2,0.0577
ATD-000908,597,2026-07-16 03:40:00,"Quero continuar uma saga que comecei, mas não sei qual é o próximo volume.",continuacao_de_saga,PROPRIO,Aventura,aventureiro,DIGITAL,19.32,19,19,DIGITAL,20.65,9999,90,SIM,PEDIDO_CONFIRMADO,VENDA_CONCLUIDA,,4,0.0315
ATD-000909,634,2026-07-16 05:24:00,Quero algo parecido com os livros que costumo ler.,livro_parecido,PROPRIO,Aventura,aventureiro,FISICO,26.99,,19,FISICO,30.65,10,65,NAO,RECOMENDACAO,SEM_COMPRA,preco_acima_do_orcamento,2,0.0496
ATD-000910,671,2026-07-16 05:56:00,"Quero continuar uma saga que comecei, mas não sei qual é o próximo volume.",continuacao_de_saga,PROPRIO,Ficção histórica,melancólico,DIGITAL,34.45,35,33,DIGITAL,17.15,9999,90,NAO,BUSCA,SEM_COMPRA,nao_encontrou_continuacao,2,0.0309
ATD-000911,708,2026-07-16 07:15:00,Estou procurando um título específico e quero saber se está disponível.,titulo_especifico,PROPRIO,Ficção histórica,melancólico,DIGITAL,44.01,34,34,DIGITAL,20.20,9999,90,SIM,PEDIDO_CONFIRMADO,VENDA_CONCLUIDA,,5,0.0186
ATD-000912,745,2026-07-16 08:19:00,Quero experimentar um gênero novo sem pegar um livro muito difícil.,explorar_novo_genero,PROPRIO,Drama,emocional,DIGITAL,30.89,,41,DIGITAL,18.45,9999,65,SIM,PEDIDO_CONFIRMADO,VENDA_CONCLUIDA,,4,0.0317
ATD-000913,782,2026-07-16 09:39:00,Preciso de um livro para dar de presente e não sei qual escolher.,presente,PRESENTE,Mistério,intrigante,FISICO,15.28,,41,FISICO,28.45,20,65,NAO,RECOMENDACAO,SEM_COMPRA,preco_acima_do_orcamento,4,0.0142
ATD-000914,819,2026-07-16 11:05:00,Estou procurando um título específico e quero saber se está disponível.,titulo_especifico,PROPRIO,Fantasia,épico,FISICO,20.89,3,3,FISICO,28.05,18,90,NAO,RECOMENDACAO,SEM_COMPRA,preco_acima_do_orcamento,3,0.0257
ATD-000915,856,2026-07-16 12:35:00,Quero experimentar um gênero novo sem pegar um livro muito difícil.,explorar_novo_genero,PROPRIO,Ficção científica,reflexivo,DIGITAL,13.40,,45,DIGITAL,14.55,9999,65,NAO,RECOMENDACAO,SEM_COMPRA,preco_acima_do_orcamento,4,0.0479
ATD-000916,893,2026-07-16 13:10:00,Estou procurando um título específico e quero saber se está disponível.,titulo_especifico,PROPRIO,Ficção científica,reflexivo,FISICO,32.86,46,46,FISICO,27.60,7,90,SIM,PEDIDO_CONFIRMADO,VENDA_CONCLUIDA,,5,0.0369
ATD-000917,930,2026-07-16 14:54:00,Quero algo parecido com os livros que costumo ler.,livro_parecido,PROPRIO,Fantasia,épico,DIGITAL,40.79,,3,DIGITAL,18.05,9999,65,SIM,PEDIDO_CONFIRMADO,VENDA_CONCLUIDA,,5,0.0255
ATD-000918,967,2026-07-16 15:42:00,"Quero continuar uma saga que comecei, mas não sei qual é o próximo volume.",continuacao_de_saga,PROPRIO,Aventura,inspirador,DIGITAL,30.02,31,31,DIGITAL,18.05,9999,90,SIM,PEDIDO_CONFIRMADO,VENDA_CONCLUIDA,,5,0.0504
ATD-000919,4,2026-07-16 16:58:00,Preciso de um livro para dar de presente e não sei qual escolher.,presente,PRESENTE,Aventura,aventureiro,FISICO,12.08,,9,FISICO,23.25,12,65,NAO,RECOMENDACAO,SEM_COMPRA,preco_acima_do_orcamento,2,0.0476
ATD-000920,41,2026-07-16 17:47:00,Quero algo parecido com os livros que costumo ler.,livro_parecido,PROPRIO,Aventura,aventureiro,DIGITAL,22.80,,29,DIGITAL,11.95,9999,65,SIM,PEDIDO_CONFIRMADO,VENDA_CONCLUIDA,,5,0.0514
ATD-000921,78,2026-07-16 19:26:00,Quero experimentar um gênero novo sem pegar um livro muito difícil.,explorar_novo_genero,PROPRIO,Ficção científica,reflexivo,DIGITAL,41.23,,48,DIGITAL,23.70,9999,65,SIM,PEDIDO_CONFIRMADO,VENDA_CONCLUIDA,,5,0.0394
ATD-000922,115,2026-07-16 20:17:00,Quero experimentar um gênero novo sem pegar um livro muito difícil.,explorar_novo_genero,PROPRIO,Ficção histórica,melancólico,DIGITAL,30.12,,35,DIGITAL,14.15,9999,65,NAO,RECOMENDACAO,SEM_COMPRA,apenas_pesquisando,2,0.0187
ATD-000923,152,2026-07-16 21:40:00,Quero algo parecido com os livros que costumo ler.,livro_parecido,PROPRIO,Fantasia,esperançoso,FISICO,25.73,,10,FISICO,26.30,19,65,NAO,RECOMENDACAO,SEM_COMPRA,recomendacao_nao_combinou,2,0.0323
ATD-000924,189,2026-07-16 22:45:00,Quero algo parecido com os livros que costumo ler.,livro_parecido,PROPRIO,Romance,nostálgico,DIGITAL,26.94,,5,DIGITAL,17.15,9999,65,NAO,RECOMENDACAO,SEM_COMPRA,apenas_pesquisando,2,0.0513
ATD-000925,226,2026-07-17 00:05:00,Quero algo parecido com os livros que costumo ler.,livro_parecido,PROPRIO,Aventura,aventureiro,DIGITAL,16.86,,31,DIGITAL,18.05,9999,65,NAO,RECOMENDACAO,SEM_COMPRA,preco_acima_do_orcamento,2,0.0208
ATD-000926,263,2026-07-17 01:21:00,"Quero continuar uma saga que comecei, mas não sei qual é o próximo volume.",continuacao_de_saga,PROPRIO,Aventura,inspirador,FISICO,38.73,32,32,FISICO,31.10,5,90,SIM,PEDIDO_CONFIRMADO,VENDA_CONCLUIDA,,5,0.0491
ATD-000927,300,2026-07-17 02:31:00,Quero algo parecido com os livros que costumo ler.,livro_parecido,PROPRIO,Ficção histórica,melancólico,DIGITAL,40.92,,34,DIGITAL,20.20,9999,65,SIM,PEDIDO_CONFIRMADO,VENDA_CONCLUIDA,,5,0.0466
ATD-000928,337,2026-07-17 03:55:00,Preciso de um livro para dar de presente e não sei qual escolher.,presente,PRESENTE,Mistério,intrigante,DIGITAL,15.43,,2,DIGITAL,15.00,9999,65,NAO,RECOMENDACAO,SEM_COMPRA,recomendacao_nao_combinou,2,0.0164
ATD-000929,374,2026-07-17 04:43:00,"Quero continuar uma saga que comecei, mas não sei qual é o próximo volume.",continuacao_de_saga,PROPRIO,Ficção histórica,melancólico,FISICO,42.97,34,34,FISICO,30.20,19,90,SIM,CHECKOUT,SEM_COMPRA,abandono_no_checkout,3,0.0218
ATD-000930,411,2026-07-17 06:17:00,"Quero continuar uma saga que comecei, mas não sei qual é o próximo volume.",continuacao_de_saga,PROPRIO,Aventura,aventureiro,DIGITAL,35.17,20,20,DIGITAL,23.70,9999,90,SIM,CHECKOUT,SEM_COMPRA,abandono_no_checkout,3,0.0305
ATD-000931,448,2026-07-17 06:46:00,Quero experimentar um gênero novo sem pegar um livro muito difícil.,explorar_novo_genero,PROPRIO,Ficção histórica,melancólico,FISICO,22.04,,36,FISICO,27.20,9,64,NAO,RECOMENDACAO,SEM_COMPRA,preco_acima_do_orcamento,1,0.0533
ATD-000932,485,2026-07-17 08:16:00,Estou procurando um título específico e quero saber se está disponível.,titulo_especifico,PROPRIO,Ficção científica,reflexivo,DIGITAL,32.09,48,48,DIGITAL,23.70,9999,90,SIM,PEDIDO_CONFIRMADO,VENDA_CONCLUIDA,,5,0.0396
ATD-000933,522,2026-07-17 09:37:00,Estou procurando um título específico e quero saber se está disponível.,titulo_especifico,PROPRIO,Romance,nostálgico,DIGITAL,22.67,7,7,DIGITAL,14.15,9999,90,NAO,RECOMENDACAO,SEM_COMPRA,recomendacao_nao_combinou,4,0.0457
ATD-000934,559,2026-07-17 10:35:00,Quero algo parecido com os livros que costumo ler.,livro_parecido,PROPRIO,Fantasia,esperançoso,DIGITAL,45.15,,4,DIGITAL,21.10,9999,65,SIM,PEDIDO_CONFIRMADO,VENDA_CONCLUIDA,,5,0.0543
ATD-000935,596,2026-07-17 12:15:00,Quero experimentar um gênero novo sem pegar um livro muito difícil.,explorar_novo_genero,PROPRIO,Aventura,inspirador,FISICO,42.23,,30,FISICO,25.00,15,65,NAO,RECOMENDACAO,SEM_COMPRA,apenas_pesquisando,4,0.0499
ATD-000936,633,2026-07-17 13:15:00,"Quero continuar uma saga que comecei, mas não sei qual é o próximo volume.",continuacao_de_saga,PROPRIO,Romance,emocional,DIGITAL,24.92,,15,DIGITAL,15.45,9999,90,NAO,BUSCA,SEM_COMPRA,nao_encontrou_continuacao,2,0.0280
ATD-000937,670,2026-07-17 14:20:00,Preciso de um livro para dar de presente e não sei qual escolher.,presente,PRESENTE,Aventura,inspirador,FISICO,36.57,,6,FISICO,30.20,15,65,SIM,PEDIDO_CONFIRMADO,VENDA_CONCLUIDA,,5,0.0514
ATD-000938,707,2026-07-17 15:02:00,"Quero continuar uma saga que comecei, mas não sei qual é o próximo volume.",continuacao_de_saga,PROPRIO,Romance,nostálgico,DIGITAL,19.75,7,7,DIGITAL,14.15,9999,90,SIM,PEDIDO_CONFIRMADO,VENDA_CONCLUIDA,,5,0.0201
ATD-000939,744,2026-07-17 16:15:00,"Quero continuar uma saga que comecei, mas não sei qual é o próximo volume.",continuacao_de_saga,PROPRIO,Fantasia,épico,DIGITAL,13.31,2,2,DIGITAL,15.00,9999,90,NAO,RECOMENDACAO,SEM_COMPRA,preco_acima_do_orcamento,2,0.0437
ATD-000940,781,2026-07-17 17:41:00,Quero experimentar um gênero novo sem pegar um livro muito difícil.,explorar_novo_genero,PROPRIO,Aventura,aventureiro,FISICO,29.55,,19,FISICO,30.65,10,65,NAO,RECOMENDACAO,SEM_COMPRA,preco_acima_do_orcamento,4,0.0182
ATD-000941,818,2026-07-17 18:34:00,Quero algo parecido com os livros que costumo ler.,livro_parecido,PROPRIO,Fantasia,esperançoso,DIGITAL,25.13,,4,DIGITAL,21.10,9999,65,NAO,RECOMENDACAO,SEM_COMPRA,recomendacao_nao_combinou,2,0.0500
ATD-000942,855,2026-07-17 20:04:00,"Quero continuar uma saga que comecei, mas não sei qual é o próximo volume.",continuacao_de_saga,PROPRIO,Aventura,inspirador,FISICO,28.20,,29,FISICO,21.95,8,88,NAO,BUSCA,SEM_COMPRA,nao_encontrou_continuacao,3,0.0128
ATD-000943,892,2026-07-17 21:12:00,"Quero continuar uma saga que comecei, mas não sei qual é o próximo volume.",continuacao_de_saga,PROPRIO,Ficção contemporânea,acolhedor,DIGITAL,16.07,,26,DIGITAL,18.90,9999,90,NAO,BUSCA,SEM_COMPRA,nao_encontrou_continuacao,2,0.0413
ATD-000944,929,2026-07-17 22:52:00,Estou procurando um título específico e quero saber se está disponível.,titulo_especifico,PROPRIO,Fantasia,esperançoso,DIGITAL,41.01,11,11,DIGITAL,19.35,9999,90,SIM,PEDIDO_CONFIRMADO,VENDA_CONCLUIDA,,5,0.0218
ATD-000945,966,2026-07-17 23:57:00,Quero experimentar um gênero novo sem pegar um livro muito difícil.,explorar_novo_genero,PROPRIO,Ficção científica,reflexivo,FISICO,22.48,,46,FISICO,27.60,7,62,NAO,RECOMENDACAO,SEM_COMPRA,preco_acima_do_orcamento,2,0.0220
ATD-000946,3,2026-07-18 00:52:00,"Quero continuar uma saga que comecei, mas não sei qual é o próximo volume.",continuacao_de_saga,PROPRIO,Romance,nostálgico,FISICO,13.99,8,8,FISICO,27.20,5,85,NAO,RECOMENDACAO,SEM_COMPRA,preco_acima_do_orcamento,1,0.0461
ATD-000947,40,2026-07-18 01:54:00,Estou procurando um título específico e quero saber se está disponível.,titulo_especifico,PROPRIO,Ficção científica,reflexivo,DIGITAL,13.84,47,47,DIGITAL,20.65,9999,90,NAO,RECOMENDACAO,SEM_COMPRA,preco_acima_do_orcamento,3,0.0368
ATD-000948,77,2026-07-18 02:49:00,"Quero continuar uma saga que comecei, mas não sei qual é o próximo volume.",continuacao_de_saga,PROPRIO,Aventura,aventureiro,FISICO,29.88,,19,FISICO,30.65,10,90,NAO,BUSCA,SEM_COMPRA,nao_encontrou_continuacao,4,0.0376
ATD-000949,114,2026-07-18 04:04:00,Quero algo parecido com os livros que costumo ler.,livro_parecido,PROPRIO,Aventura,inspirador,FISICO,16.66,,30,FISICO,25.00,15,65,SIM,PEDIDO_CONFIRMADO,VENDA_CONCLUIDA,,4,0.0253
ATD-000950,151,2026-07-18 05:27:00,Quero experimentar um gênero novo sem pegar um livro muito difícil.,explorar_novo_genero,PROPRIO,Romance,nostálgico,FISICO,42.66,,16,FISICO,28.50,13,65,NAO,RECOMENDACAO,SEM_COMPRA,recomendacao_nao_combinou,2,0.0221
ATD-000951,188,2026-07-18 06:44:00,Estou procurando um título específico e quero saber se está disponível.,titulo_especifico,PROPRIO,Fantasia,épico,DIGITAL,44.29,10,10,DIGITAL,16.30,9999,90,SIM,PEDIDO_CONFIRMADO,VENDA_CONCLUIDA,,5,0.0489
ATD-000952,225,2026-07-18 08:14:00,Quero experimentar um gênero novo sem pegar um livro muito difícil.,explorar_novo_genero,PROPRIO,Mistério,intrigante,DIGITAL,37.65,,23,DIGITAL,16.75,9999,65,NAO,RECOMENDACAO,SEM_COMPRA,recomendacao_nao_combinou,3,0.0432
ATD-000953,262,2026-07-18 09:11:00,"Quero continuar uma saga que comecei, mas não sei qual é o próximo volume.",continuacao_de_saga,PROPRIO,Ficção científica,reflexivo,FISICO,35.64,,46,FISICO,27.60,7,87,NAO,BUSCA,SEM_COMPRA,nao_encontrou_continuacao,4,0.0443
ATD-000954,299,2026-07-18 10:09:00,"Quero continuar uma saga que comecei, mas não sei qual é o próximo volume.",continuacao_de_saga,PROPRIO,Fantasia,esperançoso,FISICO,40.54,11,11,FISICO,29.35,2,90,SIM,PEDIDO_CONFIRMADO,VENDA_CONCLUIDA,,5,0.0164
ATD-000955,336,2026-07-18 11:09:00,Preciso de um livro para dar de presente e não sei qual escolher.,presente,PRESENTE,Ficção científica,reflexivo,DIGITAL,28.63,,2,DIGITAL,15.00,9999,65,NAO,RECOMENDACAO,SEM_COMPRA,recomendacao_nao_combinou,2,0.0480
ATD-000956,373,2026-07-18 12:23:00,Quero algo parecido com os livros que costumo ler.,livro_parecido,PROPRIO,Fantasia,épico,FISICO,26.28,,37,FISICO,23.25,16,65,SIM,PEDIDO_CONFIRMADO,VENDA_CONCLUIDA,,4,0.0198
ATD-000957,410,2026-07-18 14:05:00,Preciso de um livro para dar de presente e não sei qual escolher.,presente,PRESENTE,Aventura,inspirador,DIGITAL,30.73,,1,DIGITAL,11.95,9999,65,NAO,RECOMENDACAO,SEM_COMPRA,recomendacao_nao_combinou,1,0.0209
ATD-000958,447,2026-07-18 15:20:00,Quero algo parecido com os livros que costumo ler.,livro_parecido,PROPRIO,Romance,emocional,FISICO,46.28,,5,FISICO,27.15,8,63,SIM,PEDIDO_CONFIRMADO,VENDA_CONCLUIDA,,5,0.0412
ATD-000959,484,2026-07-18 16:17:00,Quero algo parecido com os livros que costumo ler.,livro_parecido,PROPRIO,Mistério,intrigante,FISICO,46.62,,22,FISICO,23.70,7,62,NAO,RECOMENDACAO,SEM_COMPRA,apenas_pesquisando,3,0.0189
ATD-000960,521,2026-07-18 17:19:00,"Quero continuar uma saga que comecei, mas não sei qual é o próximo volume.",continuacao_de_saga,PROPRIO,Ficção científica,reflexivo,DIGITAL,14.24,,45,DIGITAL,14.55,9999,90,SIM,PEDIDO_CONFIRMADO,VENDA_CONCLUIDA,,4,0.0166
ATD-000961,558,2026-07-18 18:45:00,Quero algo parecido com os livros que costumo ler.,livro_parecido,PROPRIO,Fantasia,esperançoso,DIGITAL,13.09,,3,DIGITAL,18.05,9999,65,NAO,RECOMENDACAO,SEM_COMPRA,recomendacao_nao_combinou,4,0.0222
ATD-000962,595,2026-07-18 19:56:00,Quero algo parecido com os livros que costumo ler.,livro_parecido,PROPRIO,Romance,nostálgico,DIGITAL,13.97,,6,DIGITAL,20.20,9999,65,NAO,RECOMENDACAO,SEM_COMPRA,preco_acima_do_orcamento,3,0.0183
ATD-000963,632,2026-07-18 20:54:00,Quero algo parecido com os livros que costumo ler.,livro_parecido,PROPRIO,Ficção científica,reflexivo,DIGITAL,46.92,,48,DIGITAL,23.70,9999,65,NAO,RECOMENDACAO,SEM_COMPRA,recomendacao_nao_combinou,3,0.0541
ATD-000964,669,2026-07-18 22:10:00,"Quero continuar uma saga que comecei, mas não sei qual é o próximo volume.",continuacao_de_saga,PROPRIO,Ficção contemporânea,acolhedor,DIGITAL,34.84,28,28,DIGITAL,15.90,9999,90,SIM,PEDIDO_CONFIRMADO,VENDA_CONCLUIDA,,4,0.0173
ATD-000965,706,2026-07-18 23:31:00,"Quero continuar uma saga que comecei, mas não sei qual é o próximo volume.",continuacao_de_saga,PROPRIO,Drama,emocional,DIGITAL,26.54,42,43,DIGITAL,15.45,9999,90,NAO,RECOMENDACAO,SEM_COMPRA,recomendacao_nao_combinou,2,0.0322
ATD-000966,743,2026-07-19 00:07:00,Preciso de um livro para dar de presente e não sei qual escolher.,presente,PRESENTE,Romance,emocional,FISICO,40.65,,3,FISICO,28.05,18,65,NAO,RECOMENDACAO,SEM_COMPRA,recomendacao_nao_combinou,3,0.0330
ATD-000967,780,2026-07-19 01:29:00,"Quero continuar uma saga que comecei, mas não sei qual é o próximo volume.",continuacao_de_saga,PROPRIO,Ficção contemporânea,acolhedor,DIGITAL,25.85,28,26,DIGITAL,18.90,9999,90,NAO,BUSCA,SEM_COMPRA,nao_encontrou_continuacao,4,0.0400
ATD-000968,817,2026-07-19 02:56:00,"Quero continuar uma saga que comecei, mas não sei qual é o próximo volume.",continuacao_de_saga,PROPRIO,Ficção científica,reflexivo,DIGITAL,39.76,,46,DIGITAL,17.60,9999,90,NAO,RECOMENDACAO,SEM_COMPRA,recomendacao_nao_combinou,2,0.0235
ATD-000969,854,2026-07-19 04:01:00,Quero algo parecido com os livros que costumo ler.,livro_parecido,PROPRIO,Romance,nostálgico,DIGITAL,20.66,,6,DIGITAL,20.20,9999,65,SIM,PEDIDO_CONFIRMADO,VENDA_CONCLUIDA,,4,0.0436
ATD-000970,891,2026-07-19 05:37:00,Estou procurando um título específico e quero saber se está disponível.,titulo_especifico,PROPRIO,Aventura,aventureiro,DIGITAL,30.75,19,19,DIGITAL,20.65,9999,90,SIM,PEDIDO_CONFIRMADO,VENDA_CONCLUIDA,,5,0.0436
ATD-000971,928,2026-07-19 06:09:00,"Quero continuar uma saga que comecei, mas não sei qual é o próximo volume.",continuacao_de_saga,PROPRIO,Romance,emocional,DIGITAL,46.44,15,15,DIGITAL,15.45,9999,90,SIM,CHECKOUT,SEM_COMPRA,abandono_no_checkout,3,0.0288
ATD-000972,965,2026-07-19 07:41:00,"Quero continuar uma saga que comecei, mas não sei qual é o próximo volume.",continuacao_de_saga,PROPRIO,Fantasia,épico,FISICO,43.95,3,3,FISICO,28.05,18,90,SIM,PEDIDO_CONFIRMADO,VENDA_CONCLUIDA,,5,0.0390
ATD-000973,2,2026-07-19 08:32:00,Quero algo parecido com os livros que costumo ler.,livro_parecido,PROPRIO,Aventura,aventureiro,DIGITAL,15.88,,18,DIGITAL,17.60,9999,65,NAO,RECOMENDACAO,SEM_COMPRA,preco_acima_do_orcamento,3,0.0145
ATD-000974,39,2026-07-19 09:41:00,"Quero continuar uma saga que comecei, mas não sei qual é o próximo volume.",continuacao_de_saga,PROPRIO,Aventura,aventureiro,FISICO,30.07,,18,FISICO,27.60,3,83,NAO,BUSCA,SEM_COMPRA,nao_encontrou_continuacao,3,0.0154
ATD-000975,76,2026-07-19 10:54:00,"Quero continuar uma saga que comecei, mas não sei qual é o próximo volume.",continuacao_de_saga,PROPRIO,Romance,emocional,DIGITAL,30.40,,15,DIGITAL,15.45,9999,90,NAO,BUSCA,SEM_COMPRA,nao_encontrou_continuacao,3,0.0555
ATD-000976,113,2026-07-19 11:59:00,Estou procurando um título específico e quero saber se está disponível.,titulo_especifico,PROPRIO,Aventura,inspirador,DIGITAL,37.84,31,31,DIGITAL,18.05,9999,90,NAO,RECOMENDACAO,SEM_COMPRA,recomendacao_nao_combinou,3,0.0511
ATD-000977,150,2026-07-19 13:26:00,Preciso de um livro para dar de presente e não sei qual escolher.,presente,PRESENTE,Ficção contemporânea,acolhedor,FISICO,18.56,,22,FISICO,23.70,7,62,NAO,RECOMENDACAO,SEM_COMPRA,preco_acima_do_orcamento,3,0.0549
ATD-000978,187,2026-07-19 15:03:00,Preciso de um livro para dar de presente e não sei qual escolher.,presente,PRESENTE,Fantasia,épico,DIGITAL,23.66,,19,DIGITAL,20.65,9999,65,NAO,RECOMENDACAO,SEM_COMPRA,recomendacao_nao_combinou,3,0.0462
ATD-000979,224,2026-07-19 15:35:00,Quero algo parecido com os livros que costumo ler.,livro_parecido,PROPRIO,Ficção científica,reflexivo,DIGITAL,28.86,,45,DIGITAL,14.55,9999,65,SIM,PEDIDO_CONFIRMADO,VENDA_CONCLUIDA,,5,0.0383
ATD-000980,261,2026-07-19 16:40:00,"Quero continuar uma saga que comecei, mas não sei qual é o próximo volume.",continuacao_de_saga,PROPRIO,Ficção contemporânea,acolhedor,DIGITAL,25.95,,27,DIGITAL,21.95,9999,90,NAO,BUSCA,SEM_COMPRA,nao_encontrou_continuacao,4,0.0393
ATD-000981,298,2026-07-19 18:33:00,Preciso de um livro para dar de presente e não sei qual escolher.,presente,PRESENTE,Aventura,aventureiro,FISICO,33.93,,3,FISICO,28.05,18,65,NAO,RECOMENDACAO,SEM_COMPRA,recomendacao_nao_combinou,3,0.0297
ATD-000982,335,2026-07-19 19:38:00,Preciso de um livro para dar de presente e não sei qual escolher.,presente,PRESENTE,Romance,nostálgico,FISICO,28.72,,36,FISICO,27.20,9,64,SIM,PEDIDO_CONFIRMADO,VENDA_CONCLUIDA,,4,0.0266
ATD-000983,372,2026-07-19 20:39:00,"Quero continuar uma saga que comecei, mas não sei qual é o próximo volume.",continuacao_de_saga,PROPRIO,Fantasia,épico,FISICO,47.08,39,39,FISICO,29.35,6,90,NAO,RECOMENDACAO,SEM_COMPRA,apenas_pesquisando,3,0.0400
ATD-000984,409,2026-07-19 21:56:00,Preciso de um livro para dar de presente e não sei qual escolher.,presente,PRESENTE,Drama,emocional,DIGITAL,25.93,,3,DIGITAL,18.05,9999,65,NAO,RECOMENDACAO,SEM_COMPRA,recomendacao_nao_combinou,3,0.0435
ATD-000985,446,2026-07-19 23:21:00,"Quero continuar uma saga que comecei, mas não sei qual é o próximo volume.",continuacao_de_saga,PROPRIO,Romance,nostálgico,DIGITAL,33.15,8,8,DIGITAL,17.20,9999,90,SIM,PEDIDO_CONFIRMADO,VENDA_CONCLUIDA,,4,0.0270
ATD-000986,483,2026-07-19 23:51:00,Preciso de um livro para dar de presente e não sei qual escolher.,presente,PRESENTE,Fantasia,épico,DIGITAL,44.95,,3,DIGITAL,18.05,9999,65,SIM,PEDIDO_CONFIRMADO,VENDA_CONCLUIDA,,5,0.0272
ATD-000987,520,2026-07-20 01:25:00,Estou procurando um título específico e quero saber se está disponível.,titulo_especifico,PROPRIO,Aventura,aventureiro,DIGITAL,16.34,32,32,DIGITAL,21.10,9999,90,NAO,RECOMENDACAO,SEM_COMPRA,preco_acima_do_orcamento,2,0.0405
ATD-000988,557,2026-07-20 02:40:00,Estou procurando um título específico e quero saber se está disponível.,titulo_especifico,PROPRIO,Fantasia,esperançoso,DIGITAL,42.16,3,3,DIGITAL,18.05,9999,90,NAO,RECOMENDACAO,SEM_COMPRA,recomendacao_nao_combinou,3,0.0146
ATD-000989,594,2026-07-20 04:02:00,Quero algo parecido com os livros que costumo ler.,livro_parecido,PROPRIO,Fantasia,épico,FISICO,29.99,,9,FISICO,23.25,12,65,SIM,PEDIDO_CONFIRMADO,VENDA_CONCLUIDA,,5,0.0170
ATD-000990,631,2026-07-20 04:39:00,Preciso de um livro para dar de presente e não sei qual escolher.,presente,PRESENTE,Ficção científica,reflexivo,FISICO,22.54,,27,FISICO,31.95,18,65,NAO,RECOMENDACAO,SEM_COMPRA,recomendacao_nao_combinou,3,0.0241
ATD-000991,668,2026-07-20 06:30:00,Estou procurando um título específico e quero saber se está disponível.,titulo_especifico,PROPRIO,Aventura,aventureiro,DIGITAL,19.62,31,31,DIGITAL,18.05,9999,90,NAO,RECOMENDACAO,SEM_COMPRA,recomendacao_nao_combinou,3,0.0550
ATD-000992,705,2026-07-20 07:31:00,Quero experimentar um gênero novo sem pegar um livro muito difícil.,explorar_novo_genero,PROPRIO,Fantasia,épico,FISICO,28.47,,2,FISICO,25.00,11,65,SIM,PEDIDO_CONFIRMADO,VENDA_CONCLUIDA,,5,0.0246
ATD-000993,742,2026-07-20 08:38:00,Quero algo parecido com os livros que costumo ler.,livro_parecido,PROPRIO,Fantasia,esperançoso,FISICO,46.96,,2,FISICO,25.00,11,65,SIM,PEDIDO_CONFIRMADO,VENDA_CONCLUIDA,,5,0.0187
ATD-000994,779,2026-07-20 10:03:00,"Quero continuar uma saga que comecei, mas não sei qual é o próximo volume.",continuacao_de_saga,PROPRIO,Romance,emocional,DIGITAL,20.16,15,15,DIGITAL,15.45,9999,90,NAO,RECOMENDACAO,SEM_COMPRA,apenas_pesquisando,3,0.0236
ATD-000995,816,2026-07-20 10:25:00,Preciso de um livro para dar de presente e não sei qual escolher.,presente,PRESENTE,Aventura,inspirador,FISICO,19.98,,33,FISICO,27.15,12,65,NAO,RECOMENDACAO,SEM_COMPRA,preco_acima_do_orcamento,3,0.0562
ATD-000996,853,2026-07-20 11:47:00,Preciso de um livro para dar de presente e não sei qual escolher.,presente,PRESENTE,Ficção histórica,melancólico,DIGITAL,41.24,,4,DIGITAL,21.10,9999,65,NAO,RECOMENDACAO,SEM_COMPRA,recomendacao_nao_combinou,3,0.0569
ATD-000997,890,2026-07-20 13:16:00,Estou procurando um título específico e quero saber se está disponível.,titulo_especifico,PROPRIO,Ficção científica,reflexivo,FISICO,28.33,48,47,FISICO,30.65,14,65,NAO,RECOMENDACAO,SEM_COMPRA,apenas_pesquisando,1,0.0311
ATD-000998,927,2026-07-20 14:16:00,Quero experimentar um gênero novo sem pegar um livro muito difícil.,explorar_novo_genero,PROPRIO,Romance,emocional,FISICO,31.43,,16,FISICO,28.50,13,65,SIM,CHECKOUT,SEM_COMPRA,abandono_no_checkout,3,0.0521
ATD-000999,964,2026-07-20 15:34:00,"Quero continuar uma saga que comecei, mas não sei qual é o próximo volume.",continuacao_de_saga,PROPRIO,Aventura,inspirador,FISICO,12.14,31,32,FISICO,31.10,5,85,NAO,BUSCA,SEM_COMPRA,nao_encontrou_continuacao,2,0.0312
ATD-001000,1,2026-07-20 16:36:00,Quero algo parecido com os livros que costumo ler.,livro_parecido,PROPRIO,Aventura,inspirador,DIGITAL,39.28,,17,DIGITAL,14.55,9999,65,SIM,PEDIDO_CONFIRMADO,VENDA_CONCLUIDA,,4,0.0389
ATD-001001,38,2026-07-20 17:39:00,"Quero continuar uma saga que comecei, mas não sei qual é o próximo volume.",continuacao_de_saga,PROPRIO,Romance,nostálgico,FISICO,35.76,,5,FISICO,27.15,8,88,SIM,PEDIDO_CONFIRMADO,VENDA_CONCLUIDA,,5,0.0561
ATD-001002,75,2026-07-20 19:19:00,Quero algo parecido com os livros que costumo ler.,livro_parecido,PROPRIO,Fantasia,esperançoso,DIGITAL,45.01,,9,DIGITAL,13.25,9999,65,SIM,PEDIDO_CONFIRMADO,VENDA_CONCLUIDA,,4,0.0280
ATD-001003,112,2026-07-20 20:40:00,Preciso de um livro para dar de presente e não sei qual escolher.,presente,PRESENTE,Ficção histórica,melancólico,DIGITAL,40.96,,25,DIGITAL,15.85,9999,65,NAO,RECOMENDACAO,SEM_COMPRA,recomendacao_nao_combinou,4,0.0483
ATD-001004,149,2026-07-20 21:50:00,"Quero continuar uma saga que comecei, mas não sei qual é o próximo volume.",continuacao_de_saga,PROPRIO,Aventura,aventureiro,DIGITAL,35.17,20,20,DIGITAL,23.70,9999,90,NAO,RECOMENDACAO,SEM_COMPRA,apenas_pesquisando,3,0.0295
ATD-001005,186,2026-07-20 22:24:00,Quero algo parecido com os livros que costumo ler.,livro_parecido,PROPRIO,Romance,emocional,FISICO,20.10,,6,FISICO,30.20,15,65,NAO,RECOMENDACAO,SEM_COMPRA,preco_acima_do_orcamento,3,0.0178
ATD-001006,223,2026-07-20 23:52:00,Estou procurando um título específico e quero saber se está disponível.,titulo_especifico,PROPRIO,Mistério,intrigante,FISICO,37.35,22,22,FISICO,23.70,7,90,SIM,PEDIDO_CONFIRMADO,VENDA_CONCLUIDA,,5,0.0125
ATD-001007,260,2026-07-21 01:17:00,Preciso de um livro para dar de presente e não sei qual escolher.,presente,PRESENTE,Drama,emocional,FISICO,28.77,,6,FISICO,30.20,15,65,NAO,RECOMENDACAO,SEM_COMPRA,preco_acima_do_orcamento,1,0.0537
ATD-001008,297,2026-07-21 02:29:00,"Quero continuar uma saga que comecei, mas não sei qual é o próximo volume.",continuacao_de_saga,PROPRIO,Fantasia,épico,FISICO,16.00,3,1,FISICO,21.95,4,84,NAO,BUSCA,SEM_COMPRA,nao_encontrou_continuacao,4,0.0353
ATD-001009,334,2026-07-21 03:03:00,"Quero continuar uma saga que comecei, mas não sei qual é o próximo volume.",continuacao_de_saga,PROPRIO,Drama,emocional,DIGITAL,29.23,42,42,DIGITAL,12.40,9999,90,SIM,PEDIDO_CONFIRMADO,VENDA_CONCLUIDA,,4,0.0459
ATD-001010,371,2026-07-21 04:27:00,"Quero continuar uma saga que comecei, mas não sei qual é o próximo volume.",continuacao_de_saga,PROPRIO,Fantasia,esperançoso,FISICO,27.71,,11,FISICO,29.35,2,82,NAO,BUSCA,SEM_COMPRA,nao_encontrou_continuacao,2,0.0193
ATD-001011,408,2026-07-21 05:24:00,"Quero continuar uma saga que comecei, mas não sei qual é o próximo volume.",continuacao_de_saga,PROPRIO,Fantasia,épico,FISICO,16.48,40,37,FISICO,23.25,16,90,NAO,BUSCA,SEM_COMPRA,nao_encontrou_continuacao,3,0.0374
ATD-001012,445,2026-07-21 07:11:00,Quero algo parecido com os livros que costumo ler.,livro_parecido,PROPRIO,Fantasia,esperançoso,DIGITAL,25.58,,2,DIGITAL,15.00,9999,65,NAO,RECOMENDACAO,SEM_COMPRA,recomendacao_nao_combinou,3,0.0335
ATD-001013,482,2026-07-21 08:30:00,"Quero continuar uma saga que comecei, mas não sei qual é o próximo volume.",continuacao_de_saga,PROPRIO,Fantasia,épico,DIGITAL,20.03,39,39,DIGITAL,19.35,9999,90,SIM,PEDIDO_CONFIRMADO,VENDA_CONCLUIDA,,4,0.0333
ATD-001014,519,2026-07-21 09:00:00,Quero algo parecido com os livros que costumo ler.,livro_parecido,PROPRIO,Fantasia,épico,DIGITAL,42.31,,1,DIGITAL,11.95,9999,65,SIM,PEDIDO_CONFIRMADO,VENDA_CONCLUIDA,,5,0.0287
ATD-001015,556,2026-07-21 10:05:00,Estou procurando um título específico e quero saber se está disponível.,titulo_especifico,PROPRIO,Romance,nostálgico,DIGITAL,22.12,8,8,DIGITAL,17.20,9999,90,NAO,RECOMENDACAO,SEM_COMPRA,recomendacao_nao_combinou,2,0.0221
ATD-001016,593,2026-07-21 11:28:00,"Quero continuar uma saga que comecei, mas não sei qual é o próximo volume.",continuacao_de_saga,PROPRIO,Ficção científica,reflexivo,DIGITAL,21.20,,45,DIGITAL,14.55,9999,90,NAO,BUSCA,SEM_COMPRA,nao_encontrou_continuacao,3,0.0561
ATD-001017,630,2026-07-21 12:30:00,Estou procurando um título específico e quero saber se está disponível.,titulo_especifico,PROPRIO,Mistério,intrigante,FISICO,35.99,24,23,FISICO,26.75,14,65,NAO,BUSCA,SEM_COMPRA,livro_procurado_sem_estoque,3,0.0295
ATD-001018,667,2026-07-21 13:45:00,Preciso de um livro para dar de presente e não sei qual escolher.,presente,PRESENTE,Aventura,inspirador,FISICO,12.48,,47,FISICO,30.65,14,65,NAO,RECOMENDACAO,SEM_COMPRA,preco_acima_do_orcamento,2,0.0314
ATD-001019,704,2026-07-21 14:49:00,"Quero continuar uma saga que comecei, mas não sei qual é o próximo volume.",continuacao_de_saga,PROPRIO,Ficção contemporânea,acolhedor,DIGITAL,21.50,,25,DIGITAL,15.85,9999,90,SIM,PEDIDO_CONFIRMADO,VENDA_CONCLUIDA,,4,0.0352
ATD-001020,741,2026-07-21 16:40:00,Preciso de um livro para dar de presente e não sei qual escolher.,presente,PRESENTE,Romance,emocional,FISICO,31.70,,3,FISICO,28.05,18,10,NAO,RECOMENDACAO,SEM_COMPRA,recomendacao_nao_combinou,4,0.0364
ATD-001021,778,2026-07-21 17:17:00,Quero experimentar um gênero novo sem pegar um livro muito difícil.,explorar_novo_genero,PROPRIO,Romance,emocional,FISICO,16.36,,6,FISICO,30.20,15,65,NAO,RECOMENDACAO,SEM_COMPRA,preco_acima_do_orcamento,3,0.0298
ATD-001022,815,2026-07-21 18:26:00,"Quero continuar uma saga que comecei, mas não sei qual é o próximo volume.",continuacao_de_saga,PROPRIO,Aventura,aventureiro,DIGITAL,34.84,20,20,DIGITAL,23.70,9999,90,SIM,PEDIDO_CONFIRMADO,VENDA_CONCLUIDA,,5,0.0258
ATD-001023,852,2026-07-21 19:33:00,Quero algo parecido com os livros que costumo ler.,livro_parecido,PROPRIO,Romance,emocional,DIGITAL,47.27,,13,DIGITAL,18.45,9999,65,SIM,CHECKOUT,SEM_COMPRA,abandono_no_checkout,3,0.0198
ATD-001024,889,2026-07-21 20:55:00,Quero algo parecido com os livros que costumo ler.,livro_parecido,PROPRIO,Fantasia,épico,DIGITAL,12.72,,3,DIGITAL,18.05,9999,65,NAO,RECOMENDACAO,SEM_COMPRA,preco_acima_do_orcamento,4,0.0414
ATD-001025,926,2026-07-21 22:21:00,Estou procurando um título específico e quero saber se está disponível.,titulo_especifico,PROPRIO,Aventura,inspirador,DIGITAL,44.41,30,30,DIGITAL,15.00,9999,90,SIM,CHECKOUT,SEM_COMPRA,abandono_no_checkout,1,0.0177
ATD-001026,963,2026-07-21 23:16:00,Quero algo parecido com os livros que costumo ler.,livro_parecido,PROPRIO,Fantasia,épico,DIGITAL,43.22,,10,DIGITAL,16.30,9999,65,NAO,RECOMENDACAO,SEM_COMPRA,recomendacao_nao_combinou,1,0.0168
ATD-001027,1000,2026-07-22 00:59:00,Quero experimentar um gênero novo sem pegar um livro muito difícil.,explorar_novo_genero,PROPRIO,Romance,emocional,FISICO,37.24,,13,FISICO,28.45,16,65,SIM,PEDIDO_CONFIRMADO,VENDA_CONCLUIDA,,5,0.0271
ATD-001028,37,2026-07-22 02:15:00,Quero algo parecido com os livros que costumo ler.,livro_parecido,PROPRIO,Romance,nostálgico,FISICO,34.57,,13,FISICO,28.45,16,65,NAO,RECOMENDACAO,SEM_COMPRA,recomendacao_nao_combinou,2,0.0287
ATD-001029,74,2026-07-22 03:17:00,Quero experimentar um gênero novo sem pegar um livro muito difícil.,explorar_novo_genero,PROPRIO,Romance,nostálgico,DIGITAL,24.75,,6,DIGITAL,20.20,9999,65,SIM,PEDIDO_CONFIRMADO,VENDA_CONCLUIDA,,4,0.0567
ATD-001030,111,2026-07-22 04:06:00,"Quero continuar uma saga que comecei, mas não sei qual é o próximo volume.",continuacao_de_saga,PROPRIO,Fantasia,épico,FISICO,16.38,,1,FISICO,21.95,4,84,SIM,CHECKOUT,SEM_COMPRA,abandono_no_checkout,2,0.0404
ATD-001031,148,2026-07-22 05:06:00,Quero experimentar um gênero novo sem pegar um livro muito difícil.,explorar_novo_genero,PROPRIO,Fantasia,épico,FISICO,47.07,,9,FISICO,23.25,12,65,SIM,PEDIDO_CONFIRMADO,VENDA_CONCLUIDA,,5,0.0202
ATD-001032,185,2026-07-22 06:42:00,Estou procurando um título específico e quero saber se está disponível.,titulo_especifico,PROPRIO,Fantasia,épico,DIGITAL,36.10,1,1,DIGITAL,11.95,9999,90,NAO,RECOMENDACAO,SEM_COMPRA,apenas_pesquisando,3,0.0489
ATD-001033,222,2026-07-22 07:45:00,Quero algo parecido com os livros que costumo ler.,livro_parecido,PROPRIO,Romance,emocional,FISICO,33.57,,15,FISICO,25.45,6,61,NAO,RECOMENDACAO,SEM_COMPRA,recomendacao_nao_combinou,1,0.0391
ATD-001034,259,2026-07-22 09:03:00,"Quero continuar uma saga que comecei, mas não sei qual é o próximo volume.",continuacao_de_saga,PROPRIO,Ficção histórica,melancólico,FISICO,46.03,34,34,FISICO,30.20,19,90,SIM,PEDIDO_CONFIRMADO,VENDA_CONCLUIDA,,5,0.0516
ATD-001035,296,2026-07-22 10:21:00,"Quero continuar uma saga que comecei, mas não sei qual é o próximo volume.",continuacao_de_saga,PROPRIO,Aventura,aventureiro,DIGITAL,18.02,,19,DIGITAL,20.65,9999,90,NAO,RECOMENDACAO,SEM_COMPRA,preco_acima_do_orcamento,2,0.0287
ATD-001036,333,2026-07-22 11:04:00,Preciso de um livro para dar de presente e não sei qual escolher.,presente,PRESENTE,Drama,emocional,DIGITAL,12.62,,5,DIGITAL,17.15,9999,65,NAO,RECOMENDACAO,SEM_COMPRA,preco_acima_do_orcamento,3,0.0412
ATD-001037,370,2026-07-22 12:34:00,"Quero continuar uma saga que comecei, mas não sei qual é o próximo volume.",continuacao_de_saga,PROPRIO,Ficção contemporânea,acolhedor,DIGITAL,23.69,,25,DIGITAL,15.85,9999,90,NAO,BUSCA,SEM_COMPRA,nao_encontrou_continuacao,2,0.0321
ATD-001038,407,2026-07-22 14:00:00,Quero algo parecido com os livros que costumo ler.,livro_parecido,PROPRIO,Aventura,aventureiro,FISICO,41.09,,17,FISICO,24.55,20,65,SIM,CHECKOUT,SEM_COMPRA,abandono_no_checkout,3,0.0462
ATD-001039,444,2026-07-22 14:50:00,Quero algo parecido com os livros que costumo ler.,livro_parecido,PROPRIO,Ficção contemporânea,acolhedor,FISICO,28.26,,28,FISICO,25.90,1,56,SIM,PEDIDO_CONFIRMADO,VENDA_CONCLUIDA,,5,0.0356
ATD-001040,481,2026-07-22 16:08:00,Preciso de um livro para dar de presente e não sei qual escolher.,presente,PRESENTE,Ficção científica,reflexivo,FISICO,45.27,,37,FISICO,23.25,16,65,NAO,RECOMENDACAO,SEM_COMPRA,recomendacao_nao_combinou,4,0.0364
ATD-001041,518,2026-07-22 17:08:00,Quero algo parecido com os livros que costumo ler.,livro_parecido,PROPRIO,Aventura,aventureiro,FISICO,36.60,,19,FISICO,30.65,10,65,SIM,PEDIDO_CONFIRMADO,VENDA_CONCLUIDA,,5,0.0353
ATD-001042,555,2026-07-22 18:15:00,Preciso de um livro para dar de presente e não sei qual escolher.,presente,PRESENTE,Romance,emocional,FISICO,37.51,,46,FISICO,27.60,7,62,NAO,RECOMENDACAO,SEM_COMPRA,recomendacao_nao_combinou,4,0.0423
ATD-001043,592,2026-07-22 19:18:00,Quero algo parecido com os livros que costumo ler.,livro_parecido,PROPRIO,Mistério,intrigante,FISICO,24.25,,23,FISICO,26.75,14,65,SIM,PEDIDO_CONFIRMADO,VENDA_CONCLUIDA,,5,0.0550
ATD-001044,629,2026-07-22 21:01:00,Quero algo parecido com os livros que costumo ler.,livro_parecido,PROPRIO,Fantasia,épico,FISICO,31.72,,3,FISICO,28.05,18,65,SIM,PEDIDO_CONFIRMADO,VENDA_CONCLUIDA,,5,0.0304
ATD-001045,666,2026-07-22 22:12:00,Preciso de um livro para dar de presente e não sei qual escolher.,presente,PRESENTE,Drama,emocional,FISICO,33.29,,9,FISICO,23.25,12,65,SIM,PEDIDO_CONFIRMADO,VENDA_CONCLUIDA,,5,0.0489
ATD-001046,703,2026-07-22 23:02:00,Quero algo parecido com os livros que costumo ler.,livro_parecido,PROPRIO,Drama,emocional,FISICO,20.22,,43,FISICO,25.45,10,65,SIM,PEDIDO_CONFIRMADO,VENDA_CONCLUIDA,,5,0.0345
ATD-001047,740,2026-07-23 00:42:00,"Quero continuar uma saga que comecei, mas não sei qual é o próximo volume.",continuacao_de_saga,PROPRIO,Ficção contemporânea,acolhedor,DIGITAL,33.11,27,27,DIGITAL,21.95,9999,90,SIM,PEDIDO_CONFIRMADO,VENDA_CONCLUIDA,,5,0.0475
ATD-001048,777,2026-07-23 01:58:00,Quero algo parecido com os livros que costumo ler.,livro_parecido,PROPRIO,Fantasia,esperançoso,DIGITAL,31.18,,4,DIGITAL,21.10,9999,65,SIM,PEDIDO_CONFIRMADO,VENDA_CONCLUIDA,,4,0.0379
ATD-001049,814,2026-07-23 02:58:00,Quero algo parecido com os livros que costumo ler.,livro_parecido,PROPRIO,Fantasia,esperançoso,FISICO,17.56,,10,FISICO,26.30,19,65,NAO,RECOMENDACAO,SEM_COMPRA,preco_acima_do_orcamento,3,0.0353
ATD-001050,851,2026-07-23 03:42:00,"Quero continuar uma saga que comecei, mas não sei qual é o próximo volume.",continuacao_de_saga,PROPRIO,Ficção contemporânea,acolhedor,FISICO,29.22,,25,FISICO,25.85,4,84,NAO,BUSCA,SEM_COMPRA,nao_encontrou_continuacao,3,0.0331
ATD-001051,888,2026-07-23 04:47:00,Quero experimentar um gênero novo sem pegar um livro muito difícil.,explorar_novo_genero,PROPRIO,Romance,emocional,DIGITAL,26.50,,6,DIGITAL,20.20,9999,65,SIM,PEDIDO_CONFIRMADO,VENDA_CONCLUIDA,,4,0.0545
ATD-001052,925,2026-07-23 06:29:00,Quero experimentar um gênero novo sem pegar um livro muito difícil.,explorar_novo_genero,PROPRIO,Ficção contemporânea,acolhedor,FISICO,17.39,,28,FISICO,25.90,1,56,NAO,RECOMENDACAO,SEM_COMPRA,preco_acima_do_orcamento,4,0.0413
ATD-001053,962,2026-07-23 07:11:00,Estou procurando um título específico e quero saber se está disponível.,titulo_especifico,PROPRIO,Fantasia,épico,DIGITAL,30.55,9,9,DIGITAL,13.25,9999,90,SIM,PEDIDO_CONFIRMADO,VENDA_CONCLUIDA,,5,0.0248
ATD-001054,999,2026-07-23 08:30:00,"Quero continuar uma saga que comecei, mas não sei qual é o próximo volume.",continuacao_de_saga,PROPRIO,Fantasia,épico,DIGITAL,39.87,,2,DIGITAL,15.00,9999,90,NAO,BUSCA,SEM_COMPRA,nao_encontrou_continuacao,2,0.0444
ATD-001055,36,2026-07-23 09:26:00,Estou procurando um título específico e quero saber se está disponível.,titulo_especifico,PROPRIO,Fantasia,esperançoso,DIGITAL,15.32,11,11,DIGITAL,19.35,9999,90,NAO,RECOMENDACAO,SEM_COMPRA,preco_acima_do_orcamento,2,0.0395
ATD-001056,73,2026-07-23 11:25:00,Preciso de um livro para dar de presente e não sei qual escolher.,presente,PRESENTE,Ficção científica,reflexivo,FISICO,44.77,,2,FISICO,25.00,11,65,NAO,RECOMENDACAO,SEM_COMPRA,recomendacao_nao_combinou,3,0.0365
ATD-001057,110,2026-07-23 12:11:00,Quero experimentar um gênero novo sem pegar um livro muito difícil.,explorar_novo_genero,PROPRIO,Drama,emocional,DIGITAL,16.04,,41,DIGITAL,18.45,9999,65,NAO,RECOMENDACAO,SEM_COMPRA,preco_acima_do_orcamento,2,0.0194
ATD-001058,147,2026-07-23 13:09:00,Estou procurando um título específico e quero saber se está disponível.,titulo_especifico,PROPRIO,Aventura,inspirador,FISICO,27.16,20,20,FISICO,33.70,17,90,NAO,RECOMENDACAO,SEM_COMPRA,preco_acima_do_orcamento,3,0.0292
ATD-001059,184,2026-07-23 14:12:00,"Quero continuar uma saga que comecei, mas não sei qual é o próximo volume.",continuacao_de_saga,PROPRIO,Romance,nostálgico,FISICO,25.19,8,8,FISICO,27.20,5,85,NAO,RECOMENDACAO,SEM_COMPRA,preco_acima_do_orcamento,1,0.0415
ATD-001060,221,2026-07-23 15:58:00,"Quero continuar uma saga que comecei, mas não sei qual é o próximo volume.",continuacao_de_saga,PROPRIO,Romance,emocional,DIGITAL,19.63,16,16,DIGITAL,18.50,9999,90,SIM,PEDIDO_CONFIRMADO,VENDA_CONCLUIDA,,5,0.0234
ATD-001061,258,2026-07-23 16:57:00,Quero algo parecido com os livros que costumo ler.,livro_parecido,PROPRIO,Romance,nostálgico,FISICO,26.82,,5,FISICO,27.15,8,63,NAO,RECOMENDACAO,SEM_COMPRA,preco_acima_do_orcamento,3,0.0172
ATD-001062,295,2026-07-23 18:02:00,Preciso de um livro para dar de presente e não sei qual escolher.,presente,PRESENTE,Ficção contemporânea,acolhedor,DIGITAL,39.06,,6,DIGITAL,20.20,9999,65,NAO,RECOMENDACAO,SEM_COMPRA,recomendacao_nao_combinou,4,0.0540
ATD-001063,332,2026-07-23 19:15:00,"Quero continuar uma saga que comecei, mas não sei qual é o próximo volume.",continuacao_de_saga,PROPRIO,Drama,emocional,DIGITAL,16.20,43,43,DIGITAL,15.45,9999,90,SIM,CHECKOUT,SEM_COMPRA,abandono_no_checkout,3,0.0417
ATD-001064,369,2026-07-23 20:28:00,Preciso de um livro para dar de presente e não sei qual escolher.,presente,PRESENTE,Aventura,inspirador,FISICO,44.15,,10,FISICO,26.30,19,65,NAO,RECOMENDACAO,SEM_COMPRA,recomendacao_nao_combinou,3,0.0488
ATD-001065,406,2026-07-23 21:47:00,Estou procurando um título específico e quero saber se está disponível.,titulo_especifico,PROPRIO,Drama,emocional,DIGITAL,19.20,43,43,DIGITAL,15.45,9999,90,NAO,RECOMENDACAO,SEM_COMPRA,recomendacao_nao_combinou,3,0.0283
ATD-001066,443,2026-07-23 22:53:00,Estou procurando um título específico e quero saber se está disponível.,titulo_especifico,PROPRIO,Ficção contemporânea,acolhedor,FISICO,41.72,28,28,FISICO,25.90,1,90,SIM,PEDIDO_CONFIRMADO,VENDA_CONCLUIDA,,5,0.0545
ATD-001067,480,2026-07-23 23:51:00,Quero experimentar um gênero novo sem pegar um livro muito difícil.,explorar_novo_genero,PROPRIO,Ficção histórica,melancólico,FISICO,38.66,,34,FISICO,30.20,19,65,SIM,CHECKOUT,SEM_COMPRA,abandono_no_checkout,2,0.0217
ATD-001068,517,2026-07-24 01:21:00,Preciso de um livro para dar de presente e não sei qual escolher.,presente,PRESENTE,Mistério,intrigante,FISICO,27.84,,36,FISICO,27.20,9,64,SIM,PEDIDO_CONFIRMADO,VENDA_CONCLUIDA,,5,0.0333
ATD-001069,554,2026-07-24 02:25:00,Preciso de um livro para dar de presente e não sei qual escolher.,presente,PRESENTE,Aventura,aventureiro,FISICO,12.61,,9,FISICO,23.25,12,65,NAO,RECOMENDACAO,SEM_COMPRA,preco_acima_do_orcamento,4,0.0144
ATD-001070,591,2026-07-24 03:25:00,Preciso de um livro para dar de presente e não sei qual escolher.,presente,PRESENTE,Ficção contemporânea,acolhedor,FISICO,36.74,,20,FISICO,33.70,17,65,SIM,PEDIDO_CONFIRMADO,VENDA_CONCLUIDA,,5,0.0533
ATD-001071,628,2026-07-24 05:01:00,"Quero continuar uma saga que comecei, mas não sei qual é o próximo volume.",continuacao_de_saga,PROPRIO,Aventura,aventureiro,DIGITAL,37.61,18,18,DIGITAL,17.60,9999,90,SIM,CHECKOUT,SEM_COMPRA,abandono_no_checkout,2,0.0160
ATD-001072,665,2026-07-24 05:32:00,"Quero continuar uma saga que comecei, mas não sei qual é o próximo volume.",continuacao_de_saga,PROPRIO,Aventura,aventureiro,FISICO,15.47,20,20,FISICO,33.70,17,90,NAO,RECOMENDACAO,SEM_COMPRA,preco_acima_do_orcamento,2,0.0192
ATD-001073,702,2026-07-24 07:25:00,"Quero continuar uma saga que comecei, mas não sei qual é o próximo volume.",continuacao_de_saga,PROPRIO,Drama,emocional,DIGITAL,15.21,,43,DIGITAL,15.45,9999,90,NAO,RECOMENDACAO,SEM_COMPRA,preco_acima_do_orcamento,3,0.0576
ATD-001074,739,2026-07-24 08:19:00,Quero algo parecido com os livros que costumo ler.,livro_parecido,PROPRIO,Aventura,aventureiro,DIGITAL,30.70,,18,DIGITAL,17.60,9999,65,SIM,PEDIDO_CONFIRMADO,VENDA_CONCLUIDA,,4,0.0131
ATD-001075,776,2026-07-24 09:47:00,Estou procurando um título específico e quero saber se está disponível.,titulo_especifico,PROPRIO,Fantasia,épico,FISICO,34.26,1,1,FISICO,21.95,4,90,SIM,PEDIDO_CONFIRMADO,VENDA_CONCLUIDA,,5,0.0167
ATD-001076,813,2026-07-24 10:35:00,Preciso de um livro para dar de presente e não sei qual escolher.,presente,PRESENTE,Mistério,intrigante,DIGITAL,21.94,,5,DIGITAL,17.15,9999,65,NAO,RECOMENDACAO,SEM_COMPRA,recomendacao_nao_combinou,3,0.0196
ATD-001077,850,2026-07-24 12:14:00,Estou procurando um título específico e quero saber se está disponível.,titulo_especifico,PROPRIO,Fantasia,épico,FISICO,45.26,37,37,FISICO,23.25,16,90,SIM,CHECKOUT,SEM_COMPRA,abandono_no_checkout,1,0.0238
ATD-001078,887,2026-07-24 13:05:00,Preciso de um livro para dar de presente e não sei qual escolher.,presente,PRESENTE,Aventura,aventureiro,FISICO,37.89,,37,FISICO,23.25,16,65,NAO,RECOMENDACAO,SEM_COMPRA,recomendacao_nao_combinou,4,0.0281
ATD-001079,924,2026-07-24 14:09:00,Quero experimentar um gênero novo sem pegar um livro muito difícil.,explorar_novo_genero,PROPRIO,Drama,emocional,FISICO,30.07,,44,FISICO,28.50,17,65,SIM,CHECKOUT,SEM_COMPRA,abandono_no_checkout,3,0.0346
ATD-001080,961,2026-07-24 15:45:00,"Quero continuar uma saga que comecei, mas não sei qual é o próximo volume.",continuacao_de_saga,PROPRIO,Drama,emocional,DIGITAL,46.47,43,43,DIGITAL,15.45,9999,90,NAO,RECOMENDACAO,SEM_COMPRA,apenas_pesquisando,3,0.0177
ATD-001081,998,2026-07-24 17:00:00,Preciso de um livro para dar de presente e não sei qual escolher.,presente,PRESENTE,Ficção científica,reflexivo,DIGITAL,26.57,,18,DIGITAL,17.60,9999,65,NAO,RECOMENDACAO,SEM_COMPRA,recomendacao_nao_combinou,3,0.0397
ATD-001082,35,2026-07-24 18:07:00,Quero algo parecido com os livros que costumo ler.,livro_parecido,PROPRIO,Aventura,inspirador,DIGITAL,38.13,,19,DIGITAL,20.65,9999,65,SIM,PEDIDO_CONFIRMADO,VENDA_CONCLUIDA,,4,0.0312
ATD-001083,72,2026-07-24 18:50:00,"Quero continuar uma saga que comecei, mas não sei qual é o próximo volume.",continuacao_de_saga,PROPRIO,Mistério,intrigante,FISICO,44.81,22,22,FISICO,23.70,7,90,SIM,PEDIDO_CONFIRMADO,VENDA_CONCLUIDA,,5,0.0280
ATD-001084,109,2026-07-24 19:45:00,Quero algo parecido com os livros que costumo ler.,livro_parecido,PROPRIO,Romance,nostálgico,DIGITAL,45.10,,8,DIGITAL,17.20,9999,65,NAO,RECOMENDACAO,SEM_COMPRA,recomendacao_nao_combinou,2,0.0268
ATD-001085,146,2026-07-24 21:14:00,Quero algo parecido com os livros que costumo ler.,livro_parecido,PROPRIO,Fantasia,épico,DIGITAL,41.94,,2,DIGITAL,15.00,9999,65,SIM,CHECKOUT,SEM_COMPRA,abandono_no_checkout,3,0.0261
ATD-001086,183,2026-07-24 22:09:00,"Quero continuar uma saga que comecei, mas não sei qual é o próximo volume.",continuacao_de_saga,PROPRIO,Drama,emocional,DIGITAL,28.57,42,44,DIGITAL,18.50,9999,90,NAO,BUSCA,SEM_COMPRA,nao_encontrou_continuacao,3,0.0171
ATD-001087,220,2026-07-24 23:32:00,"Quero continuar uma saga que comecei, mas não sei qual é o próximo volume.",continuacao_de_saga,PROPRIO,Ficção contemporânea,acolhedor,FISICO,18.79,28,28,FISICO,25.90,1,81,NAO,RECOMENDACAO,SEM_COMPRA,preco_acima_do_orcamento,3,0.0403
ATD-001088,257,2026-07-25 00:46:00,Quero algo parecido com os livros que costumo ler.,livro_parecido,PROPRIO,Fantasia,épico,FISICO,29.46,,10,FISICO,26.30,19,65,SIM,PEDIDO_CONFIRMADO,VENDA_CONCLUIDA,,4,0.0577
ATD-001089,294,2026-07-25 02:05:00,"Quero continuar uma saga que comecei, mas não sei qual é o próximo volume.",continuacao_de_saga,PROPRIO,Ficção contemporânea,acolhedor,DIGITAL,13.41,28,28,DIGITAL,15.90,9999,90,NAO,RECOMENDACAO,SEM_COMPRA,preco_acima_do_orcamento,3,0.0360
ATD-001090,331,2026-07-25 03:00:00,Quero algo parecido com os livros que costumo ler.,livro_parecido,PROPRIO,Romance,emocional,DIGITAL,20.39,,14,DIGITAL,12.40,9999,65,SIM,CHECKOUT,SEM_COMPRA,abandono_no_checkout,3,0.0424
ATD-001091,368,2026-07-25 04:20:00,Estou procurando um título específico e quero saber se está disponível.,titulo_especifico,PROPRIO,Ficção científica,reflexivo,DIGITAL,29.92,45,45,DIGITAL,14.55,9999,90,SIM,CHECKOUT,SEM_COMPRA,abandono_no_checkout,3,0.0239
ATD-001092,405,2026-07-25 05:36:00,Preciso de um livro para dar de presente e não sei qual escolher.,presente,PRESENTE,Romance,nostálgico,FISICO,35.89,,6,FISICO,30.20,15,65,NAO,RECOMENDACAO,SEM_COMPRA,recomendacao_nao_combinou,2,0.0211
ATD-001093,442,2026-07-25 06:39:00,Quero algo parecido com os livros que costumo ler.,livro_parecido,PROPRIO,Fantasia,esperançoso,DIGITAL,28.62,,4,DIGITAL,21.10,9999,65,NAO,RECOMENDACAO,SEM_COMPRA,recomendacao_nao_combinou,2,0.0423
ATD-001094,479,2026-07-25 07:55:00,Quero algo parecido com os livros que costumo ler.,livro_parecido,PROPRIO,Fantasia,épico,FISICO,31.07,,2,FISICO,25.00,11,65,SIM,PEDIDO_CONFIRMADO,VENDA_CONCLUIDA,,5,0.0320
ATD-001095,516,2026-07-25 09:15:00,Quero experimentar um gênero novo sem pegar um livro muito difícil.,explorar_novo_genero,PROPRIO,Aventura,inspirador,FISICO,46.29,,30,FISICO,25.00,15,65,NAO,RECOMENDACAO,SEM_COMPRA,recomendacao_nao_combinou,3,0.0442
ATD-001096,553,2026-07-25 10:28:00,Estou procurando um título específico e quero saber se está disponível.,titulo_especifico,PROPRIO,Fantasia,esperançoso,DIGITAL,42.43,2,2,DIGITAL,15.00,9999,90,SIM,PEDIDO_CONFIRMADO,VENDA_CONCLUIDA,,4,0.0290
ATD-001097,590,2026-07-25 11:38:00,"Quero continuar uma saga que comecei, mas não sei qual é o próximo volume.",continuacao_de_saga,PROPRIO,Mistério,intrigante,DIGITAL,28.95,23,23,DIGITAL,16.75,9999,90,SIM,PEDIDO_CONFIRMADO,VENDA_CONCLUIDA,,4,0.0383
ATD-001098,627,2026-07-25 12:26:00,Preciso de um livro para dar de presente e não sei qual escolher.,presente,PRESENTE,Aventura,inspirador,DIGITAL,27.91,,1,DIGITAL,11.95,9999,65,NAO,RECOMENDACAO,SEM_COMPRA,recomendacao_nao_combinou,3,0.0365
ATD-001099,664,2026-07-25 14:15:00,Preciso de um livro para dar de presente e não sei qual escolher.,presente,PRESENTE,Drama,emocional,FISICO,32.77,,5,FISICO,27.15,8,63,NAO,RECOMENDACAO,SEM_COMPRA,apenas_pesquisando,2,0.0191
ATD-001100,701,2026-07-25 14:49:00,"Quero continuar uma saga que comecei, mas não sei qual é o próximo volume.",continuacao_de_saga,PROPRIO,Ficção contemporânea,acolhedor,DIGITAL,30.06,26,26,DIGITAL,18.90,9999,90,SIM,PEDIDO_CONFIRMADO,VENDA_CONCLUIDA,,5,0.0314
ATD-001101,738,2026-07-25 16:40:00,Estou procurando um título específico e quero saber se está disponível.,titulo_especifico,PROPRIO,Drama,emocional,FISICO,34.57,43,43,FISICO,25.45,10,90,SIM,PEDIDO_CONFIRMADO,VENDA_CONCLUIDA,,4,0.0470
ATD-001102,775,2026-07-25 17:49:00,Preciso de um livro para dar de presente e não sei qual escolher.,presente,PRESENTE,Drama,emocional,FISICO,22.02,,20,FISICO,33.70,17,65,NAO,RECOMENDACAO,SEM_COMPRA,preco_acima_do_orcamento,3,0.0139
ATD-001103,812,2026-07-25 18:37:00,Quero experimentar um gênero novo sem pegar um livro muito difícil.,explorar_novo_genero,PROPRIO,Ficção contemporânea,acolhedor,DIGITAL,30.46,,27,DIGITAL,21.95,9999,65,SIM,PEDIDO_CONFIRMADO,VENDA_CONCLUIDA,,5,0.0399
ATD-001104,849,2026-07-25 19:39:00,Estou procurando um título específico e quero saber se está disponível.,titulo_especifico,PROPRIO,Fantasia,esperançoso,FISICO,37.33,40,40,FISICO,32.40,13,90,NAO,RECOMENDACAO,SEM_COMPRA,recomendacao_nao_combinou,2,0.0468
ATD-001105,886,2026-07-25 20:58:00,Preciso de um livro para dar de presente e não sei qual escolher.,presente,PRESENTE,Aventura,aventureiro,FISICO,41.01,,40,FISICO,32.40,13,65,SIM,PEDIDO_CONFIRMADO,VENDA_CONCLUIDA,,5,0.0324
ATD-001106,923,2026-07-25 22:32:00,Quero experimentar um gênero novo sem pegar um livro muito difícil.,explorar_novo_genero,PROPRIO,Ficção científica,reflexivo,DIGITAL,30.78,,45,DIGITAL,14.55,9999,65,NAO,RECOMENDACAO,SEM_COMPRA,apenas_pesquisando,4,0.0498
ATD-001107,960,2026-07-25 23:03:00,Quero algo parecido com os livros que costumo ler.,livro_parecido,PROPRIO,Fantasia,esperançoso,DIGITAL,20.94,,3,DIGITAL,18.05,9999,65,SIM,PEDIDO_CONFIRMADO,VENDA_CONCLUIDA,,5,0.0334
ATD-001108,997,2026-07-26 00:55:00,Preciso de um livro para dar de presente e não sei qual escolher.,presente,PRESENTE,Ficção contemporânea,acolhedor,DIGITAL,17.81,,17,DIGITAL,14.55,9999,65,NAO,RECOMENDACAO,SEM_COMPRA,recomendacao_nao_combinou,1,0.0308
ATD-001109,34,2026-07-26 01:47:00,Quero experimentar um gênero novo sem pegar um livro muito difícil.,explorar_novo_genero,PROPRIO,Aventura,inspirador,DIGITAL,38.54,,29,DIGITAL,11.95,9999,65,SIM,PEDIDO_CONFIRMADO,VENDA_CONCLUIDA,,5,0.0257
ATD-001110,71,2026-07-26 02:43:00,Quero algo parecido com os livros que costumo ler.,livro_parecido,PROPRIO,Ficção científica,reflexivo,FISICO,13.41,,46,FISICO,27.60,7,62,NAO,RECOMENDACAO,SEM_COMPRA,preco_acima_do_orcamento,2,0.0171
ATD-001111,108,2026-07-26 03:53:00,Preciso de um livro para dar de presente e não sei qual escolher.,presente,PRESENTE,Fantasia,esperançoso,DIGITAL,19.25,,1,DIGITAL,11.95,9999,65,SIM,PEDIDO_CONFIRMADO,VENDA_CONCLUIDA,,4,0.0142
ATD-001112,145,2026-07-26 05:22:00,Quero experimentar um gênero novo sem pegar um livro muito difícil.,explorar_novo_genero,PROPRIO,Drama,emocional,FISICO,42.52,,43,FISICO,25.45,10,65,SIM,PEDIDO_CONFIRMADO,VENDA_CONCLUIDA,,5,0.0172
ATD-001113,182,2026-07-26 06:08:00,Estou procurando um título específico e quero saber se está disponível.,titulo_especifico,PROPRIO,Ficção científica,reflexivo,DIGITAL,14.26,48,48,DIGITAL,23.70,9999,90,NAO,RECOMENDACAO,SEM_COMPRA,preco_acima_do_orcamento,3,0.0254
ATD-001114,219,2026-07-26 07:49:00,Estou procurando um título específico e quero saber se está disponível.,titulo_especifico,PROPRIO,Fantasia,esperançoso,DIGITAL,38.91,38,38,DIGITAL,16.30,9999,90,SIM,PEDIDO_CONFIRMADO,VENDA_CONCLUIDA,,5,0.0446
ATD-001115,256,2026-07-26 08:28:00,Preciso de um livro para dar de presente e não sei qual escolher.,presente,PRESENTE,Fantasia,esperançoso,FISICO,38.95,,9,FISICO,23.25,12,65,SIM,PEDIDO_CONFIRMADO,VENDA_CONCLUIDA,,5,0.0506
ATD-001116,293,2026-07-26 09:58:00,Quero algo parecido com os livros que costumo ler.,livro_parecido,PROPRIO,Ficção científica,reflexivo,DIGITAL,47.69,,48,DIGITAL,23.70,9999,65,SIM,PEDIDO_CONFIRMADO,VENDA_CONCLUIDA,,5,0.0407
ATD-001117,330,2026-07-26 10:48:00,"Quero continuar uma saga que comecei, mas não sei qual é o próximo volume.",continuacao_de_saga,PROPRIO,Fantasia,épico,DIGITAL,31.46,3,3,DIGITAL,18.05,9999,90,SIM,CHECKOUT,SEM_COMPRA,abandono_no_checkout,3,0.0424
ATD-001118,367,2026-07-26 12:34:00,Preciso de um livro para dar de presente e não sei qual escolher.,presente,PRESENTE,Ficção contemporânea,acolhedor,FISICO,24.55,,28,FISICO,25.90,1,56,SIM,PEDIDO_CONFIRMADO,VENDA_CONCLUIDA,,5,0.0483
ATD-001119,404,2026-07-26 13:24:00,"Quero continuar uma saga que comecei, mas não sei qual é o próximo volume.",continuacao_de_saga,PROPRIO,Romance,nostálgico,FISICO,13.69,6,6,FISICO,30.20,15,90,NAO,RECOMENDACAO,SEM_COMPRA,preco_acima_do_orcamento,3,0.0265
ATD-001120,441,2026-07-26 15:09:00,Quero algo parecido com os livros que costumo ler.,livro_parecido,PROPRIO,Romance,emocional,DIGITAL,21.92,,5,DIGITAL,17.15,9999,65,SIM,PEDIDO_CONFIRMADO,VENDA_CONCLUIDA,,5,0.0473
ATD-001121,478,2026-07-26 15:39:00,"Quero continuar uma saga que comecei, mas não sei qual é o próximo volume.",continuacao_de_saga,PROPRIO,Fantasia,épico,DIGITAL,20.08,4,4,DIGITAL,21.10,9999,90,NAO,RECOMENDACAO,SEM_COMPRA,preco_acima_do_orcamento,3,0.0479
ATD-001122,515,2026-07-26 17:17:00,Quero algo parecido com os livros que costumo ler.,livro_parecido,PROPRIO,Ficção contemporânea,acolhedor,DIGITAL,15.43,,26,DIGITAL,18.90,9999,65,NAO,RECOMENDACAO,SEM_COMPRA,preco_acima_do_orcamento,3,0.0237
ATD-001123,552,2026-07-26 18:13:00,Estou procurando um título específico e quero saber se está disponível.,titulo_especifico,PROPRIO,Romance,emocional,DIGITAL,20.28,14,14,DIGITAL,12.40,9999,90,NAO,RECOMENDACAO,SEM_COMPRA,recomendacao_nao_combinou,4,0.0401
ATD-001124,589,2026-07-26 19:51:00,"Quero continuar uma saga que comecei, mas não sei qual é o próximo volume.",continuacao_de_saga,PROPRIO,Aventura,inspirador,DIGITAL,25.51,31,31,DIGITAL,18.05,9999,90,SIM,PEDIDO_CONFIRMADO,VENDA_CONCLUIDA,,5,0.0234
ATD-001125,626,2026-07-26 20:25:00,Preciso de um livro para dar de presente e não sei qual escolher.,presente,PRESENTE,Mistério,intrigante,DIGITAL,14.32,,42,DIGITAL,12.40,9999,65,SIM,PEDIDO_CONFIRMADO,VENDA_CONCLUIDA,,4,0.0249
ATD-001126,663,2026-07-26 21:56:00,Quero experimentar um gênero novo sem pegar um livro muito difícil.,explorar_novo_genero,PROPRIO,Ficção histórica,melancólico,FISICO,45.25,,34,FISICO,30.20,19,65,SIM,PEDIDO_CONFIRMADO,VENDA_CONCLUIDA,,5,0.0195
ATD-001127,700,2026-07-26 23:16:00,Quero algo parecido com os livros que costumo ler.,livro_parecido,PROPRIO,Mistério,intrigante,FISICO,35.05,,23,FISICO,26.75,14,65,SIM,PEDIDO_CONFIRMADO,VENDA_CONCLUIDA,,5,0.0186
ATD-001128,737,2026-07-26 23:48:00,Estou procurando um título específico e quero saber se está disponível.,titulo_especifico,PROPRIO,Aventura,inspirador,DIGITAL,26.20,31,31,DIGITAL,18.05,9999,90,SIM,PEDIDO_CONFIRMADO,VENDA_CONCLUIDA,,5,0.0504
ATD-001129,774,2026-07-27 01:29:00,Quero algo parecido com os livros que costumo ler.,livro_parecido,PROPRIO,Mistério,intrigante,DIGITAL,13.61,,21,DIGITAL,10.65,9999,65,SIM,PEDIDO_CONFIRMADO,VENDA_CONCLUIDA,,4,0.0552
ATD-001130,811,2026-07-27 02:57:00,Quero algo parecido com os livros que costumo ler.,livro_parecido,PROPRIO,Drama,emocional,FISICO,26.70,,43,FISICO,25.45,10,65,SIM,PEDIDO_CONFIRMADO,VENDA_CONCLUIDA,,5,0.0498
ATD-001131,848,2026-07-27 03:52:00,Quero experimentar um gênero novo sem pegar um livro muito difícil.,explorar_novo_genero,PROPRIO,Romance,nostálgico,FISICO,19.08,,6,FISICO,30.20,15,65,NAO,RECOMENDACAO,SEM_COMPRA,preco_acima_do_orcamento,2,0.0374
ATD-001132,885,2026-07-27 05:17:00,Quero experimentar um gênero novo sem pegar um livro muito difícil.,explorar_novo_genero,PROPRIO,Ficção histórica,melancólico,DIGITAL,21.52,,34,DIGITAL,20.20,9999,65,SIM,PEDIDO_CONFIRMADO,VENDA_CONCLUIDA,,5,0.0561
ATD-001133,922,2026-07-27 06:16:00,Quero algo parecido com os livros que costumo ler.,livro_parecido,PROPRIO,Ficção histórica,melancólico,FISICO,15.75,,36,FISICO,27.20,9,64,NAO,RECOMENDACAO,SEM_COMPRA,preco_acima_do_orcamento,4,0.0524
ATD-001134,959,2026-07-27 07:29:00,Quero experimentar um gênero novo sem pegar um livro muito difícil.,explorar_novo_genero,PROPRIO,Fantasia,esperançoso,DIGITAL,26.02,,1,DIGITAL,11.95,9999,65,SIM,PEDIDO_CONFIRMADO,VENDA_CONCLUIDA,,5,0.0148
ATD-001135,996,2026-07-27 08:50:00,Quero algo parecido com os livros que costumo ler.,livro_parecido,PROPRIO,Fantasia,épico,DIGITAL,36.50,,1,DIGITAL,11.95,9999,65,NAO,RECOMENDACAO,SEM_COMPRA,apenas_pesquisando,2,0.0330
ATD-001136,33,2026-07-27 10:04:00,Quero experimentar um gênero novo sem pegar um livro muito difícil.,explorar_novo_genero,PROPRIO,Aventura,inspirador,FISICO,45.00,,30,FISICO,25.00,15,65,SIM,CHECKOUT,SEM_COMPRA,abandono_no_checkout,3,0.0399
ATD-001137,70,2026-07-27 10:41:00,Estou procurando um título específico e quero saber se está disponível.,titulo_especifico,PROPRIO,Drama,emocional,FISICO,45.38,41,41,FISICO,28.45,20,90,SIM,CHECKOUT,SEM_COMPRA,abandono_no_checkout,2,0.0260
ATD-001138,107,2026-07-27 12:16:00,Quero algo parecido com os livros que costumo ler.,livro_parecido,PROPRIO,Romance,emocional,FISICO,44.55,,16,FISICO,28.50,13,65,SIM,PEDIDO_CONFIRMADO,VENDA_CONCLUIDA,,4,0.0151
ATD-001139,144,2026-07-27 13:16:00,Preciso de um livro para dar de presente e não sei qual escolher.,presente,PRESENTE,Aventura,aventureiro,FISICO,31.75,,2,FISICO,25.00,11,65,NAO,RECOMENDACAO,SEM_COMPRA,recomendacao_nao_combinou,3,0.0282
ATD-001140,181,2026-07-27 14:48:00,Quero experimentar um gênero novo sem pegar um livro muito difícil.,explorar_novo_genero,PROPRIO,Drama,emocional,DIGITAL,37.38,,43,DIGITAL,15.45,9999,65,SIM,PEDIDO_CONFIRMADO,VENDA_CONCLUIDA,,5,0.0403
ATD-001141,218,2026-07-27 15:58:00,Quero algo parecido com os livros que costumo ler.,livro_parecido,PROPRIO,Romance,nostálgico,FISICO,45.99,,5,FISICO,27.15,8,63,SIM,PEDIDO_CONFIRMADO,VENDA_CONCLUIDA,,5,0.0530
ATD-001142,255,2026-07-27 17:09:00,Quero algo parecido com os livros que costumo ler.,livro_parecido,PROPRIO,Romance,nostálgico,DIGITAL,38.08,,7,DIGITAL,14.15,9999,65,SIM,PEDIDO_CONFIRMADO,VENDA_CONCLUIDA,,5,0.0238
ATD-001143,292,2026-07-27 17:46:00,Quero experimentar um gênero novo sem pegar um livro muito difícil.,explorar_novo_genero,PROPRIO,Ficção histórica,melancólico,DIGITAL,15.24,,34,DIGITAL,20.20,9999,65,NAO,RECOMENDACAO,SEM_COMPRA,preco_acima_do_orcamento,3,0.0356
ATD-001144,329,2026-07-27 19:26:00,Preciso de um livro para dar de presente e não sei qual escolher.,presente,PRESENTE,Drama,emocional,DIGITAL,16.39,,45,DIGITAL,14.55,9999,65,NAO,RECOMENDACAO,SEM_COMPRA,recomendacao_nao_combinou,3,0.0308
ATD-001145,366,2026-07-27 20:03:00,"Quero continuar uma saga que comecei, mas não sei qual é o próximo volume.",continuacao_de_saga,PROPRIO,Ficção científica,reflexivo,FISICO,26.31,47,47,FISICO,30.65,14,90,SIM,PEDIDO_CONFIRMADO,VENDA_CONCLUIDA,,4,0.0159
ATD-001146,403,2026-07-27 21:32:00,Quero algo parecido com os livros que costumo ler.,livro_parecido,PROPRIO,Ficção científica,reflexivo,DIGITAL,30.68,,47,DIGITAL,20.65,9999,65,NAO,RECOMENDACAO,SEM_COMPRA,recomendacao_nao_combinou,4,0.0195
ATD-001147,440,2026-07-27 22:59:00,"Quero continuar uma saga que comecei, mas não sei qual é o próximo volume.",continuacao_de_saga,PROPRIO,Romance,emocional,DIGITAL,26.17,14,14,DIGITAL,12.40,9999,90,NAO,RECOMENDACAO,SEM_COMPRA,apenas_pesquisando,3,0.0559
ATD-001148,477,2026-07-28 00:10:00,"Quero continuar uma saga que comecei, mas não sei qual é o próximo volume.",continuacao_de_saga,PROPRIO,Mistério,intrigante,DIGITAL,43.15,22,22,DIGITAL,13.70,9999,90,SIM,PEDIDO_CONFIRMADO,VENDA_CONCLUIDA,,4,0.0240
ATD-001149,514,2026-07-28 00:40:00,Preciso de um livro para dar de presente e não sei qual escolher.,presente,PRESENTE,Ficção contemporânea,acolhedor,DIGITAL,16.63,,10,DIGITAL,16.30,9999,65,NAO,RECOMENDACAO,SEM_COMPRA,recomendacao_nao_combinou,3,0.0215
ATD-001150,551,2026-07-28 02:13:00,Preciso de um livro para dar de presente e não sei qual escolher.,presente,PRESENTE,Romance,emocional,FISICO,36.09,,30,FISICO,25.00,15,65,NAO,RECOMENDACAO,SEM_COMPRA,recomendacao_nao_combinou,2,0.0367
ATD-001151,588,2026-07-28 03:27:00,Quero algo parecido com os livros que costumo ler.,livro_parecido,PROPRIO,Ficção histórica,melancólico,FISICO,40.75,,33,FISICO,27.15,12,65,NAO,RECOMENDACAO,SEM_COMPRA,apenas_pesquisando,3,0.0541
ATD-001152,625,2026-07-28 04:44:00,Quero algo parecido com os livros que costumo ler.,livro_parecido,PROPRIO,Drama,emocional,DIGITAL,15.57,,42,DIGITAL,12.40,9999,65,NAO,RECOMENDACAO,SEM_COMPRA,recomendacao_nao_combinou,4,0.0270
ATD-001153,662,2026-07-28 05:24:00,Estou procurando um título específico e quero saber se está disponível.,titulo_especifico,PROPRIO,Ficção científica,reflexivo,DIGITAL,27.90,47,47,DIGITAL,20.65,9999,90,SIM,CHECKOUT,SEM_COMPRA,abandono_no_checkout,3,0.0521
ATD-001154,699,2026-07-28 07:24:00,Quero algo parecido com os livros que costumo ler.,livro_parecido,PROPRIO,Ficção histórica,melancólico,FISICO,16.77,,34,FISICO,30.20,19,65,NAO,RECOMENDACAO,SEM_COMPRA,preco_acima_do_orcamento,3,0.0391
ATD-001155,736,2026-07-28 08:10:00,Quero algo parecido com os livros que costumo ler.,livro_parecido,PROPRIO,Aventura,inspirador,FISICO,20.48,,30,FISICO,25.00,15,65,NAO,RECOMENDACAO,SEM_COMPRA,preco_acima_do_orcamento,3,0.0177
ATD-001156,773,2026-07-28 09:36:00,Preciso de um livro para dar de presente e não sei qual escolher.,presente,PRESENTE,Ficção contemporânea,acolhedor,FISICO,18.10,,44,FISICO,28.50,17,65,NAO,RECOMENDACAO,SEM_COMPRA,preco_acima_do_orcamento,2,0.0522
ATD-001157,810,2026-07-28 10:38:00,Quero algo parecido com os livros que costumo ler.,livro_parecido,PROPRIO,Aventura,inspirador,FISICO,18.26,,17,FISICO,24.55,20,65,NAO,RECOMENDACAO,SEM_COMPRA,preco_acima_do_orcamento,4,0.0127
ATD-001158,847,2026-07-28 12:02:00,Quero experimentar um gênero novo sem pegar um livro muito difícil.,explorar_novo_genero,PROPRIO,Aventura,inspirador,DIGITAL,38.25,,20,DIGITAL,23.70,9999,65,NAO,RECOMENDACAO,SEM_COMPRA,recomendacao_nao_combinou,3,0.0197
ATD-001159,884,2026-07-28 13:01:00,Preciso de um livro para dar de presente e não sei qual escolher.,presente,PRESENTE,Romance,emocional,FISICO,20.72,,30,FISICO,25.00,15,65,NAO,RECOMENDACAO,SEM_COMPRA,preco_acima_do_orcamento,4,0.0526
ATD-001160,921,2026-07-28 13:41:00,"Quero continuar uma saga que comecei, mas não sei qual é o próximo volume.",continuacao_de_saga,PROPRIO,Aventura,inspirador,DIGITAL,40.83,30,31,DIGITAL,18.05,9999,90,NAO,BUSCA,SEM_COMPRA,nao_encontrou_continuacao,1,0.0495
ATD-001161,958,2026-07-28 15:34:00,Quero algo parecido com os livros que costumo ler.,livro_parecido,PROPRIO,Ficção histórica,melancólico,DIGITAL,41.65,,35,DIGITAL,14.15,9999,65,SIM,PEDIDO_CONFIRMADO,VENDA_CONCLUIDA,,5,0.0563
ATD-001162,995,2026-07-28 16:24:00,Quero experimentar um gênero novo sem pegar um livro muito difícil.,explorar_novo_genero,PROPRIO,Ficção histórica,melancólico,DIGITAL,45.89,,34,DIGITAL,20.20,9999,65,NAO,RECOMENDACAO,SEM_COMPRA,recomendacao_nao_combinou,1,0.0202
ATD-001163,32,2026-07-28 17:47:00,Quero algo parecido com os livros que costumo ler.,livro_parecido,PROPRIO,Mistério,intrigante,FISICO,41.66,,23,FISICO,26.75,14,65,SIM,PEDIDO_CONFIRMADO,VENDA_CONCLUIDA,,5,0.0322
ATD-001164,69,2026-07-28 18:26:00,Quero algo parecido com os livros que costumo ler.,livro_parecido,PROPRIO,Aventura,aventureiro,FISICO,41.32,,30,FISICO,25.00,15,65,SIM,PEDIDO_CONFIRMADO,VENDA_CONCLUIDA,,4,0.0124
ATD-001165,106,2026-07-28 19:59:00,"Quero continuar uma saga que comecei, mas não sei qual é o próximo volume.",continuacao_de_saga,PROPRIO,Ficção contemporânea,acolhedor,FISICO,27.43,27,27,FISICO,31.95,18,90,NAO,RECOMENDACAO,SEM_COMPRA,preco_acima_do_orcamento,4,0.0375
ATD-001166,143,2026-07-28 21:16:00,"Quero continuar uma saga que comecei, mas não sei qual é o próximo volume.",continuacao_de_saga,PROPRIO,Ficção científica,reflexivo,FISICO,16.75,,46,FISICO,27.60,7,87,NAO,BUSCA,SEM_COMPRA,nao_encontrou_continuacao,3,0.0424
ATD-001167,180,2026-07-28 22:29:00,Quero algo parecido com os livros que costumo ler.,livro_parecido,PROPRIO,Mistério,intrigante,FISICO,20.62,,23,FISICO,26.75,14,65,NAO,RECOMENDACAO,SEM_COMPRA,preco_acima_do_orcamento,3,0.0545
ATD-001168,217,2026-07-28 23:55:00,Quero algo parecido com os livros que costumo ler.,livro_parecido,PROPRIO,Aventura,inspirador,DIGITAL,42.63,,20,DIGITAL,23.70,9999,65,SIM,PEDIDO_CONFIRMADO,VENDA_CONCLUIDA,,5,0.0475
ATD-001169,254,2026-07-29 00:58:00,Quero algo parecido com os livros que costumo ler.,livro_parecido,PROPRIO,Aventura,aventureiro,FISICO,41.81,,30,FISICO,25.00,15,65,NAO,RECOMENDACAO,SEM_COMPRA,recomendacao_nao_combinou,3,0.0539
ATD-001170,291,2026-07-29 01:42:00,Preciso de um livro para dar de presente e não sei qual escolher.,presente,PRESENTE,Fantasia,épico,DIGITAL,22.31,,4,DIGITAL,21.10,9999,65,SIM,PEDIDO_CONFIRMADO,VENDA_CONCLUIDA,,5,0.0242
ATD-001171,328,2026-07-29 03:01:00,Estou procurando um título específico e quero saber se está disponível.,titulo_especifico,PROPRIO,Fantasia,épico,DIGITAL,29.76,37,37,DIGITAL,13.25,9999,90,SIM,PEDIDO_CONFIRMADO,VENDA_CONCLUIDA,,4,0.0218
ATD-001172,365,2026-07-29 04:41:00,Quero algo parecido com os livros que costumo ler.,livro_parecido,PROPRIO,Ficção científica,reflexivo,DIGITAL,18.27,,45,DIGITAL,14.55,9999,65,SIM,PEDIDO_CONFIRMADO,VENDA_CONCLUIDA,,5,0.0459
ATD-001173,402,2026-07-29 05:46:00,"Quero continuar uma saga que comecei, mas não sei qual é o próximo volume.",continuacao_de_saga,PROPRIO,Ficção científica,reflexivo,DIGITAL,38.54,46,46,DIGITAL,17.60,9999,90,SIM,PEDIDO_CONFIRMADO,VENDA_CONCLUIDA,,4,0.0525
ATD-001174,439,2026-07-29 06:39:00,Estou procurando um título específico e quero saber se está disponível.,titulo_especifico,PROPRIO,Drama,emocional,DIGITAL,40.07,44,44,DIGITAL,18.50,9999,90,SIM,PEDIDO_CONFIRMADO,VENDA_CONCLUIDA,,5,0.0489
ATD-001175,476,2026-07-29 08:12:00,"Quero continuar uma saga que comecei, mas não sei qual é o próximo volume.",continuacao_de_saga,PROPRIO,Romance,emocional,DIGITAL,41.81,,14,DIGITAL,12.40,9999,90,NAO,BUSCA,SEM_COMPRA,nao_encontrou_continuacao,3,0.0327
ATD-001176,513,2026-07-29 08:53:00,Quero experimentar um gênero novo sem pegar um livro muito difícil.,explorar_novo_genero,PROPRIO,Drama,emocional,FISICO,31.34,,43,FISICO,25.45,10,65,NAO,RECOMENDACAO,SEM_COMPRA,recomendacao_nao_combinou,3,0.0471
ATD-001177,550,2026-07-29 10:09:00,Quero experimentar um gênero novo sem pegar um livro muito difícil.,explorar_novo_genero,PROPRIO,Mistério,intrigante,DIGITAL,15.28,,24,DIGITAL,19.80,9999,65,NAO,RECOMENDACAO,SEM_COMPRA,preco_acima_do_orcamento,3,0.0327
ATD-001178,587,2026-07-29 11:16:00,Preciso de um livro para dar de presente e não sei qual escolher.,presente,PRESENTE,Romance,nostálgico,DIGITAL,33.79,,47,DIGITAL,20.65,9999,65,SIM,PEDIDO_CONFIRMADO,VENDA_CONCLUIDA,,4,0.0183
ATD-001179,624,2026-07-29 12:58:00,Quero experimentar um gênero novo sem pegar um livro muito difícil.,explorar_novo_genero,PROPRIO,Ficção histórica,melancólico,FISICO,31.82,,36,FISICO,27.20,9,64,NAO,RECOMENDACAO,SEM_COMPRA,recomendacao_nao_combinou,3,0.0531
ATD-001180,661,2026-07-29 13:31:00,Quero experimentar um gênero novo sem pegar um livro muito difícil.,explorar_novo_genero,PROPRIO,Mistério,intrigante,FISICO,46.43,,22,FISICO,23.70,7,62,SIM,PEDIDO_CONFIRMADO,VENDA_CONCLUIDA,,5,0.0313
ATD-001181,698,2026-07-29 14:34:00,Preciso de um livro para dar de presente e não sei qual escolher.,presente,PRESENTE,Ficção histórica,melancólico,DIGITAL,33.42,,4,DIGITAL,21.10,9999,65,NAO,RECOMENDACAO,SEM_COMPRA,recomendacao_nao_combinou,3,0.0270
ATD-001182,735,2026-07-29 16:17:00,Quero algo parecido com os livros que costumo ler.,livro_parecido,PROPRIO,Drama,emocional,FISICO,46.13,,42,FISICO,22.40,3,58,SIM,PEDIDO_CONFIRMADO,VENDA_CONCLUIDA,,4,0.0395
ATD-001183,772,2026-07-29 17:04:00,"Quero continuar uma saga que comecei, mas não sei qual é o próximo volume.",continuacao_de_saga,PROPRIO,Ficção contemporânea,acolhedor,DIGITAL,25.12,,27,DIGITAL,21.95,9999,90,NAO,BUSCA,SEM_COMPRA,nao_encontrou_continuacao,2,0.0136
ATD-001184,809,2026-07-29 18:05:00,Quero algo parecido com os livros que costumo ler.,livro_parecido,PROPRIO,Fantasia,esperançoso,FISICO,16.42,,37,FISICO,23.25,16,65,NAO,RECOMENDACAO,SEM_COMPRA,preco_acima_do_orcamento,3,0.0467
ATD-001185,846,2026-07-29 19:26:00,"Quero continuar uma saga que comecei, mas não sei qual é o próximo volume.",continuacao_de_saga,PROPRIO,Aventura,inspirador,DIGITAL,14.69,32,32,DIGITAL,21.10,9999,90,NAO,RECOMENDACAO,SEM_COMPRA,preco_acima_do_orcamento,3,0.0559
ATD-001186,883,2026-07-29 20:53:00,"Quero continuar uma saga que comecei, mas não sei qual é o próximo volume.",continuacao_de_saga,PROPRIO,Ficção histórica,melancólico,DIGITAL,14.26,36,36,DIGITAL,17.20,9999,90,NAO,RECOMENDACAO,SEM_COMPRA,preco_acima_do_orcamento,3,0.0154
ATD-001187,920,2026-07-29 21:52:00,Estou procurando um título específico e quero saber se está disponível.,titulo_especifico,PROPRIO,Romance,nostálgico,DIGITAL,30.18,16,16,DIGITAL,18.50,9999,90,SIM,PEDIDO_CONFIRMADO,VENDA_CONCLUIDA,,5,0.0457
ATD-001188,957,2026-07-29 23:14:00,Quero algo parecido com os livros que costumo ler.,livro_parecido,PROPRIO,Aventura,aventureiro,FISICO,27.27,,19,FISICO,30.65,10,65,NAO,RECOMENDACAO,SEM_COMPRA,preco_acima_do_orcamento,3,0.0340
ATD-001189,994,2026-07-30 00:28:00,Preciso de um livro para dar de presente e não sei qual escolher.,presente,PRESENTE,Ficção contemporânea,acolhedor,DIGITAL,36.77,,34,DIGITAL,20.20,9999,65,NAO,RECOMENDACAO,SEM_COMPRA,recomendacao_nao_combinou,3,0.0503
ATD-001190,31,2026-07-30 01:23:00,Preciso de um livro para dar de presente e não sei qual escolher.,presente,PRESENTE,Ficção histórica,melancólico,DIGITAL,40.91,,18,DIGITAL,17.60,9999,65,NAO,RECOMENDACAO,SEM_COMPRA,recomendacao_nao_combinou,1,0.0522
ATD-001191,68,2026-07-30 02:42:00,Quero algo parecido com os livros que costumo ler.,livro_parecido,PROPRIO,Ficção científica,reflexivo,FISICO,19.22,,46,FISICO,27.60,7,62,NAO,RECOMENDACAO,SEM_COMPRA,preco_acima_do_orcamento,2,0.0495
ATD-001192,105,2026-07-30 03:47:00,Quero algo parecido com os livros que costumo ler.,livro_parecido,PROPRIO,Romance,emocional,DIGITAL,34.84,,7,DIGITAL,14.15,9999,65,NAO,RECOMENDACAO,SEM_COMPRA,recomendacao_nao_combinou,2,0.0564
ATD-001193,142,2026-07-30 05:02:00,Preciso de um livro para dar de presente e não sei qual escolher.,presente,PRESENTE,Mistério,intrigante,FISICO,41.19,,12,FISICO,32.40,9,64,NAO,RECOMENDACAO,SEM_COMPRA,recomendacao_nao_combinou,3,0.0472
ATD-001194,179,2026-07-30 06:43:00,Estou procurando um título específico e quero saber se está disponível.,titulo_especifico,PROPRIO,Romance,emocional,FISICO,27.67,15,15,FISICO,25.45,6,90,NAO,RECOMENDACAO,SEM_COMPRA,recomendacao_nao_combinou,3,0.0160
ATD-001195,216,2026-07-30 07:22:00,"Quero continuar uma saga que comecei, mas não sei qual é o próximo volume.",continuacao_de_saga,PROPRIO,Ficção histórica,melancólico,DIGITAL,44.62,36,36,DIGITAL,17.20,9999,90,SIM,PEDIDO_CONFIRMADO,VENDA_CONCLUIDA,,4,0.0492
ATD-001196,253,2026-07-30 08:22:00,Quero experimentar um gênero novo sem pegar um livro muito difícil.,explorar_novo_genero,PROPRIO,Ficção científica,reflexivo,FISICO,16.48,,47,FISICO,30.65,14,65,NAO,RECOMENDACAO,SEM_COMPRA,recomendacao_nao_combinou,4,0.0168
ATD-001197,290,2026-07-30 10:15:00,Quero algo parecido com os livros que costumo ler.,livro_parecido,PROPRIO,Aventura,aventureiro,DIGITAL,26.58,,17,DIGITAL,14.55,9999,65,SIM,PEDIDO_CONFIRMADO,VENDA_CONCLUIDA,,5,0.0566
ATD-001198,327,2026-07-30 10:44:00,Estou procurando um título específico e quero saber se está disponível.,titulo_especifico,PROPRIO,Fantasia,esperançoso,FISICO,28.09,3,3,FISICO,28.05,18,90,SIM,PEDIDO_CONFIRMADO,VENDA_CONCLUIDA,,4,0.0242
ATD-001199,364,2026-07-30 12:25:00,Quero algo parecido com os livros que costumo ler.,livro_parecido,PROPRIO,Mistério,intrigante,FISICO,37.02,,9,FISICO,23.25,12,10,SIM,PEDIDO_CONFIRMADO,VENDA_CONCLUIDA,,4,0.0565
ATD-001200,401,2026-07-30 13:46:00,Preciso de um livro para dar de presente e não sei qual escolher.,presente,PRESENTE,Romance,nostálgico,FISICO,44.98,,13,FISICO,28.45,16,65,SIM,PEDIDO_CONFIRMADO,VENDA_CONCLUIDA,,5,0.0345
ATD-001201,438,2026-07-30 14:28:00,Quero algo parecido com os livros que costumo ler.,livro_parecido,PROPRIO,Aventura,inspirador,FISICO,34.91,,30,FISICO,25.00,15,65,NAO,RECOMENDACAO,SEM_COMPRA,apenas_pesquisando,4,0.0170
ATD-001202,475,2026-07-30 16:10:00,Estou procurando um título específico e quero saber se está disponível.,titulo_especifico,PROPRIO,Aventura,aventureiro,DIGITAL,37.97,31,31,DIGITAL,18.05,9999,90,SIM,PEDIDO_CONFIRMADO,VENDA_CONCLUIDA,,5,0.0245
ATD-001203,512,2026-07-30 16:59:00,Quero algo parecido com os livros que costumo ler.,livro_parecido,PROPRIO,Aventura,inspirador,DIGITAL,33.77,,18,DIGITAL,17.60,9999,65,NAO,RECOMENDACAO,SEM_COMPRA,recomendacao_nao_combinou,3,0.0387
ATD-001204,549,2026-07-30 18:28:00,Quero experimentar um gênero novo sem pegar um livro muito difícil.,explorar_novo_genero,PROPRIO,Drama,emocional,DIGITAL,18.25,,41,DIGITAL,18.45,9999,65,NAO,RECOMENDACAO,SEM_COMPRA,preco_acima_do_orcamento,3,0.0452
ATD-001205,586,2026-07-30 19:24:00,"Quero continuar uma saga que comecei, mas não sei qual é o próximo volume.",continuacao_de_saga,PROPRIO,Drama,emocional,FISICO,33.24,43,43,FISICO,25.45,10,90,NAO,RECOMENDACAO,SEM_COMPRA,apenas_pesquisando,3,0.0332
ATD-001206,623,2026-07-30 20:45:00,Quero algo parecido com os livros que costumo ler.,livro_parecido,PROPRIO,Drama,emocional,FISICO,23.10,,41,FISICO,28.45,20,65,NAO,RECOMENDACAO,SEM_COMPRA,preco_acima_do_orcamento,2,0.0535
ATD-001207,660,2026-07-30 21:45:00,Preciso de um livro para dar de presente e não sei qual escolher.,presente,PRESENTE,Ficção histórica,melancólico,FISICO,32.76,,20,FISICO,33.70,17,65,NAO,RECOMENDACAO,SEM_COMPRA,preco_acima_do_orcamento,4,0.0222
ATD-001208,697,2026-07-30 22:53:00,Estou procurando um título específico e quero saber se está disponível.,titulo_especifico,PROPRIO,Aventura,inspirador,DIGITAL,16.29,18,18,DIGITAL,17.60,9999,90,NAO,RECOMENDACAO,SEM_COMPRA,preco_acima_do_orcamento,3,0.0552
ATD-001209,734,2026-07-31 00:26:00,"Quero continuar uma saga que comecei, mas não sei qual é o próximo volume.",continuacao_de_saga,PROPRIO,Mistério,intrigante,FISICO,17.80,,23,FISICO,26.75,14,90,NAO,RECOMENDACAO,SEM_COMPRA,preco_acima_do_orcamento,3,0.0438
ATD-001210,771,2026-07-31 00:50:00,Quero algo parecido com os livros que costumo ler.,livro_parecido,PROPRIO,Aventura,inspirador,DIGITAL,25.77,,19,DIGITAL,20.65,9999,65,SIM,PEDIDO_CONFIRMADO,VENDA_CONCLUIDA,,5,0.0497
ATD-001211,808,2026-07-31 02:05:00,Quero experimentar um gênero novo sem pegar um livro muito difícil.,explorar_novo_genero,PROPRIO,Mistério,intrigante,DIGITAL,34.27,,21,DIGITAL,10.65,9999,65,SIM,PEDIDO_CONFIRMADO,VENDA_CONCLUIDA,,5,0.0549
ATD-001212,845,2026-07-31 03:52:00,Preciso de um livro para dar de presente e não sei qual escolher.,presente,PRESENTE,Romance,nostálgico,FISICO,20.51,,2,FISICO,25.00,11,65,NAO,RECOMENDACAO,SEM_COMPRA,preco_acima_do_orcamento,3,0.0186
ATD-001213,882,2026-07-31 04:26:00,Estou procurando um título específico e quero saber se está disponível.,titulo_especifico,PROPRIO,Ficção científica,reflexivo,DIGITAL,37.97,48,48,DIGITAL,23.70,9999,90,SIM,PEDIDO_CONFIRMADO,VENDA_CONCLUIDA,,5,0.0272
ATD-001214,919,2026-07-31 05:37:00,Quero experimentar um gênero novo sem pegar um livro muito difícil.,explorar_novo_genero,PROPRIO,Ficção histórica,melancólico,DIGITAL,30.34,,36,DIGITAL,17.20,9999,65,NAO,RECOMENDACAO,SEM_COMPRA,recomendacao_nao_combinou,1,0.0419
ATD-001215,956,2026-07-31 07:28:00,Quero experimentar um gênero novo sem pegar um livro muito difícil.,explorar_novo_genero,PROPRIO,Ficção histórica,melancólico,DIGITAL,13.47,,33,DIGITAL,17.15,9999,65,NAO,RECOMENDACAO,SEM_COMPRA,preco_acima_do_orcamento,2,0.0428
ATD-001216,993,2026-07-31 07:58:00,Estou procurando um título específico e quero saber se está disponível.,titulo_especifico,PROPRIO,Fantasia,épico,DIGITAL,13.76,10,10,DIGITAL,16.30,9999,90,NAO,RECOMENDACAO,SEM_COMPRA,preco_acima_do_orcamento,3,0.0569
ATD-001217,30,2026-07-31 09:23:00,Quero algo parecido com os livros que costumo ler.,livro_parecido,PROPRIO,Romance,nostálgico,FISICO,27.94,,5,FISICO,27.15,8,63,SIM,CHECKOUT,SEM_COMPRA,abandono_no_checkout,3,0.0152
ATD-001218,67,2026-07-31 10:42:00,"Quero continuar uma saga que comecei, mas não sei qual é o próximo volume.",continuacao_de_saga,PROPRIO,Ficção científica,reflexivo,FISICO,17.54,,47,FISICO,30.65,14,90,NAO,BUSCA,SEM_COMPRA,nao_encontrou_continuacao,3,0.0125
ATD-001219,104,2026-07-31 11:41:00,Quero experimentar um gênero novo sem pegar um livro muito difícil.,explorar_novo_genero,PROPRIO,Ficção científica,reflexivo,FISICO,36.58,,46,FISICO,27.60,7,62,SIM,PEDIDO_CONFIRMADO,VENDA_CONCLUIDA,,4,0.0433
ATD-001220,141,2026-07-31 13:24:00,Preciso de um livro para dar de presente e não sei qual escolher.,presente,PRESENTE,Ficção contemporânea,acolhedor,FISICO,16.35,,16,FISICO,28.50,13,65,NAO,RECOMENDACAO,SEM_COMPRA,preco_acima_do_orcamento,3,0.0451
ATD-001221,178,2026-07-31 14:22:00,"Quero continuar uma saga que comecei, mas não sei qual é o próximo volume.",continuacao_de_saga,PROPRIO,Romance,nostálgico,FISICO,19.81,6,6,FISICO,30.20,15,90,NAO,RECOMENDACAO,SEM_COMPRA,preco_acima_do_orcamento,1,0.0228
ATD-001222,215,2026-07-31 15:27:00,Preciso de um livro para dar de presente e não sei qual escolher.,presente,PRESENTE,Ficção contemporânea,acolhedor,DIGITAL,28.52,,41,DIGITAL,18.45,9999,65,NAO,RECOMENDACAO,SEM_COMPRA,recomendacao_nao_combinou,3,0.0369
ATD-001223,252,2026-07-31 16:55:00,Quero algo parecido com os livros que costumo ler.,livro_parecido,PROPRIO,Fantasia,épico,FISICO,43.10,,2,FISICO,25.00,11,65,NAO,RECOMENDACAO,SEM_COMPRA,recomendacao_nao_combinou,3,0.0520
ATD-001224,289,2026-07-31 17:51:00,Quero experimentar um gênero novo sem pegar um livro muito difícil.,explorar_novo_genero,PROPRIO,Fantasia,esperançoso,FISICO,26.44,,3,FISICO,28.05,18,65,NAO,RECOMENDACAO,SEM_COMPRA,preco_acima_do_orcamento,3,0.0539
ATD-001225,326,2026-07-31 19:18:00,Preciso de um livro para dar de presente e não sei qual escolher.,presente,PRESENTE,Ficção científica,reflexivo,FISICO,37.48,,29,FISICO,21.95,8,63,NAO,RECOMENDACAO,SEM_COMPRA,recomendacao_nao_combinou,2,0.0203
ATD-001226,363,2026-07-31 20:11:00,"Quero continuar uma saga que comecei, mas não sei qual é o próximo volume.",continuacao_de_saga,PROPRIO,Ficção científica,reflexivo,DIGITAL,25.42,47,47,DIGITAL,20.65,9999,90,SIM,CHECKOUT,SEM_COMPRA,abandono_no_checkout,3,0.0127
ATD-001227,400,2026-07-31 21:01:00,Estou procurando um título específico e quero saber se está disponível.,titulo_especifico,PROPRIO,Fantasia,esperançoso,FISICO,20.97,40,40,FISICO,32.40,13,90,NAO,RECOMENDACAO,SEM_COMPRA,preco_acima_do_orcamento,3,0.0197
ATD-001228,437,2026-07-31 22:38:00,Preciso de um livro para dar de presente e não sei qual escolher.,presente,PRESENTE,Fantasia,épico,FISICO,15.14,,19,FISICO,30.65,10,65,NAO,RECOMENDACAO,SEM_COMPRA,recomendacao_nao_combinou,4,0.0224
ATD-001229,474,2026-07-31 23:37:00,"Quero continuar uma saga que comecei, mas não sei qual é o próximo volume.",continuacao_de_saga,PROPRIO,Mistério,intrigante,DIGITAL,46.95,24,24,DIGITAL,19.80,9999,90,SIM,PEDIDO_CONFIRMADO,VENDA_CONCLUIDA,,4,0.0213
ATD-001230,511,2026-08-01 01:20:00,Quero algo parecido com os livros que costumo ler.,livro_parecido,PROPRIO,Mistério,intrigante,DIGITAL,27.59,,21,DIGITAL,10.65,9999,65,SIM,PEDIDO_CONFIRMADO,VENDA_CONCLUIDA,,4,0.0203
ATD-001231,548,2026-08-01 02:07:00,Preciso de um livro para dar de presente e não sei qual escolher.,presente,PRESENTE,Romance,emocional,DIGITAL,38.10,,12,DIGITAL,22.40,9999,65,NAO,RECOMENDACAO,SEM_COMPRA,recomendacao_nao_combinou,3,0.0372
ATD-001232,585,2026-08-01 03:20:00,Quero experimentar um gênero novo sem pegar um livro muito difícil.,explorar_novo_genero,PROPRIO,Ficção contemporânea,acolhedor,DIGITAL,45.33,,25,DIGITAL,15.85,9999,65,SIM,PEDIDO_CONFIRMADO,VENDA_CONCLUIDA,,5,0.0291
ATD-001233,622,2026-08-01 04:21:00,Quero algo parecido com os livros que costumo ler.,livro_parecido,PROPRIO,Ficção científica,reflexivo,FISICO,26.05,,46,FISICO,27.60,7,62,NAO,RECOMENDACAO,SEM_COMPRA,preco_acima_do_orcamento,1,0.0175
ATD-001234,659,2026-08-01 05:38:00,"Quero continuar uma saga que comecei, mas não sei qual é o próximo volume.",continuacao_de_saga,PROPRIO,Ficção contemporânea,acolhedor,DIGITAL,46.57,26,26,DIGITAL,18.90,9999,90,SIM,PEDIDO_CONFIRMADO,VENDA_CONCLUIDA,,5,0.0169
ATD-001235,696,2026-08-01 06:54:00,Preciso de um livro para dar de presente e não sei qual escolher.,presente,PRESENTE,Ficção contemporânea,acolhedor,DIGITAL,28.23,,1,DIGITAL,11.95,9999,65,NAO,RECOMENDACAO,SEM_COMPRA,recomendacao_nao_combinou,2,0.0483
ATD-001236,733,2026-08-01 08:11:00,Quero experimentar um gênero novo sem pegar um livro muito difícil.,explorar_novo_genero,PROPRIO,Fantasia,épico,FISICO,35.15,,3,FISICO,28.05,18,65,SIM,PEDIDO_CONFIRMADO,VENDA_CONCLUIDA,,5,0.0377
ATD-001237,770,2026-08-01 08:53:00,Preciso de um livro para dar de presente e não sei qual escolher.,presente,PRESENTE,Ficção científica,reflexivo,FISICO,32.18,,27,FISICO,31.95,18,65,SIM,PEDIDO_CONFIRMADO,VENDA_CONCLUIDA,,5,0.0296
ATD-001238,807,2026-08-01 10:44:00,Quero algo parecido com os livros que costumo ler.,livro_parecido,PROPRIO,Aventura,aventureiro,FISICO,32.25,,30,FISICO,25.00,15,65,SIM,PEDIDO_CONFIRMADO,VENDA_CONCLUIDA,,4,0.0347
ATD-001239,844,2026-08-01 11:24:00,Preciso de um livro para dar de presente e não sei qual escolher.,presente,PRESENTE,Mistério,intrigante,FISICO,19.53,,10,FISICO,26.30,19,65,NAO,RECOMENDACAO,SEM_COMPRA,preco_acima_do_orcamento,2,0.0455
ATD-001240,881,2026-08-01 12:32:00,Preciso de um livro para dar de presente e não sei qual escolher.,presente,PRESENTE,Drama,emocional,DIGITAL,35.33,,5,DIGITAL,17.15,9999,65,SIM,CHECKOUT,SEM_COMPRA,abandono_no_checkout,4,0.0203
ATD-001241,918,2026-08-01 14:04:00,Estou procurando um título específico e quero saber se está disponível.,titulo_especifico,PROPRIO,Aventura,inspirador,FISICO,43.36,18,18,FISICO,27.60,3,90,SIM,PEDIDO_CONFIRMADO,VENDA_CONCLUIDA,,5,0.0283
ATD-001242,955,2026-08-01 15:22:00,Quero algo parecido com os livros que costumo ler.,livro_parecido,PROPRIO,Mistério,intrigante,FISICO,16.98,,22,FISICO,23.70,7,62,NAO,RECOMENDACAO,SEM_COMPRA,preco_acima_do_orcamento,3,0.0460
ATD-001243,992,2026-08-01 16:34:00,Estou procurando um título específico e quero saber se está disponível.,titulo_especifico,PROPRIO,Ficção contemporânea,acolhedor,DIGITAL,35.10,25,25,DIGITAL,15.85,9999,90,SIM,PEDIDO_CONFIRMADO,VENDA_CONCLUIDA,,5,0.0171
ATD-001244,29,2026-08-01 17:05:00,Quero algo parecido com os livros que costumo ler.,livro_parecido,PROPRIO,Drama,emocional,DIGITAL,34.55,,42,DIGITAL,12.40,9999,65,SIM,CHECKOUT,SEM_COMPRA,abandono_no_checkout,1,0.0130
ATD-001245,66,2026-08-01 18:45:00,Quero algo parecido com os livros que costumo ler.,livro_parecido,PROPRIO,Ficção científica,reflexivo,DIGITAL,34.86,,46,DIGITAL,17.60,9999,65,SIM,PEDIDO_CONFIRMADO,VENDA_CONCLUIDA,,5,0.0418
ATD-001246,103,2026-08-01 20:12:00,"Quero continuar uma saga que comecei, mas não sei qual é o próximo volume.",continuacao_de_saga,PROPRIO,Fantasia,épico,DIGITAL,34.43,38,38,DIGITAL,16.30,9999,90,SIM,PEDIDO_CONFIRMADO,VENDA_CONCLUIDA,,4,0.0560
ATD-001247,140,2026-08-01 21:07:00,"Quero continuar uma saga que comecei, mas não sei qual é o próximo volume.",continuacao_de_saga,PROPRIO,Fantasia,épico,FISICO,45.21,4,4,FISICO,31.10,1,90,SIM,PEDIDO_CONFIRMADO,VENDA_CONCLUIDA,,5,0.0389
ATD-001248,177,2026-08-01 22:18:00,Quero algo parecido com os livros que costumo ler.,livro_parecido,PROPRIO,Ficção histórica,melancólico,FISICO,30.03,,34,FISICO,30.20,19,65,NAO,RECOMENDACAO,SEM_COMPRA,preco_acima_do_orcamento,2,0.0247
ATD-001249,214,2026-08-01 23:49:00,Quero algo parecido com os livros que costumo ler.,livro_parecido,PROPRIO,Romance,emocional,FISICO,14.80,,15,FISICO,25.45,6,61,NAO,RECOMENDACAO,SEM_COMPRA,recomendacao_nao_combinou,3,0.0561
ATD-001250,251,2026-08-02 00:35:00,Quero experimentar um gênero novo sem pegar um livro muito difícil.,explorar_novo_genero,PROPRIO,Ficção histórica,melancólico,FISICO,21.70,,33,FISICO,27.15,12,65,NAO,RECOMENDACAO,SEM_COMPRA,preco_acima_do_orcamento,3,0.0319
ATD-001251,288,2026-08-02 02:11:00,Quero experimentar um gênero novo sem pegar um livro muito difícil.,explorar_novo_genero,PROPRIO,Aventura,inspirador,DIGITAL,36.93,,17,DIGITAL,14.55,9999,65,NAO,RECOMENDACAO,SEM_COMPRA,recomendacao_nao_combinou,2,0.0230
ATD-001252,325,2026-08-02 03:03:00,Quero experimentar um gênero novo sem pegar um livro muito difícil.,explorar_novo_genero,PROPRIO,Drama,emocional,FISICO,36.03,,42,FISICO,22.40,3,58,SIM,PEDIDO_CONFIRMADO,VENDA_CONCLUIDA,,5,0.0259
ATD-001253,362,2026-08-02 04:16:00,Quero experimentar um gênero novo sem pegar um livro muito difícil.,explorar_novo_genero,PROPRIO,Drama,emocional,DIGITAL,44.75,,43,DIGITAL,15.45,9999,65,SIM,PEDIDO_CONFIRMADO,VENDA_CONCLUIDA,,4,0.0567
ATD-001254,399,2026-08-02 05:06:00,Quero experimentar um gênero novo sem pegar um livro muito difícil.,explorar_novo_genero,PROPRIO,Ficção científica,reflexivo,FISICO,46.39,,46,FISICO,27.60,7,62,NAO,RECOMENDACAO,SEM_COMPRA,recomendacao_nao_combinou,3,0.0233
ATD-001255,436,2026-08-02 06:40:00,"Quero continuar uma saga que comecei, mas não sei qual é o próximo volume.",continuacao_de_saga,PROPRIO,Ficção histórica,melancólico,FISICO,23.54,35,35,FISICO,24.15,2,90,NAO,RECOMENDACAO,SEM_COMPRA,preco_acima_do_orcamento,1,0.0215
ATD-001256,473,2026-08-02 07:58:00,Quero algo parecido com os livros que costumo ler.,livro_parecido,PROPRIO,Fantasia,épico,FISICO,44.18,,2,FISICO,25.00,11,65,SIM,PEDIDO_CONFIRMADO,VENDA_CONCLUIDA,,5,0.0442
ATD-001257,510,2026-08-02 08:27:00,"Quero continuar uma saga que comecei, mas não sei qual é o próximo volume.",continuacao_de_saga,PROPRIO,Drama,emocional,FISICO,12.53,43,41,FISICO,28.45,20,90,NAO,BUSCA,SEM_COMPRA,nao_encontrou_continuacao,2,0.0431
ATD-001258,547,2026-08-02 10:11:00,Preciso de um livro para dar de presente e não sei qual escolher.,presente,PRESENTE,Ficção científica,reflexivo,DIGITAL,15.96,,41,DIGITAL,18.45,9999,65,NAO,RECOMENDACAO,SEM_COMPRA,recomendacao_nao_combinou,2,0.0126
ATD-001259,584,2026-08-02 11:36:00,Estou procurando um título específico e quero saber se está disponível.,titulo_especifico,PROPRIO,Aventura,aventureiro,DIGITAL,37.80,32,32,DIGITAL,21.10,9999,90,NAO,RECOMENDACAO,SEM_COMPRA,apenas_pesquisando,3,0.0523
ATD-001260,621,2026-08-02 12:40:00,Estou procurando um título específico e quero saber se está disponível.,titulo_especifico,PROPRIO,Ficção histórica,melancólico,FISICO,44.68,35,35,FISICO,24.15,2,90,SIM,PEDIDO_CONFIRMADO,VENDA_CONCLUIDA,,4,0.0399
ATD-001261,658,2026-08-02 13:40:00,Estou procurando um título específico e quero saber se está disponível.,titulo_especifico,PROPRIO,Aventura,aventureiro,FISICO,14.22,30,30,FISICO,25.00,15,90,NAO,RECOMENDACAO,SEM_COMPRA,preco_acima_do_orcamento,3,0.0200
ATD-001262,695,2026-08-02 15:11:00,Quero experimentar um gênero novo sem pegar um livro muito difícil.,explorar_novo_genero,PROPRIO,Mistério,intrigante,DIGITAL,24.43,,23,DIGITAL,16.75,9999,65,SIM,PEDIDO_CONFIRMADO,VENDA_CONCLUIDA,,5,0.0568
ATD-001263,732,2026-08-02 16:20:00,Quero experimentar um gênero novo sem pegar um livro muito difícil.,explorar_novo_genero,PROPRIO,Ficção histórica,melancólico,DIGITAL,22.79,,34,DIGITAL,20.20,9999,65,SIM,PEDIDO_CONFIRMADO,VENDA_CONCLUIDA,,4,0.0534
ATD-001264,769,2026-08-02 17:14:00,"Quero continuar uma saga que comecei, mas não sei qual é o próximo volume.",continuacao_de_saga,PROPRIO,Fantasia,épico,FISICO,33.45,4,4,FISICO,31.10,1,81,NAO,RECOMENDACAO,SEM_COMPRA,apenas_pesquisando,4,0.0561
ATD-001265,806,2026-08-02 18:00:00,"Quero continuar uma saga que comecei, mas não sei qual é o próximo volume.",continuacao_de_saga,PROPRIO,Romance,emocional,DIGITAL,41.49,16,16,DIGITAL,18.50,9999,90,SIM,PEDIDO_CONFIRMADO,VENDA_CONCLUIDA,,4,0.0282
ATD-001266,843,2026-08-02 19:55:00,Estou procurando um título específico e quero saber se está disponível.,titulo_especifico,PROPRIO,Fantasia,épico,FISICO,27.09,1,1,FISICO,21.95,4,90,SIM,PEDIDO_CONFIRMADO,VENDA_CONCLUIDA,,4,0.0217
ATD-001267,880,2026-08-02 20:42:00,"Quero continuar uma saga que comecei, mas não sei qual é o próximo volume.",continuacao_de_saga,PROPRIO,Romance,nostálgico,DIGITAL,24.71,6,6,DIGITAL,20.20,9999,90,SIM,PEDIDO_CONFIRMADO,VENDA_CONCLUIDA,,5,0.0493
ATD-001268,917,2026-08-02 22:10:00,"Quero continuar uma saga que comecei, mas não sei qual é o próximo volume.",continuacao_de_saga,PROPRIO,Aventura,inspirador,DIGITAL,21.29,,31,DIGITAL,18.05,9999,90,NAO,BUSCA,SEM_COMPRA,nao_encontrou_continuacao,4,0.0140
ATD-001269,954,2026-08-02 23:03:00,Preciso de um livro para dar de presente e não sei qual escolher.,presente,PRESENTE,Ficção científica,reflexivo,DIGITAL,24.27,,25,DIGITAL,15.85,9999,65,NAO,RECOMENDACAO,SEM_COMPRA,recomendacao_nao_combinou,3,0.0233
ATD-001270,991,2026-08-03 00:15:00,Estou procurando um título específico e quero saber se está disponível.,titulo_especifico,PROPRIO,Mistério,intrigante,DIGITAL,40.36,24,24,DIGITAL,19.80,9999,90,SIM,PEDIDO_CONFIRMADO,VENDA_CONCLUIDA,,5,0.0430
ATD-001271,28,2026-08-03 01:10:00,"Quero continuar uma saga que comecei, mas não sei qual é o próximo volume.",continuacao_de_saga,PROPRIO,Aventura,inspirador,DIGITAL,32.58,,29,DIGITAL,11.95,9999,90,NAO,BUSCA,SEM_COMPRA,nao_encontrou_continuacao,3,0.0300
ATD-001272,65,2026-08-03 02:27:00,"Quero continuar uma saga que comecei, mas não sei qual é o próximo volume.",continuacao_de_saga,PROPRIO,Romance,emocional,FISICO,27.99,14,16,FISICO,28.50,13,90,NAO,RECOMENDACAO,SEM_COMPRA,preco_acima_do_orcamento,3,0.0450
ATD-001273,102,2026-08-03 03:59:00,Preciso de um livro para dar de presente e não sei qual escolher.,presente,PRESENTE,Drama,emocional,DIGITAL,12.04,,2,DIGITAL,15.00,9999,65,NAO,RECOMENDACAO,SEM_COMPRA,recomendacao_nao_combinou,2,0.0386
ATD-001274,139,2026-08-03 04:35:00,"Quero continuar uma saga que comecei, mas não sei qual é o próximo volume.",continuacao_de_saga,PROPRIO,Aventura,inspirador,FISICO,26.94,30,30,FISICO,25.00,15,90,SIM,CHECKOUT,SEM_COMPRA,abandono_no_checkout,3,0.0514
ATD-001275,176,2026-08-03 06:35:00,Quero algo parecido com os livros que costumo ler.,livro_parecido,PROPRIO,Ficção contemporânea,acolhedor,DIGITAL,18.26,,28,DIGITAL,15.90,9999,65,SIM,PEDIDO_CONFIRMADO,VENDA_CONCLUIDA,,4,0.0377
ATD-001276,213,2026-08-03 07:46:00,"Quero continuar uma saga que comecei, mas não sei qual é o próximo volume.",continuacao_de_saga,PROPRIO,Mistério,intrigante,DIGITAL,25.59,23,23,DIGITAL,16.75,9999,90,SIM,PEDIDO_CONFIRMADO,VENDA_CONCLUIDA,,5,0.0321
ATD-001277,250,2026-08-03 08:38:00,Quero algo parecido com os livros que costumo ler.,livro_parecido,PROPRIO,Romance,emocional,DIGITAL,46.42,,8,DIGITAL,17.20,9999,65,NAO,RECOMENDACAO,SEM_COMPRA,recomendacao_nao_combinou,4,0.0432
ATD-001278,287,2026-08-03 09:45:00,Preciso de um livro para dar de presente e não sei qual escolher.,presente,PRESENTE,Mistério,intrigante,DIGITAL,22.71,,28,DIGITAL,15.90,9999,65,SIM,PEDIDO_CONFIRMADO,VENDA_CONCLUIDA,,4,0.0441
ATD-001279,324,2026-08-03 11:12:00,Quero experimentar um gênero novo sem pegar um livro muito difícil.,explorar_novo_genero,PROPRIO,Fantasia,esperançoso,FISICO,44.94,,3,FISICO,28.05,18,65,NAO,RECOMENDACAO,SEM_COMPRA,recomendacao_nao_combinou,3,0.0517
ATD-001280,361,2026-08-03 12:15:00,Quero algo parecido com os livros que costumo ler.,livro_parecido,PROPRIO,Fantasia,esperançoso,DIGITAL,18.27,,2,DIGITAL,15.00,9999,65,NAO,RECOMENDACAO,SEM_COMPRA,recomendacao_nao_combinou,2,0.0552
ATD-001281,398,2026-08-03 13:22:00,Quero experimentar um gênero novo sem pegar um livro muito difícil.,explorar_novo_genero,PROPRIO,Ficção contemporânea,acolhedor,FISICO,20.41,,26,FISICO,28.90,11,65,NAO,RECOMENDACAO,SEM_COMPRA,preco_acima_do_orcamento,3,0.0425
ATD-001282,435,2026-08-03 14:28:00,"Quero continuar uma saga que comecei, mas não sei qual é o próximo volume.",continuacao_de_saga,PROPRIO,Romance,nostálgico,DIGITAL,23.36,7,7,DIGITAL,14.15,9999,90,NAO,RECOMENDACAO,SEM_COMPRA,apenas_pesquisando,2,0.0132
ATD-001283,472,2026-08-03 15:35:00,"Quero continuar uma saga que comecei, mas não sei qual é o próximo volume.",continuacao_de_saga,PROPRIO,Ficção contemporânea,acolhedor,FISICO,30.43,,25,FISICO,25.85,4,84,NAO,BUSCA,SEM_COMPRA,nao_encontrou_continuacao,3,0.0492
ATD-001284,509,2026-08-03 17:00:00,Preciso de um livro para dar de presente e não sei qual escolher.,presente,PRESENTE,Fantasia,esperançoso,FISICO,30.01,,37,FISICO,23.25,16,65,SIM,PEDIDO_CONFIRMADO,VENDA_CONCLUIDA,,4,0.0166
ATD-001285,546,2026-08-03 17:48:00,"Quero continuar uma saga que comecei, mas não sei qual é o próximo volume.",continuacao_de_saga,PROPRIO,Fantasia,épico,DIGITAL,28.41,38,38,DIGITAL,16.30,9999,90,SIM,PEDIDO_CONFIRMADO,VENDA_CONCLUIDA,,4,0.0530
ATD-001286,583,2026-08-03 19:29:00,Estou procurando um título específico e quero saber se está disponível.,titulo_especifico,PROPRIO,Ficção histórica,melancólico,FISICO,26.01,35,35,FISICO,24.15,2,90,SIM,PEDIDO_CONFIRMADO,VENDA_CONCLUIDA,,5,0.0188
ATD-001287,620,2026-08-03 20:24:00,"Quero continuar uma saga que comecei, mas não sei qual é o próximo volume.",continuacao_de_saga,PROPRIO,Fantasia,épico,FISICO,24.42,40,40,FISICO,32.40,13,90,NAO,RECOMENDACAO,SEM_COMPRA,preco_acima_do_orcamento,1,0.0251
ATD-001288,657,2026-08-03 21:11:00,"Quero continuar uma saga que comecei, mas não sei qual é o próximo volume.",continuacao_de_saga,PROPRIO,Aventura,aventureiro,DIGITAL,29.46,20,20,DIGITAL,23.70,9999,90,SIM,PEDIDO_CONFIRMADO,VENDA_CONCLUIDA,,5,0.0439
ATD-001289,694,2026-08-03 23:08:00,"Quero continuar uma saga que comecei, mas não sei qual é o próximo volume.",continuacao_de_saga,PROPRIO,Fantasia,épico,DIGITAL,22.80,4,4,DIGITAL,21.10,9999,90,SIM,PEDIDO_CONFIRMADO,VENDA_CONCLUIDA,,5,0.0390
ATD-001290,731,2026-08-03 23:45:00,"Quero continuar uma saga que comecei, mas não sei qual é o próximo volume.",continuacao_de_saga,PROPRIO,Ficção contemporânea,acolhedor,FISICO,19.87,28,28,FISICO,25.90,1,81,NAO,RECOMENDACAO,SEM_COMPRA,preco_acima_do_orcamento,3,0.0395
ATD-001291,768,2026-08-04 01:00:00,"Quero continuar uma saga que comecei, mas não sei qual é o próximo volume.",continuacao_de_saga,PROPRIO,Aventura,inspirador,FISICO,26.78,32,30,FISICO,25.00,15,90,NAO,BUSCA,SEM_COMPRA,nao_encontrou_continuacao,4,0.0469
ATD-001292,805,2026-08-04 02:02:00,"Quero continuar uma saga que comecei, mas não sei qual é o próximo volume.",continuacao_de_saga,PROPRIO,Ficção histórica,melancólico,FISICO,47.22,,34,FISICO,30.20,19,90,NAO,BUSCA,SEM_COMPRA,nao_encontrou_continuacao,3,0.0250
ATD-001293,842,2026-08-04 03:04:00,Quero algo parecido com os livros que costumo ler.,livro_parecido,PROPRIO,Ficção histórica,melancólico,DIGITAL,31.98,,35,DIGITAL,14.15,9999,65,SIM,PEDIDO_CONFIRMADO,VENDA_CONCLUIDA,,4,0.0513
ATD-001294,879,2026-08-04 04:50:00,Quero algo parecido com os livros que costumo ler.,livro_parecido,PROPRIO,Romance,emocional,DIGITAL,23.22,,5,DIGITAL,17.15,9999,65,SIM,PEDIDO_CONFIRMADO,VENDA_CONCLUIDA,,4,0.0569
ATD-001295,916,2026-08-04 05:36:00,Quero algo parecido com os livros que costumo ler.,livro_parecido,PROPRIO,Ficção científica,reflexivo,DIGITAL,47.63,,48,DIGITAL,23.70,9999,65,SIM,PEDIDO_CONFIRMADO,VENDA_CONCLUIDA,,5,0.0325
ATD-001296,953,2026-08-04 07:26:00,Preciso de um livro para dar de presente e não sei qual escolher.,presente,PRESENTE,Aventura,aventureiro,DIGITAL,29.55,,27,DIGITAL,21.95,9999,65,NAO,RECOMENDACAO,SEM_COMPRA,recomendacao_nao_combinou,3,0.0539
ATD-001297,990,2026-08-04 08:20:00,Quero experimentar um gênero novo sem pegar um livro muito difícil.,explorar_novo_genero,PROPRIO,Ficção contemporânea,acolhedor,DIGITAL,39.36,,27,DIGITAL,21.95,9999,65,NAO,RECOMENDACAO,SEM_COMPRA,recomendacao_nao_combinou,3,0.0566
ATD-001298,27,2026-08-04 09:43:00,Quero algo parecido com os livros que costumo ler.,livro_parecido,PROPRIO,Drama,emocional,DIGITAL,33.75,,43,DIGITAL,15.45,9999,65,SIM,PEDIDO_CONFIRMADO,VENDA_CONCLUIDA,,5,0.0155
ATD-001299,64,2026-08-04 10:21:00,"Quero continuar uma saga que comecei, mas não sei qual é o próximo volume.",continuacao_de_saga,PROPRIO,Mistério,intrigante,FISICO,20.97,24,6,FISICO,30.20,15,10,NAO,BUSCA,SEM_COMPRA,nao_encontrou_continuacao,2,0.0544
ATD-001300,101,2026-08-04 11:57:00,Estou procurando um título específico e quero saber se está disponível.,titulo_especifico,PROPRIO,Mistério,intrigante,DIGITAL,29.26,21,21,DIGITAL,10.65,9999,90,SIM,PEDIDO_CONFIRMADO,VENDA_CONCLUIDA,,5,0.0242
ATD-001301,138,2026-08-04 13:20:00,"Quero continuar uma saga que comecei, mas não sei qual é o próximo volume.",continuacao_de_saga,PROPRIO,Romance,nostálgico,DIGITAL,38.99,,7,DIGITAL,14.15,9999,90,NAO,BUSCA,SEM_COMPRA,nao_encontrou_continuacao,3,0.0140
ATD-001302,175,2026-08-04 13:47:00,Quero algo parecido com os livros que costumo ler.,livro_parecido,PROPRIO,Fantasia,esperançoso,FISICO,35.46,,2,FISICO,25.00,11,65,SIM,PEDIDO_CONFIRMADO,VENDA_CONCLUIDA,,5,0.0211
ATD-001303,212,2026-08-04 14:58:00,Quero algo parecido com os livros que costumo ler.,livro_parecido,PROPRIO,Aventura,aventureiro,FISICO,28.68,,19,FISICO,30.65,10,65,SIM,PEDIDO_CONFIRMADO,VENDA_CONCLUIDA,,5,0.0166
ATD-001304,249,2026-08-04 16:45:00,Quero algo parecido com os livros que costumo ler.,livro_parecido,PROPRIO,Fantasia,épico,DIGITAL,21.67,,3,DIGITAL,18.05,9999,65,NAO,RECOMENDACAO,SEM_COMPRA,recomendacao_nao_combinou,4,0.0284
ATD-001305,286,2026-08-04 17:24:00,Preciso de um livro para dar de presente e não sei qual escolher.,presente,PRESENTE,Mistério,intrigante,FISICO,19.37,,33,FISICO,27.15,12,65,NAO,RECOMENDACAO,SEM_COMPRA,preco_acima_do_orcamento,4,0.0341
ATD-001306,323,2026-08-04 18:30:00,Preciso de um livro para dar de presente e não sei qual escolher.,presente,PRESENTE,Ficção científica,reflexivo,DIGITAL,45.94,,43,DIGITAL,15.45,9999,65,NAO,RECOMENDACAO,SEM_COMPRA,recomendacao_nao_combinou,3,0.0403
ATD-001307,360,2026-08-04 20:06:00,Quero experimentar um gênero novo sem pegar um livro muito difícil.,explorar_novo_genero,PROPRIO,Romance,emocional,FISICO,45.73,,5,FISICO,27.15,8,63,SIM,PEDIDO_CONFIRMADO,VENDA_CONCLUIDA,,4,0.0255
ATD-001308,397,2026-08-04 21:08:00,Quero algo parecido com os livros que costumo ler.,livro_parecido,PROPRIO,Aventura,aventureiro,DIGITAL,41.26,,19,DIGITAL,20.65,9999,65,NAO,RECOMENDACAO,SEM_COMPRA,apenas_pesquisando,3,0.0366
ATD-001309,434,2026-08-04 22:13:00,"Quero continuar uma saga que comecei, mas não sei qual é o próximo volume.",continuacao_de_saga,PROPRIO,Mistério,intrigante,FISICO,18.53,23,23,FISICO,26.75,14,90,NAO,RECOMENDACAO,SEM_COMPRA,preco_acima_do_orcamento,2,0.0249
ATD-001310,471,2026-08-04 23:25:00,"Quero continuar uma saga que comecei, mas não sei qual é o próximo volume.",continuacao_de_saga,PROPRIO,Aventura,aventureiro,FISICO,13.99,,17,FISICO,24.55,20,90,NAO,BUSCA,SEM_COMPRA,nao_encontrou_continuacao,3,0.0235
ATD-001311,508,2026-08-05 00:25:00,Preciso de um livro para dar de presente e não sei qual escolher.,presente,PRESENTE,Romance,emocional,FISICO,40.00,,10,FISICO,26.30,19,65,NAO,RECOMENDACAO,SEM_COMPRA,recomendacao_nao_combinou,2,0.0333
ATD-001312,545,2026-08-05 01:39:00,Estou procurando um título específico e quero saber se está disponível.,titulo_especifico,PROPRIO,Ficção contemporânea,acolhedor,FISICO,22.31,26,26,FISICO,28.90,11,90,SIM,PEDIDO_CONFIRMADO,VENDA_CONCLUIDA,,5,0.0492
ATD-001313,582,2026-08-05 03:02:00,Preciso de um livro para dar de presente e não sei qual escolher.,presente,PRESENTE,Romance,nostálgico,FISICO,21.53,,20,FISICO,33.70,17,65,NAO,RECOMENDACAO,SEM_COMPRA,preco_acima_do_orcamento,4,0.0549
ATD-001314,619,2026-08-05 04:40:00,Preciso de um livro para dar de presente e não sei qual escolher.,presente,PRESENTE,Mistério,intrigante,DIGITAL,41.26,,18,DIGITAL,17.60,9999,65,NAO,RECOMENDACAO,SEM_COMPRA,recomendacao_nao_combinou,2,0.0411
ATD-001315,656,2026-08-05 05:22:00,Quero experimentar um gênero novo sem pegar um livro muito difícil.,explorar_novo_genero,PROPRIO,Ficção histórica,melancólico,DIGITAL,44.11,,36,DIGITAL,17.20,9999,65,SIM,PEDIDO_CONFIRMADO,VENDA_CONCLUIDA,,4,0.0156
ATD-001316,693,2026-08-05 06:48:00,"Quero continuar uma saga que comecei, mas não sei qual é o próximo volume.",continuacao_de_saga,PROPRIO,Aventura,aventureiro,FISICO,43.04,,19,FISICO,30.65,10,90,NAO,BUSCA,SEM_COMPRA,nao_encontrou_continuacao,4,0.0398
ATD-001317,730,2026-08-05 08:00:00,"Quero continuar uma saga que comecei, mas não sei qual é o próximo volume.",continuacao_de_saga,PROPRIO,Aventura,aventureiro,DIGITAL,43.05,,18,DIGITAL,17.60,9999,90,NAO,RECOMENDACAO,SEM_COMPRA,apenas_pesquisando,3,0.0219
ATD-001318,767,2026-08-05 09:18:00,Preciso de um livro para dar de presente e não sei qual escolher.,presente,PRESENTE,Ficção científica,reflexivo,FISICO,32.84,,3,FISICO,28.05,18,10,NAO,RECOMENDACAO,SEM_COMPRA,recomendacao_nao_combinou,3,0.0266
ATD-001319,804,2026-08-05 10:22:00,"Quero continuar uma saga que comecei, mas não sei qual é o próximo volume.",continuacao_de_saga,PROPRIO,Ficção científica,reflexivo,FISICO,37.94,47,47,FISICO,30.65,14,90,SIM,PEDIDO_CONFIRMADO,VENDA_CONCLUIDA,,4,0.0207
ATD-001320,841,2026-08-05 11:47:00,Estou procurando um título específico e quero saber se está disponível.,titulo_especifico,PROPRIO,Fantasia,esperançoso,DIGITAL,26.63,37,37,DIGITAL,13.25,9999,90,NAO,RECOMENDACAO,SEM_COMPRA,recomendacao_nao_combinou,1,0.0315
ATD-001321,878,2026-08-05 12:45:00,Preciso de um livro para dar de presente e não sei qual escolher.,presente,PRESENTE,Romance,nostálgico,DIGITAL,37.48,,6,DIGITAL,20.20,9999,65,SIM,PEDIDO_CONFIRMADO,VENDA_CONCLUIDA,,5,0.0148
ATD-001322,915,2026-08-05 13:39:00,"Quero continuar uma saga que comecei, mas não sei qual é o próximo volume.",continuacao_de_saga,PROPRIO,Drama,emocional,FISICO,46.55,43,43,FISICO,25.45,10,90,SIM,PEDIDO_CONFIRMADO,VENDA_CONCLUIDA,,4,0.0138
ATD-001323,952,2026-08-05 14:44:00,"Quero continuar uma saga que comecei, mas não sei qual é o próximo volume.",continuacao_de_saga,PROPRIO,Aventura,inspirador,FISICO,21.89,,29,FISICO,21.95,8,88,NAO,BUSCA,SEM_COMPRA,nao_encontrou_continuacao,4,0.0537
ATD-001324,989,2026-08-05 16:22:00,Preciso de um livro para dar de presente e não sei qual escolher.,presente,PRESENTE,Fantasia,épico,DIGITAL,16.91,,8,DIGITAL,17.20,9999,65,NAO,RECOMENDACAO,SEM_COMPRA,preco_acima_do_orcamento,3,0.0157
ATD-001325,26,2026-08-05 17:44:00,"Quero continuar uma saga que comecei, mas não sei qual é o próximo volume.",continuacao_de_saga,PROPRIO,Ficção histórica,melancólico,DIGITAL,27.84,34,34,DIGITAL,20.20,9999,90,NAO,RECOMENDACAO,SEM_COMPRA,apenas_pesquisando,3,0.0124
ATD-001326,63,2026-08-05 18:21:00,"Quero continuar uma saga que comecei, mas não sei qual é o próximo volume.",continuacao_de_saga,PROPRIO,Romance,nostálgico,DIGITAL,34.01,6,6,DIGITAL,20.20,9999,90,SIM,CHECKOUT,SEM_COMPRA,abandono_no_checkout,4,0.0307
ATD-001327,100,2026-08-05 20:07:00,"Quero continuar uma saga que comecei, mas não sei qual é o próximo volume.",continuacao_de_saga,PROPRIO,Ficção contemporânea,acolhedor,DIGITAL,15.37,28,28,DIGITAL,15.90,9999,90,NAO,RECOMENDACAO,SEM_COMPRA,preco_acima_do_orcamento,4,0.0411
ATD-001328,137,2026-08-05 21:11:00,Quero experimentar um gênero novo sem pegar um livro muito difícil.,explorar_novo_genero,PROPRIO,Romance,nostálgico,DIGITAL,16.77,,7,DIGITAL,14.15,9999,65,SIM,PEDIDO_CONFIRMADO,VENDA_CONCLUIDA,,5,0.0307
ATD-001329,174,2026-08-05 22:15:00,Quero algo parecido com os livros que costumo ler.,livro_parecido,PROPRIO,Ficção científica,reflexivo,FISICO,31.22,,47,FISICO,30.65,14,65,SIM,PEDIDO_CONFIRMADO,VENDA_CONCLUIDA,,4,0.0329
ATD-001330,211,2026-08-05 23:37:00,Preciso de um livro para dar de presente e não sei qual escolher.,presente,PRESENTE,Drama,emocional,DIGITAL,20.39,,30,DIGITAL,15.00,9999,65,NAO,RECOMENDACAO,SEM_COMPRA,recomendacao_nao_combinou,2,0.0565
ATD-001331,248,2026-08-06 00:49:00,Preciso de um livro para dar de presente e não sei qual escolher.,presente,PRESENTE,Mistério,intrigante,FISICO,32.62,,19,FISICO,30.65,10,65,NAO,RECOMENDACAO,SEM_COMPRA,recomendacao_nao_combinou,2,0.0269
ATD-001332,285,2026-08-06 01:53:00,Quero experimentar um gênero novo sem pegar um livro muito difícil.,explorar_novo_genero,PROPRIO,Drama,emocional,DIGITAL,25.39,,44,DIGITAL,18.50,9999,65,SIM,CHECKOUT,SEM_COMPRA,abandono_no_checkout,4,0.0396
ATD-001333,322,2026-08-06 03:04:00,Preciso de um livro para dar de presente e não sei qual escolher.,presente,PRESENTE,Ficção contemporânea,acolhedor,FISICO,43.67,,34,FISICO,30.20,19,65,NAO,RECOMENDACAO,SEM_COMPRA,recomendacao_nao_combinou,2,0.0238
ATD-001334,359,2026-08-06 03:40:00,Quero experimentar um gênero novo sem pegar um livro muito difícil.,explorar_novo_genero,PROPRIO,Aventura,aventureiro,DIGITAL,44.33,,29,DIGITAL,11.95,9999,65,NAO,RECOMENDACAO,SEM_COMPRA,recomendacao_nao_combinou,1,0.0257
ATD-001335,396,2026-08-06 05:35:00,Preciso de um livro para dar de presente e não sei qual escolher.,presente,PRESENTE,Ficção científica,reflexivo,DIGITAL,30.96,,1,DIGITAL,11.95,9999,65,NAO,RECOMENDACAO,SEM_COMPRA,recomendacao_nao_combinou,4,0.0443
ATD-001336,433,2026-08-06 06:30:00,Quero algo parecido com os livros que costumo ler.,livro_parecido,PROPRIO,Fantasia,épico,DIGITAL,22.70,,10,DIGITAL,16.30,9999,65,NAO,RECOMENDACAO,SEM_COMPRA,recomendacao_nao_combinou,2,0.0263
ATD-001337,470,2026-08-06 07:51:00,Quero experimentar um gênero novo sem pegar um livro muito difícil.,explorar_novo_genero,PROPRIO,Ficção histórica,melancólico,FISICO,25.52,,33,FISICO,27.15,12,65,NAO,RECOMENDACAO,SEM_COMPRA,preco_acima_do_orcamento,2,0.0139
ATD-001338,507,2026-08-06 08:37:00,Preciso de um livro para dar de presente e não sei qual escolher.,presente,PRESENTE,Aventura,aventureiro,FISICO,35.47,,10,FISICO,26.30,19,65,SIM,PEDIDO_CONFIRMADO,VENDA_CONCLUIDA,,5,0.0525
ATD-001339,544,2026-08-06 09:53:00,Quero algo parecido com os livros que costumo ler.,livro_parecido,PROPRIO,Fantasia,épico,FISICO,17.96,,10,FISICO,26.30,19,65,NAO,RECOMENDACAO,SEM_COMPRA,preco_acima_do_orcamento,4,0.0168
ATD-001340,581,2026-08-06 10:48:00,"Quero continuar uma saga que comecei, mas não sei qual é o próximo volume.",continuacao_de_saga,PROPRIO,Ficção contemporânea,acolhedor,FISICO,14.16,26,27,FISICO,31.95,18,90,NAO,BUSCA,SEM_COMPRA,nao_encontrou_continuacao,3,0.0372
ATD-001341,618,2026-08-06 12:27:00,Preciso de um livro para dar de presente e não sei qual escolher.,presente,PRESENTE,Ficção contemporânea,acolhedor,FISICO,14.69,,37,FISICO,23.25,16,65,NAO,RECOMENDACAO,SEM_COMPRA,preco_acima_do_orcamento,2,0.0259
ATD-001342,655,2026-08-06 13:31:00,Estou procurando um título específico e quero saber se está disponível.,titulo_especifico,PROPRIO,Aventura,aventureiro,FISICO,23.41,17,17,FISICO,24.55,20,90,NAO,RECOMENDACAO,SEM_COMPRA,preco_acima_do_orcamento,3,0.0195
ATD-001343,692,2026-08-06 14:26:00,Preciso de um livro para dar de presente e não sei qual escolher.,presente,PRESENTE,Ficção contemporânea,acolhedor,DIGITAL,13.77,,43,DIGITAL,15.45,9999,65,NAO,RECOMENDACAO,SEM_COMPRA,preco_acima_do_orcamento,3,0.0411
ATD-001344,729,2026-08-06 15:34:00,"Quero continuar uma saga que comecei, mas não sei qual é o próximo volume.",continuacao_de_saga,PROPRIO,Aventura,aventureiro,DIGITAL,46.24,,18,DIGITAL,17.60,9999,90,SIM,PEDIDO_CONFIRMADO,VENDA_CONCLUIDA,,4,0.0489
ATD-001345,766,2026-08-06 17:22:00,Quero algo parecido com os livros que costumo ler.,livro_parecido,PROPRIO,Aventura,aventureiro,FISICO,39.94,,17,FISICO,24.55,20,65,SIM,PEDIDO_CONFIRMADO,VENDA_CONCLUIDA,,4,0.0187
ATD-001346,803,2026-08-06 18:20:00,Quero algo parecido com os livros que costumo ler.,livro_parecido,PROPRIO,Ficção científica,reflexivo,DIGITAL,23.17,,45,DIGITAL,14.55,9999,65,SIM,PEDIDO_CONFIRMADO,VENDA_CONCLUIDA,,4,0.0480
ATD-001347,840,2026-08-06 19:26:00,"Quero continuar uma saga que comecei, mas não sei qual é o próximo volume.",continuacao_de_saga,PROPRIO,Fantasia,épico,FISICO,47.99,4,4,FISICO,31.10,1,90,NAO,RECOMENDACAO,SEM_COMPRA,apenas_pesquisando,3,0.0540
ATD-001348,877,2026-08-06 20:56:00,Quero algo parecido com os livros que costumo ler.,livro_parecido,PROPRIO,Romance,nostálgico,FISICO,24.01,,16,FISICO,28.50,13,65,NAO,RECOMENDACAO,SEM_COMPRA,preco_acima_do_orcamento,3,0.0305
ATD-001349,914,2026-08-06 21:33:00,"Quero continuar uma saga que comecei, mas não sei qual é o próximo volume.",continuacao_de_saga,PROPRIO,Aventura,inspirador,DIGITAL,24.85,32,30,DIGITAL,15.00,9999,90,NAO,BUSCA,SEM_COMPRA,nao_encontrou_continuacao,2,0.0503
ATD-001350,951,2026-08-06 23:11:00,"Quero continuar uma saga que comecei, mas não sei qual é o próximo volume.",continuacao_de_saga,PROPRIO,Mistério,intrigante,FISICO,18.40,23,23,FISICO,26.75,14,90,NAO,RECOMENDACAO,SEM_COMPRA,preco_acima_do_orcamento,3,0.0414
ATD-001351,988,2026-08-06 23:49:00,"Quero continuar uma saga que comecei, mas não sei qual é o próximo volume.",continuacao_de_saga,PROPRIO,Ficção histórica,melancólico,FISICO,12.16,,33,FISICO,27.15,12,90,NAO,BUSCA,SEM_COMPRA,nao_encontrou_continuacao,4,0.0496
ATD-001352,25,2026-08-07 01:17:00,Quero algo parecido com os livros que costumo ler.,livro_parecido,PROPRIO,Ficção científica,reflexivo,DIGITAL,15.50,,48,DIGITAL,23.70,9999,65,NAO,RECOMENDACAO,SEM_COMPRA,preco_acima_do_orcamento,3,0.0435
ATD-001353,62,2026-08-07 02:21:00,Quero algo parecido com os livros que costumo ler.,livro_parecido,PROPRIO,Mistério,intrigante,DIGITAL,20.61,,24,DIGITAL,19.80,9999,65,SIM,PEDIDO_CONFIRMADO,VENDA_CONCLUIDA,,4,0.0231
ATD-001354,99,2026-08-07 03:26:00,"Quero continuar uma saga que comecei, mas não sei qual é o próximo volume.",continuacao_de_saga,PROPRIO,Fantasia,épico,FISICO,44.27,,39,FISICO,29.35,6,86,NAO,BUSCA,SEM_COMPRA,nao_encontrou_continuacao,3,0.0139
ATD-001355,136,2026-08-07 05:14:00,Estou procurando um título específico e quero saber se está disponível.,titulo_especifico,PROPRIO,Fantasia,esperançoso,FISICO,15.35,37,37,FISICO,23.25,16,90,SIM,CHECKOUT,SEM_COMPRA,abandono_no_checkout,3,0.0158
ATD-001356,173,2026-08-07 05:41:00,Quero algo parecido com os livros que costumo ler.,livro_parecido,PROPRIO,Mistério,intrigante,DIGITAL,24.14,,24,DIGITAL,19.80,9999,65,SIM,PEDIDO_CONFIRMADO,VENDA_CONCLUIDA,,5,0.0295
ATD-001357,210,2026-08-07 07:21:00,Quero algo parecido com os livros que costumo ler.,livro_parecido,PROPRIO,Ficção histórica,melancólico,DIGITAL,44.95,,33,DIGITAL,17.15,9999,65,SIM,CHECKOUT,SEM_COMPRA,abandono_no_checkout,3,0.0296
ATD-001358,247,2026-08-07 08:12:00,Preciso de um livro para dar de presente e não sei qual escolher.,presente,PRESENTE,Ficção contemporânea,acolhedor,FISICO,21.12,,9,FISICO,23.25,12,65,NAO,RECOMENDACAO,SEM_COMPRA,preco_acima_do_orcamento,4,0.0556
ATD-001359,284,2026-08-07 09:39:00,Quero experimentar um gênero novo sem pegar um livro muito difícil.,explorar_novo_genero,PROPRIO,Mistério,intrigante,DIGITAL,47.07,,22,DIGITAL,13.70,9999,65,SIM,PEDIDO_CONFIRMADO,VENDA_CONCLUIDA,,4,0.0282
ATD-001360,321,2026-08-07 11:08:00,Quero experimentar um gênero novo sem pegar um livro muito difícil.,explorar_novo_genero,PROPRIO,Ficção contemporânea,acolhedor,DIGITAL,28.21,,25,DIGITAL,15.85,9999,65,SIM,PEDIDO_CONFIRMADO,VENDA_CONCLUIDA,,5,0.0294
ATD-001361,358,2026-08-07 11:46:00,Quero experimentar um gênero novo sem pegar um livro muito difícil.,explorar_novo_genero,PROPRIO,Ficção científica,reflexivo,DIGITAL,13.75,,45,DIGITAL,14.55,9999,65,NAO,RECOMENDACAO,SEM_COMPRA,preco_acima_do_orcamento,4,0.0574
ATD-001362,395,2026-08-07 13:21:00,Preciso de um livro para dar de presente e não sei qual escolher.,presente,PRESENTE,Ficção histórica,melancólico,DIGITAL,25.37,,42,DIGITAL,12.40,9999,65,NAO,RECOMENDACAO,SEM_COMPRA,recomendacao_nao_combinou,4,0.0441
ATD-001363,432,2026-08-07 14:17:00,Quero algo parecido com os livros que costumo ler.,livro_parecido,PROPRIO,Fantasia,épico,FISICO,35.00,,3,FISICO,28.05,18,65,NAO,RECOMENDACAO,SEM_COMPRA,recomendacao_nao_combinou,3,0.0302
ATD-001364,469,2026-08-07 15:33:00,Preciso de um livro para dar de presente e não sei qual escolher.,presente,PRESENTE,Ficção científica,reflexivo,DIGITAL,21.87,,2,DIGITAL,15.00,9999,65,SIM,PEDIDO_CONFIRMADO,VENDA_CONCLUIDA,,5,0.0293
ATD-001365,506,2026-08-07 17:03:00,Estou procurando um título específico e quero saber se está disponível.,titulo_especifico,PROPRIO,Ficção histórica,melancólico,DIGITAL,18.81,35,35,DIGITAL,14.15,9999,90,SIM,PEDIDO_CONFIRMADO,VENDA_CONCLUIDA,,5,0.0459
ATD-001366,543,2026-08-07 17:58:00,Estou procurando um título específico e quero saber se está disponível.,titulo_especifico,PROPRIO,Mistério,intrigante,DIGITAL,14.86,23,23,DIGITAL,16.75,9999,90,NAO,RECOMENDACAO,SEM_COMPRA,preco_acima_do_orcamento,1,0.0191
ATD-001367,580,2026-08-07 18:54:00,Preciso de um livro para dar de presente e não sei qual escolher.,presente,PRESENTE,Aventura,inspirador,DIGITAL,45.66,,1,DIGITAL,11.95,9999,65,NAO,RECOMENDACAO,SEM_COMPRA,recomendacao_nao_combinou,4,0.0123
ATD-001368,617,2026-08-07 20:27:00,Quero algo parecido com os livros que costumo ler.,livro_parecido,PROPRIO,Fantasia,épico,DIGITAL,16.69,,3,DIGITAL,18.05,9999,65,SIM,PEDIDO_CONFIRMADO,VENDA_CONCLUIDA,,5,0.0136
ATD-001369,654,2026-08-07 21:00:00,Estou procurando um título específico e quero saber se está disponível.,titulo_especifico,PROPRIO,Aventura,aventureiro,DIGITAL,34.56,19,19,DIGITAL,20.65,9999,90,SIM,PEDIDO_CONFIRMADO,VENDA_CONCLUIDA,,5,0.0178
ATD-001370,691,2026-08-07 22:24:00,Quero algo parecido com os livros que costumo ler.,livro_parecido,PROPRIO,Fantasia,épico,FISICO,36.34,,9,FISICO,23.25,12,65,SIM,CHECKOUT,SEM_COMPRA,abandono_no_checkout,2,0.0395
ATD-001371,728,2026-08-07 23:44:00,"Quero continuar uma saga que comecei, mas não sei qual é o próximo volume.",continuacao_de_saga,PROPRIO,Drama,emocional,DIGITAL,35.11,43,43,DIGITAL,15.45,9999,90,SIM,PEDIDO_CONFIRMADO,VENDA_CONCLUIDA,,4,0.0420
ATD-001372,765,2026-08-08 01:00:00,Preciso de um livro para dar de presente e não sei qual escolher.,presente,PRESENTE,Romance,emocional,DIGITAL,27.56,,5,DIGITAL,17.15,9999,65,NAO,RECOMENDACAO,SEM_COMPRA,apenas_pesquisando,3,0.0487
ATD-001373,802,2026-08-08 01:49:00,Preciso de um livro para dar de presente e não sei qual escolher.,presente,PRESENTE,Mistério,intrigante,DIGITAL,44.07,,1,DIGITAL,11.95,9999,65,NAO,RECOMENDACAO,SEM_COMPRA,recomendacao_nao_combinou,3,0.0225
ATD-001374,839,2026-08-08 03:17:00,"Quero continuar uma saga que comecei, mas não sei qual é o próximo volume.",continuacao_de_saga,PROPRIO,Romance,nostálgico,DIGITAL,41.00,8,8,DIGITAL,17.20,9999,90,SIM,PEDIDO_CONFIRMADO,VENDA_CONCLUIDA,,5,0.0199
ATD-001375,876,2026-08-08 04:45:00,Estou procurando um título específico e quero saber se está disponível.,titulo_especifico,PROPRIO,Fantasia,épico,FISICO,22.20,1,1,FISICO,21.95,4,90,SIM,CHECKOUT,SEM_COMPRA,abandono_no_checkout,4,0.0513
ATD-001376,913,2026-08-08 05:40:00,Quero algo parecido com os livros que costumo ler.,livro_parecido,PROPRIO,Fantasia,esperançoso,FISICO,44.04,,2,FISICO,25.00,11,65,SIM,PEDIDO_CONFIRMADO,VENDA_CONCLUIDA,,4,0.0421
ATD-001377,950,2026-08-08 07:05:00,Quero experimentar um gênero novo sem pegar um livro muito difícil.,explorar_novo_genero,PROPRIO,Drama,emocional,FISICO,17.49,,42,FISICO,22.40,3,58,NAO,RECOMENDACAO,SEM_COMPRA,preco_acima_do_orcamento,2,0.0397
ATD-001378,987,2026-08-08 08:27:00,"Quero continuar uma saga que comecei, mas não sei qual é o próximo volume.",continuacao_de_saga,PROPRIO,Romance,emocional,DIGITAL,25.81,,15,DIGITAL,15.45,9999,90,NAO,BUSCA,SEM_COMPRA,nao_encontrou_continuacao,2,0.0309
ATD-001379,24,2026-08-08 09:23:00,Estou procurando um título específico e quero saber se está disponível.,titulo_especifico,PROPRIO,Ficção histórica,melancólico,DIGITAL,30.21,34,34,DIGITAL,20.20,9999,90,SIM,PEDIDO_CONFIRMADO,VENDA_CONCLUIDA,,4,0.0520
ATD-001380,61,2026-08-08 10:28:00,"Quero continuar uma saga que comecei, mas não sei qual é o próximo volume.",continuacao_de_saga,PROPRIO,Ficção histórica,melancólico,DIGITAL,17.90,35,36,DIGITAL,17.20,9999,90,NAO,BUSCA,SEM_COMPRA,nao_encontrou_continuacao,2,0.0516
ATD-001381,98,2026-08-08 11:39:00,"Quero continuar uma saga que comecei, mas não sei qual é o próximo volume.",continuacao_de_saga,PROPRIO,Fantasia,épico,DIGITAL,21.49,38,38,DIGITAL,16.30,9999,90,NAO,RECOMENDACAO,SEM_COMPRA,apenas_pesquisando,3,0.0453
ATD-001382,135,2026-08-08 12:24:00,Estou procurando um título específico e quero saber se está disponível.,titulo_especifico,PROPRIO,Aventura,inspirador,DIGITAL,34.25,31,31,DIGITAL,18.05,9999,90,NAO,RECOMENDACAO,SEM_COMPRA,recomendacao_nao_combinou,4,0.0172
ATD-001383,172,2026-08-08 14:09:00,"Quero continuar uma saga que comecei, mas não sei qual é o próximo volume.",continuacao_de_saga,PROPRIO,Aventura,inspirador,FISICO,14.19,,29,FISICO,21.95,8,88,NAO,BUSCA,SEM_COMPRA,nao_encontrou_continuacao,1,0.0561
ATD-001384,209,2026-08-08 15:12:00,Preciso de um livro para dar de presente e não sei qual escolher.,presente,PRESENTE,Drama,emocional,FISICO,36.36,,25,FISICO,25.85,4,59,NAO,RECOMENDACAO,SEM_COMPRA,recomendacao_nao_combinou,4,0.0191
ATD-001385,246,2026-08-08 16:21:00,Quero algo parecido com os livros que costumo ler.,livro_parecido,PROPRIO,Fantasia,esperançoso,FISICO,14.23,,10,FISICO,26.30,19,65,NAO,RECOMENDACAO,SEM_COMPRA,preco_acima_do_orcamento,3,0.0366
ATD-001386,283,2026-08-08 17:50:00,"Quero continuar uma saga que comecei, mas não sei qual é o próximo volume.",continuacao_de_saga,PROPRIO,Romance,emocional,DIGITAL,31.05,14,14,DIGITAL,12.40,9999,90,SIM,CHECKOUT,SEM_COMPRA,abandono_no_checkout,4,0.0536
ATD-001387,320,2026-08-08 18:43:00,"Quero continuar uma saga que comecei, mas não sei qual é o próximo volume.",continuacao_de_saga,PROPRIO,Romance,nostálgico,FISICO,37.58,7,8,FISICO,27.20,5,85,NAO,BUSCA,SEM_COMPRA,nao_encontrou_continuacao,3,0.0552
ATD-001388,357,2026-08-08 19:48:00,Preciso de um livro para dar de presente e não sei qual escolher.,presente,PRESENTE,Mistério,intrigante,FISICO,17.84,,9,FISICO,23.25,12,65,NAO,RECOMENDACAO,SEM_COMPRA,preco_acima_do_orcamento,3,0.0153
ATD-001389,394,2026-08-08 21:17:00,Quero algo parecido com os livros que costumo ler.,livro_parecido,PROPRIO,Aventura,aventureiro,FISICO,22.08,,30,FISICO,25.00,15,65,NAO,RECOMENDACAO,SEM_COMPRA,preco_acima_do_orcamento,2,0.0246
ATD-001390,431,2026-08-08 22:34:00,Quero experimentar um gênero novo sem pegar um livro muito difícil.,explorar_novo_genero,PROPRIO,Drama,emocional,DIGITAL,46.54,,42,DIGITAL,12.40,9999,65,SIM,PEDIDO_CONFIRMADO,VENDA_CONCLUIDA,,5,0.0341
ATD-001391,468,2026-08-08 23:03:00,Quero algo parecido com os livros que costumo ler.,livro_parecido,PROPRIO,Fantasia,épico,FISICO,26.99,,10,FISICO,26.30,19,65,NAO,RECOMENDACAO,SEM_COMPRA,apenas_pesquisando,4,0.0188
ATD-001392,505,2026-08-09 01:02:00,Estou procurando um título específico e quero saber se está disponível.,titulo_especifico,PROPRIO,Fantasia,épico,FISICO,38.21,12,12,FISICO,32.40,9,90,SIM,PEDIDO_CONFIRMADO,VENDA_CONCLUIDA,,5,0.0242
ATD-001393,542,2026-08-09 01:42:00,Preciso de um livro para dar de presente e não sei qual escolher.,presente,PRESENTE,Romance,emocional,FISICO,24.62,,10,FISICO,26.30,19,65,NAO,RECOMENDACAO,SEM_COMPRA,recomendacao_nao_combinou,3,0.0488
ATD-001394,579,2026-08-09 02:41:00,"Quero continuar uma saga que comecei, mas não sei qual é o próximo volume.",continuacao_de_saga,PROPRIO,Fantasia,épico,DIGITAL,30.07,,3,DIGITAL,18.05,9999,90,NAO,BUSCA,SEM_COMPRA,nao_encontrou_continuacao,3,0.0392
ATD-001395,616,2026-08-09 04:06:00,Quero algo parecido com os livros que costumo ler.,livro_parecido,PROPRIO,Fantasia,esperançoso,DIGITAL,12.35,,3,DIGITAL,18.05,9999,65,NAO,RECOMENDACAO,SEM_COMPRA,preco_acima_do_orcamento,2,0.0478
ATD-001396,653,2026-08-09 05:24:00,Quero experimentar um gênero novo sem pegar um livro muito difícil.,explorar_novo_genero,PROPRIO,Romance,emocional,FISICO,20.84,,16,FISICO,28.50,13,65,SIM,CHECKOUT,SEM_COMPRA,abandono_no_checkout,3,0.0255
ATD-001397,690,2026-08-09 06:23:00,Quero experimentar um gênero novo sem pegar um livro muito difícil.,explorar_novo_genero,PROPRIO,Mistério,intrigante,DIGITAL,41.85,,22,DIGITAL,13.70,9999,65,NAO,RECOMENDACAO,SEM_COMPRA,recomendacao_nao_combinou,4,0.0576
ATD-001398,727,2026-08-09 07:22:00,Preciso de um livro para dar de presente e não sei qual escolher.,presente,PRESENTE,Ficção contemporânea,acolhedor,DIGITAL,35.34,,19,DIGITAL,20.65,9999,65,NAO,RECOMENDACAO,SEM_COMPRA,recomendacao_nao_combinou,3,0.0534
ATD-001399,764,2026-08-09 08:39:00,"Quero continuar uma saga que comecei, mas não sei qual é o próximo volume.",continuacao_de_saga,PROPRIO,Ficção histórica,melancólico,DIGITAL,43.38,,34,DIGITAL,20.20,9999,90,NAO,BUSCA,SEM_COMPRA,nao_encontrou_continuacao,3,0.0518
ATD-001400,801,2026-08-09 09:44:00,"Quero continuar uma saga que comecei, mas não sei qual é o próximo volume.",continuacao_de_saga,PROPRIO,Aventura,inspirador,DIGITAL,15.30,,29,DIGITAL,11.95,9999,90,NAO,BUSCA,SEM_COMPRA,nao_encontrou_continuacao,4,0.0346
ATD-001401,838,2026-08-09 11:40:00,Preciso de um livro para dar de presente e não sei qual escolher.,presente,PRESENTE,Ficção científica,reflexivo,DIGITAL,44.95,,41,DIGITAL,18.45,9999,65,NAO,RECOMENDACAO,SEM_COMPRA,recomendacao_nao_combinou,4,0.0209
ATD-001402,875,2026-08-09 12:21:00,Preciso de um livro para dar de presente e não sei qual escolher.,presente,PRESENTE,Fantasia,esperançoso,DIGITAL,15.04,,41,DIGITAL,18.45,9999,65,NAO,RECOMENDACAO,SEM_COMPRA,preco_acima_do_orcamento,3,0.0341
ATD-001403,912,2026-08-09 13:51:00,Estou procurando um título específico e quero saber se está disponível.,titulo_especifico,PROPRIO,Aventura,inspirador,FISICO,39.71,17,17,FISICO,24.55,20,90,SIM,PEDIDO_CONFIRMADO,VENDA_CONCLUIDA,,5,0.0190
ATD-001404,949,2026-08-09 14:39:00,Preciso de um livro para dar de presente e não sei qual escolher.,presente,PRESENTE,Mistério,intrigante,FISICO,13.12,,17,FISICO,24.55,20,65,NAO,RECOMENDACAO,SEM_COMPRA,preco_acima_do_orcamento,3,0.0202
ATD-001405,986,2026-08-09 15:44:00,"Quero continuar uma saga que comecei, mas não sei qual é o próximo volume.",continuacao_de_saga,PROPRIO,Aventura,aventureiro,FISICO,39.45,20,20,FISICO,33.70,17,90,SIM,PEDIDO_CONFIRMADO,VENDA_CONCLUIDA,,4,0.0156
ATD-001406,23,2026-08-09 17:35:00,"Quero continuar uma saga que comecei, mas não sei qual é o próximo volume.",continuacao_de_saga,PROPRIO,Romance,emocional,DIGITAL,41.20,15,15,DIGITAL,15.45,9999,90,SIM,PEDIDO_CONFIRMADO,VENDA_CONCLUIDA,,5,0.0552
ATD-001407,60,2026-08-09 18:09:00,Quero algo parecido com os livros que costumo ler.,livro_parecido,PROPRIO,Mistério,intrigante,FISICO,20.48,,22,FISICO,23.70,7,62,NAO,RECOMENDACAO,SEM_COMPRA,preco_acima_do_orcamento,3,0.0283
ATD-001408,97,2026-08-09 19:56:00,"Quero continuar uma saga que comecei, mas não sei qual é o próximo volume.",continuacao_de_saga,PROPRIO,Romance,emocional,DIGITAL,25.99,14,14,DIGITAL,12.40,9999,90,SIM,PEDIDO_CONFIRMADO,VENDA_CONCLUIDA,,5,0.0577
ATD-001409,134,2026-08-09 20:20:00,"Quero continuar uma saga que comecei, mas não sei qual é o próximo volume.",continuacao_de_saga,PROPRIO,Ficção contemporânea,acolhedor,FISICO,35.50,26,26,FISICO,28.90,11,90,SIM,PEDIDO_CONFIRMADO,VENDA_CONCLUIDA,,4,0.0483
ATD-001410,171,2026-08-09 21:53:00,Preciso de um livro para dar de presente e não sei qual escolher.,presente,PRESENTE,Ficção contemporânea,acolhedor,DIGITAL,34.54,,24,DIGITAL,19.80,9999,65,NAO,RECOMENDACAO,SEM_COMPRA,recomendacao_nao_combinou,4,0.0120
ATD-001411,208,2026-08-09 22:56:00,Estou procurando um título específico e quero saber se está disponível.,titulo_especifico,PROPRIO,Ficção científica,reflexivo,DIGITAL,16.63,45,45,DIGITAL,14.55,9999,90,SIM,PEDIDO_CONFIRMADO,VENDA_CONCLUIDA,,5,0.0508
ATD-001412,245,2026-08-10 00:41:00,Estou procurando um título específico e quero saber se está disponível.,titulo_especifico,PROPRIO,Mistério,intrigante,FISICO,18.18,21,9,FISICO,23.25,12,10,NAO,RECOMENDACAO,SEM_COMPRA,recomendacao_nao_combinou,2,0.0566
ATD-001413,282,2026-08-10 01:14:00,Preciso de um livro para dar de presente e não sei qual escolher.,presente,PRESENTE,Ficção científica,reflexivo,DIGITAL,12.73,,3,DIGITAL,18.05,9999,65,NAO,RECOMENDACAO,SEM_COMPRA,preco_acima_do_orcamento,1,0.0246
ATD-001414,319,2026-08-10 02:53:00,Quero algo parecido com os livros que costumo ler.,livro_parecido,PROPRIO,Drama,emocional,DIGITAL,26.92,,43,DIGITAL,15.45,9999,65,SIM,PEDIDO_CONFIRMADO,VENDA_CONCLUIDA,,4,0.0353
ATD-001415,356,2026-08-10 03:35:00,"Quero continuar uma saga que comecei, mas não sei qual é o próximo volume.",continuacao_de_saga,PROPRIO,Romance,emocional,FISICO,36.10,16,16,FISICO,28.50,13,90,SIM,PEDIDO_CONFIRMADO,VENDA_CONCLUIDA,,5,0.0525
ATD-001416,393,2026-08-10 05:23:00,Quero algo parecido com os livros que costumo ler.,livro_parecido,PROPRIO,Fantasia,épico,FISICO,25.64,,37,FISICO,23.25,16,65,SIM,PEDIDO_CONFIRMADO,VENDA_CONCLUIDA,,5,0.0253
ATD-001417,430,2026-08-10 05:56:00,Quero algo parecido com os livros que costumo ler.,livro_parecido,PROPRIO,Drama,emocional,DIGITAL,29.25,,42,DIGITAL,12.40,9999,65,NAO,RECOMENDACAO,SEM_COMPRA,apenas_pesquisando,3,0.0158
ATD-001418,467,2026-08-10 07:26:00,Estou procurando um título específico e quero saber se está disponível.,titulo_especifico,PROPRIO,Fantasia,épico,FISICO,12.13,40,40,FISICO,32.40,13,90,NAO,RECOMENDACAO,SEM_COMPRA,preco_acima_do_orcamento,3,0.0304
ATD-001419,504,2026-08-10 08:12:00,Preciso de um livro para dar de presente e não sei qual escolher.,presente,PRESENTE,Aventura,inspirador,FISICO,47.79,,13,FISICO,28.45,16,65,NAO,RECOMENDACAO,SEM_COMPRA,recomendacao_nao_combinou,1,0.0542
ATD-001420,541,2026-08-10 09:27:00,"Quero continuar uma saga que comecei, mas não sei qual é o próximo volume.",continuacao_de_saga,PROPRIO,Aventura,inspirador,FISICO,47.34,32,32,FISICO,31.10,5,90,SIM,PEDIDO_CONFIRMADO,VENDA_CONCLUIDA,,5,0.0172
ATD-001421,578,2026-08-10 11:02:00,Quero experimentar um gênero novo sem pegar um livro muito difícil.,explorar_novo_genero,PROPRIO,Ficção contemporânea,acolhedor,FISICO,17.93,,27,FISICO,31.95,18,65,SIM,PEDIDO_CONFIRMADO,VENDA_CONCLUIDA,,5,0.0218
ATD-001422,615,2026-08-10 11:56:00,"Quero continuar uma saga que comecei, mas não sei qual é o próximo volume.",continuacao_de_saga,PROPRIO,Ficção contemporânea,acolhedor,FISICO,44.49,28,28,FISICO,25.90,1,90,SIM,PEDIDO_CONFIRMADO,VENDA_CONCLUIDA,,5,0.0323
ATD-001423,652,2026-08-10 13:07:00,"Quero continuar uma saga que comecei, mas não sei qual é o próximo volume.",continuacao_de_saga,PROPRIO,Fantasia,épico,FISICO,20.26,,3,FISICO,28.05,18,90,NAO,BUSCA,SEM_COMPRA,nao_encontrou_continuacao,3,0.0560
ATD-001424,689,2026-08-10 14:36:00,"Quero continuar uma saga que comecei, mas não sei qual é o próximo volume.",continuacao_de_saga,PROPRIO,Aventura,aventureiro,FISICO,36.61,18,19,FISICO,30.65,10,90,NAO,BUSCA,SEM_COMPRA,nao_encontrou_continuacao,2,0.0187
ATD-001425,726,2026-08-10 15:58:00,"Quero continuar uma saga que comecei, mas não sei qual é o próximo volume.",continuacao_de_saga,PROPRIO,Fantasia,esperançoso,DIGITAL,20.96,10,10,DIGITAL,16.30,9999,90,SIM,PEDIDO_CONFIRMADO,VENDA_CONCLUIDA,,5,0.0579
ATD-001426,763,2026-08-10 16:30:00,Quero algo parecido com os livros que costumo ler.,livro_parecido,PROPRIO,Aventura,aventureiro,FISICO,22.16,,32,FISICO,31.10,5,60,NAO,RECOMENDACAO,SEM_COMPRA,preco_acima_do_orcamento,2,0.0564
ATD-001427,800,2026-08-10 18:21:00,Quero experimentar um gênero novo sem pegar um livro muito difícil.,explorar_novo_genero,PROPRIO,Ficção contemporânea,acolhedor,FISICO,25.98,,28,FISICO,25.90,1,56,SIM,PEDIDO_CONFIRMADO,VENDA_CONCLUIDA,,4,0.0345
ATD-001428,837,2026-08-10 19:19:00,Preciso de um livro para dar de presente e não sei qual escolher.,presente,PRESENTE,Mistério,intrigante,DIGITAL,27.12,,18,DIGITAL,17.60,9999,65,NAO,RECOMENDACAO,SEM_COMPRA,recomendacao_nao_combinou,3,0.0172
ATD-001429,874,2026-08-10 20:49:00,Quero algo parecido com os livros que costumo ler.,livro_parecido,PROPRIO,Aventura,aventureiro,DIGITAL,22.49,,17,DIGITAL,14.55,9999,65,SIM,PEDIDO_CONFIRMADO,VENDA_CONCLUIDA,,5,0.0240
ATD-001430,911,2026-08-10 21:47:00,"Quero continuar uma saga que comecei, mas não sei qual é o próximo volume.",continuacao_de_saga,PROPRIO,Aventura,aventureiro,DIGITAL,22.31,,17,DIGITAL,14.55,9999,90,SIM,CHECKOUT,SEM_COMPRA,abandono_no_checkout,4,0.0420
ATD-001431,948,2026-08-10 23:11:00,Quero algo parecido com os livros que costumo ler.,livro_parecido,PROPRIO,Fantasia,épico,FISICO,31.48,,3,FISICO,28.05,18,65,NAO,RECOMENDACAO,SEM_COMPRA,recomendacao_nao_combinou,4,0.0390
ATD-001432,985,2026-08-11 00:02:00,"Quero continuar uma saga que comecei, mas não sei qual é o próximo volume.",continuacao_de_saga,PROPRIO,Fantasia,épico,FISICO,23.81,,2,FISICO,25.00,11,90,NAO,RECOMENDACAO,SEM_COMPRA,preco_acima_do_orcamento,3,0.0529
ATD-001433,22,2026-08-11 01:24:00,Preciso de um livro para dar de presente e não sei qual escolher.,presente,PRESENTE,Ficção científica,reflexivo,DIGITAL,15.58,,9,DIGITAL,13.25,9999,65,NAO,RECOMENDACAO,SEM_COMPRA,recomendacao_nao_combinou,4,0.0376
ATD-001434,59,2026-08-11 02:16:00,Preciso de um livro para dar de presente e não sei qual escolher.,presente,PRESENTE,Aventura,inspirador,FISICO,27.80,,43,FISICO,25.45,10,65,NAO,RECOMENDACAO,SEM_COMPRA,recomendacao_nao_combinou,3,0.0369
ATD-001435,96,2026-08-11 03:36:00,"Quero continuar uma saga que comecei, mas não sei qual é o próximo volume.",continuacao_de_saga,PROPRIO,Aventura,inspirador,FISICO,47.52,32,32,FISICO,31.10,5,90,SIM,PEDIDO_CONFIRMADO,VENDA_CONCLUIDA,,4,0.0297
ATD-001436,133,2026-08-11 04:28:00,Preciso de um livro para dar de presente e não sei qual escolher.,presente,PRESENTE,Drama,emocional,DIGITAL,39.94,,47,DIGITAL,20.65,9999,65,NAO,RECOMENDACAO,SEM_COMPRA,recomendacao_nao_combinou,2,0.0247
ATD-001437,170,2026-08-11 05:44:00,Quero algo parecido com os livros que costumo ler.,livro_parecido,PROPRIO,Aventura,aventureiro,DIGITAL,41.12,,18,DIGITAL,17.60,9999,65,SIM,PEDIDO_CONFIRMADO,VENDA_CONCLUIDA,,5,0.0297
ATD-001438,207,2026-08-11 06:56:00,Quero algo parecido com os livros que costumo ler.,livro_parecido,PROPRIO,Fantasia,épico,FISICO,22.83,,2,FISICO,25.00,11,65,SIM,PEDIDO_CONFIRMADO,VENDA_CONCLUIDA,,4,0.0259
ATD-001439,244,2026-08-11 07:53:00,"Quero continuar uma saga que comecei, mas não sei qual é o próximo volume.",continuacao_de_saga,PROPRIO,Fantasia,esperançoso,FISICO,41.68,,9,FISICO,23.25,12,90,NAO,BUSCA,SEM_COMPRA,nao_encontrou_continuacao,4,0.0454
ATD-001440,281,2026-08-11 09:40:00,Estou procurando um título específico e quero saber se está disponível.,titulo_especifico,PROPRIO,Ficção científica,reflexivo,FISICO,12.74,45,9,FISICO,23.25,12,10,NAO,BUSCA,SEM_COMPRA,livro_procurado_sem_estoque,3,0.0330
ATD-001441,318,2026-08-11 10:37:00,"Quero continuar uma saga que comecei, mas não sei qual é o próximo volume.",continuacao_de_saga,PROPRIO,Aventura,aventureiro,DIGITAL,31.36,19,19,DIGITAL,20.65,9999,90,SIM,PEDIDO_CONFIRMADO,VENDA_CONCLUIDA,,5,0.0555
ATD-001442,355,2026-08-11 11:23:00,Quero experimentar um gênero novo sem pegar um livro muito difícil.,explorar_novo_genero,PROPRIO,Ficção científica,reflexivo,DIGITAL,17.46,,48,DIGITAL,23.70,9999,65,SIM,PEDIDO_CONFIRMADO,VENDA_CONCLUIDA,,5,0.0390
ATD-001443,392,2026-08-11 13:15:00,Quero algo parecido com os livros que costumo ler.,livro_parecido,PROPRIO,Romance,emocional,DIGITAL,30.65,,7,DIGITAL,14.15,9999,65,NAO,RECOMENDACAO,SEM_COMPRA,recomendacao_nao_combinou,3,0.0455
ATD-001444,429,2026-08-11 14:28:00,Quero algo parecido com os livros que costumo ler.,livro_parecido,PROPRIO,Fantasia,esperançoso,DIGITAL,28.17,,1,DIGITAL,11.95,9999,65,SIM,PEDIDO_CONFIRMADO,VENDA_CONCLUIDA,,4,0.0264
ATD-001445,466,2026-08-11 15:41:00,Estou procurando um título específico e quero saber se está disponível.,titulo_especifico,PROPRIO,Aventura,aventureiro,FISICO,45.53,17,17,FISICO,24.55,20,90,SIM,PEDIDO_CONFIRMADO,VENDA_CONCLUIDA,,5,0.0486
ATD-001446,503,2026-08-11 16:30:00,"Quero continuar uma saga que comecei, mas não sei qual é o próximo volume.",continuacao_de_saga,PROPRIO,Aventura,aventureiro,FISICO,16.08,18,20,FISICO,33.70,17,90,NAO,BUSCA,SEM_COMPRA,nao_encontrou_continuacao,4,0.0120
ATD-001447,540,2026-08-11 17:26:00,"Quero continuar uma saga que comecei, mas não sei qual é o próximo volume.",continuacao_de_saga,PROPRIO,Aventura,aventureiro,FISICO,42.46,19,17,FISICO,24.55,20,90,NAO,BUSCA,SEM_COMPRA,nao_encontrou_continuacao,3,0.0448
ATD-001448,577,2026-08-11 18:43:00,Quero algo parecido com os livros que costumo ler.,livro_parecido,PROPRIO,Fantasia,épico,FISICO,30.50,,40,FISICO,32.40,13,65,NAO,RECOMENDACAO,SEM_COMPRA,preco_acima_do_orcamento,4,0.0535
ATD-001449,614,2026-08-11 19:45:00,"Quero continuar uma saga que comecei, mas não sei qual é o próximo volume.",continuacao_de_saga,PROPRIO,Fantasia,épico,FISICO,35.37,40,40,FISICO,32.40,13,90,SIM,PEDIDO_CONFIRMADO,VENDA_CONCLUIDA,,5,0.0362
ATD-001450,651,2026-08-11 20:50:00,"Quero continuar uma saga que comecei, mas não sei qual é o próximo volume.",continuacao_de_saga,PROPRIO,Fantasia,épico,FISICO,18.01,2,2,FISICO,25.00,11,90,NAO,RECOMENDACAO,SEM_COMPRA,preco_acima_do_orcamento,3,0.0299
ATD-001451,688,2026-08-11 22:27:00,Quero algo parecido com os livros que costumo ler.,livro_parecido,PROPRIO,Romance,emocional,FISICO,35.30,,6,FISICO,30.20,15,65,NAO,RECOMENDACAO,SEM_COMPRA,recomendacao_nao_combinou,1,0.0390
ATD-001452,725,2026-08-11 23:25:00,Estou procurando um título específico e quero saber se está disponível.,titulo_especifico,PROPRIO,Ficção científica,reflexivo,DIGITAL,12.32,48,48,DIGITAL,23.70,9999,90,NAO,RECOMENDACAO,SEM_COMPRA,preco_acima_do_orcamento,3,0.0137
ATD-001453,762,2026-08-12 00:45:00,Quero algo parecido com os livros que costumo ler.,livro_parecido,PROPRIO,Drama,emocional,DIGITAL,23.87,,44,DIGITAL,18.50,9999,65,SIM,CHECKOUT,SEM_COMPRA,abandono_no_checkout,2,0.0149
ATD-001454,799,2026-08-12 01:49:00,Quero algo parecido com os livros que costumo ler.,livro_parecido,PROPRIO,Ficção histórica,melancólico,FISICO,31.39,,33,FISICO,27.15,12,65,SIM,PEDIDO_CONFIRMADO,VENDA_CONCLUIDA,,4,0.0283
ATD-001455,836,2026-08-12 03:27:00,"Quero continuar uma saga que comecei, mas não sei qual é o próximo volume.",continuacao_de_saga,PROPRIO,Ficção científica,reflexivo,FISICO,13.77,48,46,FISICO,27.60,7,87,NAO,BUSCA,SEM_COMPRA,nao_encontrou_continuacao,3,0.0299
ATD-001456,873,2026-08-12 04:45:00,Quero experimentar um gênero novo sem pegar um livro muito difícil.,explorar_novo_genero,PROPRIO,Romance,nostálgico,DIGITAL,27.98,,7,DIGITAL,14.15,9999,65,SIM,PEDIDO_CONFIRMADO,VENDA_CONCLUIDA,,4,0.0563
ATD-001457,910,2026-08-12 05:16:00,Preciso de um livro para dar de presente e não sei qual escolher.,presente,PRESENTE,Fantasia,épico,DIGITAL,19.80,,46,DIGITAL,17.60,9999,65,NAO,RECOMENDACAO,SEM_COMPRA,recomendacao_nao_combinou,2,0.0576
ATD-001458,947,2026-08-12 06:33:00,Estou procurando um título específico e quero saber se está disponível.,titulo_especifico,PROPRIO,Fantasia,esperançoso,FISICO,20.36,1,1,FISICO,21.95,4,90,NAO,RECOMENDACAO,SEM_COMPRA,preco_acima_do_orcamento,2,0.0262
ATD-001459,984,2026-08-12 07:53:00,"Quero continuar uma saga que comecei, mas não sei qual é o próximo volume.",continuacao_de_saga,PROPRIO,Romance,emocional,DIGITAL,31.57,14,15,DIGITAL,15.45,9999,90,SIM,PEDIDO_CONFIRMADO,VENDA_CONCLUIDA,,4,0.0430
ATD-001460,21,2026-08-12 09:07:00,Preciso de um livro para dar de presente e não sei qual escolher.,presente,PRESENTE,Ficção histórica,melancólico,FISICO,33.12,,22,FISICO,23.70,7,62,NAO,RECOMENDACAO,SEM_COMPRA,recomendacao_nao_combinou,3,0.0124
ATD-001461,58,2026-08-12 10:04:00,"Quero continuar uma saga que comecei, mas não sei qual é o próximo volume.",continuacao_de_saga,PROPRIO,Aventura,aventureiro,DIGITAL,43.11,19,19,DIGITAL,20.65,9999,90,SIM,PEDIDO_CONFIRMADO,VENDA_CONCLUIDA,,4,0.0318
ATD-001462,95,2026-08-12 11:26:00,Preciso de um livro para dar de presente e não sei qual escolher.,presente,PRESENTE,Ficção científica,reflexivo,DIGITAL,24.60,,5,DIGITAL,17.15,9999,65,NAO,RECOMENDACAO,SEM_COMPRA,recomendacao_nao_combinou,2,0.0310
ATD-001463,132,2026-08-12 12:15:00,Quero algo parecido com os livros que costumo ler.,livro_parecido,PROPRIO,Aventura,aventureiro,DIGITAL,33.18,,18,DIGITAL,17.60,9999,65,SIM,PEDIDO_CONFIRMADO,VENDA_CONCLUIDA,,4,0.0317
ATD-001464,169,2026-08-12 13:28:00,Preciso de um livro para dar de presente e não sei qual escolher.,presente,PRESENTE,Drama,emocional,DIGITAL,29.55,,4,DIGITAL,21.10,9999,65,NAO,RECOMENDACAO,SEM_COMPRA,apenas_pesquisando,4,0.0156
ATD-001465,206,2026-08-12 14:42:00,Estou procurando um título específico e quero saber se está disponível.,titulo_especifico,PROPRIO,Romance,emocional,FISICO,12.77,14,5,FISICO,27.15,8,63,NAO,RECOMENDACAO,SEM_COMPRA,apenas_pesquisando,3,0.0362
ATD-001466,243,2026-08-12 15:53:00,"Quero continuar uma saga que comecei, mas não sei qual é o próximo volume.",continuacao_de_saga,PROPRIO,Fantasia,épico,DIGITAL,28.78,,39,DIGITAL,19.35,9999,90,NAO,BUSCA,SEM_COMPRA,nao_encontrou_continuacao,4,0.0383
ATD-001467,280,2026-08-12 17:05:00,Quero experimentar um gênero novo sem pegar um livro muito difícil.,explorar_novo_genero,PROPRIO,Drama,emocional,DIGITAL,19.20,,44,DIGITAL,18.50,9999,65,SIM,PEDIDO_CONFIRMADO,VENDA_CONCLUIDA,,5,0.0343
ATD-001468,317,2026-08-12 18:09:00,"Quero continuar uma saga que comecei, mas não sei qual é o próximo volume.",continuacao_de_saga,PROPRIO,Aventura,inspirador,FISICO,20.15,32,29,FISICO,21.95,8,88,NAO,BUSCA,SEM_COMPRA,nao_encontrou_continuacao,3,0.0258
ATD-001469,354,2026-08-12 19:27:00,Quero experimentar um gênero novo sem pegar um livro muito difícil.,explorar_novo_genero,PROPRIO,Drama,emocional,DIGITAL,13.76,,42,DIGITAL,12.40,9999,65,SIM,PEDIDO_CONFIRMADO,VENDA_CONCLUIDA,,4,0.0412
ATD-001470,391,2026-08-12 20:47:00,Estou procurando um título específico e quero saber se está disponível.,titulo_especifico,PROPRIO,Fantasia,épico,DIGITAL,20.06,38,38,DIGITAL,16.30,9999,90,NAO,RECOMENDACAO,SEM_COMPRA,recomendacao_nao_combinou,4,0.0456
ATD-001471,428,2026-08-12 22:06:00,Estou procurando um título específico e quero saber se está disponível.,titulo_especifico,PROPRIO,Mistério,intrigante,FISICO,34.08,24,22,FISICO,23.70,7,62,NAO,BUSCA,SEM_COMPRA,livro_procurado_sem_estoque,1,0.0371
ATD-001472,465,2026-08-12 23:28:00,"Quero continuar uma saga que comecei, mas não sei qual é o próximo volume.",continuacao_de_saga,PROPRIO,Drama,emocional,FISICO,28.58,,42,FISICO,22.40,3,83,NAO,BUSCA,SEM_COMPRA,nao_encontrou_continuacao,2,0.0307
ATD-001473,502,2026-08-13 00:37:00,Quero algo parecido com os livros que costumo ler.,livro_parecido,PROPRIO,Fantasia,épico,FISICO,30.17,,10,FISICO,26.30,19,65,SIM,PEDIDO_CONFIRMADO,VENDA_CONCLUIDA,,5,0.0226
ATD-001474,539,2026-08-13 01:35:00,Estou procurando um título específico e quero saber se está disponível.,titulo_especifico,PROPRIO,Romance,nostálgico,DIGITAL,37.24,15,15,DIGITAL,15.45,9999,90,NAO,RECOMENDACAO,SEM_COMPRA,recomendacao_nao_combinou,3,0.0531
ATD-001475,576,2026-08-13 02:53:00,"Quero continuar uma saga que comecei, mas não sei qual é o próximo volume.",continuacao_de_saga,PROPRIO,Romance,emocional,DIGITAL,43.21,16,16,DIGITAL,18.50,9999,90,SIM,PEDIDO_CONFIRMADO,VENDA_CONCLUIDA,,4,0.0273
ATD-001476,613,2026-08-13 04:13:00,Preciso de um livro para dar de presente e não sei qual escolher.,presente,PRESENTE,Romance,nostálgico,DIGITAL,26.06,,1,DIGITAL,11.95,9999,65,SIM,PEDIDO_CONFIRMADO,VENDA_CONCLUIDA,,5,0.0337
ATD-001477,650,2026-08-13 04:57:00,Preciso de um livro para dar de presente e não sei qual escolher.,presente,PRESENTE,Aventura,aventureiro,FISICO,29.24,,6,FISICO,30.20,15,65,NAO,RECOMENDACAO,SEM_COMPRA,recomendacao_nao_combinou,4,0.0298
ATD-001478,687,2026-08-13 06:26:00,Preciso de um livro para dar de presente e não sei qual escolher.,presente,PRESENTE,Ficção científica,reflexivo,FISICO,19.08,,35,FISICO,24.15,2,57,NAO,RECOMENDACAO,SEM_COMPRA,preco_acima_do_orcamento,2,0.0573
ATD-001479,724,2026-08-13 07:40:00,Quero experimentar um gênero novo sem pegar um livro muito difícil.,explorar_novo_genero,PROPRIO,Ficção científica,reflexivo,FISICO,12.23,,47,FISICO,30.65,14,65,NAO,RECOMENDACAO,SEM_COMPRA,preco_acima_do_orcamento,3,0.0487
ATD-001480,761,2026-08-13 08:24:00,Quero experimentar um gênero novo sem pegar um livro muito difícil.,explorar_novo_genero,PROPRIO,Mistério,intrigante,FISICO,41.29,,23,FISICO,26.75,14,65,SIM,PEDIDO_CONFIRMADO,VENDA_CONCLUIDA,,5,0.0543
ATD-001481,798,2026-08-13 10:01:00,Preciso de um livro para dar de presente e não sei qual escolher.,presente,PRESENTE,Ficção histórica,melancólico,FISICO,40.03,,19,FISICO,30.65,10,65,NAO,RECOMENDACAO,SEM_COMPRA,recomendacao_nao_combinou,4,0.0249
ATD-001482,835,2026-08-13 10:42:00,Quero experimentar um gênero novo sem pegar um livro muito difícil.,explorar_novo_genero,PROPRIO,Ficção histórica,melancólico,DIGITAL,23.62,,36,DIGITAL,17.20,9999,65,SIM,CHECKOUT,SEM_COMPRA,abandono_no_checkout,2,0.0505
ATD-001483,872,2026-08-13 12:14:00,"Quero continuar uma saga que comecei, mas não sei qual é o próximo volume.",continuacao_de_saga,PROPRIO,Fantasia,esperançoso,DIGITAL,41.04,,9,DIGITAL,13.25,9999,90,SIM,PEDIDO_CONFIRMADO,VENDA_CONCLUIDA,,5,0.0335
ATD-001484,909,2026-08-13 13:10:00,Preciso de um livro para dar de presente e não sei qual escolher.,presente,PRESENTE,Ficção científica,reflexivo,DIGITAL,43.19,,43,DIGITAL,15.45,9999,65,NAO,RECOMENDACAO,SEM_COMPRA,recomendacao_nao_combinou,2,0.0487
ATD-001485,946,2026-08-13 14:41:00,Quero algo parecido com os livros que costumo ler.,livro_parecido,PROPRIO,Fantasia,épico,DIGITAL,18.32,,3,DIGITAL,18.05,9999,65,SIM,PEDIDO_CONFIRMADO,VENDA_CONCLUIDA,,5,0.0245
ATD-001486,983,2026-08-13 15:37:00,Quero algo parecido com os livros que costumo ler.,livro_parecido,PROPRIO,Mistério,intrigante,DIGITAL,35.13,,23,DIGITAL,16.75,9999,65,SIM,PEDIDO_CONFIRMADO,VENDA_CONCLUIDA,,5,0.0557
ATD-001487,20,2026-08-13 17:12:00,Estou procurando um título específico e quero saber se está disponível.,titulo_especifico,PROPRIO,Ficção científica,reflexivo,FISICO,24.29,45,3,FISICO,28.05,18,10,NAO,BUSCA,SEM_COMPRA,livro_procurado_sem_estoque,4,0.0167
ATD-001488,57,2026-08-13 17:52:00,Quero algo parecido com os livros que costumo ler.,livro_parecido,PROPRIO,Aventura,aventureiro,DIGITAL,40.71,,19,DIGITAL,20.65,9999,65,SIM,PEDIDO_CONFIRMADO,VENDA_CONCLUIDA,,5,0.0400
ATD-001489,94,2026-08-13 19:21:00,Estou procurando um título específico e quero saber se está disponível.,titulo_especifico,PROPRIO,Romance,nostálgico,DIGITAL,23.77,5,5,DIGITAL,17.15,9999,90,SIM,PEDIDO_CONFIRMADO,VENDA_CONCLUIDA,,4,0.0349
ATD-001490,131,2026-08-13 20:51:00,"Quero continuar uma saga que comecei, mas não sei qual é o próximo volume.",continuacao_de_saga,PROPRIO,Fantasia,épico,FISICO,37.27,38,39,FISICO,29.35,6,86,NAO,BUSCA,SEM_COMPRA,nao_encontrou_continuacao,4,0.0390
ATD-001491,168,2026-08-13 21:53:00,Preciso de um livro para dar de presente e não sei qual escolher.,presente,PRESENTE,Aventura,inspirador,DIGITAL,30.37,,27,DIGITAL,21.95,9999,65,NAO,RECOMENDACAO,SEM_COMPRA,recomendacao_nao_combinou,4,0.0470
ATD-001492,205,2026-08-13 23:06:00,"Quero continuar uma saga que comecei, mas não sei qual é o próximo volume.",continuacao_de_saga,PROPRIO,Drama,emocional,DIGITAL,14.74,,42,DIGITAL,12.40,9999,90,NAO,BUSCA,SEM_COMPRA,nao_encontrou_continuacao,3,0.0385
ATD-001493,242,2026-08-14 00:23:00,"Quero continuar uma saga que comecei, mas não sei qual é o próximo volume.",continuacao_de_saga,PROPRIO,Aventura,inspirador,DIGITAL,43.38,32,32,DIGITAL,21.10,9999,90,NAO,RECOMENDACAO,SEM_COMPRA,apenas_pesquisando,2,0.0280
ATD-001494,279,2026-08-14 01:01:00,Preciso de um livro para dar de presente e não sei qual escolher.,presente,PRESENTE,Drama,emocional,DIGITAL,26.84,,1,DIGITAL,11.95,9999,65,NAO,RECOMENDACAO,SEM_COMPRA,recomendacao_nao_combinou,3,0.0288
ATD-001495,316,2026-08-14 02:37:00,Quero algo parecido com os livros que costumo ler.,livro_parecido,PROPRIO,Ficção científica,reflexivo,DIGITAL,17.75,,45,DIGITAL,14.55,9999,65,SIM,PEDIDO_CONFIRMADO,VENDA_CONCLUIDA,,4,0.0447
ATD-001496,353,2026-08-14 03:32:00,"Quero continuar uma saga que comecei, mas não sei qual é o próximo volume.",continuacao_de_saga,PROPRIO,Romance,emocional,DIGITAL,27.97,,15,DIGITAL,15.45,9999,90,NAO,BUSCA,SEM_COMPRA,nao_encontrou_continuacao,3,0.0268
ATD-001497,390,2026-08-14 04:55:00,Estou procurando um título específico e quero saber se está disponível.,titulo_especifico,PROPRIO,Fantasia,esperançoso,FISICO,43.55,1,1,FISICO,21.95,4,90,SIM,PEDIDO_CONFIRMADO,VENDA_CONCLUIDA,,4,0.0440
ATD-001498,427,2026-08-14 05:49:00,Preciso de um livro para dar de presente e não sei qual escolher.,presente,PRESENTE,Fantasia,esperançoso,DIGITAL,36.67,,21,DIGITAL,10.65,9999,65,NAO,RECOMENDACAO,SEM_COMPRA,recomendacao_nao_combinou,3,0.0315
ATD-001499,464,2026-08-14 07:05:00,"Quero continuar uma saga que comecei, mas não sei qual é o próximo volume.",continuacao_de_saga,PROPRIO,Aventura,aventureiro,FISICO,31.40,19,19,FISICO,30.65,10,90,SIM,PEDIDO_CONFIRMADO,VENDA_CONCLUIDA,,5,0.0447
ATD-001500,501,2026-08-14 08:28:00,"Quero continuar uma saga que comecei, mas não sei qual é o próximo volume.",continuacao_de_saga,PROPRIO,Fantasia,épico,FISICO,25.64,,1,FISICO,21.95,4,84,NAO,BUSCA,SEM_COMPRA,nao_encontrou_continuacao,3,0.0504
ATD-001501,538,2026-08-14 09:58:00,"Quero continuar uma saga que comecei, mas não sei qual é o próximo volume.",continuacao_de_saga,PROPRIO,Fantasia,épico,FISICO,26.07,,37,FISICO,23.25,16,90,SIM,PEDIDO_CONFIRMADO,VENDA_CONCLUIDA,,5,0.0574
ATD-001502,575,2026-08-14 10:39:00,Quero experimentar um gênero novo sem pegar um livro muito difícil.,explorar_novo_genero,PROPRIO,Fantasia,épico,DIGITAL,33.39,,3,DIGITAL,18.05,9999,65,NAO,RECOMENDACAO,SEM_COMPRA,recomendacao_nao_combinou,3,0.0253
ATD-001503,612,2026-08-14 12:18:00,Quero algo parecido com os livros que costumo ler.,livro_parecido,PROPRIO,Ficção científica,reflexivo,DIGITAL,17.35,,45,DIGITAL,14.55,9999,65,SIM,PEDIDO_CONFIRMADO,VENDA_CONCLUIDA,,5,0.0468
ATD-001504,649,2026-08-14 13:31:00,Preciso de um livro para dar de presente e não sei qual escolher.,presente,PRESENTE,Aventura,inspirador,FISICO,46.65,,9,FISICO,23.25,12,65,NAO,RECOMENDACAO,SEM_COMPRA,recomendacao_nao_combinou,1,0.0547
ATD-001505,686,2026-08-14 13:59:00,Quero algo parecido com os livros que costumo ler.,livro_parecido,PROPRIO,Aventura,aventureiro,FISICO,20.86,,17,FISICO,24.55,20,65,NAO,RECOMENDACAO,SEM_COMPRA,preco_acima_do_orcamento,2,0.0388
ATD-001506,723,2026-08-14 15:11:00,Quero experimentar um gênero novo sem pegar um livro muito difícil.,explorar_novo_genero,PROPRIO,Ficção contemporânea,acolhedor,DIGITAL,36.71,,27,DIGITAL,21.95,9999,65,NAO,RECOMENDACAO,SEM_COMPRA,apenas_pesquisando,2,0.0400
ATD-001507,760,2026-08-14 16:43:00,"Quero continuar uma saga que comecei, mas não sei qual é o próximo volume.",continuacao_de_saga,PROPRIO,Fantasia,esperançoso,FISICO,29.74,11,12,FISICO,32.40,9,89,NAO,BUSCA,SEM_COMPRA,nao_encontrou_continuacao,4,0.0487
ATD-001508,797,2026-08-14 17:56:00,Preciso de um livro para dar de presente e não sei qual escolher.,presente,PRESENTE,Fantasia,épico,DIGITAL,19.98,,6,DIGITAL,20.20,9999,65,NAO,RECOMENDACAO,SEM_COMPRA,preco_acima_do_orcamento,3,0.0169
ATD-001509,834,2026-08-14 18:59:00,"Quero continuar uma saga que comecei, mas não sei qual é o próximo volume.",continuacao_de_saga,PROPRIO,Ficção contemporânea,acolhedor,DIGITAL,16.81,28,28,DIGITAL,15.90,9999,90,SIM,PEDIDO_CONFIRMADO,VENDA_CONCLUIDA,,5,0.0148
ATD-001510,871,2026-08-14 20:35:00,"Quero continuar uma saga que comecei, mas não sei qual é o próximo volume.",continuacao_de_saga,PROPRIO,Ficção histórica,melancólico,FISICO,38.26,,33,FISICO,27.15,12,90,NAO,BUSCA,SEM_COMPRA,nao_encontrou_continuacao,4,0.0127
ATD-001511,908,2026-08-14 21:39:00,Quero algo parecido com os livros que costumo ler.,livro_parecido,PROPRIO,Ficção contemporânea,acolhedor,DIGITAL,30.84,,25,DIGITAL,15.85,9999,65,SIM,PEDIDO_CONFIRMADO,VENDA_CONCLUIDA,,5,0.0297
ATD-001512,945,2026-08-14 22:33:00,Estou procurando um título específico e quero saber se está disponível.,titulo_especifico,PROPRIO,Fantasia,esperançoso,FISICO,35.81,10,10,FISICO,26.30,19,90,SIM,PEDIDO_CONFIRMADO,VENDA_CONCLUIDA,,5,0.0416
ATD-001513,982,2026-08-14 23:46:00,Quero algo parecido com os livros que costumo ler.,livro_parecido,PROPRIO,Romance,emocional,DIGITAL,23.57,,6,DIGITAL,20.20,9999,65,SIM,PEDIDO_CONFIRMADO,VENDA_CONCLUIDA,,5,0.0234
ATD-001514,19,2026-08-15 01:17:00,"Quero continuar uma saga que comecei, mas não sei qual é o próximo volume.",continuacao_de_saga,PROPRIO,Drama,emocional,FISICO,33.65,44,41,FISICO,28.45,20,90,NAO,BUSCA,SEM_COMPRA,nao_encontrou_continuacao,1,0.0437
ATD-001515,56,2026-08-15 02:25:00,Preciso de um livro para dar de presente e não sei qual escolher.,presente,PRESENTE,Ficção contemporânea,acolhedor,DIGITAL,46.43,,17,DIGITAL,14.55,9999,65,NAO,RECOMENDACAO,SEM_COMPRA,recomendacao_nao_combinou,3,0.0219
ATD-001516,93,2026-08-15 03:13:00,Quero algo parecido com os livros que costumo ler.,livro_parecido,PROPRIO,Fantasia,esperançoso,FISICO,30.69,,37,FISICO,23.25,16,65,SIM,PEDIDO_CONFIRMADO,VENDA_CONCLUIDA,,5,0.0558
ATD-001517,130,2026-08-15 04:46:00,Preciso de um livro para dar de presente e não sei qual escolher.,presente,PRESENTE,Aventura,aventureiro,DIGITAL,41.12,,5,DIGITAL,17.15,9999,65,SIM,PEDIDO_CONFIRMADO,VENDA_CONCLUIDA,,5,0.0255
ATD-001518,167,2026-08-15 06:07:00,"Quero continuar uma saga que comecei, mas não sei qual é o próximo volume.",continuacao_de_saga,PROPRIO,Romance,emocional,DIGITAL,15.72,,13,DIGITAL,18.45,9999,90,NAO,BUSCA,SEM_COMPRA,nao_encontrou_continuacao,1,0.0220
ATD-001519,204,2026-08-15 06:31:00,Estou procurando um título específico e quero saber se está disponível.,titulo_especifico,PROPRIO,Drama,emocional,DIGITAL,39.86,42,42,DIGITAL,12.40,9999,90,SIM,PEDIDO_CONFIRMADO,VENDA_CONCLUIDA,,4,0.0300
ATD-001520,241,2026-08-15 08:04:00,"Quero continuar uma saga que comecei, mas não sei qual é o próximo volume.",continuacao_de_saga,PROPRIO,Fantasia,esperançoso,FISICO,12.50,12,12,FISICO,32.40,9,90,NAO,RECOMENDACAO,SEM_COMPRA,preco_acima_do_orcamento,2,0.0198
ATD-001521,278,2026-08-15 09:24:00,Quero algo parecido com os livros que costumo ler.,livro_parecido,PROPRIO,Aventura,aventureiro,DIGITAL,47.78,,17,DIGITAL,14.55,9999,65,SIM,PEDIDO_CONFIRMADO,VENDA_CONCLUIDA,,5,0.0305
ATD-001522,315,2026-08-15 10:12:00,Estou procurando um título específico e quero saber se está disponível.,titulo_especifico,PROPRIO,Ficção científica,reflexivo,DIGITAL,21.39,48,48,DIGITAL,23.70,9999,90,NAO,RECOMENDACAO,SEM_COMPRA,preco_acima_do_orcamento,3,0.0489
ATD-001523,352,2026-08-15 11:46:00,Preciso de um livro para dar de presente e não sei qual escolher.,presente,PRESENTE,Ficção científica,reflexivo,FISICO,35.55,,42,FISICO,22.40,3,58,NAO,RECOMENDACAO,SEM_COMPRA,apenas_pesquisando,2,0.0193
ATD-001524,389,2026-08-15 12:59:00,Quero experimentar um gênero novo sem pegar um livro muito difícil.,explorar_novo_genero,PROPRIO,Fantasia,épico,DIGITAL,24.76,,3,DIGITAL,18.05,9999,65,SIM,PEDIDO_CONFIRMADO,VENDA_CONCLUIDA,,4,0.0381
ATD-001525,426,2026-08-15 14:00:00,"Quero continuar uma saga que comecei, mas não sei qual é o próximo volume.",continuacao_de_saga,PROPRIO,Aventura,inspirador,DIGITAL,24.86,,30,DIGITAL,15.00,9999,90,NAO,BUSCA,SEM_COMPRA,nao_encontrou_continuacao,3,0.0328
ATD-001526,463,2026-08-15 15:33:00,Quero algo parecido com os livros que costumo ler.,livro_parecido,PROPRIO,Romance,emocional,DIGITAL,38.14,,5,DIGITAL,17.15,9999,65,NAO,RECOMENDACAO,SEM_COMPRA,recomendacao_nao_combinou,3,0.0398
ATD-001527,500,2026-08-15 16:06:00,Preciso de um livro para dar de presente e não sei qual escolher.,presente,PRESENTE,Ficção histórica,melancólico,FISICO,25.61,,10,FISICO,26.30,19,65,NAO,RECOMENDACAO,SEM_COMPRA,preco_acima_do_orcamento,2,0.0170
ATD-001528,537,2026-08-15 17:36:00,"Quero continuar uma saga que comecei, mas não sei qual é o próximo volume.",continuacao_de_saga,PROPRIO,Ficção histórica,melancólico,DIGITAL,34.66,36,36,DIGITAL,17.20,9999,90,SIM,CHECKOUT,SEM_COMPRA,abandono_no_checkout,2,0.0557
ATD-001529,574,2026-08-15 18:53:00,"Quero continuar uma saga que comecei, mas não sei qual é o próximo volume.",continuacao_de_saga,PROPRIO,Aventura,inspirador,DIGITAL,25.15,,29,DIGITAL,11.95,9999,90,SIM,PEDIDO_CONFIRMADO,VENDA_CONCLUIDA,,5,0.0437
ATD-001530,611,2026-08-15 20:03:00,Estou procurando um título específico e quero saber se está disponível.,titulo_especifico,PROPRIO,Ficção científica,reflexivo,FISICO,20.57,48,47,FISICO,30.65,14,65,NAO,RECOMENDACAO,SEM_COMPRA,preco_acima_do_orcamento,3,0.0579
ATD-001531,648,2026-08-15 20:55:00,Quero algo parecido com os livros que costumo ler.,livro_parecido,PROPRIO,Drama,emocional,DIGITAL,27.43,,43,DIGITAL,15.45,9999,65,NAO,RECOMENDACAO,SEM_COMPRA,recomendacao_nao_combinou,4,0.0284
ATD-001532,685,2026-08-15 22:18:00,Preciso de um livro para dar de presente e não sei qual escolher.,presente,PRESENTE,Aventura,aventureiro,FISICO,16.74,,3,FISICO,28.05,18,65,NAO,RECOMENDACAO,SEM_COMPRA,preco_acima_do_orcamento,3,0.0548
ATD-001533,722,2026-08-15 23:06:00,"Quero continuar uma saga que comecei, mas não sei qual é o próximo volume.",continuacao_de_saga,PROPRIO,Drama,emocional,FISICO,47.24,,42,FISICO,22.40,3,83,NAO,BUSCA,SEM_COMPRA,nao_encontrou_continuacao,1,0.0271
ATD-001534,759,2026-08-16 00:57:00,"Quero continuar uma saga que comecei, mas não sei qual é o próximo volume.",continuacao_de_saga,PROPRIO,Fantasia,épico,DIGITAL,37.49,3,3,DIGITAL,18.05,9999,90,SIM,PEDIDO_CONFIRMADO,VENDA_CONCLUIDA,,5,0.0327
ATD-001535,796,2026-08-16 01:40:00,"Quero continuar uma saga que comecei, mas não sei qual é o próximo volume.",continuacao_de_saga,PROPRIO,Aventura,inspirador,DIGITAL,33.08,30,30,DIGITAL,15.00,9999,90,SIM,PEDIDO_CONFIRMADO,VENDA_CONCLUIDA,,5,0.0346
ATD-001536,833,2026-08-16 03:18:00,Quero algo parecido com os livros que costumo ler.,livro_parecido,PROPRIO,Aventura,inspirador,FISICO,44.83,,30,FISICO,25.00,15,65,SIM,PEDIDO_CONFIRMADO,VENDA_CONCLUIDA,,4,0.0570
ATD-001537,870,2026-08-16 04:10:00,Estou procurando um título específico e quero saber se está disponível.,titulo_especifico,PROPRIO,Romance,nostálgico,FISICO,23.43,7,6,FISICO,30.20,15,65,NAO,RECOMENDACAO,SEM_COMPRA,preco_acima_do_orcamento,4,0.0179
ATD-001538,907,2026-08-16 05:27:00,Quero algo parecido com os livros que costumo ler.,livro_parecido,PROPRIO,Fantasia,esperançoso,FISICO,37.80,,2,FISICO,25.00,11,65,NAO,RECOMENDACAO,SEM_COMPRA,recomendacao_nao_combinou,3,0.0476
ATD-001539,944,2026-08-16 06:36:00,Preciso de um livro para dar de presente e não sei qual escolher.,presente,PRESENTE,Aventura,aventureiro,FISICO,39.32,,30,FISICO,25.00,15,65,NAO,RECOMENDACAO,SEM_COMPRA,recomendacao_nao_combinou,2,0.0311
ATD-001540,981,2026-08-16 07:59:00,Preciso de um livro para dar de presente e não sei qual escolher.,presente,PRESENTE,Aventura,aventureiro,FISICO,33.84,,27,FISICO,31.95,18,65,NAO,RECOMENDACAO,SEM_COMPRA,recomendacao_nao_combinou,3,0.0459
ATD-001541,18,2026-08-16 08:32:00,Quero algo parecido com os livros que costumo ler.,livro_parecido,PROPRIO,Ficção contemporânea,acolhedor,FISICO,41.06,,28,FISICO,25.90,1,56,SIM,PEDIDO_CONFIRMADO,VENDA_CONCLUIDA,,4,0.0250
ATD-001542,55,2026-08-16 09:48:00,Preciso de um livro para dar de presente e não sei qual escolher.,presente,PRESENTE,Ficção contemporânea,acolhedor,FISICO,16.87,,22,FISICO,23.70,7,62,SIM,PEDIDO_CONFIRMADO,VENDA_CONCLUIDA,,5,0.0326
ATD-001543,92,2026-08-16 10:57:00,Quero experimentar um gênero novo sem pegar um livro muito difícil.,explorar_novo_genero,PROPRIO,Mistério,intrigante,DIGITAL,40.80,,22,DIGITAL,13.70,9999,65,SIM,PEDIDO_CONFIRMADO,VENDA_CONCLUIDA,,5,0.0357
ATD-001544,129,2026-08-16 12:14:00,"Quero continuar uma saga que comecei, mas não sei qual é o próximo volume.",continuacao_de_saga,PROPRIO,Drama,emocional,FISICO,14.18,44,44,FISICO,28.50,17,90,NAO,RECOMENDACAO,SEM_COMPRA,preco_acima_do_orcamento,4,0.0324
ATD-001545,166,2026-08-16 13:45:00,Quero algo parecido com os livros que costumo ler.,livro_parecido,PROPRIO,Aventura,inspirador,DIGITAL,17.05,,30,DIGITAL,15.00,9999,65,SIM,PEDIDO_CONFIRMADO,VENDA_CONCLUIDA,,5,0.0267
ATD-001546,203,2026-08-16 14:32:00,"Quero continuar uma saga que comecei, mas não sei qual é o próximo volume.",continuacao_de_saga,PROPRIO,Romance,emocional,FISICO,18.27,15,16,FISICO,28.50,13,90,NAO,BUSCA,SEM_COMPRA,nao_encontrou_continuacao,3,0.0427
ATD-001547,240,2026-08-16 15:51:00,Preciso de um livro para dar de presente e não sei qual escolher.,presente,PRESENTE,Ficção científica,reflexivo,FISICO,47.00,,17,FISICO,24.55,20,65,NAO,RECOMENDACAO,SEM_COMPRA,recomendacao_nao_combinou,2,0.0460
ATD-001548,277,2026-08-16 16:59:00,Preciso de um livro para dar de presente e não sei qual escolher.,presente,PRESENTE,Ficção histórica,melancólico,DIGITAL,32.07,,36,DIGITAL,17.20,9999,65,NAO,RECOMENDACAO,SEM_COMPRA,recomendacao_nao_combinou,3,0.0502
ATD-001549,314,2026-08-16 18:39:00,Preciso de um livro para dar de presente e não sei qual escolher.,presente,PRESENTE,Ficção histórica,melancólico,DIGITAL,30.21,,22,DIGITAL,13.70,9999,65,NAO,RECOMENDACAO,SEM_COMPRA,recomendacao_nao_combinou,2,0.0131
ATD-001550,351,2026-08-16 19:14:00,Preciso de um livro para dar de presente e não sei qual escolher.,presente,PRESENTE,Romance,emocional,DIGITAL,46.20,,29,DIGITAL,11.95,9999,65,NAO,RECOMENDACAO,SEM_COMPRA,recomendacao_nao_combinou,4,0.0185
ATD-001551,388,2026-08-16 20:23:00,Quero experimentar um gênero novo sem pegar um livro muito difícil.,explorar_novo_genero,PROPRIO,Aventura,aventureiro,FISICO,43.35,,29,FISICO,21.95,8,63,SIM,PEDIDO_CONFIRMADO,VENDA_CONCLUIDA,,5,0.0396
ATD-001552,425,2026-08-16 21:32:00,Quero algo parecido com os livros que costumo ler.,livro_parecido,PROPRIO,Ficção histórica,melancólico,FISICO,23.10,,35,FISICO,24.15,2,57,NAO,RECOMENDACAO,SEM_COMPRA,preco_acima_do_orcamento,3,0.0511
ATD-001553,462,2026-08-16 23:16:00,"Quero continuar uma saga que comecei, mas não sei qual é o próximo volume.",continuacao_de_saga,PROPRIO,Fantasia,épico,FISICO,43.80,,1,FISICO,21.95,4,84,NAO,BUSCA,SEM_COMPRA,nao_encontrou_continuacao,2,0.0332
ATD-001554,499,2026-08-17 00:36:00,Preciso de um livro para dar de presente e não sei qual escolher.,presente,PRESENTE,Ficção contemporânea,acolhedor,DIGITAL,22.51,,41,DIGITAL,18.45,9999,65,NAO,RECOMENDACAO,SEM_COMPRA,recomendacao_nao_combinou,4,0.0437
ATD-001555,536,2026-08-17 01:06:00,"Quero continuar uma saga que comecei, mas não sei qual é o próximo volume.",continuacao_de_saga,PROPRIO,Mistério,intrigante,FISICO,24.09,23,23,FISICO,26.75,14,90,NAO,RECOMENDACAO,SEM_COMPRA,preco_acima_do_orcamento,3,0.0289
ATD-001556,573,2026-08-17 02:26:00,Estou procurando um título específico e quero saber se está disponível.,titulo_especifico,PROPRIO,Fantasia,esperançoso,DIGITAL,12.73,11,11,DIGITAL,19.35,9999,90,NAO,RECOMENDACAO,SEM_COMPRA,preco_acima_do_orcamento,3,0.0132
ATD-001557,610,2026-08-17 03:29:00,Quero experimentar um gênero novo sem pegar um livro muito difícil.,explorar_novo_genero,PROPRIO,Drama,emocional,DIGITAL,16.85,,44,DIGITAL,18.50,9999,65,NAO,RECOMENDACAO,SEM_COMPRA,preco_acima_do_orcamento,4,0.0522
ATD-001558,647,2026-08-17 04:42:00,"Quero continuar uma saga que comecei, mas não sei qual é o próximo volume.",continuacao_de_saga,PROPRIO,Aventura,aventureiro,DIGITAL,43.65,,17,DIGITAL,14.55,9999,90,NAO,BUSCA,SEM_COMPRA,nao_encontrou_continuacao,2,0.0286
ATD-001559,684,2026-08-17 06:13:00,Quero experimentar um gênero novo sem pegar um livro muito difícil.,explorar_novo_genero,PROPRIO,Mistério,intrigante,DIGITAL,21.13,,21,DIGITAL,10.65,9999,65,SIM,PEDIDO_CONFIRMADO,VENDA_CONCLUIDA,,5,0.0435
ATD-001560,721,2026-08-17 07:26:00,Quero algo parecido com os livros que costumo ler.,livro_parecido,PROPRIO,Fantasia,épico,FISICO,21.54,,2,FISICO,25.00,11,65,NAO,RECOMENDACAO,SEM_COMPRA,preco_acima_do_orcamento,3,0.0340
ATD-001561,758,2026-08-17 08:17:00,Estou procurando um título específico e quero saber se está disponível.,titulo_especifico,PROPRIO,Aventura,inspirador,FISICO,19.33,17,17,FISICO,24.55,20,90,NAO,RECOMENDACAO,SEM_COMPRA,preco_acima_do_orcamento,2,0.0326
ATD-001562,795,2026-08-17 09:49:00,Quero algo parecido com os livros que costumo ler.,livro_parecido,PROPRIO,Ficção histórica,melancólico,DIGITAL,29.88,,33,DIGITAL,17.15,9999,65,SIM,PEDIDO_CONFIRMADO,VENDA_CONCLUIDA,,5,0.0574
ATD-001563,832,2026-08-17 10:59:00,Quero algo parecido com os livros que costumo ler.,livro_parecido,PROPRIO,Aventura,aventureiro,DIGITAL,18.15,,19,DIGITAL,20.65,9999,65,NAO,RECOMENDACAO,SEM_COMPRA,preco_acima_do_orcamento,3,0.0368
ATD-001564,869,2026-08-17 12:34:00,Quero experimentar um gênero novo sem pegar um livro muito difícil.,explorar_novo_genero,PROPRIO,Romance,nostálgico,FISICO,13.82,,5,FISICO,27.15,8,63,NAO,RECOMENDACAO,SEM_COMPRA,preco_acima_do_orcamento,3,0.0299
ATD-001565,906,2026-08-17 13:00:00,Preciso de um livro para dar de presente e não sei qual escolher.,presente,PRESENTE,Drama,emocional,FISICO,26.27,,30,FISICO,25.00,15,65,NAO,RECOMENDACAO,SEM_COMPRA,recomendacao_nao_combinou,3,0.0530
ATD-001566,943,2026-08-17 14:10:00,Preciso de um livro para dar de presente e não sei qual escolher.,presente,PRESENTE,Romance,nostálgico,FISICO,14.10,,2,FISICO,25.00,11,65,SIM,PEDIDO_CONFIRMADO,VENDA_CONCLUIDA,,4,0.0287
ATD-001567,980,2026-08-17 16:04:00,"Quero continuar uma saga que comecei, mas não sei qual é o próximo volume.",continuacao_de_saga,PROPRIO,Fantasia,esperançoso,DIGITAL,29.41,,9,DIGITAL,13.25,9999,90,SIM,PEDIDO_CONFIRMADO,VENDA_CONCLUIDA,,4,0.0530
ATD-001568,17,2026-08-17 17:04:00,Estou procurando um título específico e quero saber se está disponível.,titulo_especifico,PROPRIO,Fantasia,épico,FISICO,41.54,2,2,FISICO,25.00,11,90,NAO,RECOMENDACAO,SEM_COMPRA,recomendacao_nao_combinou,1,0.0305
ATD-001569,54,2026-08-17 18:24:00,Preciso de um livro para dar de presente e não sei qual escolher.,presente,PRESENTE,Fantasia,épico,DIGITAL,36.34,,17,DIGITAL,14.55,9999,65,NAO,RECOMENDACAO,SEM_COMPRA,recomendacao_nao_combinou,3,0.0284
ATD-001570,91,2026-08-17 19:11:00,Quero algo parecido com os livros que costumo ler.,livro_parecido,PROPRIO,Ficção histórica,melancólico,DIGITAL,25.17,,34,DIGITAL,20.20,9999,65,SIM,PEDIDO_CONFIRMADO,VENDA_CONCLUIDA,,4,0.0464
ATD-001571,128,2026-08-17 20:40:00,Quero experimentar um gênero novo sem pegar um livro muito difícil.,explorar_novo_genero,PROPRIO,Ficção científica,reflexivo,FISICO,32.90,,46,FISICO,27.60,7,62,NAO,RECOMENDACAO,SEM_COMPRA,apenas_pesquisando,3,0.0539
ATD-001572,165,2026-08-17 21:33:00,Preciso de um livro para dar de presente e não sei qual escolher.,presente,PRESENTE,Fantasia,esperançoso,FISICO,24.38,,43,FISICO,25.45,10,65,NAO,RECOMENDACAO,SEM_COMPRA,preco_acima_do_orcamento,3,0.0212
ATD-001573,202,2026-08-17 23:02:00,Quero algo parecido com os livros que costumo ler.,livro_parecido,PROPRIO,Fantasia,esperançoso,FISICO,20.25,,10,FISICO,26.30,19,65,NAO,RECOMENDACAO,SEM_COMPRA,preco_acima_do_orcamento,3,0.0566
ATD-001574,239,2026-08-17 23:49:00,Preciso de um livro para dar de presente e não sei qual escolher.,presente,PRESENTE,Aventura,inspirador,FISICO,22.83,,30,FISICO,25.00,15,65,NAO,RECOMENDACAO,SEM_COMPRA,preco_acima_do_orcamento,2,0.0332
ATD-001575,276,2026-08-18 01:15:00,Quero experimentar um gênero novo sem pegar um livro muito difícil.,explorar_novo_genero,PROPRIO,Ficção científica,reflexivo,DIGITAL,45.77,,47,DIGITAL,20.65,9999,65,SIM,PEDIDO_CONFIRMADO,VENDA_CONCLUIDA,,5,0.0378
ATD-001576,313,2026-08-18 02:06:00,Quero experimentar um gênero novo sem pegar um livro muito difícil.,explorar_novo_genero,PROPRIO,Mistério,intrigante,DIGITAL,41.06,,24,DIGITAL,19.80,9999,65,NAO,RECOMENDACAO,SEM_COMPRA,recomendacao_nao_combinou,3,0.0150
ATD-001577,350,2026-08-18 03:36:00,"Quero continuar uma saga que comecei, mas não sei qual é o próximo volume.",continuacao_de_saga,PROPRIO,Aventura,aventureiro,FISICO,32.08,19,17,FISICO,24.55,20,90,NAO,BUSCA,SEM_COMPRA,nao_encontrou_continuacao,2,0.0203
ATD-001578,387,2026-08-18 05:03:00,"Quero continuar uma saga que comecei, mas não sei qual é o próximo volume.",continuacao_de_saga,PROPRIO,Fantasia,esperançoso,DIGITAL,29.12,11,11,DIGITAL,19.35,9999,90,SIM,PEDIDO_CONFIRMADO,VENDA_CONCLUIDA,,4,0.0298
ATD-001579,424,2026-08-18 06:06:00,Quero algo parecido com os livros que costumo ler.,livro_parecido,PROPRIO,Drama,emocional,DIGITAL,14.03,,43,DIGITAL,15.45,9999,65,NAO,RECOMENDACAO,SEM_COMPRA,preco_acima_do_orcamento,3,0.0543
ATD-001580,461,2026-08-18 06:54:00,Preciso de um livro para dar de presente e não sei qual escolher.,presente,PRESENTE,Ficção científica,reflexivo,DIGITAL,34.03,,5,DIGITAL,17.15,9999,65,NAO,RECOMENDACAO,SEM_COMPRA,recomendacao_nao_combinou,4,0.0187
ATD-001581,498,2026-08-18 08:19:00,Quero experimentar um gênero novo sem pegar um livro muito difícil.,explorar_novo_genero,PROPRIO,Ficção científica,reflexivo,DIGITAL,39.16,,45,DIGITAL,14.55,9999,65,SIM,PEDIDO_CONFIRMADO,VENDA_CONCLUIDA,,4,0.0548
ATD-001582,535,2026-08-18 09:02:00,Preciso de um livro para dar de presente e não sei qual escolher.,presente,PRESENTE,Ficção contemporânea,acolhedor,DIGITAL,34.25,,13,DIGITAL,18.45,9999,65,NAO,RECOMENDACAO,SEM_COMPRA,recomendacao_nao_combinou,2,0.0134
ATD-001583,572,2026-08-18 10:18:00,Quero experimentar um gênero novo sem pegar um livro muito difícil.,explorar_novo_genero,PROPRIO,Drama,emocional,FISICO,40.58,,41,FISICO,28.45,20,65,SIM,PEDIDO_CONFIRMADO,VENDA_CONCLUIDA,,5,0.0497
ATD-001584,609,2026-08-18 12:09:00,Preciso de um livro para dar de presente e não sei qual escolher.,presente,PRESENTE,Ficção científica,reflexivo,FISICO,27.25,,33,FISICO,27.15,12,65,NAO,RECOMENDACAO,SEM_COMPRA,recomendacao_nao_combinou,4,0.0199
ATD-001585,646,2026-08-18 13:12:00,Estou procurando um título específico e quero saber se está disponível.,titulo_especifico,PROPRIO,Romance,emocional,FISICO,47.51,14,13,FISICO,28.45,16,65,NAO,BUSCA,SEM_COMPRA,livro_procurado_sem_estoque,3,0.0481
ATD-001586,683,2026-08-18 14:15:00,Quero algo parecido com os livros que costumo ler.,livro_parecido,PROPRIO,Ficção contemporânea,acolhedor,DIGITAL,26.13,,27,DIGITAL,21.95,9999,65,SIM,PEDIDO_CONFIRMADO,VENDA_CONCLUIDA,,4,0.0442
ATD-001587,720,2026-08-18 15:13:00,"Quero continuar uma saga que comecei, mas não sei qual é o próximo volume.",continuacao_de_saga,PROPRIO,Ficção científica,reflexivo,FISICO,42.33,46,47,FISICO,30.65,14,90,NAO,BUSCA,SEM_COMPRA,nao_encontrou_continuacao,3,0.0493
ATD-001588,757,2026-08-18 16:35:00,Quero experimentar um gênero novo sem pegar um livro muito difícil.,explorar_novo_genero,PROPRIO,Ficção contemporânea,acolhedor,DIGITAL,31.28,,27,DIGITAL,21.95,9999,65,SIM,PEDIDO_CONFIRMADO,VENDA_CONCLUIDA,,4,0.0180
ATD-001589,794,2026-08-18 17:54:00,Preciso de um livro para dar de presente e não sei qual escolher.,presente,PRESENTE,Ficção histórica,melancólico,DIGITAL,35.60,,46,DIGITAL,17.60,9999,65,NAO,RECOMENDACAO,SEM_COMPRA,recomendacao_nao_combinou,3,0.0536
ATD-001590,831,2026-08-18 18:45:00,"Quero continuar uma saga que comecei, mas não sei qual é o próximo volume.",continuacao_de_saga,PROPRIO,Aventura,inspirador,DIGITAL,44.65,30,30,DIGITAL,15.00,9999,90,SIM,PEDIDO_CONFIRMADO,VENDA_CONCLUIDA,,5,0.0520
ATD-001591,868,2026-08-18 20:29:00,Estou procurando um título específico e quero saber se está disponível.,titulo_especifico,PROPRIO,Fantasia,épico,DIGITAL,46.86,1,1,DIGITAL,11.95,9999,90,SIM,PEDIDO_CONFIRMADO,VENDA_CONCLUIDA,,4,0.0404
ATD-001592,905,2026-08-18 20:57:00,Quero algo parecido com os livros que costumo ler.,livro_parecido,PROPRIO,Fantasia,épico,FISICO,22.56,,40,FISICO,32.40,13,65,NAO,RECOMENDACAO,SEM_COMPRA,preco_acima_do_orcamento,3,0.0485
ATD-001593,942,2026-08-18 22:21:00,Estou procurando um título específico e quero saber se está disponível.,titulo_especifico,PROPRIO,Ficção histórica,melancólico,FISICO,19.39,36,36,FISICO,27.20,9,90,NAO,RECOMENDACAO,SEM_COMPRA,preco_acima_do_orcamento,3,0.0564
ATD-001594,979,2026-08-18 23:42:00,Quero experimentar um gênero novo sem pegar um livro muito difícil.,explorar_novo_genero,PROPRIO,Aventura,aventureiro,FISICO,40.95,,17,FISICO,24.55,20,65,SIM,PEDIDO_CONFIRMADO,VENDA_CONCLUIDA,,5,0.0556
ATD-001595,16,2026-08-19 01:11:00,Quero algo parecido com os livros que costumo ler.,livro_parecido,PROPRIO,Drama,emocional,FISICO,33.46,,41,FISICO,28.45,20,65,SIM,PEDIDO_CONFIRMADO,VENDA_CONCLUIDA,,5,0.0549
ATD-001596,53,2026-08-19 01:36:00,"Quero continuar uma saga que comecei, mas não sei qual é o próximo volume.",continuacao_de_saga,PROPRIO,Ficção contemporânea,acolhedor,FISICO,32.47,,27,FISICO,31.95,18,90,NAO,BUSCA,SEM_COMPRA,nao_encontrou_continuacao,2,0.0210
ATD-001597,90,2026-08-19 03:14:00,Quero algo parecido com os livros que costumo ler.,livro_parecido,PROPRIO,Ficção científica,reflexivo,DIGITAL,15.32,,47,DIGITAL,20.65,9999,65,NAO,RECOMENDACAO,SEM_COMPRA,preco_acima_do_orcamento,4,0.0466
ATD-001598,127,2026-08-19 04:25:00,"Quero continuar uma saga que comecei, mas não sei qual é o próximo volume.",continuacao_de_saga,PROPRIO,Aventura,inspirador,FISICO,39.03,,30,FISICO,25.00,15,90,NAO,BUSCA,SEM_COMPRA,nao_encontrou_continuacao,2,0.0258
ATD-001599,164,2026-08-19 05:22:00,"Quero continuar uma saga que comecei, mas não sei qual é o próximo volume.",continuacao_de_saga,PROPRIO,Aventura,inspirador,FISICO,39.62,31,29,FISICO,21.95,8,88,NAO,BUSCA,SEM_COMPRA,nao_encontrou_continuacao,3,0.0246
ATD-001600,201,2026-08-19 06:48:00,"Quero continuar uma saga que comecei, mas não sei qual é o próximo volume.",continuacao_de_saga,PROPRIO,Romance,emocional,DIGITAL,33.11,,15,DIGITAL,15.45,9999,90,NAO,BUSCA,SEM_COMPRA,nao_encontrou_continuacao,3,0.0391
ATD-001601,238,2026-08-19 08:00:00,Estou procurando um título específico e quero saber se está disponível.,titulo_especifico,PROPRIO,Fantasia,épico,FISICO,22.36,39,39,FISICO,29.35,6,90,NAO,RECOMENDACAO,SEM_COMPRA,preco_acima_do_orcamento,4,0.0514
ATD-001602,275,2026-08-19 09:06:00,"Quero continuar uma saga que comecei, mas não sei qual é o próximo volume.",continuacao_de_saga,PROPRIO,Aventura,aventureiro,FISICO,26.02,20,20,FISICO,33.70,17,90,NAO,RECOMENDACAO,SEM_COMPRA,preco_acima_do_orcamento,1,0.0212
ATD-001603,312,2026-08-19 10:07:00,Estou procurando um título específico e quero saber se está disponível.,titulo_especifico,PROPRIO,Fantasia,épico,DIGITAL,14.31,9,9,DIGITAL,13.25,9999,90,SIM,CHECKOUT,SEM_COMPRA,abandono_no_checkout,3,0.0350
ATD-001604,349,2026-08-19 11:23:00,"Quero continuar uma saga que comecei, mas não sei qual é o próximo volume.",continuacao_de_saga,PROPRIO,Romance,emocional,FISICO,33.10,15,15,FISICO,25.45,6,86,SIM,PEDIDO_CONFIRMADO,VENDA_CONCLUIDA,,5,0.0368
ATD-001605,386,2026-08-19 12:26:00,Quero experimentar um gênero novo sem pegar um livro muito difícil.,explorar_novo_genero,PROPRIO,Ficção histórica,melancólico,DIGITAL,18.57,,35,DIGITAL,14.15,9999,65,NAO,RECOMENDACAO,SEM_COMPRA,recomendacao_nao_combinou,2,0.0454
ATD-001606,423,2026-08-19 14:06:00,Preciso de um livro para dar de presente e não sei qual escolher.,presente,PRESENTE,Ficção histórica,melancólico,FISICO,23.80,,9,FISICO,23.25,12,65,SIM,PEDIDO_CONFIRMADO,VENDA_CONCLUIDA,,5,0.0494
ATD-001607,460,2026-08-19 15:15:00,Quero algo parecido com os livros que costumo ler.,livro_parecido,PROPRIO,Ficção contemporânea,acolhedor,DIGITAL,17.25,,25,DIGITAL,15.85,9999,65,SIM,PEDIDO_CONFIRMADO,VENDA_CONCLUIDA,,5,0.0556
ATD-001608,497,2026-08-19 16:11:00,"Quero continuar uma saga que comecei, mas não sei qual é o próximo volume.",continuacao_de_saga,PROPRIO,Aventura,aventureiro,DIGITAL,29.59,,17,DIGITAL,14.55,9999,90,NAO,BUSCA,SEM_COMPRA,nao_encontrou_continuacao,3,0.0329
ATD-001609,534,2026-08-19 17:33:00,"Quero continuar uma saga que comecei, mas não sei qual é o próximo volume.",continuacao_de_saga,PROPRIO,Romance,nostálgico,FISICO,28.36,8,8,FISICO,27.20,5,90,SIM,PEDIDO_CONFIRMADO,VENDA_CONCLUIDA,,5,0.0125
ATD-001610,571,2026-08-19 18:30:00,"Quero continuar uma saga que comecei, mas não sei qual é o próximo volume.",continuacao_de_saga,PROPRIO,Aventura,aventureiro,FISICO,22.96,19,19,FISICO,30.65,10,90,NAO,RECOMENDACAO,SEM_COMPRA,preco_acima_do_orcamento,3,0.0479
ATD-001611,608,2026-08-19 19:44:00,Preciso de um livro para dar de presente e não sei qual escolher.,presente,PRESENTE,Ficção científica,reflexivo,DIGITAL,43.90,,1,DIGITAL,11.95,9999,65,NAO,RECOMENDACAO,SEM_COMPRA,recomendacao_nao_combinou,3,0.0322
ATD-001612,645,2026-08-19 20:57:00,Quero algo parecido com os livros que costumo ler.,livro_parecido,PROPRIO,Ficção contemporânea,acolhedor,DIGITAL,25.54,,25,DIGITAL,15.85,9999,65,SIM,PEDIDO_CONFIRMADO,VENDA_CONCLUIDA,,5,0.0551
ATD-001613,682,2026-08-19 22:00:00,Quero algo parecido com os livros que costumo ler.,livro_parecido,PROPRIO,Ficção histórica,melancólico,FISICO,18.78,,35,FISICO,24.15,2,57,SIM,PEDIDO_CONFIRMADO,VENDA_CONCLUIDA,,4,0.0219
ATD-001614,719,2026-08-19 23:13:00,Preciso de um livro para dar de presente e não sei qual escolher.,presente,PRESENTE,Ficção científica,reflexivo,DIGITAL,35.18,,3,DIGITAL,18.05,9999,65,NAO,RECOMENDACAO,SEM_COMPRA,recomendacao_nao_combinou,3,0.0247
ATD-001615,756,2026-08-20 00:46:00,Estou procurando um título específico e quero saber se está disponível.,titulo_especifico,PROPRIO,Ficção científica,reflexivo,DIGITAL,30.52,46,46,DIGITAL,17.60,9999,90,SIM,PEDIDO_CONFIRMADO,VENDA_CONCLUIDA,,4,0.0250
ATD-001616,793,2026-08-20 02:03:00,Quero experimentar um gênero novo sem pegar um livro muito difícil.,explorar_novo_genero,PROPRIO,Ficção científica,reflexivo,DIGITAL,24.66,,47,DIGITAL,20.65,9999,65,SIM,PEDIDO_CONFIRMADO,VENDA_CONCLUIDA,,4,0.0129
ATD-001617,830,2026-08-20 03:10:00,Preciso de um livro para dar de presente e não sei qual escolher.,presente,PRESENTE,Mistério,intrigante,FISICO,28.73,,30,FISICO,25.00,15,65,NAO,RECOMENDACAO,SEM_COMPRA,recomendacao_nao_combinou,2,0.0448
ATD-001618,867,2026-08-20 04:03:00,Preciso de um livro para dar de presente e não sei qual escolher.,presente,PRESENTE,Drama,emocional,FISICO,46.21,,17,FISICO,24.55,20,65,SIM,PEDIDO_CONFIRMADO,VENDA_CONCLUIDA,,5,0.0222
ATD-001619,904,2026-08-20 05:07:00,Preciso de um livro para dar de presente e não sei qual escolher.,presente,PRESENTE,Ficção científica,reflexivo,DIGITAL,42.85,,27,DIGITAL,21.95,9999,65,SIM,PEDIDO_CONFIRMADO,VENDA_CONCLUIDA,,4,0.0333
ATD-001620,941,2026-08-20 06:13:00,"Quero continuar uma saga que comecei, mas não sei qual é o próximo volume.",continuacao_de_saga,PROPRIO,Ficção histórica,melancólico,DIGITAL,12.60,,33,DIGITAL,17.15,9999,90,NAO,RECOMENDACAO,SEM_COMPRA,preco_acima_do_orcamento,3,0.0464
ATD-001621,978,2026-08-20 07:32:00,Quero algo parecido com os livros que costumo ler.,livro_parecido,PROPRIO,Fantasia,épico,FISICO,29.37,,2,FISICO,25.00,11,65,NAO,RECOMENDACAO,SEM_COMPRA,apenas_pesquisando,3,0.0191
ATD-001622,15,2026-08-20 08:36:00,Quero algo parecido com os livros que costumo ler.,livro_parecido,PROPRIO,Ficção científica,reflexivo,FISICO,33.44,,46,FISICO,27.60,7,62,SIM,PEDIDO_CONFIRMADO,VENDA_CONCLUIDA,,5,0.0501
ATD-001623,52,2026-08-20 09:58:00,Quero algo parecido com os livros que costumo ler.,livro_parecido,PROPRIO,Ficção contemporânea,acolhedor,FISICO,22.71,,28,FISICO,25.90,1,56,NAO,RECOMENDACAO,SEM_COMPRA,preco_acima_do_orcamento,3,0.0390
ATD-001624,89,2026-08-20 11:05:00,Quero algo parecido com os livros que costumo ler.,livro_parecido,PROPRIO,Ficção histórica,melancólico,DIGITAL,30.52,,36,DIGITAL,17.20,9999,65,SIM,CHECKOUT,SEM_COMPRA,abandono_no_checkout,3,0.0208
ATD-001625,126,2026-08-20 12:25:00,Estou procurando um título específico e quero saber se está disponível.,titulo_especifico,PROPRIO,Romance,nostálgico,DIGITAL,16.45,13,13,DIGITAL,18.45,9999,90,NAO,RECOMENDACAO,SEM_COMPRA,preco_acima_do_orcamento,2,0.0565
ATD-001626,163,2026-08-20 13:44:00,Preciso de um livro para dar de presente e não sei qual escolher.,presente,PRESENTE,Mistério,intrigante,FISICO,24.75,,42,FISICO,22.40,3,58,NAO,RECOMENDACAO,SEM_COMPRA,recomendacao_nao_combinou,3,0.0329
ATD-001627,200,2026-08-20 14:55:00,"Quero continuar uma saga que comecei, mas não sei qual é o próximo volume.",continuacao_de_saga,PROPRIO,Ficção científica,reflexivo,FISICO,45.89,,9,FISICO,23.25,12,10,NAO,BUSCA,SEM_COMPRA,nao_encontrou_continuacao,4,0.0230
ATD-001628,237,2026-08-20 15:55:00,Quero algo parecido com os livros que costumo ler.,livro_parecido,PROPRIO,Fantasia,esperançoso,FISICO,23.98,,9,FISICO,23.25,12,65,SIM,CHECKOUT,SEM_COMPRA,abandono_no_checkout,2,0.0341
ATD-001629,274,2026-08-20 17:17:00,Quero algo parecido com os livros que costumo ler.,livro_parecido,PROPRIO,Romance,emocional,FISICO,46.09,,5,FISICO,27.15,8,63,SIM,PEDIDO_CONFIRMADO,VENDA_CONCLUIDA,,4,0.0459
ATD-001630,311,2026-08-20 17:52:00,"Quero continuar uma saga que comecei, mas não sei qual é o próximo volume.",continuacao_de_saga,PROPRIO,Romance,emocional,FISICO,38.85,14,16,FISICO,28.50,13,90,NAO,BUSCA,SEM_COMPRA,nao_encontrou_continuacao,3,0.0236
ATD-001631,348,2026-08-20 19:30:00,Quero experimentar um gênero novo sem pegar um livro muito difícil.,explorar_novo_genero,PROPRIO,Ficção histórica,melancólico,FISICO,39.87,,36,FISICO,27.20,9,64,NAO,RECOMENDACAO,SEM_COMPRA,recomendacao_nao_combinou,4,0.0199
ATD-001632,385,2026-08-20 20:31:00,"Quero continuar uma saga que comecei, mas não sei qual é o próximo volume.",continuacao_de_saga,PROPRIO,Romance,emocional,FISICO,13.76,15,15,FISICO,25.45,6,90,NAO,RECOMENDACAO,SEM_COMPRA,preco_acima_do_orcamento,2,0.0556
ATD-001633,422,2026-08-20 21:53:00,Quero experimentar um gênero novo sem pegar um livro muito difícil.,explorar_novo_genero,PROPRIO,Mistério,intrigante,FISICO,31.63,,23,FISICO,26.75,14,65,SIM,PEDIDO_CONFIRMADO,VENDA_CONCLUIDA,,5,0.0469
ATD-001634,459,2026-08-20 23:14:00,Preciso de um livro para dar de presente e não sei qual escolher.,presente,PRESENTE,Romance,emocional,DIGITAL,20.14,,5,DIGITAL,17.15,9999,65,SIM,PEDIDO_CONFIRMADO,VENDA_CONCLUIDA,,4,0.0291
ATD-001635,496,2026-08-20 23:51:00,"Quero continuar uma saga que comecei, mas não sei qual é o próximo volume.",continuacao_de_saga,PROPRIO,Romance,emocional,FISICO,14.85,16,16,FISICO,28.50,13,90,NAO,RECOMENDACAO,SEM_COMPRA,preco_acima_do_orcamento,1,0.0246
ATD-001636,533,2026-08-21 01:43:00,"Quero continuar uma saga que comecei, mas não sei qual é o próximo volume.",continuacao_de_saga,PROPRIO,Aventura,inspirador,DIGITAL,28.24,,30,DIGITAL,15.00,9999,90,NAO,RECOMENDACAO,SEM_COMPRA,apenas_pesquisando,3,0.0330
ATD-001637,570,2026-08-21 02:24:00,Quero experimentar um gênero novo sem pegar um livro muito difícil.,explorar_novo_genero,PROPRIO,Mistério,intrigante,FISICO,19.06,,23,FISICO,26.75,14,65,NAO,RECOMENDACAO,SEM_COMPRA,preco_acima_do_orcamento,4,0.0429
ATD-001638,607,2026-08-21 03:32:00,Preciso de um livro para dar de presente e não sei qual escolher.,presente,PRESENTE,Drama,emocional,DIGITAL,13.57,,36,DIGITAL,17.20,9999,65,NAO,RECOMENDACAO,SEM_COMPRA,preco_acima_do_orcamento,4,0.0147
ATD-001639,644,2026-08-21 05:06:00,Quero algo parecido com os livros que costumo ler.,livro_parecido,PROPRIO,Aventura,inspirador,FISICO,20.79,,30,FISICO,25.00,15,65,NAO,RECOMENDACAO,SEM_COMPRA,preco_acima_do_orcamento,3,0.0165
ATD-001640,681,2026-08-21 05:42:00,Preciso de um livro para dar de presente e não sei qual escolher.,presente,PRESENTE,Ficção científica,reflexivo,DIGITAL,12.96,,17,DIGITAL,14.55,9999,65,NAO,RECOMENDACAO,SEM_COMPRA,preco_acima_do_orcamento,2,0.0563
ATD-001641,718,2026-08-21 07:31:00,"Quero continuar uma saga que comecei, mas não sei qual é o próximo volume.",continuacao_de_saga,PROPRIO,Romance,emocional,FISICO,25.73,,15,FISICO,25.45,6,86,SIM,PEDIDO_CONFIRMADO,VENDA_CONCLUIDA,,4,0.0525
ATD-001642,755,2026-08-21 08:18:00,Quero algo parecido com os livros que costumo ler.,livro_parecido,PROPRIO,Romance,emocional,FISICO,14.06,,13,FISICO,28.45,16,65,NAO,RECOMENDACAO,SEM_COMPRA,preco_acima_do_orcamento,3,0.0239
ATD-001643,792,2026-08-21 09:16:00,Quero algo parecido com os livros que costumo ler.,livro_parecido,PROPRIO,Fantasia,esperançoso,FISICO,19.16,,9,FISICO,23.25,12,65,NAO,RECOMENDACAO,SEM_COMPRA,preco_acima_do_orcamento,3,0.0366
ATD-001644,829,2026-08-21 10:59:00,Preciso de um livro para dar de presente e não sei qual escolher.,presente,PRESENTE,Aventura,aventureiro,FISICO,15.62,,47,FISICO,30.65,14,65,NAO,RECOMENDACAO,SEM_COMPRA,preco_acima_do_orcamento,3,0.0356
ATD-001645,866,2026-08-21 11:49:00,Estou procurando um título específico e quero saber se está disponível.,titulo_especifico,PROPRIO,Fantasia,épico,DIGITAL,47.60,11,11,DIGITAL,19.35,9999,90,SIM,PEDIDO_CONFIRMADO,VENDA_CONCLUIDA,,4,0.0223
ATD-001646,903,2026-08-21 12:46:00,Quero algo parecido com os livros que costumo ler.,livro_parecido,PROPRIO,Romance,nostálgico,DIGITAL,26.96,,13,DIGITAL,18.45,9999,65,SIM,PEDIDO_CONFIRMADO,VENDA_CONCLUIDA,,5,0.0299
ATD-001647,940,2026-08-21 14:23:00,Estou procurando um título específico e quero saber se está disponível.,titulo_especifico,PROPRIO,Ficção contemporânea,acolhedor,FISICO,37.46,27,27,FISICO,31.95,18,90,SIM,CHECKOUT,SEM_COMPRA,abandono_no_checkout,2,0.0242
ATD-001648,977,2026-08-21 15:51:00,Quero algo parecido com os livros que costumo ler.,livro_parecido,PROPRIO,Ficção contemporânea,acolhedor,DIGITAL,26.48,,25,DIGITAL,15.85,9999,65,SIM,PEDIDO_CONFIRMADO,VENDA_CONCLUIDA,,5,0.0465
ATD-001649,14,2026-08-21 16:20:00,Quero algo parecido com os livros que costumo ler.,livro_parecido,PROPRIO,Fantasia,esperançoso,DIGITAL,47.91,,4,DIGITAL,21.10,9999,65,SIM,PEDIDO_CONFIRMADO,VENDA_CONCLUIDA,,5,0.0292
ATD-001650,51,2026-08-21 17:33:00,Estou procurando um título específico e quero saber se está disponível.,titulo_especifico,PROPRIO,Fantasia,esperançoso,FISICO,38.53,12,12,FISICO,32.40,9,90,SIM,PEDIDO_CONFIRMADO,VENDA_CONCLUIDA,,4,0.0433
ATD-001651,88,2026-08-21 18:45:00,Preciso de um livro para dar de presente e não sei qual escolher.,presente,PRESENTE,Ficção histórica,melancólico,FISICO,43.15,,19,FISICO,30.65,10,65,NAO,RECOMENDACAO,SEM_COMPRA,recomendacao_nao_combinou,3,0.0291
ATD-001652,125,2026-08-21 20:34:00,Quero experimentar um gênero novo sem pegar um livro muito difícil.,explorar_novo_genero,PROPRIO,Mistério,intrigante,FISICO,39.01,,22,FISICO,23.70,7,62,SIM,PEDIDO_CONFIRMADO,VENDA_CONCLUIDA,,4,0.0566
ATD-001653,162,2026-08-21 21:46:00,"Quero continuar uma saga que comecei, mas não sei qual é o próximo volume.",continuacao_de_saga,PROPRIO,Fantasia,esperançoso,DIGITAL,25.56,,9,DIGITAL,13.25,9999,90,NAO,BUSCA,SEM_COMPRA,nao_encontrou_continuacao,3,0.0240
ATD-001654,199,2026-08-21 22:40:00,Quero algo parecido com os livros que costumo ler.,livro_parecido,PROPRIO,Fantasia,esperançoso,DIGITAL,20.54,,4,DIGITAL,21.10,9999,65,NAO,RECOMENDACAO,SEM_COMPRA,preco_acima_do_orcamento,2,0.0470
ATD-001655,236,2026-08-21 23:45:00,Quero algo parecido com os livros que costumo ler.,livro_parecido,PROPRIO,Fantasia,épico,FISICO,16.94,,10,FISICO,26.30,19,65,NAO,RECOMENDACAO,SEM_COMPRA,preco_acima_do_orcamento,3,0.0514
ATD-001656,273,2026-08-22 00:47:00,Preciso de um livro para dar de presente e não sei qual escolher.,presente,PRESENTE,Drama,emocional,DIGITAL,33.72,,3,DIGITAL,18.05,9999,65,NAO,RECOMENDACAO,SEM_COMPRA,recomendacao_nao_combinou,3,0.0251
ATD-001657,310,2026-08-22 02:25:00,Estou procurando um título específico e quero saber se está disponível.,titulo_especifico,PROPRIO,Fantasia,épico,FISICO,14.30,39,39,FISICO,29.35,6,90,SIM,PEDIDO_CONFIRMADO,VENDA_CONCLUIDA,,5,0.0255
ATD-001658,347,2026-08-22 03:41:00,Quero experimentar um gênero novo sem pegar um livro muito difícil.,explorar_novo_genero,PROPRIO,Romance,emocional,FISICO,13.31,,5,FISICO,27.15,8,63,SIM,PEDIDO_CONFIRMADO,VENDA_CONCLUIDA,,4,0.0362
ATD-001659,384,2026-08-22 04:54:00,Preciso de um livro para dar de presente e não sei qual escolher.,presente,PRESENTE,Ficção histórica,melancólico,DIGITAL,22.72,,3,DIGITAL,18.05,9999,65,NAO,RECOMENDACAO,SEM_COMPRA,recomendacao_nao_combinou,3,0.0324
ATD-001660,421,2026-08-22 05:33:00,Quero algo parecido com os livros que costumo ler.,livro_parecido,PROPRIO,Ficção contemporânea,acolhedor,DIGITAL,23.85,,25,DIGITAL,15.85,9999,65,SIM,PEDIDO_CONFIRMADO,VENDA_CONCLUIDA,,5,0.0455
ATD-001661,458,2026-08-22 06:36:00,Quero algo parecido com os livros que costumo ler.,livro_parecido,PROPRIO,Romance,nostálgico,FISICO,25.94,,13,FISICO,28.45,16,65,NAO,RECOMENDACAO,SEM_COMPRA,preco_acima_do_orcamento,4,0.0280
ATD-001662,495,2026-08-22 08:19:00,Quero algo parecido com os livros que costumo ler.,livro_parecido,PROPRIO,Mistério,intrigante,FISICO,46.29,,22,FISICO,23.70,7,62,NAO,RECOMENDACAO,SEM_COMPRA,recomendacao_nao_combinou,4,0.0251
ATD-001663,532,2026-08-22 08:54:00,Estou procurando um título específico e quero saber se está disponível.,titulo_especifico,PROPRIO,Mistério,intrigante,FISICO,41.61,23,23,FISICO,26.75,14,90,SIM,PEDIDO_CONFIRMADO,VENDA_CONCLUIDA,,5,0.0290
ATD-001664,569,2026-08-22 10:11:00,Estou procurando um título específico e quero saber se está disponível.,titulo_especifico,PROPRIO,Ficção científica,reflexivo,DIGITAL,34.10,45,45,DIGITAL,14.55,9999,90,SIM,PEDIDO_CONFIRMADO,VENDA_CONCLUIDA,,4,0.0322
ATD-001665,606,2026-08-22 11:35:00,Preciso de um livro para dar de presente e não sei qual escolher.,presente,PRESENTE,Fantasia,épico,DIGITAL,24.67,,29,DIGITAL,11.95,9999,65,NAO,RECOMENDACAO,SEM_COMPRA,recomendacao_nao_combinou,2,0.0306
ATD-001666,643,2026-08-22 13:07:00,Quero algo parecido com os livros que costumo ler.,livro_parecido,PROPRIO,Aventura,inspirador,DIGITAL,46.13,,18,DIGITAL,17.60,9999,65,SIM,PEDIDO_CONFIRMADO,VENDA_CONCLUIDA,,5,0.0445
ATD-001667,680,2026-08-22 13:41:00,"Quero continuar uma saga que comecei, mas não sei qual é o próximo volume.",continuacao_de_saga,PROPRIO,Fantasia,esperançoso,DIGITAL,42.11,11,11,DIGITAL,19.35,9999,90,SIM,PEDIDO_CONFIRMADO,VENDA_CONCLUIDA,,5,0.0464
ATD-001668,717,2026-08-22 15:34:00,"Quero continuar uma saga que comecei, mas não sei qual é o próximo volume.",continuacao_de_saga,PROPRIO,Fantasia,épico,FISICO,42.72,3,3,FISICO,28.05,18,90,SIM,PEDIDO_CONFIRMADO,VENDA_CONCLUIDA,,5,0.0435
ATD-001669,754,2026-08-22 16:40:00,"Quero continuar uma saga que comecei, mas não sei qual é o próximo volume.",continuacao_de_saga,PROPRIO,Fantasia,épico,DIGITAL,39.90,39,37,DIGITAL,13.25,9999,90,NAO,BUSCA,SEM_COMPRA,nao_encontrou_continuacao,4,0.0403
ATD-001670,791,2026-08-22 17:36:00,"Quero continuar uma saga que comecei, mas não sei qual é o próximo volume.",continuacao_de_saga,PROPRIO,Drama,emocional,FISICO,37.32,43,43,FISICO,25.45,10,90,SIM,PEDIDO_CONFIRMADO,VENDA_CONCLUIDA,,4,0.0505
ATD-001671,828,2026-08-22 19:00:00,Quero algo parecido com os livros que costumo ler.,livro_parecido,PROPRIO,Fantasia,épico,DIGITAL,45.11,,1,DIGITAL,11.95,9999,65,SIM,PEDIDO_CONFIRMADO,VENDA_CONCLUIDA,,4,0.0403
ATD-001672,865,2026-08-22 19:35:00,"Quero continuar uma saga que comecei, mas não sei qual é o próximo volume.",continuacao_de_saga,PROPRIO,Fantasia,esperançoso,DIGITAL,45.27,10,12,DIGITAL,22.40,9999,90,NAO,BUSCA,SEM_COMPRA,nao_encontrou_continuacao,4,0.0337
ATD-001673,902,2026-08-22 21:23:00,"Quero continuar uma saga que comecei, mas não sei qual é o próximo volume.",continuacao_de_saga,PROPRIO,Fantasia,épico,FISICO,31.57,2,2,FISICO,25.00,11,90,SIM,PEDIDO_CONFIRMADO,VENDA_CONCLUIDA,,5,0.0467
ATD-001674,939,2026-08-22 22:16:00,Quero algo parecido com os livros que costumo ler.,livro_parecido,PROPRIO,Aventura,inspirador,FISICO,29.92,,30,FISICO,25.00,15,65,SIM,PEDIDO_CONFIRMADO,VENDA_CONCLUIDA,,5,0.0375
ATD-001675,976,2026-08-22 23:15:00,Preciso de um livro para dar de presente e não sei qual escolher.,presente,PRESENTE,Fantasia,épico,FISICO,37.98,,26,FISICO,28.90,11,65,NAO,RECOMENDACAO,SEM_COMPRA,recomendacao_nao_combinou,4,0.0214
ATD-001676,13,2026-08-23 00:57:00,Quero algo parecido com os livros que costumo ler.,livro_parecido,PROPRIO,Aventura,inspirador,FISICO,18.14,,30,FISICO,25.00,15,65,NAO,RECOMENDACAO,SEM_COMPRA,preco_acima_do_orcamento,3,0.0183
ATD-001677,50,2026-08-23 02:09:00,Preciso de um livro para dar de presente e não sei qual escolher.,presente,PRESENTE,Drama,emocional,DIGITAL,44.98,,12,DIGITAL,22.40,9999,65,NAO,RECOMENDACAO,SEM_COMPRA,recomendacao_nao_combinou,2,0.0437
ATD-001678,87,2026-08-23 03:07:00,Estou procurando um título específico e quero saber se está disponível.,titulo_especifico,PROPRIO,Romance,nostálgico,DIGITAL,18.20,8,8,DIGITAL,17.20,9999,90,SIM,PEDIDO_CONFIRMADO,VENDA_CONCLUIDA,,5,0.0310
ATD-001679,124,2026-08-23 04:11:00,"Quero continuar uma saga que comecei, mas não sei qual é o próximo volume.",continuacao_de_saga,PROPRIO,Romance,nostálgico,DIGITAL,45.52,8,8,DIGITAL,17.20,9999,90,SIM,PEDIDO_CONFIRMADO,VENDA_CONCLUIDA,,5,0.0149
ATD-001680,161,2026-08-23 05:39:00,Quero algo parecido com os livros que costumo ler.,livro_parecido,PROPRIO,Aventura,aventureiro,DIGITAL,21.02,,17,DIGITAL,14.55,9999,65,SIM,PEDIDO_CONFIRMADO,VENDA_CONCLUIDA,,4,0.0168
ATD-001681,198,2026-08-23 06:52:00,Quero experimentar um gênero novo sem pegar um livro muito difícil.,explorar_novo_genero,PROPRIO,Mistério,intrigante,FISICO,27.68,,23,FISICO,26.75,14,65,SIM,PEDIDO_CONFIRMADO,VENDA_CONCLUIDA,,5,0.0443
ATD-001682,235,2026-08-23 07:32:00,Quero algo parecido com os livros que costumo ler.,livro_parecido,PROPRIO,Aventura,inspirador,DIGITAL,38.89,,20,DIGITAL,23.70,9999,65,NAO,RECOMENDACAO,SEM_COMPRA,apenas_pesquisando,3,0.0151
ATD-001683,272,2026-08-23 08:52:00,Preciso de um livro para dar de presente e não sei qual escolher.,presente,PRESENTE,Mistério,intrigante,DIGITAL,22.01,,22,DIGITAL,13.70,9999,65,SIM,PEDIDO_CONFIRMADO,VENDA_CONCLUIDA,,5,0.0553
ATD-001684,309,2026-08-23 09:54:00,"Quero continuar uma saga que comecei, mas não sei qual é o próximo volume.",continuacao_de_saga,PROPRIO,Fantasia,épico,DIGITAL,43.20,2,4,DIGITAL,21.10,9999,90,NAO,BUSCA,SEM_COMPRA,nao_encontrou_continuacao,2,0.0548
ATD-001685,346,2026-08-23 11:06:00,Quero algo parecido com os livros que costumo ler.,livro_parecido,PROPRIO,Aventura,aventureiro,FISICO,29.02,,17,FISICO,24.55,20,65,SIM,PEDIDO_CONFIRMADO,VENDA_CONCLUIDA,,5,0.0471
ATD-001686,383,2026-08-23 12:38:00,Preciso de um livro para dar de presente e não sei qual escolher.,presente,PRESENTE,Aventura,aventureiro,FISICO,24.86,,46,FISICO,27.60,7,62,NAO,RECOMENDACAO,SEM_COMPRA,recomendacao_nao_combinou,1,0.0394
ATD-001687,420,2026-08-23 13:28:00,Estou procurando um título específico e quero saber se está disponível.,titulo_especifico,PROPRIO,Ficção histórica,melancólico,DIGITAL,29.93,35,35,DIGITAL,14.15,9999,90,SIM,PEDIDO_CONFIRMADO,VENDA_CONCLUIDA,,5,0.0260
ATD-001688,457,2026-08-23 14:30:00,"Quero continuar uma saga que comecei, mas não sei qual é o próximo volume.",continuacao_de_saga,PROPRIO,Ficção histórica,melancólico,DIGITAL,38.24,36,36,DIGITAL,17.20,9999,90,SIM,PEDIDO_CONFIRMADO,VENDA_CONCLUIDA,,4,0.0490
ATD-001689,494,2026-08-23 15:58:00,"Quero continuar uma saga que comecei, mas não sei qual é o próximo volume.",continuacao_de_saga,PROPRIO,Romance,nostálgico,DIGITAL,35.95,,7,DIGITAL,14.15,9999,90,NAO,BUSCA,SEM_COMPRA,nao_encontrou_continuacao,2,0.0364
ATD-001690,531,2026-08-23 17:14:00,Estou procurando um título específico e quero saber se está disponível.,titulo_especifico,PROPRIO,Ficção científica,reflexivo,DIGITAL,47.33,48,48,DIGITAL,23.70,9999,90,SIM,PEDIDO_CONFIRMADO,VENDA_CONCLUIDA,,5,0.0494
ATD-001691,568,2026-08-23 18:45:00,Quero experimentar um gênero novo sem pegar um livro muito difícil.,explorar_novo_genero,PROPRIO,Drama,emocional,FISICO,26.88,,42,FISICO,22.40,3,58,SIM,PEDIDO_CONFIRMADO,VENDA_CONCLUIDA,,5,0.0548
ATD-001692,605,2026-08-23 19:52:00,Quero algo parecido com os livros que costumo ler.,livro_parecido,PROPRIO,Aventura,inspirador,FISICO,28.52,,30,FISICO,25.00,15,65,SIM,PEDIDO_CONFIRMADO,VENDA_CONCLUIDA,,4,0.0262
ATD-001693,642,2026-08-23 20:31:00,"Quero continuar uma saga que comecei, mas não sei qual é o próximo volume.",continuacao_de_saga,PROPRIO,Aventura,inspirador,DIGITAL,35.58,,29,DIGITAL,11.95,9999,90,NAO,BUSCA,SEM_COMPRA,nao_encontrou_continuacao,4,0.0276
ATD-001694,679,2026-08-23 22:07:00,"Quero continuar uma saga que comecei, mas não sei qual é o próximo volume.",continuacao_de_saga,PROPRIO,Fantasia,épico,DIGITAL,45.86,3,4,DIGITAL,21.10,9999,90,NAO,RECOMENDACAO,SEM_COMPRA,recomendacao_nao_combinou,2,0.0201
ATD-001695,716,2026-08-23 23:25:00,Quero experimentar um gênero novo sem pegar um livro muito difícil.,explorar_novo_genero,PROPRIO,Ficção contemporânea,acolhedor,FISICO,22.12,,27,FISICO,31.95,18,65,NAO,RECOMENDACAO,SEM_COMPRA,preco_acima_do_orcamento,4,0.0420
ATD-001696,753,2026-08-24 00:34:00,Quero algo parecido com os livros que costumo ler.,livro_parecido,PROPRIO,Drama,emocional,DIGITAL,12.70,,44,DIGITAL,18.50,9999,65,NAO,RECOMENDACAO,SEM_COMPRA,recomendacao_nao_combinou,3,0.0509
ATD-001697,790,2026-08-24 01:08:00,Quero algo parecido com os livros que costumo ler.,livro_parecido,PROPRIO,Ficção científica,reflexivo,FISICO,20.07,,47,FISICO,30.65,14,65,NAO,RECOMENDACAO,SEM_COMPRA,preco_acima_do_orcamento,3,0.0327
ATD-001698,827,2026-08-24 02:28:00,Quero algo parecido com os livros que costumo ler.,livro_parecido,PROPRIO,Ficção histórica,melancólico,FISICO,20.50,,35,FISICO,24.15,2,57,SIM,PEDIDO_CONFIRMADO,VENDA_CONCLUIDA,,5,0.0230
ATD-001699,864,2026-08-24 04:04:00,Preciso de um livro para dar de presente e não sei qual escolher.,presente,PRESENTE,Ficção científica,reflexivo,DIGITAL,20.57,,4,DIGITAL,21.10,9999,65,NAO,RECOMENDACAO,SEM_COMPRA,recomendacao_nao_combinou,3,0.0563
ATD-001700,901,2026-08-24 05:14:00,"Quero continuar uma saga que comecei, mas não sei qual é o próximo volume.",continuacao_de_saga,PROPRIO,Fantasia,épico,DIGITAL,27.88,40,38,DIGITAL,16.30,9999,90,NAO,BUSCA,SEM_COMPRA,nao_encontrou_continuacao,1,0.0268
ATD-001701,938,2026-08-24 06:19:00,Quero experimentar um gênero novo sem pegar um livro muito difícil.,explorar_novo_genero,PROPRIO,Aventura,aventureiro,DIGITAL,13.35,,17,DIGITAL,14.55,9999,65,NAO,RECOMENDACAO,SEM_COMPRA,preco_acima_do_orcamento,2,0.0565
ATD-001702,975,2026-08-24 07:11:00,"Quero continuar uma saga que comecei, mas não sei qual é o próximo volume.",continuacao_de_saga,PROPRIO,Fantasia,esperançoso,DIGITAL,41.71,10,11,DIGITAL,19.35,9999,90,NAO,BUSCA,SEM_COMPRA,nao_encontrou_continuacao,1,0.0241
ATD-001703,12,2026-08-24 08:21:00,Quero algo parecido com os livros que costumo ler.,livro_parecido,PROPRIO,Romance,emocional,FISICO,44.74,,16,FISICO,28.50,13,65,SIM,PEDIDO_CONFIRMADO,VENDA_CONCLUIDA,,5,0.0227
ATD-001704,49,2026-08-24 09:55:00,Preciso de um livro para dar de presente e não sei qual escolher.,presente,PRESENTE,Drama,emocional,FISICO,28.94,,23,FISICO,26.75,14,65,SIM,PEDIDO_CONFIRMADO,VENDA_CONCLUIDA,,5,0.0476
ATD-001705,86,2026-08-24 10:43:00,Quero algo parecido com os livros que costumo ler.,livro_parecido,PROPRIO,Romance,emocional,DIGITAL,18.34,,6,DIGITAL,20.20,9999,65,NAO,RECOMENDACAO,SEM_COMPRA,recomendacao_nao_combinou,2,0.0215
ATD-001706,123,2026-08-24 12:06:00,Quero algo parecido com os livros que costumo ler.,livro_parecido,PROPRIO,Aventura,aventureiro,DIGITAL,22.05,,20,DIGITAL,23.70,9999,65,NAO,RECOMENDACAO,SEM_COMPRA,preco_acima_do_orcamento,2,0.0350
ATD-001707,160,2026-08-24 13:25:00,Estou procurando um título específico e quero saber se está disponível.,titulo_especifico,PROPRIO,Drama,emocional,FISICO,14.60,44,44,FISICO,28.50,17,90,NAO,RECOMENDACAO,SEM_COMPRA,apenas_pesquisando,4,0.0445
ATD-001708,197,2026-08-24 14:46:00,Quero algo parecido com os livros que costumo ler.,livro_parecido,PROPRIO,Aventura,aventureiro,FISICO,25.61,,20,FISICO,33.70,17,65,NAO,RECOMENDACAO,SEM_COMPRA,preco_acima_do_orcamento,3,0.0213
ATD-001709,234,2026-08-24 15:31:00,Preciso de um livro para dar de presente e não sei qual escolher.,presente,PRESENTE,Ficção histórica,melancólico,DIGITAL,36.10,,30,DIGITAL,15.00,9999,65,NAO,RECOMENDACAO,SEM_COMPRA,recomendacao_nao_combinou,3,0.0417
ATD-001710,271,2026-08-24 17:14:00,Estou procurando um título específico e quero saber se está disponível.,titulo_especifico,PROPRIO,Romance,nostálgico,DIGITAL,15.06,5,5,DIGITAL,17.15,9999,90,NAO,RECOMENDACAO,SEM_COMPRA,preco_acima_do_orcamento,2,0.0369
ATD-001711,308,2026-08-24 18:27:00,Estou procurando um título específico e quero saber se está disponível.,titulo_especifico,PROPRIO,Drama,emocional,FISICO,12.09,41,41,FISICO,28.45,20,90,NAO,RECOMENDACAO,SEM_COMPRA,preco_acima_do_orcamento,3,0.0431
ATD-001712,345,2026-08-24 18:55:00,Quero experimentar um gênero novo sem pegar um livro muito difícil.,explorar_novo_genero,PROPRIO,Ficção científica,reflexivo,FISICO,18.02,,47,FISICO,30.65,14,65,NAO,RECOMENDACAO,SEM_COMPRA,preco_acima_do_orcamento,4,0.0381
ATD-001713,382,2026-08-24 20:49:00,Quero algo parecido com os livros que costumo ler.,livro_parecido,PROPRIO,Aventura,inspirador,DIGITAL,29.46,,29,DIGITAL,11.95,9999,65,SIM,PEDIDO_CONFIRMADO,VENDA_CONCLUIDA,,5,0.0506
ATD-001714,419,2026-08-24 21:53:00,Quero experimentar um gênero novo sem pegar um livro muito difícil.,explorar_novo_genero,PROPRIO,Mistério,intrigante,DIGITAL,37.37,,24,DIGITAL,19.80,9999,65,NAO,RECOMENDACAO,SEM_COMPRA,recomendacao_nao_combinou,3,0.0277
ATD-001715,456,2026-08-24 22:26:00,Quero experimentar um gênero novo sem pegar um livro muito difícil.,explorar_novo_genero,PROPRIO,Drama,emocional,DIGITAL,15.34,,42,DIGITAL,12.40,9999,65,SIM,PEDIDO_CONFIRMADO,VENDA_CONCLUIDA,,5,0.0545
ATD-001716,493,2026-08-25 00:20:00,Quero algo parecido com os livros que costumo ler.,livro_parecido,PROPRIO,Fantasia,épico,FISICO,41.62,,12,FISICO,32.40,9,64,SIM,PEDIDO_CONFIRMADO,VENDA_CONCLUIDA,,4,0.0226
ATD-001717,530,2026-08-25 01:28:00,"Quero continuar uma saga que comecei, mas não sei qual é o próximo volume.",continuacao_de_saga,PROPRIO,Aventura,aventureiro,DIGITAL,43.22,,19,DIGITAL,20.65,9999,90,NAO,BUSCA,SEM_COMPRA,nao_encontrou_continuacao,3,0.0399
ATD-001718,567,2026-08-25 02:34:00,Estou procurando um título específico e quero saber se está disponível.,titulo_especifico,PROPRIO,Aventura,inspirador,FISICO,43.33,17,17,FISICO,24.55,20,90,NAO,RECOMENDACAO,SEM_COMPRA,apenas_pesquisando,2,0.0244
ATD-001719,604,2026-08-25 03:45:00,Quero algo parecido com os livros que costumo ler.,livro_parecido,PROPRIO,Fantasia,esperançoso,FISICO,12.05,,2,FISICO,25.00,11,65,NAO,RECOMENDACAO,SEM_COMPRA,preco_acima_do_orcamento,3,0.0416
ATD-001720,641,2026-08-25 04:33:00,"Quero continuar uma saga que comecei, mas não sei qual é o próximo volume.",continuacao_de_saga,PROPRIO,Romance,emocional,DIGITAL,33.46,15,15,DIGITAL,15.45,9999,90,SIM,PEDIDO_CONFIRMADO,VENDA_CONCLUIDA,,5,0.0168
ATD-001721,678,2026-08-25 05:47:00,"Quero continuar uma saga que comecei, mas não sei qual é o próximo volume.",continuacao_de_saga,PROPRIO,Aventura,aventureiro,FISICO,15.31,,32,FISICO,31.10,5,60,NAO,BUSCA,SEM_COMPRA,nao_encontrou_continuacao,2,0.0397
ATD-001722,715,2026-08-25 06:47:00,Preciso de um livro para dar de presente e não sei qual escolher.,presente,PRESENTE,Mistério,intrigante,FISICO,37.19,,30,FISICO,25.00,15,65,NAO,RECOMENDACAO,SEM_COMPRA,recomendacao_nao_combinou,2,0.0326
ATD-001723,752,2026-08-25 08:00:00,Estou procurando um título específico e quero saber se está disponível.,titulo_especifico,PROPRIO,Mistério,intrigante,DIGITAL,38.31,24,24,DIGITAL,19.80,9999,90,SIM,PEDIDO_CONFIRMADO,VENDA_CONCLUIDA,,4,0.0190
ATD-001724,789,2026-08-25 09:35:00,"Quero continuar uma saga que comecei, mas não sei qual é o próximo volume.",continuacao_de_saga,PROPRIO,Fantasia,épico,FISICO,39.06,3,3,FISICO,28.05,18,90,SIM,PEDIDO_CONFIRMADO,VENDA_CONCLUIDA,,5,0.0517
ATD-001725,826,2026-08-25 10:46:00,Quero experimentar um gênero novo sem pegar um livro muito difícil.,explorar_novo_genero,PROPRIO,Romance,emocional,FISICO,18.75,,6,FISICO,30.20,15,65,NAO,RECOMENDACAO,SEM_COMPRA,preco_acima_do_orcamento,3,0.0482
ATD-001726,863,2026-08-25 11:46:00,Quero algo parecido com os livros que costumo ler.,livro_parecido,PROPRIO,Romance,emocional,FISICO,30.44,,5,FISICO,27.15,8,63,SIM,PEDIDO_CONFIRMADO,VENDA_CONCLUIDA,,5,0.0212
ATD-001727,900,2026-08-25 12:52:00,"Quero continuar uma saga que comecei, mas não sei qual é o próximo volume.",continuacao_de_saga,PROPRIO,Drama,emocional,DIGITAL,36.41,,41,DIGITAL,18.45,9999,90,NAO,BUSCA,SEM_COMPRA,nao_encontrou_continuacao,4,0.0306
ATD-001728,937,2026-08-25 14:04:00,"Quero continuar uma saga que comecei, mas não sei qual é o próximo volume.",continuacao_de_saga,PROPRIO,Ficção contemporânea,acolhedor,DIGITAL,46.35,28,28,DIGITAL,15.90,9999,90,SIM,PEDIDO_CONFIRMADO,VENDA_CONCLUIDA,,4,0.0469
ATD-001729,974,2026-08-25 15:28:00,Quero algo parecido com os livros que costumo ler.,livro_parecido,PROPRIO,Ficção científica,reflexivo,DIGITAL,46.42,,46,DIGITAL,17.60,9999,65,SIM,PEDIDO_CONFIRMADO,VENDA_CONCLUIDA,,5,0.0412
ATD-001730,11,2026-08-25 16:59:00,Quero experimentar um gênero novo sem pegar um livro muito difícil.,explorar_novo_genero,PROPRIO,Ficção científica,reflexivo,DIGITAL,34.61,,46,DIGITAL,17.60,9999,65,NAO,RECOMENDACAO,SEM_COMPRA,recomendacao_nao_combinou,2,0.0254
ATD-001731,48,2026-08-25 17:48:00,Preciso de um livro para dar de presente e não sei qual escolher.,presente,PRESENTE,Drama,emocional,DIGITAL,23.97,,2,DIGITAL,15.00,9999,65,NAO,RECOMENDACAO,SEM_COMPRA,recomendacao_nao_combinou,3,0.0445
ATD-001732,85,2026-08-25 18:43:00,Preciso de um livro para dar de presente e não sei qual escolher.,presente,PRESENTE,Mistério,intrigante,FISICO,44.82,,9,FISICO,23.25,12,65,NAO,RECOMENDACAO,SEM_COMPRA,recomendacao_nao_combinou,3,0.0225
ATD-001733,122,2026-08-25 20:07:00,"Quero continuar uma saga que comecei, mas não sei qual é o próximo volume.",continuacao_de_saga,PROPRIO,Ficção científica,reflexivo,FISICO,27.61,,46,FISICO,27.60,7,87,NAO,BUSCA,SEM_COMPRA,nao_encontrou_continuacao,3,0.0334
ATD-001734,159,2026-08-25 21:05:00,Estou procurando um título específico e quero saber se está disponível.,titulo_especifico,PROPRIO,Romance,emocional,FISICO,33.88,5,5,FISICO,27.15,8,90,NAO,RECOMENDACAO,SEM_COMPRA,apenas_pesquisando,1,0.0352
ATD-001735,196,2026-08-25 22:24:00,Estou procurando um título específico e quero saber se está disponível.,titulo_especifico,PROPRIO,Aventura,aventureiro,FISICO,31.16,32,32,FISICO,31.10,5,90,SIM,PEDIDO_CONFIRMADO,VENDA_CONCLUIDA,,4,0.0311
ATD-001736,233,2026-08-25 23:31:00,"Quero continuar uma saga que comecei, mas não sei qual é o próximo volume.",continuacao_de_saga,PROPRIO,Aventura,aventureiro,FISICO,15.95,20,20,FISICO,33.70,17,90,NAO,RECOMENDACAO,SEM_COMPRA,preco_acima_do_orcamento,4,0.0450
ATD-001737,270,2026-08-26 01:16:00,Preciso de um livro para dar de presente e não sei qual escolher.,presente,PRESENTE,Fantasia,esperançoso,FISICO,32.28,,37,FISICO,23.25,16,65,SIM,PEDIDO_CONFIRMADO,VENDA_CONCLUIDA,,5,0.0383
ATD-001738,307,2026-08-26 01:38:00,Quero algo parecido com os livros que costumo ler.,livro_parecido,PROPRIO,Romance,emocional,DIGITAL,23.73,,8,DIGITAL,17.20,9999,65,NAO,RECOMENDACAO,SEM_COMPRA,recomendacao_nao_combinou,4,0.0413
ATD-001739,344,2026-08-26 03:20:00,"Quero continuar uma saga que comecei, mas não sei qual é o próximo volume.",continuacao_de_saga,PROPRIO,Drama,emocional,DIGITAL,20.52,42,44,DIGITAL,18.50,9999,90,NAO,RECOMENDACAO,SEM_COMPRA,recomendacao_nao_combinou,2,0.0417
ATD-001740,381,2026-08-26 04:44:00,"Quero continuar uma saga que comecei, mas não sei qual é o próximo volume.",continuacao_de_saga,PROPRIO,Romance,nostálgico,DIGITAL,30.43,7,7,DIGITAL,14.15,9999,90,SIM,PEDIDO_CONFIRMADO,VENDA_CONCLUIDA,,4,0.0180
ATD-001741,418,2026-08-26 05:16:00,Preciso de um livro para dar de presente e não sei qual escolher.,presente,PRESENTE,Ficção científica,reflexivo,DIGITAL,27.29,,18,DIGITAL,17.60,9999,65,NAO,RECOMENDACAO,SEM_COMPRA,recomendacao_nao_combinou,3,0.0365
ATD-001742,455,2026-08-26 06:44:00,Quero algo parecido com os livros que costumo ler.,livro_parecido,PROPRIO,Ficção contemporânea,acolhedor,FISICO,35.72,,25,FISICO,25.85,4,59,SIM,PEDIDO_CONFIRMADO,VENDA_CONCLUIDA,,5,0.0249
ATD-001743,492,2026-08-26 07:48:00,Estou procurando um título específico e quero saber se está disponível.,titulo_especifico,PROPRIO,Fantasia,épico,DIGITAL,26.75,40,40,DIGITAL,22.40,9999,90,NAO,RECOMENDACAO,SEM_COMPRA,apenas_pesquisando,3,0.0310
ATD-001744,529,2026-08-26 08:46:00,Preciso de um livro para dar de presente e não sei qual escolher.,presente,PRESENTE,Ficção contemporânea,acolhedor,DIGITAL,26.75,,4,DIGITAL,21.10,9999,65,NAO,RECOMENDACAO,SEM_COMPRA,recomendacao_nao_combinou,3,0.0468
ATD-001745,566,2026-08-26 10:08:00,Quero experimentar um gênero novo sem pegar um livro muito difícil.,explorar_novo_genero,PROPRIO,Romance,emocional,DIGITAL,38.10,,7,DIGITAL,14.15,9999,65,SIM,PEDIDO_CONFIRMADO,VENDA_CONCLUIDA,,5,0.0231
ATD-001746,603,2026-08-26 11:55:00,"Quero continuar uma saga que comecei, mas não sei qual é o próximo volume.",continuacao_de_saga,PROPRIO,Fantasia,épico,DIGITAL,31.50,,37,DIGITAL,13.25,9999,90,NAO,BUSCA,SEM_COMPRA,nao_encontrou_continuacao,4,0.0366
ATD-001747,640,2026-08-26 12:40:00,Quero experimentar um gênero novo sem pegar um livro muito difícil.,explorar_novo_genero,PROPRIO,Ficção contemporânea,acolhedor,FISICO,16.46,,25,FISICO,25.85,4,59,NAO,RECOMENDACAO,SEM_COMPRA,preco_acima_do_orcamento,4,0.0173
ATD-001748,677,2026-08-26 13:55:00,"Quero continuar uma saga que comecei, mas não sei qual é o próximo volume.",continuacao_de_saga,PROPRIO,Aventura,inspirador,DIGITAL,35.37,32,32,DIGITAL,21.10,9999,90,SIM,PEDIDO_CONFIRMADO,VENDA_CONCLUIDA,,4,0.0446
ATD-001749,714,2026-08-26 15:01:00,Estou procurando um título específico e quero saber se está disponível.,titulo_especifico,PROPRIO,Fantasia,esperançoso,DIGITAL,16.00,1,1,DIGITAL,11.95,9999,90,SIM,PEDIDO_CONFIRMADO,VENDA_CONCLUIDA,,5,0.0456
ATD-001750,751,2026-08-26 16:36:00,"Quero continuar uma saga que comecei, mas não sei qual é o próximo volume.",continuacao_de_saga,PROPRIO,Aventura,inspirador,FISICO,13.18,32,30,FISICO,25.00,15,90,NAO,BUSCA,SEM_COMPRA,nao_encontrou_continuacao,3,0.0262
ATD-001751,788,2026-08-26 17:01:00,Quero experimentar um gênero novo sem pegar um livro muito difícil.,explorar_novo_genero,PROPRIO,Drama,emocional,DIGITAL,45.72,,44,DIGITAL,18.50,9999,65,SIM,PEDIDO_CONFIRMADO,VENDA_CONCLUIDA,,4,0.0245
ATD-001752,825,2026-08-26 18:54:00,"Quero continuar uma saga que comecei, mas não sei qual é o próximo volume.",continuacao_de_saga,PROPRIO,Ficção histórica,melancólico,DIGITAL,44.89,35,36,DIGITAL,17.20,9999,90,SIM,PEDIDO_CONFIRMADO,VENDA_CONCLUIDA,,4,0.0235
ATD-001753,862,2026-08-26 20:02:00,"Quero continuar uma saga que comecei, mas não sei qual é o próximo volume.",continuacao_de_saga,PROPRIO,Aventura,aventureiro,FISICO,13.87,18,18,FISICO,27.60,3,83,SIM,PEDIDO_CONFIRMADO,VENDA_CONCLUIDA,,4,0.0374
ATD-001754,899,2026-08-26 20:37:00,Quero algo parecido com os livros que costumo ler.,livro_parecido,PROPRIO,Ficção contemporânea,acolhedor,FISICO,20.97,,28,FISICO,25.90,1,56,NAO,RECOMENDACAO,SEM_COMPRA,preco_acima_do_orcamento,3,0.0551
ATD-001755,936,2026-08-26 22:18:00,Quero experimentar um gênero novo sem pegar um livro muito difícil.,explorar_novo_genero,PROPRIO,Romance,emocional,FISICO,19.44,,13,FISICO,28.45,16,65,NAO,RECOMENDACAO,SEM_COMPRA,preco_acima_do_orcamento,4,0.0292
ATD-001756,973,2026-08-26 23:34:00,"Quero continuar uma saga que comecei, mas não sei qual é o próximo volume.",continuacao_de_saga,PROPRIO,Fantasia,esperançoso,DIGITAL,31.34,12,12,DIGITAL,22.40,9999,90,SIM,PEDIDO_CONFIRMADO,VENDA_CONCLUIDA,,4,0.0283
ATD-001757,10,2026-08-27 00:20:00,"Quero continuar uma saga que comecei, mas não sei qual é o próximo volume.",continuacao_de_saga,PROPRIO,Romance,nostálgico,DIGITAL,39.99,6,6,DIGITAL,20.20,9999,90,SIM,PEDIDO_CONFIRMADO,VENDA_CONCLUIDA,,5,0.0207
ATD-001758,47,2026-08-27 02:02:00,Preciso de um livro para dar de presente e não sei qual escolher.,presente,PRESENTE,Romance,nostálgico,FISICO,15.10,,10,FISICO,26.30,19,10,NAO,RECOMENDACAO,SEM_COMPRA,preco_acima_do_orcamento,3,0.0382
ATD-001759,84,2026-08-27 02:56:00,"Quero continuar uma saga que comecei, mas não sei qual é o próximo volume.",continuacao_de_saga,PROPRIO,Ficção histórica,melancólico,DIGITAL,24.21,36,36,DIGITAL,17.20,9999,90,SIM,CHECKOUT,SEM_COMPRA,abandono_no_checkout,4,0.0498
ATD-001760,121,2026-08-27 04:00:00,"Quero continuar uma saga que comecei, mas não sei qual é o próximo volume.",continuacao_de_saga,PROPRIO,Aventura,inspirador,DIGITAL,46.63,32,32,DIGITAL,21.10,9999,90,SIM,PEDIDO_CONFIRMADO,VENDA_CONCLUIDA,,4,0.0517
ATD-001761,158,2026-08-27 05:30:00,Quero experimentar um gênero novo sem pegar um livro muito difícil.,explorar_novo_genero,PROPRIO,Romance,emocional,DIGITAL,25.22,,5,DIGITAL,17.15,9999,65,NAO,RECOMENDACAO,SEM_COMPRA,recomendacao_nao_combinou,3,0.0192
ATD-001762,195,2026-08-27 06:14:00,Quero experimentar um gênero novo sem pegar um livro muito difícil.,explorar_novo_genero,PROPRIO,Ficção contemporânea,acolhedor,FISICO,35.37,,28,FISICO,25.90,1,56,SIM,PEDIDO_CONFIRMADO,VENDA_CONCLUIDA,,4,0.0311
ATD-001763,232,2026-08-27 07:51:00,Quero algo parecido com os livros que costumo ler.,livro_parecido,PROPRIO,Ficção científica,reflexivo,DIGITAL,18.60,,45,DIGITAL,14.55,9999,65,SIM,PEDIDO_CONFIRMADO,VENDA_CONCLUIDA,,5,0.0122
ATD-001764,269,2026-08-27 09:09:00,Preciso de um livro para dar de presente e não sei qual escolher.,presente,PRESENTE,Aventura,inspirador,DIGITAL,29.70,,3,DIGITAL,18.05,9999,65,NAO,RECOMENDACAO,SEM_COMPRA,recomendacao_nao_combinou,4,0.0359
ATD-001765,306,2026-08-27 10:07:00,Preciso de um livro para dar de presente e não sei qual escolher.,presente,PRESENTE,Aventura,inspirador,FISICO,24.34,,2,FISICO,25.00,11,65,NAO,RECOMENDACAO,SEM_COMPRA,recomendacao_nao_combinou,2,0.0437
ATD-001766,343,2026-08-27 11:25:00,Estou procurando um título específico e quero saber se está disponível.,titulo_especifico,PROPRIO,Ficção científica,reflexivo,DIGITAL,14.53,46,46,DIGITAL,17.60,9999,90,SIM,PEDIDO_CONFIRMADO,VENDA_CONCLUIDA,,4,0.0219
ATD-001767,380,2026-08-27 12:26:00,"Quero continuar uma saga que comecei, mas não sei qual é o próximo volume.",continuacao_de_saga,PROPRIO,Ficção contemporânea,acolhedor,DIGITAL,16.76,27,25,DIGITAL,15.85,9999,90,NAO,BUSCA,SEM_COMPRA,nao_encontrou_continuacao,3,0.0389
ATD-001768,417,2026-08-27 13:11:00,Quero algo parecido com os livros que costumo ler.,livro_parecido,PROPRIO,Ficção histórica,melancólico,DIGITAL,34.74,,34,DIGITAL,20.20,9999,65,NAO,RECOMENDACAO,SEM_COMPRA,apenas_pesquisando,1,0.0406
ATD-001769,454,2026-08-27 14:47:00,"Quero continuar uma saga que comecei, mas não sei qual é o próximo volume.",continuacao_de_saga,PROPRIO,Mistério,intrigante,FISICO,15.23,,22,FISICO,23.70,7,87,NAO,BUSCA,SEM_COMPRA,nao_encontrou_continuacao,1,0.0140
ATD-001770,491,2026-08-27 16:15:00,"Quero continuar uma saga que comecei, mas não sei qual é o próximo volume.",continuacao_de_saga,PROPRIO,Ficção científica,reflexivo,FISICO,47.10,46,47,FISICO,30.65,14,90,NAO,RECOMENDACAO,SEM_COMPRA,apenas_pesquisando,4,0.0441
ATD-001771,528,2026-08-27 17:13:00,Estou procurando um título específico e quero saber se está disponível.,titulo_especifico,PROPRIO,Fantasia,épico,FISICO,33.79,12,12,FISICO,32.40,9,90,SIM,PEDIDO_CONFIRMADO,VENDA_CONCLUIDA,,5,0.0308
ATD-001772,565,2026-08-27 18:01:00,Preciso de um livro para dar de presente e não sei qual escolher.,presente,PRESENTE,Aventura,inspirador,FISICO,40.53,,37,FISICO,23.25,16,65,NAO,RECOMENDACAO,SEM_COMPRA,recomendacao_nao_combinou,4,0.0230
ATD-001773,602,2026-08-27 19:15:00,Quero experimentar um gênero novo sem pegar um livro muito difícil.,explorar_novo_genero,PROPRIO,Ficção científica,reflexivo,DIGITAL,12.90,,46,DIGITAL,17.60,9999,65,NAO,RECOMENDACAO,SEM_COMPRA,preco_acima_do_orcamento,4,0.0352
ATD-001774,639,2026-08-27 20:33:00,Preciso de um livro para dar de presente e não sei qual escolher.,presente,PRESENTE,Drama,emocional,DIGITAL,15.20,,18,DIGITAL,17.60,9999,65,NAO,RECOMENDACAO,SEM_COMPRA,recomendacao_nao_combinou,2,0.0291
ATD-001775,676,2026-08-27 21:53:00,Preciso de um livro para dar de presente e não sei qual escolher.,presente,PRESENTE,Ficção científica,reflexivo,FISICO,20.24,,29,FISICO,21.95,8,63,NAO,RECOMENDACAO,SEM_COMPRA,preco_acima_do_orcamento,2,0.0177
ATD-001776,713,2026-08-27 23:04:00,"Quero continuar uma saga que comecei, mas não sei qual é o próximo volume.",continuacao_de_saga,PROPRIO,Fantasia,épico,DIGITAL,12.48,40,40,DIGITAL,22.40,9999,90,NAO,RECOMENDACAO,SEM_COMPRA,preco_acima_do_orcamento,4,0.0121
ATD-001777,750,2026-08-28 00:28:00,Preciso de um livro para dar de presente e não sei qual escolher.,presente,PRESENTE,Ficção contemporânea,acolhedor,FISICO,30.29,,28,FISICO,25.90,1,56,SIM,PEDIDO_CONFIRMADO,VENDA_CONCLUIDA,,5,0.0503
ATD-001778,787,2026-08-28 01:24:00,Preciso de um livro para dar de presente e não sei qual escolher.,presente,PRESENTE,Aventura,aventureiro,FISICO,38.21,,22,FISICO,23.70,7,62,NAO,RECOMENDACAO,SEM_COMPRA,recomendacao_nao_combinou,3,0.0222
ATD-001779,824,2026-08-28 02:25:00,Quero experimentar um gênero novo sem pegar um livro muito difícil.,explorar_novo_genero,PROPRIO,Fantasia,esperançoso,FISICO,38.39,,2,FISICO,25.00,11,65,SIM,PEDIDO_CONFIRMADO,VENDA_CONCLUIDA,,5,0.0246
ATD-001780,861,2026-08-28 04:08:00,Quero algo parecido com os livros que costumo ler.,livro_parecido,PROPRIO,Romance,emocional,FISICO,24.19,,16,FISICO,28.50,13,65,NAO,RECOMENDACAO,SEM_COMPRA,preco_acima_do_orcamento,3,0.0266
ATD-001781,898,2026-08-28 04:42:00,"Quero continuar uma saga que comecei, mas não sei qual é o próximo volume.",continuacao_de_saga,PROPRIO,Mistério,intrigante,DIGITAL,16.06,23,21,DIGITAL,10.65,9999,90,NAO,BUSCA,SEM_COMPRA,nao_encontrou_continuacao,3,0.0384
ATD-001782,935,2026-08-28 06:11:00,"Quero continuar uma saga que comecei, mas não sei qual é o próximo volume.",continuacao_de_saga,PROPRIO,Ficção histórica,melancólico,FISICO,26.03,,33,FISICO,27.15,12,90,NAO,BUSCA,SEM_COMPRA,nao_encontrou_continuacao,3,0.0549
ATD-001783,972,2026-08-28 07:03:00,Estou procurando um título específico e quero saber se está disponível.,titulo_especifico,PROPRIO,Fantasia,épico,FISICO,40.71,4,4,FISICO,31.10,1,90,SIM,PEDIDO_CONFIRMADO,VENDA_CONCLUIDA,,4,0.0238
ATD-001784,9,2026-08-28 08:30:00,Preciso de um livro para dar de presente e não sei qual escolher.,presente,PRESENTE,Mistério,intrigante,DIGITAL,16.64,,17,DIGITAL,14.55,9999,65,SIM,PEDIDO_CONFIRMADO,VENDA_CONCLUIDA,,5,0.0415
ATD-001785,46,2026-08-28 09:32:00,"Quero continuar uma saga que comecei, mas não sei qual é o próximo volume.",continuacao_de_saga,PROPRIO,Romance,emocional,FISICO,15.86,16,16,FISICO,28.50,13,90,NAO,RECOMENDACAO,SEM_COMPRA,preco_acima_do_orcamento,1,0.0230
ATD-001786,83,2026-08-28 11:15:00,Quero algo parecido com os livros que costumo ler.,livro_parecido,PROPRIO,Ficção científica,reflexivo,DIGITAL,14.81,,47,DIGITAL,20.65,9999,65,NAO,RECOMENDACAO,SEM_COMPRA,preco_acima_do_orcamento,2,0.0463
ATD-001787,120,2026-08-28 12:19:00,Quero algo parecido com os livros que costumo ler.,livro_parecido,PROPRIO,Fantasia,épico,FISICO,35.36,,2,FISICO,25.00,11,65,SIM,PEDIDO_CONFIRMADO,VENDA_CONCLUIDA,,4,0.0391
ATD-001788,157,2026-08-28 12:48:00,Quero algo parecido com os livros que costumo ler.,livro_parecido,PROPRIO,Romance,emocional,DIGITAL,19.63,,16,DIGITAL,18.50,9999,65,SIM,PEDIDO_CONFIRMADO,VENDA_CONCLUIDA,,4,0.0249
ATD-001789,194,2026-08-28 14:38:00,"Quero continuar uma saga que comecei, mas não sei qual é o próximo volume.",continuacao_de_saga,PROPRIO,Fantasia,épico,DIGITAL,34.98,,3,DIGITAL,18.05,9999,90,SIM,CHECKOUT,SEM_COMPRA,abandono_no_checkout,2,0.0161
ATD-001790,231,2026-08-28 15:45:00,Estou procurando um título específico e quero saber se está disponível.,titulo_especifico,PROPRIO,Romance,nostálgico,FISICO,26.11,8,8,FISICO,27.20,5,90,NAO,RECOMENDACAO,SEM_COMPRA,preco_acima_do_orcamento,3,0.0563
ATD-001791,268,2026-08-28 16:25:00,Preciso de um livro para dar de presente e não sei qual escolher.,presente,PRESENTE,Ficção científica,reflexivo,DIGITAL,34.44,,27,DIGITAL,21.95,9999,65,NAO,RECOMENDACAO,SEM_COMPRA,recomendacao_nao_combinou,4,0.0296
ATD-001792,305,2026-08-28 17:52:00,"Quero continuar uma saga que comecei, mas não sei qual é o próximo volume.",continuacao_de_saga,PROPRIO,Aventura,inspirador,FISICO,46.96,,30,FISICO,25.00,15,90,SIM,PEDIDO_CONFIRMADO,VENDA_CONCLUIDA,,5,0.0350
ATD-001793,342,2026-08-28 19:21:00,Estou procurando um título específico e quero saber se está disponível.,titulo_especifico,PROPRIO,Fantasia,esperançoso,FISICO,28.95,39,39,FISICO,29.35,6,90,NAO,RECOMENDACAO,SEM_COMPRA,preco_acima_do_orcamento,3,0.0442
ATD-001794,379,2026-08-28 20:11:00,"Quero continuar uma saga que comecei, mas não sei qual é o próximo volume.",continuacao_de_saga,PROPRIO,Ficção histórica,melancólico,DIGITAL,39.84,35,36,DIGITAL,17.20,9999,90,NAO,BUSCA,SEM_COMPRA,nao_encontrou_continuacao,3,0.0221
ATD-001795,416,2026-08-28 21:26:00,Quero algo parecido com os livros que costumo ler.,livro_parecido,PROPRIO,Ficção histórica,melancólico,FISICO,16.22,,34,FISICO,30.20,19,65,NAO,RECOMENDACAO,SEM_COMPRA,preco_acima_do_orcamento,2,0.0270
ATD-001796,453,2026-08-28 22:20:00,Quero algo parecido com os livros que costumo ler.,livro_parecido,PROPRIO,Ficção histórica,melancólico,FISICO,18.46,,33,FISICO,27.15,12,65,NAO,RECOMENDACAO,SEM_COMPRA,preco_acima_do_orcamento,3,0.0513
ATD-001797,490,2026-08-29 00:08:00,Quero algo parecido com os livros que costumo ler.,livro_parecido,PROPRIO,Ficção histórica,melancólico,FISICO,39.36,,36,FISICO,27.20,9,64,SIM,PEDIDO_CONFIRMADO,VENDA_CONCLUIDA,,5,0.0177
ATD-001798,527,2026-08-29 01:09:00,"Quero continuar uma saga que comecei, mas não sei qual é o próximo volume.",continuacao_de_saga,PROPRIO,Romance,emocional,FISICO,14.22,14,15,FISICO,25.45,6,86,SIM,PEDIDO_CONFIRMADO,VENDA_CONCLUIDA,,5,0.0297
ATD-001799,564,2026-08-29 02:37:00,"Quero continuar uma saga que comecei, mas não sei qual é o próximo volume.",continuacao_de_saga,PROPRIO,Fantasia,esperançoso,FISICO,35.21,10,10,FISICO,26.30,19,90,SIM,PEDIDO_CONFIRMADO,VENDA_CONCLUIDA,,5,0.0537
ATD-001800,601,2026-08-29 03:27:00,Quero experimentar um gênero novo sem pegar um livro muito difícil.,explorar_novo_genero,PROPRIO,Aventura,aventureiro,FISICO,22.72,,30,FISICO,25.00,15,65,NAO,RECOMENDACAO,SEM_COMPRA,preco_acima_do_orcamento,2,0.0178
ATD-001801,638,2026-08-29 04:39:00,Estou procurando um título específico e quero saber se está disponível.,titulo_especifico,PROPRIO,Fantasia,épico,FISICO,44.98,2,2,FISICO,25.00,11,90,SIM,PEDIDO_CONFIRMADO,VENDA_CONCLUIDA,,5,0.0569
ATD-001802,675,2026-08-29 05:48:00,"Quero continuar uma saga que comecei, mas não sei qual é o próximo volume.",continuacao_de_saga,PROPRIO,Romance,nostálgico,FISICO,36.32,8,8,FISICO,27.20,5,90,NAO,RECOMENDACAO,SEM_COMPRA,apenas_pesquisando,3,0.0245
ATD-001803,712,2026-08-29 06:55:00,Estou procurando um título específico e quero saber se está disponível.,titulo_especifico,PROPRIO,Drama,emocional,FISICO,31.83,41,41,FISICO,28.45,20,90,SIM,PEDIDO_CONFIRMADO,VENDA_CONCLUIDA,,5,0.0169
ATD-001804,749,2026-08-29 08:32:00,Estou procurando um título específico e quero saber se está disponível.,titulo_especifico,PROPRIO,Drama,emocional,DIGITAL,31.66,42,42,DIGITAL,12.40,9999,90,SIM,PEDIDO_CONFIRMADO,VENDA_CONCLUIDA,,4,0.0533
ATD-001805,786,2026-08-29 09:24:00,Quero experimentar um gênero novo sem pegar um livro muito difícil.,explorar_novo_genero,PROPRIO,Mistério,intrigante,FISICO,14.86,,23,FISICO,26.75,14,65,SIM,PEDIDO_CONFIRMADO,VENDA_CONCLUIDA,,5,0.0408
ATD-001806,823,2026-08-29 10:55:00,Quero experimentar um gênero novo sem pegar um livro muito difícil.,explorar_novo_genero,PROPRIO,Drama,emocional,DIGITAL,26.10,,41,DIGITAL,18.45,9999,65,SIM,PEDIDO_CONFIRMADO,VENDA_CONCLUIDA,,4,0.0204
ATD-001807,860,2026-08-29 11:42:00,Preciso de um livro para dar de presente e não sei qual escolher.,presente,PRESENTE,Fantasia,esperançoso,DIGITAL,26.99,,17,DIGITAL,14.55,9999,65,NAO,RECOMENDACAO,SEM_COMPRA,recomendacao_nao_combinou,3,0.0515
ATD-001808,897,2026-08-29 12:59:00,Quero experimentar um gênero novo sem pegar um livro muito difícil.,explorar_novo_genero,PROPRIO,Ficção contemporânea,acolhedor,DIGITAL,43.64,,28,DIGITAL,15.90,9999,65,SIM,PEDIDO_CONFIRMADO,VENDA_CONCLUIDA,,5,0.0283
ATD-001809,934,2026-08-29 13:56:00,"Quero continuar uma saga que comecei, mas não sei qual é o próximo volume.",continuacao_de_saga,PROPRIO,Mistério,intrigante,DIGITAL,38.40,24,24,DIGITAL,19.80,9999,90,SIM,PEDIDO_CONFIRMADO,VENDA_CONCLUIDA,,5,0.0424
ATD-001810,971,2026-08-29 15:03:00,"Quero continuar uma saga que comecei, mas não sei qual é o próximo volume.",continuacao_de_saga,PROPRIO,Fantasia,épico,DIGITAL,28.34,,3,DIGITAL,18.05,9999,90,NAO,BUSCA,SEM_COMPRA,nao_encontrou_continuacao,4,0.0488
ATD-001811,8,2026-08-29 16:38:00,Quero algo parecido com os livros que costumo ler.,livro_parecido,PROPRIO,Romance,emocional,DIGITAL,17.53,,6,DIGITAL,20.20,9999,65,NAO,RECOMENDACAO,SEM_COMPRA,preco_acima_do_orcamento,4,0.0149
ATD-001812,45,2026-08-29 17:48:00,"Quero continuar uma saga que comecei, mas não sei qual é o próximo volume.",continuacao_de_saga,PROPRIO,Romance,emocional,FISICO,43.94,,13,FISICO,28.45,16,90,NAO,BUSCA,SEM_COMPRA,nao_encontrou_continuacao,3,0.0452
ATD-001813,82,2026-08-29 18:31:00,Preciso de um livro para dar de presente e não sei qual escolher.,presente,PRESENTE,Ficção histórica,melancólico,FISICO,19.38,,16,FISICO,28.50,13,65,NAO,RECOMENDACAO,SEM_COMPRA,preco_acima_do_orcamento,3,0.0297
ATD-001814,119,2026-08-29 20:15:00,Preciso de um livro para dar de presente e não sei qual escolher.,presente,PRESENTE,Ficção histórica,melancólico,DIGITAL,31.49,,2,DIGITAL,15.00,9999,65,NAO,RECOMENDACAO,SEM_COMPRA,recomendacao_nao_combinou,3,0.0454
ATD-001815,156,2026-08-29 20:51:00,"Quero continuar uma saga que comecei, mas não sei qual é o próximo volume.",continuacao_de_saga,PROPRIO,Ficção contemporânea,acolhedor,DIGITAL,16.43,27,27,DIGITAL,21.95,9999,90,NAO,RECOMENDACAO,SEM_COMPRA,preco_acima_do_orcamento,1,0.0265
ATD-001816,193,2026-08-29 22:31:00,"Quero continuar uma saga que comecei, mas não sei qual é o próximo volume.",continuacao_de_saga,PROPRIO,Ficção científica,reflexivo,DIGITAL,21.29,48,48,DIGITAL,23.70,9999,90,NAO,RECOMENDACAO,SEM_COMPRA,preco_acima_do_orcamento,4,0.0546
ATD-001817,230,2026-08-29 23:45:00,"Quero continuar uma saga que comecei, mas não sei qual é o próximo volume.",continuacao_de_saga,PROPRIO,Ficção contemporânea,acolhedor,DIGITAL,22.70,26,27,DIGITAL,21.95,9999,90,NAO,BUSCA,SEM_COMPRA,nao_encontrou_continuacao,3,0.0578
ATD-001818,267,2026-08-30 00:37:00,Quero experimentar um gênero novo sem pegar um livro muito difícil.,explorar_novo_genero,PROPRIO,Romance,nostálgico,DIGITAL,38.85,,8,DIGITAL,17.20,9999,65,NAO,RECOMENDACAO,SEM_COMPRA,recomendacao_nao_combinou,4,0.0293
ATD-001819,304,2026-08-30 02:03:00,Estou procurando um título específico e quero saber se está disponível.,titulo_especifico,PROPRIO,Aventura,inspirador,FISICO,38.90,32,32,FISICO,31.10,5,90,SIM,PEDIDO_CONFIRMADO,VENDA_CONCLUIDA,,5,0.0384
ATD-001820,341,2026-08-30 03:28:00,Preciso de um livro para dar de presente e não sei qual escolher.,presente,PRESENTE,Ficção histórica,melancólico,DIGITAL,25.95,,4,DIGITAL,21.10,9999,65,NAO,RECOMENDACAO,SEM_COMPRA,recomendacao_nao_combinou,1,0.0288
ATD-001821,378,2026-08-30 04:30:00,Quero algo parecido com os livros que costumo ler.,livro_parecido,PROPRIO,Romance,nostálgico,DIGITAL,44.82,,14,DIGITAL,12.40,9999,65,NAO,RECOMENDACAO,SEM_COMPRA,recomendacao_nao_combinou,2,0.0443
ATD-001822,415,2026-08-30 05:43:00,Quero experimentar um gênero novo sem pegar um livro muito difícil.,explorar_novo_genero,PROPRIO,Romance,emocional,FISICO,15.21,,5,FISICO,27.15,8,63,NAO,RECOMENDACAO,SEM_COMPRA,preco_acima_do_orcamento,3,0.0316
ATD-001823,452,2026-08-30 06:58:00,"Quero continuar uma saga que comecei, mas não sei qual é o próximo volume.",continuacao_de_saga,PROPRIO,Fantasia,épico,FISICO,45.78,38,40,FISICO,32.40,13,90,SIM,PEDIDO_CONFIRMADO,VENDA_CONCLUIDA,,5,0.0359
ATD-001824,489,2026-08-30 07:26:00,Quero algo parecido com os livros que costumo ler.,livro_parecido,PROPRIO,Ficção histórica,melancólico,FISICO,15.50,,33,FISICO,27.15,12,65,NAO,RECOMENDACAO,SEM_COMPRA,apenas_pesquisando,3,0.0217
ATD-001825,526,2026-08-30 08:52:00,Preciso de um livro para dar de presente e não sei qual escolher.,presente,PRESENTE,Ficção científica,reflexivo,DIGITAL,47.28,,4,DIGITAL,21.10,9999,65,SIM,PEDIDO_CONFIRMADO,VENDA_CONCLUIDA,,4,0.0368
ATD-001826,563,2026-08-30 10:13:00,Estou procurando um título específico e quero saber se está disponível.,titulo_especifico,PROPRIO,Drama,emocional,DIGITAL,16.90,43,43,DIGITAL,15.45,9999,90,NAO,RECOMENDACAO,SEM_COMPRA,recomendacao_nao_combinou,1,0.0484
ATD-001827,600,2026-08-30 11:34:00,Quero experimentar um gênero novo sem pegar um livro muito difícil.,explorar_novo_genero,PROPRIO,Romance,nostálgico,DIGITAL,39.01,,5,DIGITAL,17.15,9999,65,SIM,PEDIDO_CONFIRMADO,VENDA_CONCLUIDA,,5,0.0547
ATD-001828,637,2026-08-30 12:44:00,Estou procurando um título específico e quero saber se está disponível.,titulo_especifico,PROPRIO,Fantasia,épico,FISICO,15.34,4,4,FISICO,31.10,1,90,NAO,RECOMENDACAO,SEM_COMPRA,preco_acima_do_orcamento,4,0.0397
ATD-001829,674,2026-08-30 14:02:00,Quero algo parecido com os livros que costumo ler.,livro_parecido,PROPRIO,Romance,nostálgico,DIGITAL,44.27,,6,DIGITAL,20.20,9999,65,SIM,PEDIDO_CONFIRMADO,VENDA_CONCLUIDA,,5,0.0499
ATD-001830,711,2026-08-30 14:49:00,"Quero continuar uma saga que comecei, mas não sei qual é o próximo volume.",continuacao_de_saga,PROPRIO,Mistério,intrigante,DIGITAL,22.71,,22,DIGITAL,13.70,9999,90,NAO,BUSCA,SEM_COMPRA,nao_encontrou_continuacao,3,0.0184
ATD-001831,748,2026-08-30 16:07:00,Quero algo parecido com os livros que costumo ler.,livro_parecido,PROPRIO,Romance,emocional,FISICO,46.09,,6,FISICO,30.20,15,65,SIM,PEDIDO_CONFIRMADO,VENDA_CONCLUIDA,,5,0.0392
ATD-001832,785,2026-08-30 16:55:00,Estou procurando um título específico e quero saber se está disponível.,titulo_especifico,PROPRIO,Ficção científica,reflexivo,FISICO,45.07,45,47,FISICO,30.65,14,65,NAO,BUSCA,SEM_COMPRA,livro_procurado_sem_estoque,3,0.0216
ATD-001833,822,2026-08-30 18:44:00,Quero algo parecido com os livros que costumo ler.,livro_parecido,PROPRIO,Aventura,aventureiro,DIGITAL,30.35,,20,DIGITAL,23.70,9999,65,SIM,PEDIDO_CONFIRMADO,VENDA_CONCLUIDA,,5,0.0529
ATD-001834,859,2026-08-30 19:19:00,Quero algo parecido com os livros que costumo ler.,livro_parecido,PROPRIO,Fantasia,épico,FISICO,43.21,,2,FISICO,25.00,11,65,SIM,PEDIDO_CONFIRMADO,VENDA_CONCLUIDA,,5,0.0351
ATD-001835,896,2026-08-30 20:41:00,Quero algo parecido com os livros que costumo ler.,livro_parecido,PROPRIO,Fantasia,esperançoso,DIGITAL,19.44,,3,DIGITAL,18.05,9999,65,SIM,PEDIDO_CONFIRMADO,VENDA_CONCLUIDA,,4,0.0462
ATD-001836,933,2026-08-30 22:14:00,Quero algo parecido com os livros que costumo ler.,livro_parecido,PROPRIO,Ficção contemporânea,acolhedor,DIGITAL,44.78,,26,DIGITAL,18.90,9999,65,SIM,PEDIDO_CONFIRMADO,VENDA_CONCLUIDA,,4,0.0538
ATD-001837,970,2026-08-30 23:10:00,Preciso de um livro para dar de presente e não sei qual escolher.,presente,PRESENTE,Romance,emocional,DIGITAL,18.15,,3,DIGITAL,18.05,9999,65,NAO,RECOMENDACAO,SEM_COMPRA,recomendacao_nao_combinou,2,0.0537
ATD-001838,7,2026-08-31 00:01:00,Quero algo parecido com os livros que costumo ler.,livro_parecido,PROPRIO,Ficção histórica,melancólico,FISICO,33.62,,35,FISICO,24.15,2,57,SIM,PEDIDO_CONFIRMADO,VENDA_CONCLUIDA,,4,0.0181
ATD-001839,44,2026-08-31 01:42:00,Estou procurando um título específico e quero saber se está disponível.,titulo_especifico,PROPRIO,Romance,emocional,FISICO,27.32,8,8,FISICO,27.20,5,90,NAO,RECOMENDACAO,SEM_COMPRA,recomendacao_nao_combinou,3,0.0349
ATD-001840,81,2026-08-31 02:44:00,Preciso de um livro para dar de presente e não sei qual escolher.,presente,PRESENTE,Aventura,aventureiro,DIGITAL,12.95,,9,DIGITAL,13.25,9999,65,NAO,RECOMENDACAO,SEM_COMPRA,preco_acima_do_orcamento,2,0.0181
ATD-001841,118,2026-08-31 03:45:00,"Quero continuar uma saga que comecei, mas não sei qual é o próximo volume.",continuacao_de_saga,PROPRIO,Ficção histórica,melancólico,FISICO,31.19,,33,FISICO,27.15,12,90,NAO,BUSCA,SEM_COMPRA,nao_encontrou_continuacao,3,0.0514
ATD-001842,155,2026-08-31 05:17:00,Estou procurando um título específico e quero saber se está disponível.,titulo_especifico,PROPRIO,Aventura,aventureiro,DIGITAL,35.45,32,32,DIGITAL,21.10,9999,90,SIM,PEDIDO_CONFIRMADO,VENDA_CONCLUIDA,,4,0.0572
ATD-001843,192,2026-08-31 06:40:00,Quero experimentar um gênero novo sem pegar um livro muito difícil.,explorar_novo_genero,PROPRIO,Ficção científica,reflexivo,FISICO,40.71,,47,FISICO,30.65,14,65,NAO,RECOMENDACAO,SEM_COMPRA,recomendacao_nao_combinou,3,0.0493
ATD-001844,229,2026-08-31 07:25:00,Quero algo parecido com os livros que costumo ler.,livro_parecido,PROPRIO,Fantasia,épico,DIGITAL,25.23,,9,DIGITAL,13.25,9999,65,NAO,RECOMENDACAO,SEM_COMPRA,recomendacao_nao_combinou,1,0.0175
ATD-001845,266,2026-08-31 08:45:00,"Quero continuar uma saga que comecei, mas não sei qual é o próximo volume.",continuacao_de_saga,PROPRIO,Romance,emocional,DIGITAL,20.56,,14,DIGITAL,12.40,9999,90,NAO,BUSCA,SEM_COMPRA,nao_encontrou_continuacao,3,0.0183
ATD-001846,303,2026-08-31 10:06:00,"Quero continuar uma saga que comecei, mas não sei qual é o próximo volume.",continuacao_de_saga,PROPRIO,Fantasia,épico,DIGITAL,42.80,2,2,DIGITAL,15.00,9999,90,SIM,PEDIDO_CONFIRMADO,VENDA_CONCLUIDA,,5,0.0174
ATD-001847,340,2026-08-31 10:48:00,"Quero continuar uma saga que comecei, mas não sei qual é o próximo volume.",continuacao_de_saga,PROPRIO,Romance,emocional,FISICO,22.32,15,15,FISICO,25.45,6,90,NAO,RECOMENDACAO,SEM_COMPRA,preco_acima_do_orcamento,3,0.0275
ATD-001848,377,2026-08-31 11:51:00,Quero algo parecido com os livros que costumo ler.,livro_parecido,PROPRIO,Fantasia,esperançoso,FISICO,22.25,,2,FISICO,25.00,11,65,NAO,RECOMENDACAO,SEM_COMPRA,preco_acima_do_orcamento,3,0.0299
ATD-001849,414,2026-08-31 13:10:00,Preciso de um livro para dar de presente e não sei qual escolher.,presente,PRESENTE,Drama,emocional,DIGITAL,42.75,,2,DIGITAL,15.00,9999,65,NAO,RECOMENDACAO,SEM_COMPRA,recomendacao_nao_combinou,4,0.0474
ATD-001850,451,2026-08-31 14:34:00,Quero algo parecido com os livros que costumo ler.,livro_parecido,PROPRIO,Aventura,inspirador,FISICO,16.57,,29,FISICO,21.95,8,63,NAO,RECOMENDACAO,SEM_COMPRA,preco_acima_do_orcamento,2,0.0424
ATD-001851,488,2026-08-31 16:02:00,Quero algo parecido com os livros que costumo ler.,livro_parecido,PROPRIO,Aventura,inspirador,FISICO,25.61,,20,FISICO,33.70,17,65,NAO,RECOMENDACAO,SEM_COMPRA,preco_acima_do_orcamento,3,0.0403
ATD-001852,525,2026-08-31 17:10:00,Preciso de um livro para dar de presente e não sei qual escolher.,presente,PRESENTE,Ficção científica,reflexivo,DIGITAL,32.89,,11,DIGITAL,19.35,9999,65,SIM,PEDIDO_CONFIRMADO,VENDA_CONCLUIDA,,4,0.0468
ATD-001853,562,2026-08-31 18:17:00,"Quero continuar uma saga que comecei, mas não sei qual é o próximo volume.",continuacao_de_saga,PROPRIO,Ficção contemporânea,acolhedor,DIGITAL,22.46,28,28,DIGITAL,15.90,9999,90,SIM,PEDIDO_CONFIRMADO,VENDA_CONCLUIDA,,4,0.0297
ATD-001854,599,2026-08-31 19:34:00,"Quero continuar uma saga que comecei, mas não sei qual é o próximo volume.",continuacao_de_saga,PROPRIO,Mistério,intrigante,FISICO,36.03,24,22,FISICO,23.70,7,87,NAO,BUSCA,SEM_COMPRA,nao_encontrou_continuacao,3,0.0135
ATD-001855,636,2026-08-31 20:09:00,"Quero continuar uma saga que comecei, mas não sei qual é o próximo volume.",continuacao_de_saga,PROPRIO,Drama,emocional,FISICO,25.79,,41,FISICO,28.45,20,90,NAO,BUSCA,SEM_COMPRA,nao_encontrou_continuacao,3,0.0201
ATD-001856,673,2026-08-31 21:57:00,"Quero continuar uma saga que comecei, mas não sei qual é o próximo volume.",continuacao_de_saga,PROPRIO,Romance,emocional,FISICO,20.30,,13,FISICO,28.45,16,90,NAO,BUSCA,SEM_COMPRA,nao_encontrou_continuacao,3,0.0380
ATD-001857,710,2026-08-31 22:47:00,Quero algo parecido com os livros que costumo ler.,livro_parecido,PROPRIO,Mistério,intrigante,FISICO,15.91,,22,FISICO,23.70,7,62,NAO,RECOMENDACAO,SEM_COMPRA,preco_acima_do_orcamento,3,0.0293
ATD-001858,747,2026-09-01 00:21:00,Quero algo parecido com os livros que costumo ler.,livro_parecido,PROPRIO,Mistério,intrigante,FISICO,39.27,,22,FISICO,23.70,7,62,NAO,RECOMENDACAO,SEM_COMPRA,recomendacao_nao_combinou,2,0.0130
ATD-001859,784,2026-09-01 01:29:00,Estou procurando um título específico e quero saber se está disponível.,titulo_especifico,PROPRIO,Ficção histórica,melancólico,DIGITAL,37.83,36,36,DIGITAL,17.20,9999,90,NAO,RECOMENDACAO,SEM_COMPRA,recomendacao_nao_combinou,2,0.0173
ATD-001860,821,2026-09-01 02:32:00,Quero algo parecido com os livros que costumo ler.,livro_parecido,PROPRIO,Mistério,intrigante,DIGITAL,14.30,,22,DIGITAL,13.70,9999,65,SIM,CHECKOUT,SEM_COMPRA,abandono_no_checkout,3,0.0447
ATD-001861,858,2026-09-01 03:28:00,"Quero continuar uma saga que comecei, mas não sei qual é o próximo volume.",continuacao_de_saga,PROPRIO,Mistério,intrigante,DIGITAL,31.10,23,24,DIGITAL,19.80,9999,90,NAO,BUSCA,SEM_COMPRA,nao_encontrou_continuacao,3,0.0124
ATD-001862,895,2026-09-01 04:58:00,Quero algo parecido com os livros que costumo ler.,livro_parecido,PROPRIO,Ficção histórica,melancólico,DIGITAL,18.00,,35,DIGITAL,14.15,9999,65,NAO,RECOMENDACAO,SEM_COMPRA,apenas_pesquisando,3,0.0380
ATD-001863,932,2026-09-01 06:09:00,Quero algo parecido com os livros que costumo ler.,livro_parecido,PROPRIO,Drama,emocional,FISICO,16.20,,41,FISICO,28.45,20,65,SIM,PEDIDO_CONFIRMADO,VENDA_CONCLUIDA,,5,0.0255
ATD-001864,969,2026-09-01 07:32:00,Estou procurando um título específico e quero saber se está disponível.,titulo_especifico,PROPRIO,Fantasia,épico,FISICO,40.98,40,40,FISICO,32.40,13,90,SIM,PEDIDO_CONFIRMADO,VENDA_CONCLUIDA,,5,0.0278
ATD-001865,6,2026-09-01 08:14:00,"Quero continuar uma saga que comecei, mas não sei qual é o próximo volume.",continuacao_de_saga,PROPRIO,Drama,emocional,DIGITAL,14.43,43,43,DIGITAL,15.45,9999,90,NAO,RECOMENDACAO,SEM_COMPRA,preco_acima_do_orcamento,2,0.0309
ATD-001866,43,2026-09-01 09:50:00,Preciso de um livro para dar de presente e não sei qual escolher.,presente,PRESENTE,Romance,nostálgico,FISICO,19.15,,25,FISICO,25.85,4,59,NAO,RECOMENDACAO,SEM_COMPRA,preco_acima_do_orcamento,3,0.0257
ATD-001867,80,2026-09-01 10:23:00,Quero algo parecido com os livros que costumo ler.,livro_parecido,PROPRIO,Fantasia,épico,DIGITAL,15.66,,2,DIGITAL,15.00,9999,65,NAO,RECOMENDACAO,SEM_COMPRA,recomendacao_nao_combinou,4,0.0569
ATD-001868,117,2026-09-01 12:13:00,Preciso de um livro para dar de presente e não sei qual escolher.,presente,PRESENTE,Ficção histórica,melancólico,FISICO,27.21,,2,FISICO,25.00,11,65,NAO,RECOMENDACAO,SEM_COMPRA,recomendacao_nao_combinou,3,0.0472
ATD-001869,154,2026-09-01 12:42:00,Preciso de um livro para dar de presente e não sei qual escolher.,presente,PRESENTE,Aventura,inspirador,DIGITAL,29.06,,2,DIGITAL,15.00,9999,65,NAO,RECOMENDACAO,SEM_COMPRA,recomendacao_nao_combinou,2,0.0281
ATD-001870,191,2026-09-01 14:12:00,Preciso de um livro para dar de presente e não sei qual escolher.,presente,PRESENTE,Romance,nostálgico,FISICO,41.87,,34,FISICO,30.20,19,65,NAO,RECOMENDACAO,SEM_COMPRA,recomendacao_nao_combinou,3,0.0239
ATD-001871,228,2026-09-01 15:21:00,Quero experimentar um gênero novo sem pegar um livro muito difícil.,explorar_novo_genero,PROPRIO,Romance,nostálgico,DIGITAL,15.12,,5,DIGITAL,17.15,9999,65,NAO,RECOMENDACAO,SEM_COMPRA,preco_acima_do_orcamento,4,0.0400
ATD-001872,265,2026-09-01 16:57:00,Preciso de um livro para dar de presente e não sei qual escolher.,presente,PRESENTE,Ficção histórica,melancólico,FISICO,20.52,,9,FISICO,23.25,12,65,NAO,RECOMENDACAO,SEM_COMPRA,preco_acima_do_orcamento,2,0.0309
ATD-001873,302,2026-09-01 17:36:00,Quero algo parecido com os livros que costumo ler.,livro_parecido,PROPRIO,Fantasia,épico,DIGITAL,28.82,,4,DIGITAL,21.10,9999,65,SIM,PEDIDO_CONFIRMADO,VENDA_CONCLUIDA,,4,0.0287
ATD-001874,339,2026-09-01 19:14:00,Estou procurando um título específico e quero saber se está disponível.,titulo_especifico,PROPRIO,Aventura,inspirador,FISICO,34.15,17,17,FISICO,24.55,20,90,NAO,RECOMENDACAO,SEM_COMPRA,apenas_pesquisando,4,0.0394
ATD-001875,376,2026-09-01 19:59:00,Quero algo parecido com os livros que costumo ler.,livro_parecido,PROPRIO,Fantasia,épico,DIGITAL,23.07,,4,DIGITAL,21.10,9999,65,SIM,PEDIDO_CONFIRMADO,VENDA_CONCLUIDA,,4,0.0375
ATD-001876,413,2026-09-01 21:25:00,Estou procurando um título específico e quero saber se está disponível.,titulo_especifico,PROPRIO,Mistério,intrigante,DIGITAL,36.78,24,24,DIGITAL,19.80,9999,90,SIM,PEDIDO_CONFIRMADO,VENDA_CONCLUIDA,,4,0.0527
ATD-001877,450,2026-09-01 22:27:00,Quero algo parecido com os livros que costumo ler.,livro_parecido,PROPRIO,Aventura,aventureiro,FISICO,22.42,,29,FISICO,21.95,8,63,SIM,PEDIDO_CONFIRMADO,VENDA_CONCLUIDA,,5,0.0166
ATD-001878,487,2026-09-01 23:45:00,"Quero continuar uma saga que comecei, mas não sei qual é o próximo volume.",continuacao_de_saga,PROPRIO,Romance,emocional,FISICO,31.75,16,16,FISICO,28.50,13,90,SIM,CHECKOUT,SEM_COMPRA,abandono_no_checkout,3,0.0124
ATD-001879,524,2026-09-02 00:32:00,"Quero continuar uma saga que comecei, mas não sei qual é o próximo volume.",continuacao_de_saga,PROPRIO,Romance,emocional,DIGITAL,18.67,,13,DIGITAL,18.45,9999,90,NAO,BUSCA,SEM_COMPRA,nao_encontrou_continuacao,3,0.0120
ATD-001880,561,2026-09-02 02:03:00,"Quero continuar uma saga que comecei, mas não sei qual é o próximo volume.",continuacao_de_saga,PROPRIO,Fantasia,épico,DIGITAL,15.19,3,3,DIGITAL,18.05,9999,90,NAO,RECOMENDACAO,SEM_COMPRA,preco_acima_do_orcamento,3,0.0443
ATD-001881,598,2026-09-02 03:06:00,"Quero continuar uma saga que comecei, mas não sei qual é o próximo volume.",continuacao_de_saga,PROPRIO,Fantasia,épico,DIGITAL,22.87,,38,DIGITAL,16.30,9999,90,NAO,BUSCA,SEM_COMPRA,nao_encontrou_continuacao,3,0.0183
ATD-001882,635,2026-09-02 04:40:00,Preciso de um livro para dar de presente e não sei qual escolher.,presente,PRESENTE,Mistério,intrigante,FISICO,14.54,,20,FISICO,33.70,17,65,SIM,PEDIDO_CONFIRMADO,VENDA_CONCLUIDA,,5,0.0371
ATD-001883,672,2026-09-02 05:55:00,Quero algo parecido com os livros que costumo ler.,livro_parecido,PROPRIO,Fantasia,épico,DIGITAL,18.68,,2,DIGITAL,15.00,9999,65,SIM,PEDIDO_CONFIRMADO,VENDA_CONCLUIDA,,4,0.0500
ATD-001884,709,2026-09-02 06:26:00,Preciso de um livro para dar de presente e não sei qual escolher.,presente,PRESENTE,Fantasia,esperançoso,DIGITAL,34.60,,21,DIGITAL,10.65,9999,65,NAO,RECOMENDACAO,SEM_COMPRA,recomendacao_nao_combinou,4,0.0135
ATD-001885,746,2026-09-02 07:44:00,"Quero continuar uma saga que comecei, mas não sei qual é o próximo volume.",continuacao_de_saga,PROPRIO,Fantasia,esperançoso,DIGITAL,12.82,,10,DIGITAL,16.30,9999,90,NAO,BUSCA,SEM_COMPRA,nao_encontrou_continuacao,3,0.0481
ATD-001886,783,2026-09-02 09:03:00,"Quero continuar uma saga que comecei, mas não sei qual é o próximo volume.",continuacao_de_saga,PROPRIO,Drama,emocional,DIGITAL,23.21,42,42,DIGITAL,12.40,9999,90,SIM,PEDIDO_CONFIRMADO,VENDA_CONCLUIDA,,5,0.0280
ATD-001887,820,2026-09-02 10:28:00,Estou procurando um título específico e quero saber se está disponível.,titulo_especifico,PROPRIO,Drama,emocional,DIGITAL,41.02,44,44,DIGITAL,18.50,9999,90,SIM,PEDIDO_CONFIRMADO,VENDA_CONCLUIDA,,5,0.0445
ATD-001888,857,2026-09-02 11:56:00,Quero algo parecido com os livros que costumo ler.,livro_parecido,PROPRIO,Mistério,intrigante,FISICO,34.43,,23,FISICO,26.75,14,65,SIM,PEDIDO_CONFIRMADO,VENDA_CONCLUIDA,,5,0.0464
ATD-001889,894,2026-09-02 12:40:00,Quero algo parecido com os livros que costumo ler.,livro_parecido,PROPRIO,Fantasia,esperançoso,FISICO,22.90,,3,FISICO,28.05,18,65,NAO,RECOMENDACAO,SEM_COMPRA,preco_acima_do_orcamento,4,0.0354
ATD-001890,931,2026-09-02 14:09:00,Preciso de um livro para dar de presente e não sei qual escolher.,presente,PRESENTE,Aventura,inspirador,DIGITAL,37.50,,17,DIGITAL,14.55,9999,65,SIM,PEDIDO_CONFIRMADO,VENDA_CONCLUIDA,,4,0.0208
ATD-001891,968,2026-09-02 15:03:00,Estou procurando um título específico e quero saber se está disponível.,titulo_especifico,PROPRIO,Fantasia,esperançoso,FISICO,32.46,11,11,FISICO,29.35,2,90,NAO,RECOMENDACAO,SEM_COMPRA,recomendacao_nao_combinou,2,0.0368
ATD-001892,5,2026-09-02 16:22:00,Quero algo parecido com os livros que costumo ler.,livro_parecido,PROPRIO,Fantasia,épico,DIGITAL,35.27,,4,DIGITAL,21.10,9999,65,SIM,PEDIDO_CONFIRMADO,VENDA_CONCLUIDA,,4,0.0183
ATD-001893,42,2026-09-02 17:18:00,"Quero continuar uma saga que comecei, mas não sei qual é o próximo volume.",continuacao_de_saga,PROPRIO,Ficção contemporânea,acolhedor,DIGITAL,42.19,28,28,DIGITAL,15.90,9999,90,NAO,RECOMENDACAO,SEM_COMPRA,apenas_pesquisando,3,0.0367
ATD-001894,79,2026-09-02 18:20:00,Preciso de um livro para dar de presente e não sei qual escolher.,presente,PRESENTE,Romance,nostálgico,FISICO,28.44,,37,FISICO,23.25,16,65,SIM,PEDIDO_CONFIRMADO,VENDA_CONCLUIDA,,5,0.0141
ATD-001895,116,2026-09-02 19:37:00,Preciso de um livro para dar de presente e não sei qual escolher.,presente,PRESENTE,Drama,emocional,DIGITAL,23.21,,5,DIGITAL,17.15,9999,65,SIM,PEDIDO_CONFIRMADO,VENDA_CONCLUIDA,,5,0.0140
ATD-001896,153,2026-09-02 21:17:00,Quero algo parecido com os livros que costumo ler.,livro_parecido,PROPRIO,Fantasia,épico,FISICO,22.13,,37,FISICO,23.25,16,65,NAO,RECOMENDACAO,SEM_COMPRA,preco_acima_do_orcamento,2,0.0539
ATD-001897,190,2026-09-02 22:00:00,Preciso de um livro para dar de presente e não sei qual escolher.,presente,PRESENTE,Ficção contemporânea,acolhedor,DIGITAL,30.99,,1,DIGITAL,11.95,9999,65,NAO,RECOMENDACAO,SEM_COMPRA,recomendacao_nao_combinou,3,0.0375
ATD-001898,227,2026-09-02 23:45:00,Preciso de um livro para dar de presente e não sei qual escolher.,presente,PRESENTE,Ficção científica,reflexivo,DIGITAL,17.99,,25,DIGITAL,15.85,9999,65,NAO,RECOMENDACAO,SEM_COMPRA,recomendacao_nao_combinou,3,0.0180
ATD-001899,264,2026-09-03 00:44:00,Quero algo parecido com os livros que costumo ler.,livro_parecido,PROPRIO,Aventura,inspirador,DIGITAL,35.59,,18,DIGITAL,17.60,9999,65,NAO,RECOMENDACAO,SEM_COMPRA,recomendacao_nao_combinou,3,0.0503
ATD-001900,301,2026-09-03 02:08:00,"Quero continuar uma saga que comecei, mas não sei qual é o próximo volume.",continuacao_de_saga,PROPRIO,Aventura,aventureiro,FISICO,46.82,19,19,FISICO,30.65,10,90,SIM,PEDIDO_CONFIRMADO,VENDA_CONCLUIDA,,5,0.0570
ATD-001901,338,2026-09-03 03:02:00,Quero experimentar um gênero novo sem pegar um livro muito difícil.,explorar_novo_genero,PROPRIO,Ficção contemporânea,acolhedor,FISICO,18.38,,28,FISICO,25.90,1,56,SIM,PEDIDO_CONFIRMADO,VENDA_CONCLUIDA,,5,0.0378
ATD-001902,375,2026-09-03 04:05:00,Quero experimentar um gênero novo sem pegar um livro muito difícil.,explorar_novo_genero,PROPRIO,Fantasia,esperançoso,FISICO,41.30,,3,FISICO,28.05,18,65,SIM,CHECKOUT,SEM_COMPRA,abandono_no_checkout,3,0.0253
ATD-001903,412,2026-09-03 05:13:00,Preciso de um livro para dar de presente e não sei qual escolher.,presente,PRESENTE,Ficção científica,reflexivo,DIGITAL,14.96,,19,DIGITAL,20.65,9999,65,NAO,RECOMENDACAO,SEM_COMPRA,recomendacao_nao_combinou,3,0.0558
ATD-001904,449,2026-09-03 06:10:00,Preciso de um livro para dar de presente e não sei qual escolher.,presente,PRESENTE,Ficção histórica,melancólico,DIGITAL,31.99,,26,DIGITAL,18.90,9999,65,NAO,RECOMENDACAO,SEM_COMPRA,recomendacao_nao_combinou,4,0.0184
ATD-001905,486,2026-09-03 07:29:00,Estou procurando um título específico e quero saber se está disponível.,titulo_especifico,PROPRIO,Mistério,intrigante,FISICO,34.84,24,23,FISICO,26.75,14,65,SIM,PEDIDO_CONFIRMADO,VENDA_CONCLUIDA,,5,0.0284
ATD-001906,523,2026-09-03 08:29:00,"Quero continuar uma saga que comecei, mas não sei qual é o próximo volume.",continuacao_de_saga,PROPRIO,Mistério,intrigante,FISICO,24.23,,23,FISICO,26.75,14,90,NAO,BUSCA,SEM_COMPRA,nao_encontrou_continuacao,3,0.0296
ATD-001907,560,2026-09-03 09:58:00,Estou procurando um título específico e quero saber se está disponível.,titulo_especifico,PROPRIO,Romance,emocional,FISICO,15.71,15,15,FISICO,25.45,6,90,NAO,RECOMENDACAO,SEM_COMPRA,preco_acima_do_orcamento,4,0.0155
ATD-001908,597,2026-09-03 11:21:00,Quero algo parecido com os livros que costumo ler.,livro_parecido,PROPRIO,Ficção histórica,melancólico,FISICO,17.48,,34,FISICO,30.20,19,65,NAO,RECOMENDACAO,SEM_COMPRA,preco_acima_do_orcamento,3,0.0508
ATD-001909,634,2026-09-03 12:41:00,Quero experimentar um gênero novo sem pegar um livro muito difícil.,explorar_novo_genero,PROPRIO,Ficção histórica,melancólico,FISICO,27.45,,36,FISICO,27.20,9,64,NAO,RECOMENDACAO,SEM_COMPRA,recomendacao_nao_combinou,4,0.0443
ATD-001910,671,2026-09-03 13:51:00,Preciso de um livro para dar de presente e não sei qual escolher.,presente,PRESENTE,Ficção contemporânea,acolhedor,DIGITAL,47.78,,2,DIGITAL,15.00,9999,65,NAO,RECOMENDACAO,SEM_COMPRA,recomendacao_nao_combinou,3,0.0463
ATD-001911,708,2026-09-03 14:43:00,"Quero continuar uma saga que comecei, mas não sei qual é o próximo volume.",continuacao_de_saga,PROPRIO,Mistério,intrigante,DIGITAL,12.96,24,21,DIGITAL,10.65,9999,90,NAO,BUSCA,SEM_COMPRA,nao_encontrou_continuacao,3,0.0132
ATD-001912,745,2026-09-03 15:45:00,Quero algo parecido com os livros que costumo ler.,livro_parecido,PROPRIO,Romance,emocional,DIGITAL,30.94,,6,DIGITAL,20.20,9999,65,NAO,RECOMENDACAO,SEM_COMPRA,recomendacao_nao_combinou,1,0.0521
ATD-001913,782,2026-09-03 16:45:00,Quero algo parecido com os livros que costumo ler.,livro_parecido,PROPRIO,Drama,emocional,DIGITAL,40.72,,44,DIGITAL,18.50,9999,65,NAO,RECOMENDACAO,SEM_COMPRA,apenas_pesquisando,3,0.0302
ATD-001914,819,2026-09-03 18:43:00,"Quero continuar uma saga que comecei, mas não sei qual é o próximo volume.",continuacao_de_saga,PROPRIO,Ficção contemporânea,acolhedor,DIGITAL,17.27,27,27,DIGITAL,21.95,9999,90,NAO,RECOMENDACAO,SEM_COMPRA,preco_acima_do_orcamento,2,0.0243
ATD-001915,856,2026-09-03 19:34:00,Quero experimentar um gênero novo sem pegar um livro muito difícil.,explorar_novo_genero,PROPRIO,Romance,nostálgico,DIGITAL,27.54,,6,DIGITAL,20.20,9999,65,SIM,PEDIDO_CONFIRMADO,VENDA_CONCLUIDA,,4,0.0209
ATD-001916,893,2026-09-03 20:59:00,"Quero continuar uma saga que comecei, mas não sei qual é o próximo volume.",continuacao_de_saga,PROPRIO,Romance,nostálgico,FISICO,43.74,,5,FISICO,27.15,8,88,NAO,BUSCA,SEM_COMPRA,nao_encontrou_continuacao,4,0.0138
ATD-001917,930,2026-09-03 21:36:00,Preciso de um livro para dar de presente e não sei qual escolher.,presente,PRESENTE,Ficção contemporânea,acolhedor,FISICO,43.09,,3,FISICO,28.05,18,65,NAO,RECOMENDACAO,SEM_COMPRA,recomendacao_nao_combinou,3,0.0410
ATD-001918,967,2026-09-03 22:50:00,Quero algo parecido com os livros que costumo ler.,livro_parecido,PROPRIO,Aventura,inspirador,DIGITAL,46.16,,19,DIGITAL,20.65,9999,65,SIM,PEDIDO_CONFIRMADO,VENDA_CONCLUIDA,,5,0.0569
ATD-001919,4,2026-09-04 00:09:00,Quero algo parecido com os livros que costumo ler.,livro_parecido,PROPRIO,Fantasia,épico,DIGITAL,43.70,,3,DIGITAL,18.05,9999,65,NAO,RECOMENDACAO,SEM_COMPRA,recomendacao_nao_combinou,3,0.0476
ATD-001920,41,2026-09-04 01:47:00,Quero experimentar um gênero novo sem pegar um livro muito difícil.,explorar_novo_genero,PROPRIO,Romance,emocional,DIGITAL,13.46,,5,DIGITAL,17.15,9999,65,NAO,RECOMENDACAO,SEM_COMPRA,preco_acima_do_orcamento,3,0.0466
ATD-001921,78,2026-09-04 02:56:00,"Quero continuar uma saga que comecei, mas não sei qual é o próximo volume.",continuacao_de_saga,PROPRIO,Aventura,aventureiro,DIGITAL,47.56,18,19,DIGITAL,20.65,9999,90,SIM,PEDIDO_CONFIRMADO,VENDA_CONCLUIDA,,5,0.0387
ATD-001922,115,2026-09-04 03:25:00,Quero experimentar um gênero novo sem pegar um livro muito difícil.,explorar_novo_genero,PROPRIO,Ficção contemporânea,acolhedor,FISICO,36.17,,26,FISICO,28.90,11,65,SIM,PEDIDO_CONFIRMADO,VENDA_CONCLUIDA,,5,0.0319
ATD-001923,152,2026-09-04 04:58:00,Quero algo parecido com os livros que costumo ler.,livro_parecido,PROPRIO,Fantasia,épico,FISICO,39.61,,9,FISICO,23.25,12,65,SIM,PEDIDO_CONFIRMADO,VENDA_CONCLUIDA,,4,0.0378
ATD-001924,189,2026-09-04 05:56:00,Quero algo parecido com os livros que costumo ler.,livro_parecido,PROPRIO,Romance,emocional,FISICO,28.03,,5,FISICO,27.15,8,63,NAO,RECOMENDACAO,SEM_COMPRA,apenas_pesquisando,3,0.0379
ATD-001925,226,2026-09-04 06:55:00,"Quero continuar uma saga que comecei, mas não sei qual é o próximo volume.",continuacao_de_saga,PROPRIO,Aventura,inspirador,DIGITAL,17.37,30,30,DIGITAL,15.00,9999,90,SIM,PEDIDO_CONFIRMADO,VENDA_CONCLUIDA,,4,0.0194
ATD-001926,263,2026-09-04 08:12:00,Quero algo parecido com os livros que costumo ler.,livro_parecido,PROPRIO,Aventura,inspirador,FISICO,33.92,,30,FISICO,25.00,15,65,SIM,PEDIDO_CONFIRMADO,VENDA_CONCLUIDA,,5,0.0506
ATD-001927,300,2026-09-04 09:34:00,"Quero continuar uma saga que comecei, mas não sei qual é o próximo volume.",continuacao_de_saga,PROPRIO,Ficção histórica,melancólico,DIGITAL,47.38,,34,DIGITAL,20.20,9999,90,NAO,BUSCA,SEM_COMPRA,nao_encontrou_continuacao,2,0.0300
ATD-001928,337,2026-09-04 10:42:00,Quero algo parecido com os livros que costumo ler.,livro_parecido,PROPRIO,Fantasia,épico,DIGITAL,42.08,,2,DIGITAL,15.00,9999,65,SIM,PEDIDO_CONFIRMADO,VENDA_CONCLUIDA,,5,0.0136
ATD-001929,374,2026-09-04 12:06:00,Quero experimentar um gênero novo sem pegar um livro muito difícil.,explorar_novo_genero,PROPRIO,Drama,emocional,FISICO,35.97,,41,FISICO,28.45,20,65,SIM,PEDIDO_CONFIRMADO,VENDA_CONCLUIDA,,5,0.0177
ATD-001930,411,2026-09-04 13:33:00,Quero algo parecido com os livros que costumo ler.,livro_parecido,PROPRIO,Aventura,aventureiro,DIGITAL,34.68,,20,DIGITAL,23.70,9999,65,SIM,PEDIDO_CONFIRMADO,VENDA_CONCLUIDA,,5,0.0502
ATD-001931,448,2026-09-04 14:35:00,Estou procurando um título específico e quero saber se está disponível.,titulo_especifico,PROPRIO,Aventura,aventureiro,FISICO,33.08,31,20,FISICO,33.70,17,65,NAO,BUSCA,SEM_COMPRA,livro_procurado_sem_estoque,4,0.0399
ATD-001932,485,2026-09-04 16:01:00,"Quero continuar uma saga que comecei, mas não sei qual é o próximo volume.",continuacao_de_saga,PROPRIO,Fantasia,épico,DIGITAL,20.87,40,37,DIGITAL,13.25,9999,90,SIM,PEDIDO_CONFIRMADO,VENDA_CONCLUIDA,,5,0.0176
ATD-001933,522,2026-09-04 16:45:00,"Quero continuar uma saga que comecei, mas não sei qual é o próximo volume.",continuacao_de_saga,PROPRIO,Romance,nostálgico,FISICO,25.94,,6,FISICO,30.20,15,90,NAO,BUSCA,SEM_COMPRA,nao_encontrou_continuacao,2,0.0579
ATD-001934,559,2026-09-04 17:57:00,"Quero continuar uma saga que comecei, mas não sei qual é o próximo volume.",continuacao_de_saga,PROPRIO,Aventura,aventureiro,DIGITAL,22.32,,18,DIGITAL,17.60,9999,90,NAO,BUSCA,SEM_COMPRA,nao_encontrou_continuacao,3,0.0569
ATD-001935,596,2026-09-04 19:16:00,Quero algo parecido com os livros que costumo ler.,livro_parecido,PROPRIO,Romance,nostálgico,FISICO,28.26,,6,FISICO,30.20,15,65,NAO,RECOMENDACAO,SEM_COMPRA,preco_acima_do_orcamento,4,0.0291
ATD-001936,633,2026-09-04 20:31:00,"Quero continuar uma saga que comecei, mas não sei qual é o próximo volume.",continuacao_de_saga,PROPRIO,Romance,emocional,FISICO,22.62,,13,FISICO,28.45,16,90,NAO,BUSCA,SEM_COMPRA,nao_encontrou_continuacao,2,0.0223
ATD-001937,670,2026-09-04 21:52:00,"Quero continuar uma saga que comecei, mas não sei qual é o próximo volume.",continuacao_de_saga,PROPRIO,Ficção histórica,melancólico,FISICO,24.05,35,33,FISICO,27.15,12,90,NAO,BUSCA,SEM_COMPRA,nao_encontrou_continuacao,3,0.0174
ATD-001938,707,2026-09-04 22:26:00,Quero experimentar um gênero novo sem pegar um livro muito difícil.,explorar_novo_genero,PROPRIO,Ficção contemporânea,acolhedor,DIGITAL,46.51,,26,DIGITAL,18.90,9999,65,SIM,PEDIDO_CONFIRMADO,VENDA_CONCLUIDA,,4,0.0463
ATD-001939,744,2026-09-05 00:05:00,"Quero continuar uma saga que comecei, mas não sei qual é o próximo volume.",continuacao_de_saga,PROPRIO,Fantasia,épico,DIGITAL,17.18,2,2,DIGITAL,15.00,9999,90,SIM,PEDIDO_CONFIRMADO,VENDA_CONCLUIDA,,4,0.0273
ATD-001940,781,2026-09-05 01:22:00,"Quero continuar uma saga que comecei, mas não sei qual é o próximo volume.",continuacao_de_saga,PROPRIO,Romance,nostálgico,FISICO,17.54,7,8,FISICO,27.20,5,85,NAO,RECOMENDACAO,SEM_COMPRA,preco_acima_do_orcamento,4,0.0225
ATD-001941,818,2026-09-05 02:05:00,Quero algo parecido com os livros que costumo ler.,livro_parecido,PROPRIO,Fantasia,esperançoso,DIGITAL,15.58,,3,DIGITAL,18.05,9999,65,NAO,RECOMENDACAO,SEM_COMPRA,preco_acima_do_orcamento,3,0.0451
ATD-001942,855,2026-09-05 03:41:00,"Quero continuar uma saga que comecei, mas não sei qual é o próximo volume.",continuacao_de_saga,PROPRIO,Aventura,inspirador,DIGITAL,28.48,,29,DIGITAL,11.95,9999,90,NAO,BUSCA,SEM_COMPRA,nao_encontrou_continuacao,4,0.0319
ATD-001943,892,2026-09-05 04:26:00,Preciso de um livro para dar de presente e não sei qual escolher.,presente,PRESENTE,Romance,emocional,DIGITAL,20.15,,32,DIGITAL,21.10,9999,65,NAO,RECOMENDACAO,SEM_COMPRA,preco_acima_do_orcamento,3,0.0254
ATD-001944,929,2026-09-05 05:48:00,Preciso de um livro para dar de presente e não sei qual escolher.,presente,PRESENTE,Romance,nostálgico,DIGITAL,45.32,,44,DIGITAL,18.50,9999,65,NAO,RECOMENDACAO,SEM_COMPRA,recomendacao_nao_combinou,3,0.0557
ATD-001945,966,2026-09-05 07:05:00,"Quero continuar uma saga que comecei, mas não sei qual é o próximo volume.",continuacao_de_saga,PROPRIO,Romance,nostálgico,FISICO,25.33,7,8,FISICO,27.20,5,85,NAO,BUSCA,SEM_COMPRA,nao_encontrou_continuacao,3,0.0262
ATD-001946,3,2026-09-05 08:29:00,"Quero continuar uma saga que comecei, mas não sei qual é o próximo volume.",continuacao_de_saga,PROPRIO,Romance,nostálgico,DIGITAL,14.70,8,8,DIGITAL,17.20,9999,90,SIM,PEDIDO_CONFIRMADO,VENDA_CONCLUIDA,,5,0.0559
ATD-001947,40,2026-09-05 09:21:00,"Quero continuar uma saga que comecei, mas não sei qual é o próximo volume.",continuacao_de_saga,PROPRIO,Mistério,intrigante,FISICO,17.38,24,22,FISICO,23.70,7,87,NAO,BUSCA,SEM_COMPRA,nao_encontrou_continuacao,1,0.0450
ATD-001948,77,2026-09-05 10:11:00,"Quero continuar uma saga que comecei, mas não sei qual é o próximo volume.",continuacao_de_saga,PROPRIO,Aventura,aventureiro,FISICO,35.11,,18,FISICO,27.60,3,83,NAO,BUSCA,SEM_COMPRA,nao_encontrou_continuacao,3,0.0284
ATD-001949,114,2026-09-05 11:23:00,"Quero continuar uma saga que comecei, mas não sei qual é o próximo volume.",continuacao_de_saga,PROPRIO,Aventura,inspirador,DIGITAL,38.62,,31,DIGITAL,18.05,9999,90,NAO,BUSCA,SEM_COMPRA,nao_encontrou_continuacao,1,0.0306
ATD-001950,151,2026-09-05 12:44:00,Quero algo parecido com os livros que costumo ler.,livro_parecido,PROPRIO,Fantasia,épico,DIGITAL,20.36,,4,DIGITAL,21.10,9999,65,NAO,RECOMENDACAO,SEM_COMPRA,preco_acima_do_orcamento,2,0.0503
ATD-001951,188,2026-09-05 14:21:00,Preciso de um livro para dar de presente e não sei qual escolher.,presente,PRESENTE,Aventura,aventureiro,FISICO,12.36,,9,FISICO,23.25,12,65,SIM,PEDIDO_CONFIRMADO,VENDA_CONCLUIDA,,4,0.0361
ATD-001952,225,2026-09-05 15:20:00,Preciso de um livro para dar de presente e não sei qual escolher.,presente,PRESENTE,Ficção histórica,melancólico,FISICO,46.35,,27,FISICO,31.95,18,65,NAO,RECOMENDACAO,SEM_COMPRA,recomendacao_nao_combinou,2,0.0172
ATD-001953,262,2026-09-05 16:36:00,Quero algo parecido com os livros que costumo ler.,livro_parecido,PROPRIO,Aventura,inspirador,FISICO,46.07,,17,FISICO,24.55,20,65,NAO,RECOMENDACAO,SEM_COMPRA,recomendacao_nao_combinou,3,0.0241
ATD-001954,299,2026-09-05 17:33:00,Estou procurando um título específico e quero saber se está disponível.,titulo_especifico,PROPRIO,Romance,nostálgico,FISICO,42.86,15,15,FISICO,25.45,6,90,NAO,RECOMENDACAO,SEM_COMPRA,recomendacao_nao_combinou,3,0.0154
ATD-001955,336,2026-09-05 18:30:00,Quero experimentar um gênero novo sem pegar um livro muito difícil.,explorar_novo_genero,PROPRIO,Ficção contemporânea,acolhedor,DIGITAL,25.30,,27,DIGITAL,21.95,9999,65,SIM,PEDIDO_CONFIRMADO,VENDA_CONCLUIDA,,5,0.0450
ATD-001956,373,2026-09-05 20:09:00,Quero algo parecido com os livros que costumo ler.,livro_parecido,PROPRIO,Fantasia,esperançoso,DIGITAL,41.73,,1,DIGITAL,11.95,9999,65,SIM,PEDIDO_CONFIRMADO,VENDA_CONCLUIDA,,5,0.0419
ATD-001957,410,2026-09-05 21:23:00,Quero experimentar um gênero novo sem pegar um livro muito difícil.,explorar_novo_genero,PROPRIO,Drama,emocional,DIGITAL,42.17,,42,DIGITAL,12.40,9999,65,SIM,PEDIDO_CONFIRMADO,VENDA_CONCLUIDA,,5,0.0375
ATD-001958,447,2026-09-05 22:34:00,Estou procurando um título específico e quero saber se está disponível.,titulo_especifico,PROPRIO,Romance,emocional,FISICO,30.29,6,6,FISICO,30.20,15,90,SIM,PEDIDO_CONFIRMADO,VENDA_CONCLUIDA,,4,0.0182
ATD-001959,484,2026-09-05 23:27:00,Preciso de um livro para dar de presente e não sei qual escolher.,presente,PRESENTE,Romance,emocional,FISICO,46.91,,10,FISICO,26.30,19,65,NAO,RECOMENDACAO,SEM_COMPRA,recomendacao_nao_combinou,1,0.0153
ATD-001960,521,2026-09-06 00:28:00,Quero algo parecido com os livros que costumo ler.,livro_parecido,PROPRIO,Ficção científica,reflexivo,DIGITAL,42.04,,45,DIGITAL,14.55,9999,65,SIM,PEDIDO_CONFIRMADO,VENDA_CONCLUIDA,,5,0.0526
ATD-001961,558,2026-09-06 01:37:00,Quero algo parecido com os livros que costumo ler.,livro_parecido,PROPRIO,Fantasia,épico,DIGITAL,17.43,,4,DIGITAL,21.10,9999,65,NAO,RECOMENDACAO,SEM_COMPRA,preco_acima_do_orcamento,4,0.0366
ATD-001962,595,2026-09-06 02:45:00,Quero algo parecido com os livros que costumo ler.,livro_parecido,PROPRIO,Romance,nostálgico,DIGITAL,25.31,,13,DIGITAL,18.45,9999,65,NAO,RECOMENDACAO,SEM_COMPRA,apenas_pesquisando,1,0.0184
ATD-001963,632,2026-09-06 04:43:00,Quero experimentar um gênero novo sem pegar um livro muito difícil.,explorar_novo_genero,PROPRIO,Aventura,inspirador,DIGITAL,27.34,,20,DIGITAL,23.70,9999,65,NAO,RECOMENDACAO,SEM_COMPRA,recomendacao_nao_combinou,2,0.0286
ATD-001964,669,2026-09-06 05:47:00,"Quero continuar uma saga que comecei, mas não sei qual é o próximo volume.",continuacao_de_saga,PROPRIO,Ficção contemporânea,acolhedor,DIGITAL,18.12,28,26,DIGITAL,18.90,9999,90,NAO,BUSCA,SEM_COMPRA,nao_encontrou_continuacao,3,0.0125
ATD-001965,706,2026-09-06 06:51:00,Preciso de um livro para dar de presente e não sei qual escolher.,presente,PRESENTE,Ficção histórica,melancólico,FISICO,22.91,,46,FISICO,27.60,7,62,NAO,RECOMENDACAO,SEM_COMPRA,preco_acima_do_orcamento,3,0.0365
ATD-001966,743,2026-09-06 07:27:00,Preciso de um livro para dar de presente e não sei qual escolher.,presente,PRESENTE,Romance,emocional,FISICO,47.36,,10,FISICO,26.30,19,65,NAO,RECOMENDACAO,SEM_COMPRA,recomendacao_nao_combinou,2,0.0383
ATD-001967,780,2026-09-06 08:55:00,"Quero continuar uma saga que comecei, mas não sei qual é o próximo volume.",continuacao_de_saga,PROPRIO,Ficção contemporânea,acolhedor,FISICO,32.69,28,28,FISICO,25.90,1,81,SIM,PEDIDO_CONFIRMADO,VENDA_CONCLUIDA,,4,0.0237
ATD-001968,817,2026-09-06 10:32:00,Estou procurando um título específico e quero saber se está disponível.,titulo_especifico,PROPRIO,Drama,emocional,DIGITAL,22.17,44,44,DIGITAL,18.50,9999,90,SIM,PEDIDO_CONFIRMADO,VENDA_CONCLUIDA,,5,0.0373
ATD-001969,854,2026-09-06 11:43:00,"Quero continuar uma saga que comecei, mas não sei qual é o próximo volume.",continuacao_de_saga,PROPRIO,Romance,nostálgico,FISICO,13.39,,5,FISICO,27.15,8,88,NAO,RECOMENDACAO,SEM_COMPRA,preco_acima_do_orcamento,4,0.0340
ATD-001970,891,2026-09-06 12:40:00,"Quero continuar uma saga que comecei, mas não sei qual é o próximo volume.",continuacao_de_saga,PROPRIO,Mistério,intrigante,FISICO,43.34,23,23,FISICO,26.75,14,90,SIM,CHECKOUT,SEM_COMPRA,abandono_no_checkout,3,0.0375
ATD-001971,928,2026-09-06 14:09:00,Quero algo parecido com os livros que costumo ler.,livro_parecido,PROPRIO,Drama,emocional,DIGITAL,38.36,,42,DIGITAL,12.40,9999,65,NAO,RECOMENDACAO,SEM_COMPRA,recomendacao_nao_combinou,2,0.0291
ATD-001972,965,2026-09-06 14:36:00,Preciso de um livro para dar de presente e não sei qual escolher.,presente,PRESENTE,Ficção contemporânea,acolhedor,FISICO,39.89,,37,FISICO,23.25,16,65,NAO,RECOMENDACAO,SEM_COMPRA,recomendacao_nao_combinou,3,0.0123
ATD-001973,2,2026-09-06 16:01:00,Quero algo parecido com os livros que costumo ler.,livro_parecido,PROPRIO,Fantasia,épico,DIGITAL,39.55,,3,DIGITAL,18.05,9999,65,NAO,RECOMENDACAO,SEM_COMPRA,apenas_pesquisando,2,0.0340
ATD-001974,39,2026-09-06 17:13:00,Quero algo parecido com os livros que costumo ler.,livro_parecido,PROPRIO,Aventura,inspirador,FISICO,45.32,,29,FISICO,21.95,8,63,SIM,PEDIDO_CONFIRMADO,VENDA_CONCLUIDA,,5,0.0507
ATD-001975,76,2026-09-06 18:29:00,"Quero continuar uma saga que comecei, mas não sei qual é o próximo volume.",continuacao_de_saga,PROPRIO,Romance,emocional,DIGITAL,17.41,,13,DIGITAL,18.45,9999,90,NAO,RECOMENDACAO,SEM_COMPRA,preco_acima_do_orcamento,3,0.0551
ATD-001976,113,2026-09-06 20:01:00,Quero experimentar um gênero novo sem pegar um livro muito difícil.,explorar_novo_genero,PROPRIO,Romance,nostálgico,DIGITAL,15.38,,5,DIGITAL,17.15,9999,65,SIM,CHECKOUT,SEM_COMPRA,abandono_no_checkout,3,0.0364
ATD-001977,150,2026-09-06 21:13:00,Quero algo parecido com os livros que costumo ler.,livro_parecido,PROPRIO,Mistério,intrigante,FISICO,25.76,,22,FISICO,23.70,7,62,SIM,PEDIDO_CONFIRMADO,VENDA_CONCLUIDA,,5,0.0174
ATD-001978,187,2026-09-06 21:43:00,Quero algo parecido com os livros que costumo ler.,livro_parecido,PROPRIO,Aventura,aventureiro,DIGITAL,41.04,,29,DIGITAL,11.95,9999,65,NAO,RECOMENDACAO,SEM_COMPRA,recomendacao_nao_combinou,3,0.0338
ATD-001979,224,2026-09-06 23:20:00,Quero experimentar um gênero novo sem pegar um livro muito difícil.,explorar_novo_genero,PROPRIO,Aventura,aventureiro,DIGITAL,28.90,,20,DIGITAL,23.70,9999,65,NAO,RECOMENDACAO,SEM_COMPRA,apenas_pesquisando,3,0.0217
ATD-001980,261,2026-09-07 00:39:00,"Quero continuar uma saga que comecei, mas não sei qual é o próximo volume.",continuacao_de_saga,PROPRIO,Ficção contemporânea,acolhedor,FISICO,31.60,,27,FISICO,31.95,18,90,NAO,BUSCA,SEM_COMPRA,nao_encontrou_continuacao,2,0.0374
ATD-001981,298,2026-09-07 01:36:00,Preciso de um livro para dar de presente e não sei qual escolher.,presente,PRESENTE,Ficção científica,reflexivo,DIGITAL,21.11,,4,DIGITAL,21.10,9999,65,NAO,RECOMENDACAO,SEM_COMPRA,recomendacao_nao_combinou,3,0.0160
ATD-001982,335,2026-09-07 02:33:00,"Quero continuar uma saga que comecei, mas não sei qual é o próximo volume.",continuacao_de_saga,PROPRIO,Ficção histórica,melancólico,DIGITAL,37.22,36,33,DIGITAL,17.15,9999,90,NAO,BUSCA,SEM_COMPRA,nao_encontrou_continuacao,3,0.0561
ATD-001983,372,2026-09-07 04:15:00,Quero algo parecido com os livros que costumo ler.,livro_parecido,PROPRIO,Mistério,intrigante,FISICO,16.17,,23,FISICO,26.75,14,65,NAO,RECOMENDACAO,SEM_COMPRA,preco_acima_do_orcamento,2,0.0543
ATD-001984,409,2026-09-07 05:31:00,Quero algo parecido com os livros que costumo ler.,livro_parecido,PROPRIO,Fantasia,épico,DIGITAL,44.52,,1,DIGITAL,11.95,9999,65,SIM,PEDIDO_CONFIRMADO,VENDA_CONCLUIDA,,5,0.0562
ATD-001985,446,2026-09-07 06:32:00,"Quero continuar uma saga que comecei, mas não sei qual é o próximo volume.",continuacao_de_saga,PROPRIO,Romance,nostálgico,DIGITAL,29.01,8,8,DIGITAL,17.20,9999,90,SIM,PEDIDO_CONFIRMADO,VENDA_CONCLUIDA,,4,0.0496
ATD-001986,483,2026-09-07 07:14:00,"Quero continuar uma saga que comecei, mas não sei qual é o próximo volume.",continuacao_de_saga,PROPRIO,Ficção científica,reflexivo,DIGITAL,18.79,,45,DIGITAL,14.55,9999,90,NAO,BUSCA,SEM_COMPRA,nao_encontrou_continuacao,3,0.0135
ATD-001987,520,2026-09-07 09:02:00,"Quero continuar uma saga que comecei, mas não sei qual é o próximo volume.",continuacao_de_saga,PROPRIO,Fantasia,esperançoso,FISICO,29.28,12,12,FISICO,32.40,9,90,NAO,RECOMENDACAO,SEM_COMPRA,preco_acima_do_orcamento,3,0.0260
ATD-001988,557,2026-09-07 09:57:00,"Quero continuar uma saga que comecei, mas não sei qual é o próximo volume.",continuacao_de_saga,PROPRIO,Romance,emocional,DIGITAL,22.79,14,14,DIGITAL,12.40,9999,90,SIM,PEDIDO_CONFIRMADO,VENDA_CONCLUIDA,,5,0.0361
ATD-001989,594,2026-09-07 11:10:00,Quero algo parecido com os livros que costumo ler.,livro_parecido,PROPRIO,Fantasia,épico,FISICO,19.11,,10,FISICO,26.30,19,65,NAO,RECOMENDACAO,SEM_COMPRA,preco_acima_do_orcamento,3,0.0553
ATD-001990,631,2026-09-07 12:22:00,Quero algo parecido com os livros que costumo ler.,livro_parecido,PROPRIO,Ficção contemporânea,acolhedor,FISICO,34.71,,28,FISICO,25.90,1,56,SIM,PEDIDO_CONFIRMADO,VENDA_CONCLUIDA,,5,0.0283
ATD-001991,668,2026-09-07 13:30:00,"Quero continuar uma saga que comecei, mas não sei qual é o próximo volume.",continuacao_de_saga,PROPRIO,Aventura,aventureiro,FISICO,45.92,20,20,FISICO,33.70,17,90,SIM,PEDIDO_CONFIRMADO,VENDA_CONCLUIDA,,5,0.0576
ATD-001992,705,2026-09-07 14:28:00,Estou procurando um título específico e quero saber se está disponível.,titulo_especifico,PROPRIO,Aventura,inspirador,FISICO,45.85,32,32,FISICO,31.10,5,90,SIM,CHECKOUT,SEM_COMPRA,abandono_no_checkout,3,0.0454
ATD-001993,742,2026-09-07 15:34:00,"Quero continuar uma saga que comecei, mas não sei qual é o próximo volume.",continuacao_de_saga,PROPRIO,Ficção contemporânea,acolhedor,FISICO,22.94,,25,FISICO,25.85,4,84,SIM,PEDIDO_CONFIRMADO,VENDA_CONCLUIDA,,4,0.0150
ATD-001994,779,2026-09-07 16:44:00,Quero algo parecido com os livros que costumo ler.,livro_parecido,PROPRIO,Mistério,intrigante,DIGITAL,13.17,,23,DIGITAL,16.75,9999,65,SIM,PEDIDO_CONFIRMADO,VENDA_CONCLUIDA,,4,0.0266
ATD-001995,816,2026-09-07 18:23:00,Quero algo parecido com os livros que costumo ler.,livro_parecido,PROPRIO,Ficção histórica,melancólico,DIGITAL,22.64,,33,DIGITAL,17.15,9999,65,SIM,PEDIDO_CONFIRMADO,VENDA_CONCLUIDA,,5,0.0360
ATD-001996,853,2026-09-07 19:19:00,Preciso de um livro para dar de presente e não sei qual escolher.,presente,PRESENTE,Aventura,inspirador,FISICO,12.25,,2,FISICO,25.00,11,65,NAO,RECOMENDACAO,SEM_COMPRA,preco_acima_do_orcamento,4,0.0244
ATD-001997,890,2026-09-07 20:51:00,Quero algo parecido com os livros que costumo ler.,livro_parecido,PROPRIO,Ficção científica,reflexivo,FISICO,32.97,,47,FISICO,30.65,14,65,SIM,PEDIDO_CONFIRMADO,VENDA_CONCLUIDA,,4,0.0313
ATD-001998,927,2026-09-07 21:36:00,Quero experimentar um gênero novo sem pegar um livro muito difícil.,explorar_novo_genero,PROPRIO,Mistério,intrigante,DIGITAL,21.25,,23,DIGITAL,16.75,9999,65,SIM,PEDIDO_CONFIRMADO,VENDA_CONCLUIDA,,5,0.0321
ATD-001999,964,2026-09-07 23:00:00,Preciso de um livro para dar de presente e não sei qual escolher.,presente,PRESENTE,Aventura,aventureiro,FISICO,28.59,,20,FISICO,33.70,17,65,NAO,RECOMENDACAO,SEM_COMPRA,preco_acima_do_orcamento,2,0.0470
ATD-002000,1,2026-09-08 00:02:00,"Quero continuar uma saga que comecei, mas não sei qual é o próximo volume.",continuacao_de_saga,PROPRIO,Mistério,intrigante,FISICO,17.93,24,22,FISICO,23.70,7,87,NAO,RECOMENDACAO,SEM_COMPRA,preco_acima_do_orcamento,1,0.0188
ATD-002001,38,2026-09-08 01:06:00,Preciso de um livro para dar de presente e não sei qual escolher.,presente,PRESENTE,Ficção científica,reflexivo,FISICO,16.03,,3,FISICO,28.05,18,65,NAO,RECOMENDACAO,SEM_COMPRA,preco_acima_do_orcamento,2,0.0343
ATD-002002,75,2026-09-08 02:37:00,Quero algo parecido com os livros que costumo ler.,livro_parecido,PROPRIO,Fantasia,épico,FISICO,19.30,,3,FISICO,28.05,18,65,NAO,RECOMENDACAO,SEM_COMPRA,preco_acima_do_orcamento,3,0.0517
ATD-002003,112,2026-09-08 03:24:00,Quero experimentar um gênero novo sem pegar um livro muito difícil.,explorar_novo_genero,PROPRIO,Fantasia,épico,FISICO,41.78,,2,FISICO,25.00,11,65,SIM,PEDIDO_CONFIRMADO,VENDA_CONCLUIDA,,4,0.0279
ATD-002004,149,2026-09-08 04:39:00,Estou procurando um título específico e quero saber se está disponível.,titulo_especifico,PROPRIO,Aventura,inspirador,DIGITAL,22.73,29,29,DIGITAL,11.95,9999,90,SIM,PEDIDO_CONFIRMADO,VENDA_CONCLUIDA,,4,0.0200
ATD-002005,186,2026-09-08 06:11:00,Quero experimentar um gênero novo sem pegar um livro muito difícil.,explorar_novo_genero,PROPRIO,Mistério,intrigante,DIGITAL,42.29,,23,DIGITAL,16.75,9999,65,NAO,RECOMENDACAO,SEM_COMPRA,apenas_pesquisando,3,0.0529
ATD-002006,223,2026-09-08 07:31:00,Quero algo parecido com os livros que costumo ler.,livro_parecido,PROPRIO,Fantasia,épico,DIGITAL,16.08,,2,DIGITAL,15.00,9999,65,SIM,PEDIDO_CONFIRMADO,VENDA_CONCLUIDA,,4,0.0480
ATD-002007,260,2026-09-08 07:58:00,Quero experimentar um gênero novo sem pegar um livro muito difícil.,explorar_novo_genero,PROPRIO,Mistério,intrigante,DIGITAL,45.62,,24,DIGITAL,19.80,9999,65,SIM,PEDIDO_CONFIRMADO,VENDA_CONCLUIDA,,5,0.0174
ATD-002008,297,2026-09-08 09:42:00,Quero algo parecido com os livros que costumo ler.,livro_parecido,PROPRIO,Fantasia,épico,FISICO,25.56,,10,FISICO,26.30,19,65,NAO,RECOMENDACAO,SEM_COMPRA,preco_acima_do_orcamento,2,0.0139
ATD-002009,334,2026-09-08 10:25:00,"Quero continuar uma saga que comecei, mas não sei qual é o próximo volume.",continuacao_de_saga,PROPRIO,Drama,emocional,FISICO,32.66,42,42,FISICO,22.40,3,90,SIM,PEDIDO_CONFIRMADO,VENDA_CONCLUIDA,,5,0.0327
ATD-002010,371,2026-09-08 11:35:00,Quero experimentar um gênero novo sem pegar um livro muito difícil.,explorar_novo_genero,PROPRIO,Drama,emocional,FISICO,22.60,,44,FISICO,28.50,17,65,SIM,CHECKOUT,SEM_COMPRA,abandono_no_checkout,2,0.0261
ATD-002011,408,2026-09-08 13:12:00,Quero algo parecido com os livros que costumo ler.,livro_parecido,PROPRIO,Fantasia,épico,DIGITAL,21.37,,2,DIGITAL,15.00,9999,65,NAO,RECOMENDACAO,SEM_COMPRA,recomendacao_nao_combinou,3,0.0299
ATD-002012,445,2026-09-08 14:21:00,"Quero continuar uma saga que comecei, mas não sei qual é o próximo volume.",continuacao_de_saga,PROPRIO,Ficção científica,reflexivo,DIGITAL,33.05,47,47,DIGITAL,20.65,9999,90,SIM,PEDIDO_CONFIRMADO,VENDA_CONCLUIDA,,5,0.0457
ATD-002013,482,2026-09-08 15:29:00,"Quero continuar uma saga que comecei, mas não sei qual é o próximo volume.",continuacao_de_saga,PROPRIO,Fantasia,épico,FISICO,37.41,39,39,FISICO,29.35,6,90,SIM,PEDIDO_CONFIRMADO,VENDA_CONCLUIDA,,5,0.0230
ATD-002014,519,2026-09-08 16:37:00,Estou procurando um título específico e quero saber se está disponível.,titulo_especifico,PROPRIO,Fantasia,épico,DIGITAL,46.01,37,37,DIGITAL,13.25,9999,90,SIM,CHECKOUT,SEM_COMPRA,abandono_no_checkout,3,0.0326
ATD-002015,556,2026-09-08 17:38:00,Preciso de um livro para dar de presente e não sei qual escolher.,presente,PRESENTE,Romance,nostálgico,DIGITAL,36.64,,29,DIGITAL,11.95,9999,65,SIM,PEDIDO_CONFIRMADO,VENDA_CONCLUIDA,,5,0.0532
ATD-002016,593,2026-09-08 18:49:00,Quero algo parecido com os livros que costumo ler.,livro_parecido,PROPRIO,Mistério,intrigante,FISICO,35.78,,22,FISICO,23.70,7,62,SIM,PEDIDO_CONFIRMADO,VENDA_CONCLUIDA,,4,0.0166
ATD-002017,630,2026-09-08 19:49:00,"Quero continuar uma saga que comecei, mas não sei qual é o próximo volume.",continuacao_de_saga,PROPRIO,Fantasia,épico,FISICO,35.27,38,39,FISICO,29.35,6,86,NAO,BUSCA,SEM_COMPRA,nao_encontrou_continuacao,1,0.0237
ATD-002018,667,2026-09-08 21:15:00,"Quero continuar uma saga que comecei, mas não sei qual é o próximo volume.",continuacao_de_saga,PROPRIO,Ficção científica,reflexivo,DIGITAL,26.59,47,47,DIGITAL,20.65,9999,90,SIM,CHECKOUT,SEM_COMPRA,abandono_no_checkout,3,0.0432
ATD-002019,704,2026-09-08 22:50:00,Estou procurando um título específico e quero saber se está disponível.,titulo_especifico,PROPRIO,Aventura,aventureiro,FISICO,12.59,20,20,FISICO,33.70,17,90,NAO,RECOMENDACAO,SEM_COMPRA,preco_acima_do_orcamento,1,0.0283
ATD-002020,741,2026-09-08 23:45:00,Quero experimentar um gênero novo sem pegar um livro muito difícil.,explorar_novo_genero,PROPRIO,Drama,emocional,FISICO,42.38,,42,FISICO,22.40,3,58,SIM,PEDIDO_CONFIRMADO,VENDA_CONCLUIDA,,5,0.0132
ATD-002021,778,2026-09-09 01:03:00,Quero algo parecido com os livros que costumo ler.,livro_parecido,PROPRIO,Fantasia,esperançoso,FISICO,23.39,,2,FISICO,25.00,11,65,NAO,RECOMENDACAO,SEM_COMPRA,preco_acima_do_orcamento,3,0.0413
ATD-002022,815,2026-09-09 01:52:00,"Quero continuar uma saga que comecei, mas não sei qual é o próximo volume.",continuacao_de_saga,PROPRIO,Aventura,aventureiro,DIGITAL,39.73,20,20,DIGITAL,23.70,9999,90,SIM,PEDIDO_CONFIRMADO,VENDA_CONCLUIDA,,5,0.0431
ATD-002023,852,2026-09-09 03:28:00,Estou procurando um título específico e quero saber se está disponível.,titulo_especifico,PROPRIO,Romance,emocional,FISICO,35.30,13,13,FISICO,28.45,16,90,SIM,PEDIDO_CONFIRMADO,VENDA_CONCLUIDA,,4,0.0364
ATD-002024,889,2026-09-09 04:28:00,"Quero continuar uma saga que comecei, mas não sei qual é o próximo volume.",continuacao_de_saga,PROPRIO,Romance,emocional,DIGITAL,29.62,15,13,DIGITAL,18.45,9999,90,SIM,PEDIDO_CONFIRMADO,VENDA_CONCLUIDA,,4,0.0505
ATD-002025,926,2026-09-09 05:27:00,"Quero continuar uma saga que comecei, mas não sei qual é o próximo volume.",continuacao_de_saga,PROPRIO,Aventura,inspirador,FISICO,26.52,,30,FISICO,25.00,15,90,NAO,BUSCA,SEM_COMPRA,nao_encontrou_continuacao,2,0.0166
ATD-002026,963,2026-09-09 06:55:00,Quero algo parecido com os livros que costumo ler.,livro_parecido,PROPRIO,Mistério,intrigante,DIGITAL,36.38,,23,DIGITAL,16.75,9999,65,NAO,RECOMENDACAO,SEM_COMPRA,recomendacao_nao_combinou,2,0.0191
ATD-002027,1000,2026-09-09 08:12:00,Quero experimentar um gênero novo sem pegar um livro muito difícil.,explorar_novo_genero,PROPRIO,Ficção histórica,melancólico,DIGITAL,14.23,,33,DIGITAL,17.15,9999,65,SIM,CHECKOUT,SEM_COMPRA,abandono_no_checkout,2,0.0293
ATD-002028,37,2026-09-09 09:22:00,Quero experimentar um gênero novo sem pegar um livro muito difícil.,explorar_novo_genero,PROPRIO,Mistério,intrigante,FISICO,12.71,,23,FISICO,26.75,14,65,NAO,RECOMENDACAO,SEM_COMPRA,preco_acima_do_orcamento,2,0.0177
ATD-002029,74,2026-09-09 10:34:00,Quero algo parecido com os livros que costumo ler.,livro_parecido,PROPRIO,Drama,emocional,DIGITAL,32.46,,44,DIGITAL,18.50,9999,65,SIM,PEDIDO_CONFIRMADO,VENDA_CONCLUIDA,,4,0.0180
ATD-002030,111,2026-09-09 11:48:00,Preciso de um livro para dar de presente e não sei qual escolher.,presente,PRESENTE,Romance,emocional,FISICO,44.90,,10,FISICO,26.30,19,65,NAO,RECOMENDACAO,SEM_COMPRA,recomendacao_nao_combinou,4,0.0296
ATD-002031,148,2026-09-09 13:06:00,"Quero continuar uma saga que comecei, mas não sei qual é o próximo volume.",continuacao_de_saga,PROPRIO,Ficção científica,reflexivo,DIGITAL,24.41,48,48,DIGITAL,23.70,9999,90,SIM,PEDIDO_CONFIRMADO,VENDA_CONCLUIDA,,4,0.0435
ATD-002032,185,2026-09-09 13:37:00,Quero experimentar um gênero novo sem pegar um livro muito difícil.,explorar_novo_genero,PROPRIO,Fantasia,épico,FISICO,18.93,,37,FISICO,23.25,16,65,NAO,RECOMENDACAO,SEM_COMPRA,preco_acima_do_orcamento,3,0.0183
ATD-002033,222,2026-09-09 15:14:00,"Quero continuar uma saga que comecei, mas não sei qual é o próximo volume.",continuacao_de_saga,PROPRIO,Fantasia,esperançoso,DIGITAL,28.59,,10,DIGITAL,16.30,9999,90,SIM,CHECKOUT,SEM_COMPRA,abandono_no_checkout,3,0.0251
ATD-002034,259,2026-09-09 16:43:00,"Quero continuar uma saga que comecei, mas não sei qual é o próximo volume.",continuacao_de_saga,PROPRIO,Ficção histórica,melancólico,FISICO,28.60,34,34,FISICO,30.20,19,90,NAO,RECOMENDACAO,SEM_COMPRA,preco_acima_do_orcamento,2,0.0395
ATD-002035,296,2026-09-09 17:15:00,"Quero continuar uma saga que comecei, mas não sei qual é o próximo volume.",continuacao_de_saga,PROPRIO,Aventura,aventureiro,FISICO,23.89,,19,FISICO,30.65,10,90,SIM,PEDIDO_CONFIRMADO,VENDA_CONCLUIDA,,5,0.0371
ATD-002036,333,2026-09-09 18:50:00,Quero algo parecido com os livros que costumo ler.,livro_parecido,PROPRIO,Romance,nostálgico,DIGITAL,20.28,,8,DIGITAL,17.20,9999,65,SIM,PEDIDO_CONFIRMADO,VENDA_CONCLUIDA,,4,0.0379
ATD-002037,370,2026-09-09 20:13:00,"Quero continuar uma saga que comecei, mas não sei qual é o próximo volume.",continuacao_de_saga,PROPRIO,Ficção contemporânea,acolhedor,DIGITAL,25.53,,25,DIGITAL,15.85,9999,90,NAO,BUSCA,SEM_COMPRA,nao_encontrou_continuacao,4,0.0239
ATD-002038,407,2026-09-09 20:53:00,Quero algo parecido com os livros que costumo ler.,livro_parecido,PROPRIO,Aventura,inspirador,DIGITAL,34.55,,17,DIGITAL,14.55,9999,65,NAO,RECOMENDACAO,SEM_COMPRA,recomendacao_nao_combinou,2,0.0265
ATD-002039,444,2026-09-09 22:12:00,"Quero continuar uma saga que comecei, mas não sei qual é o próximo volume.",continuacao_de_saga,PROPRIO,Ficção científica,reflexivo,FISICO,36.03,47,47,FISICO,30.65,14,90,SIM,PEDIDO_CONFIRMADO,VENDA_CONCLUIDA,,4,0.0393
ATD-002040,481,2026-09-09 23:25:00,"Quero continuar uma saga que comecei, mas não sei qual é o próximo volume.",continuacao_de_saga,PROPRIO,Romance,emocional,FISICO,27.63,15,15,FISICO,25.45,6,90,SIM,CHECKOUT,SEM_COMPRA,abandono_no_checkout,3,0.0370
ATD-002041,518,2026-09-10 00:55:00,"Quero continuar uma saga que comecei, mas não sei qual é o próximo volume.",continuacao_de_saga,PROPRIO,Aventura,inspirador,DIGITAL,19.76,32,32,DIGITAL,21.10,9999,90,NAO,RECOMENDACAO,SEM_COMPRA,preco_acima_do_orcamento,4,0.0278
ATD-002042,555,2026-09-10 02:10:00,Quero experimentar um gênero novo sem pegar um livro muito difícil.,explorar_novo_genero,PROPRIO,Ficção histórica,melancólico,DIGITAL,30.42,,35,DIGITAL,14.15,9999,65,NAO,RECOMENDACAO,SEM_COMPRA,apenas_pesquisando,3,0.0441
ATD-002043,592,2026-09-10 03:13:00,Quero experimentar um gênero novo sem pegar um livro muito difícil.,explorar_novo_genero,PROPRIO,Romance,nostálgico,DIGITAL,20.56,,7,DIGITAL,14.15,9999,65,NAO,RECOMENDACAO,SEM_COMPRA,recomendacao_nao_combinou,3,0.0302
ATD-002044,629,2026-09-10 04:05:00,Quero algo parecido com os livros que costumo ler.,livro_parecido,PROPRIO,Aventura,inspirador,FISICO,39.23,,20,FISICO,33.70,17,65,NAO,RECOMENDACAO,SEM_COMPRA,recomendacao_nao_combinou,2,0.0242
ATD-002045,666,2026-09-10 04:56:00,Quero algo parecido com os livros que costumo ler.,livro_parecido,PROPRIO,Fantasia,épico,FISICO,44.68,,10,FISICO,26.30,19,65,SIM,PEDIDO_CONFIRMADO,VENDA_CONCLUIDA,,5,0.0352
ATD-002046,703,2026-09-10 06:52:00,"Quero continuar uma saga que comecei, mas não sei qual é o próximo volume.",continuacao_de_saga,PROPRIO,Ficção histórica,melancólico,FISICO,39.90,35,35,FISICO,24.15,2,82,SIM,PEDIDO_CONFIRMADO,VENDA_CONCLUIDA,,5,0.0499
ATD-002047,740,2026-09-10 08:01:00,Quero experimentar um gênero novo sem pegar um livro muito difícil.,explorar_novo_genero,PROPRIO,Drama,emocional,DIGITAL,47.67,,41,DIGITAL,18.45,9999,65,SIM,PEDIDO_CONFIRMADO,VENDA_CONCLUIDA,,4,0.0274
ATD-002048,777,2026-09-10 09:09:00,Quero algo parecido com os livros que costumo ler.,livro_parecido,PROPRIO,Fantasia,épico,FISICO,31.41,,9,FISICO,23.25,12,65,SIM,PEDIDO_CONFIRMADO,VENDA_CONCLUIDA,,5,0.0415
ATD-002049,814,2026-09-10 10:05:00,"Quero continuar uma saga que comecei, mas não sei qual é o próximo volume.",continuacao_de_saga,PROPRIO,Romance,nostálgico,DIGITAL,46.07,8,5,DIGITAL,17.15,9999,90,NAO,BUSCA,SEM_COMPRA,nao_encontrou_continuacao,4,0.0570
ATD-002050,851,2026-09-10 11:22:00,"Quero continuar uma saga que comecei, mas não sei qual é o próximo volume.",continuacao_de_saga,PROPRIO,Ficção contemporânea,acolhedor,FISICO,25.96,,25,FISICO,25.85,4,84,NAO,BUSCA,SEM_COMPRA,nao_encontrou_continuacao,4,0.0328
ATD-002051,888,2026-09-10 12:06:00,"Quero continuar uma saga que comecei, mas não sei qual é o próximo volume.",continuacao_de_saga,PROPRIO,Fantasia,esperançoso,DIGITAL,31.80,12,9,DIGITAL,13.25,9999,90,NAO,BUSCA,SEM_COMPRA,nao_encontrou_continuacao,4,0.0469
ATD-002052,925,2026-09-10 13:37:00,Quero algo parecido com os livros que costumo ler.,livro_parecido,PROPRIO,Ficção científica,reflexivo,DIGITAL,17.70,,47,DIGITAL,20.65,9999,65,NAO,RECOMENDACAO,SEM_COMPRA,preco_acima_do_orcamento,1,0.0130
ATD-002053,962,2026-09-10 14:36:00,"Quero continuar uma saga que comecei, mas não sei qual é o próximo volume.",continuacao_de_saga,PROPRIO,Ficção histórica,melancólico,DIGITAL,35.23,35,35,DIGITAL,14.15,9999,90,SIM,PEDIDO_CONFIRMADO,VENDA_CONCLUIDA,,5,0.0382
ATD-002054,999,2026-09-10 15:56:00,Preciso de um livro para dar de presente e não sei qual escolher.,presente,PRESENTE,Romance,emocional,FISICO,32.27,,9,FISICO,23.25,12,65,NAO,RECOMENDACAO,SEM_COMPRA,recomendacao_nao_combinou,3,0.0433
ATD-002055,36,2026-09-10 17:09:00,Estou procurando um título específico e quero saber se está disponível.,titulo_especifico,PROPRIO,Fantasia,épico,FISICO,13.87,3,3,FISICO,28.05,18,90,NAO,RECOMENDACAO,SEM_COMPRA,preco_acima_do_orcamento,1,0.0228
ATD-002056,73,2026-09-10 18:09:00,"Quero continuar uma saga que comecei, mas não sei qual é o próximo volume.",continuacao_de_saga,PROPRIO,Romance,nostálgico,FISICO,12.88,,5,FISICO,27.15,8,88,NAO,BUSCA,SEM_COMPRA,nao_encontrou_continuacao,4,0.0256
ATD-002057,110,2026-09-10 19:47:00,Preciso de um livro para dar de presente e não sei qual escolher.,presente,PRESENTE,Drama,emocional,DIGITAL,35.75,,19,DIGITAL,20.65,9999,65,SIM,PEDIDO_CONFIRMADO,VENDA_CONCLUIDA,,5,0.0455
ATD-002058,147,2026-09-10 20:28:00,Preciso de um livro para dar de presente e não sei qual escolher.,presente,PRESENTE,Mistério,intrigante,DIGITAL,32.62,,17,DIGITAL,14.55,9999,65,NAO,RECOMENDACAO,SEM_COMPRA,recomendacao_nao_combinou,2,0.0272
ATD-002059,184,2026-09-10 21:47:00,"Quero continuar uma saga que comecei, mas não sei qual é o próximo volume.",continuacao_de_saga,PROPRIO,Romance,nostálgico,FISICO,44.99,8,8,FISICO,27.20,5,85,SIM,PEDIDO_CONFIRMADO,VENDA_CONCLUIDA,,5,0.0121
ATD-002060,221,2026-09-10 23:20:00,Quero experimentar um gênero novo sem pegar um livro muito difícil.,explorar_novo_genero,PROPRIO,Ficção histórica,melancólico,FISICO,21.31,,33,FISICO,27.15,12,65,SIM,PEDIDO_CONFIRMADO,VENDA_CONCLUIDA,,5,0.0437
ATD-002061,258,2026-09-11 00:05:00,Preciso de um livro para dar de presente e não sei qual escolher.,presente,PRESENTE,Drama,emocional,DIGITAL,21.23,,7,DIGITAL,14.15,9999,65,NAO,RECOMENDACAO,SEM_COMPRA,recomendacao_nao_combinou,3,0.0479
ATD-002062,295,2026-09-11 01:52:00,"Quero continuar uma saga que comecei, mas não sei qual é o próximo volume.",continuacao_de_saga,PROPRIO,Romance,emocional,FISICO,24.69,16,13,FISICO,28.45,16,90,NAO,BUSCA,SEM_COMPRA,nao_encontrou_continuacao,4,0.0444
ATD-002063,332,2026-09-11 02:29:00,Estou procurando um título específico e quero saber se está disponível.,titulo_especifico,PROPRIO,Ficção científica,reflexivo,FISICO,16.50,48,46,FISICO,27.60,7,62,NAO,BUSCA,SEM_COMPRA,livro_procurado_sem_estoque,3,0.0214
ATD-002064,369,2026-09-11 03:49:00,Preciso de um livro para dar de presente e não sei qual escolher.,presente,PRESENTE,Ficção histórica,melancólico,FISICO,15.65,,9,FISICO,23.25,12,65,NAO,RECOMENDACAO,SEM_COMPRA,preco_acima_do_orcamento,2,0.0132
ATD-002065,406,2026-09-11 05:02:00,"Quero continuar uma saga que comecei, mas não sei qual é o próximo volume.",continuacao_de_saga,PROPRIO,Ficção científica,reflexivo,DIGITAL,35.10,,46,DIGITAL,17.60,9999,90,NAO,BUSCA,SEM_COMPRA,nao_encontrou_continuacao,4,0.0141
ATD-002066,443,2026-09-11 06:19:00,Preciso de um livro para dar de presente e não sei qual escolher.,presente,PRESENTE,Drama,emocional,FISICO,39.24,,28,FISICO,25.90,1,56,NAO,RECOMENDACAO,SEM_COMPRA,recomendacao_nao_combinou,4,0.0514
ATD-002067,480,2026-09-11 07:31:00,Preciso de um livro para dar de presente e não sei qual escolher.,presente,PRESENTE,Fantasia,épico,FISICO,28.38,,13,FISICO,28.45,16,65,NAO,RECOMENDACAO,SEM_COMPRA,preco_acima_do_orcamento,3,0.0219
ATD-002068,517,2026-09-11 08:54:00,Estou procurando um título específico e quero saber se está disponível.,titulo_especifico,PROPRIO,Ficção histórica,melancólico,FISICO,34.66,36,36,FISICO,27.20,9,90,SIM,CHECKOUT,SEM_COMPRA,abandono_no_checkout,4,0.0388
ATD-002069,554,2026-09-11 09:32:00,Quero algo parecido com os livros que costumo ler.,livro_parecido,PROPRIO,Fantasia,esperançoso,DIGITAL,25.23,,4,DIGITAL,21.10,9999,65,SIM,PEDIDO_CONFIRMADO,VENDA_CONCLUIDA,,5,0.0220
ATD-002070,591,2026-09-11 10:59:00,"Quero continuar uma saga que comecei, mas não sei qual é o próximo volume.",continuacao_de_saga,PROPRIO,Aventura,aventureiro,DIGITAL,14.24,20,20,DIGITAL,23.70,9999,90,NAO,RECOMENDACAO,SEM_COMPRA,preco_acima_do_orcamento,3,0.0387
ATD-002071,628,2026-09-11 11:43:00,Estou procurando um título específico e quero saber se está disponível.,titulo_especifico,PROPRIO,Ficção científica,reflexivo,DIGITAL,46.66,48,48,DIGITAL,23.70,9999,90,NAO,RECOMENDACAO,SEM_COMPRA,recomendacao_nao_combinou,3,0.0329
ATD-002072,665,2026-09-11 13:36:00,Preciso de um livro para dar de presente e não sei qual escolher.,presente,PRESENTE,Romance,emocional,FISICO,22.72,,20,FISICO,33.70,17,65,NAO,RECOMENDACAO,SEM_COMPRA,recomendacao_nao_combinou,3,0.0182
ATD-002073,702,2026-09-11 14:06:00,"Quero continuar uma saga que comecei, mas não sei qual é o próximo volume.",continuacao_de_saga,PROPRIO,Drama,emocional,DIGITAL,36.53,,43,DIGITAL,15.45,9999,90,NAO,BUSCA,SEM_COMPRA,nao_encontrou_continuacao,3,0.0418
ATD-002074,739,2026-09-11 15:27:00,Quero algo parecido com os livros que costumo ler.,livro_parecido,PROPRIO,Aventura,inspirador,FISICO,28.52,,30,FISICO,25.00,15,65,SIM,PEDIDO_CONFIRMADO,VENDA_CONCLUIDA,,5,0.0321
ATD-002075,776,2026-09-11 16:42:00,"Quero continuar uma saga que comecei, mas não sei qual é o próximo volume.",continuacao_de_saga,PROPRIO,Fantasia,épico,DIGITAL,46.70,,38,DIGITAL,16.30,9999,90,NAO,RECOMENDACAO,SEM_COMPRA,recomendacao_nao_combinou,1,0.0432
ATD-002076,813,2026-09-11 17:48:00,Quero algo parecido com os livros que costumo ler.,livro_parecido,PROPRIO,Romance,emocional,DIGITAL,15.85,,6,DIGITAL,20.20,9999,65,NAO,RECOMENDACAO,SEM_COMPRA,preco_acima_do_orcamento,3,0.0263
ATD-002077,850,2026-09-11 19:07:00,Quero algo parecido com os livros que costumo ler.,livro_parecido,PROPRIO,Fantasia,esperançoso,DIGITAL,13.80,,4,DIGITAL,21.10,9999,65,NAO,RECOMENDACAO,SEM_COMPRA,preco_acima_do_orcamento,4,0.0304
ATD-002078,887,2026-09-11 20:10:00,Quero algo parecido com os livros que costumo ler.,livro_parecido,PROPRIO,Fantasia,épico,FISICO,19.25,,9,FISICO,23.25,12,65,NAO,RECOMENDACAO,SEM_COMPRA,preco_acima_do_orcamento,3,0.0154
ATD-002079,924,2026-09-11 21:39:00,"Quero continuar uma saga que comecei, mas não sei qual é o próximo volume.",continuacao_de_saga,PROPRIO,Mistério,intrigante,FISICO,36.14,22,22,FISICO,23.70,7,90,SIM,PEDIDO_CONFIRMADO,VENDA_CONCLUIDA,,4,0.0359
ATD-002080,961,2026-09-11 22:35:00,Estou procurando um título específico e quero saber se está disponível.,titulo_especifico,PROPRIO,Romance,emocional,DIGITAL,21.22,7,7,DIGITAL,14.15,9999,90,SIM,PEDIDO_CONFIRMADO,VENDA_CONCLUIDA,,5,0.0300
ATD-002081,998,2026-09-12 00:07:00,"Quero continuar uma saga que comecei, mas não sei qual é o próximo volume.",continuacao_de_saga,PROPRIO,Fantasia,esperançoso,DIGITAL,29.08,10,10,DIGITAL,16.30,9999,90,SIM,PEDIDO_CONFIRMADO,VENDA_CONCLUIDA,,5,0.0261
ATD-002082,35,2026-09-12 01:14:00,Quero experimentar um gênero novo sem pegar um livro muito difícil.,explorar_novo_genero,PROPRIO,Ficção contemporânea,acolhedor,FISICO,35.42,,25,FISICO,25.85,4,59,SIM,PEDIDO_CONFIRMADO,VENDA_CONCLUIDA,,5,0.0225
ATD-002083,72,2026-09-12 02:28:00,Quero algo parecido com os livros que costumo ler.,livro_parecido,PROPRIO,Fantasia,épico,DIGITAL,23.85,,4,DIGITAL,21.10,9999,65,SIM,CHECKOUT,SEM_COMPRA,abandono_no_checkout,3,0.0512
ATD-002084,109,2026-09-12 03:05:00,Preciso de um livro para dar de presente e não sei qual escolher.,presente,PRESENTE,Mistério,intrigante,DIGITAL,44.85,,13,DIGITAL,18.45,9999,65,SIM,PEDIDO_CONFIRMADO,VENDA_CONCLUIDA,,5,0.0526
ATD-002085,146,2026-09-12 04:20:00,Quero algo parecido com os livros que costumo ler.,livro_parecido,PROPRIO,Fantasia,épico,DIGITAL,27.16,,10,DIGITAL,16.30,9999,65,NAO,RECOMENDACAO,SEM_COMPRA,recomendacao_nao_combinou,3,0.0212
ATD-002086,183,2026-09-12 06:01:00,Quero experimentar um gênero novo sem pegar um livro muito difícil.,explorar_novo_genero,PROPRIO,Ficção contemporânea,acolhedor,DIGITAL,34.98,,26,DIGITAL,18.90,9999,65,SIM,PEDIDO_CONFIRMADO,VENDA_CONCLUIDA,,4,0.0496
ATD-002087,220,2026-09-12 07:27:00,"Quero continuar uma saga que comecei, mas não sei qual é o próximo volume.",continuacao_de_saga,PROPRIO,Ficção contemporânea,acolhedor,DIGITAL,18.85,28,28,DIGITAL,15.90,9999,90,SIM,PEDIDO_CONFIRMADO,VENDA_CONCLUIDA,,5,0.0180
ATD-002088,257,2026-09-12 08:33:00,Estou procurando um título específico e quero saber se está disponível.,titulo_especifico,PROPRIO,Fantasia,épico,FISICO,38.40,1,1,FISICO,21.95,4,90,SIM,PEDIDO_CONFIRMADO,VENDA_CONCLUIDA,,5,0.0317
ATD-002089,294,2026-09-12 09:22:00,Estou procurando um título específico e quero saber se está disponível.,titulo_especifico,PROPRIO,Fantasia,esperançoso,DIGITAL,45.19,1,1,DIGITAL,11.95,9999,90,SIM,PEDIDO_CONFIRMADO,VENDA_CONCLUIDA,,5,0.0490
ATD-002090,331,2026-09-12 10:34:00,Estou procurando um título específico e quero saber se está disponível.,titulo_especifico,PROPRIO,Romance,emocional,DIGITAL,15.04,16,16,DIGITAL,18.50,9999,90,NAO,RECOMENDACAO,SEM_COMPRA,preco_acima_do_orcamento,3,0.0157
ATD-002091,368,2026-09-12 11:33:00,Preciso de um livro para dar de presente e não sei qual escolher.,presente,PRESENTE,Ficção histórica,melancólico,FISICO,20.14,,9,FISICO,23.25,12,10,NAO,RECOMENDACAO,SEM_COMPRA,preco_acima_do_orcamento,3,0.0475
ATD-002092,405,2026-09-12 12:55:00,Preciso de um livro para dar de presente e não sei qual escolher.,presente,PRESENTE,Fantasia,épico,FISICO,26.06,,8,FISICO,27.20,5,60,NAO,RECOMENDACAO,SEM_COMPRA,preco_acima_do_orcamento,4,0.0330
ATD-002093,442,2026-09-12 13:44:00,Quero algo parecido com os livros que costumo ler.,livro_parecido,PROPRIO,Ficção científica,reflexivo,DIGITAL,44.26,,48,DIGITAL,23.70,9999,65,SIM,PEDIDO_CONFIRMADO,VENDA_CONCLUIDA,,5,0.0573
ATD-002094,479,2026-09-12 15:13:00,"Quero continuar uma saga que comecei, mas não sei qual é o próximo volume.",continuacao_de_saga,PROPRIO,Romance,emocional,FISICO,29.37,15,15,FISICO,25.45,6,90,NAO,RECOMENDACAO,SEM_COMPRA,apenas_pesquisando,3,0.0484
ATD-002095,516,2026-09-12 16:34:00,Quero algo parecido com os livros que costumo ler.,livro_parecido,PROPRIO,Fantasia,épico,FISICO,20.92,,3,FISICO,28.05,18,65,NAO,RECOMENDACAO,SEM_COMPRA,preco_acima_do_orcamento,3,0.0170
ATD-002096,553,2026-09-12 17:27:00,"Quero continuar uma saga que comecei, mas não sei qual é o próximo volume.",continuacao_de_saga,PROPRIO,Fantasia,épico,FISICO,45.26,39,39,FISICO,29.35,6,86,SIM,PEDIDO_CONFIRMADO,VENDA_CONCLUIDA,,4,0.0232
ATD-002097,590,2026-09-12 19:05:00,Quero algo parecido com os livros que costumo ler.,livro_parecido,PROPRIO,Mistério,intrigante,DIGITAL,45.60,,21,DIGITAL,10.65,9999,65,SIM,PEDIDO_CONFIRMADO,VENDA_CONCLUIDA,,4,0.0565
ATD-002098,627,2026-09-12 20:12:00,"Quero continuar uma saga que comecei, mas não sei qual é o próximo volume.",continuacao_de_saga,PROPRIO,Fantasia,esperançoso,FISICO,39.57,,10,FISICO,26.30,19,90,NAO,BUSCA,SEM_COMPRA,nao_encontrou_continuacao,1,0.0184
ATD-002099,664,2026-09-12 21:26:00,Preciso de um livro para dar de presente e não sei qual escolher.,presente,PRESENTE,Drama,emocional,FISICO,19.12,,5,FISICO,27.15,8,63,NAO,RECOMENDACAO,SEM_COMPRA,preco_acima_do_orcamento,4,0.0366
ATD-002100,701,2026-09-12 22:41:00,Quero algo parecido com os livros que costumo ler.,livro_parecido,PROPRIO,Ficção contemporânea,acolhedor,DIGITAL,32.55,,26,DIGITAL,18.90,9999,65,SIM,PEDIDO_CONFIRMADO,VENDA_CONCLUIDA,,5,0.0391
ATD-002101,738,2026-09-12 23:46:00,Preciso de um livro para dar de presente e não sei qual escolher.,presente,PRESENTE,Drama,emocional,FISICO,34.85,,43,FISICO,25.45,10,65,SIM,PEDIDO_CONFIRMADO,VENDA_CONCLUIDA,,5,0.0214
ATD-002102,775,2026-09-13 00:38:00,"Quero continuar uma saga que comecei, mas não sei qual é o próximo volume.",continuacao_de_saga,PROPRIO,Fantasia,esperançoso,FISICO,29.85,,10,FISICO,26.30,19,90,SIM,PEDIDO_CONFIRMADO,VENDA_CONCLUIDA,,5,0.0530
ATD-002103,812,2026-09-13 01:45:00,Preciso de um livro para dar de presente e não sei qual escolher.,presente,PRESENTE,Mistério,intrigante,DIGITAL,41.55,,10,DIGITAL,16.30,9999,65,NAO,RECOMENDACAO,SEM_COMPRA,recomendacao_nao_combinou,4,0.0400
ATD-002104,849,2026-09-13 03:24:00,Preciso de um livro para dar de presente e não sei qual escolher.,presente,PRESENTE,Ficção histórica,melancólico,DIGITAL,17.85,,3,DIGITAL,18.05,9999,65,NAO,RECOMENDACAO,SEM_COMPRA,preco_acima_do_orcamento,3,0.0169
ATD-002105,886,2026-09-13 04:39:00,"Quero continuar uma saga que comecei, mas não sei qual é o próximo volume.",continuacao_de_saga,PROPRIO,Drama,emocional,FISICO,37.04,42,43,FISICO,25.45,10,90,NAO,BUSCA,SEM_COMPRA,nao_encontrou_continuacao,3,0.0447
ATD-002106,923,2026-09-13 05:24:00,Estou procurando um título específico e quero saber se está disponível.,titulo_especifico,PROPRIO,Ficção histórica,melancólico,DIGITAL,37.88,33,33,DIGITAL,17.15,9999,90,NAO,RECOMENDACAO,SEM_COMPRA,apenas_pesquisando,3,0.0136
ATD-002107,960,2026-09-13 06:31:00,Quero algo parecido com os livros que costumo ler.,livro_parecido,PROPRIO,Aventura,aventureiro,DIGITAL,39.37,,29,DIGITAL,11.95,9999,65,SIM,PEDIDO_CONFIRMADO,VENDA_CONCLUIDA,,4,0.0336
ATD-002108,997,2026-09-13 07:29:00,Estou procurando um título específico e quero saber se está disponível.,titulo_especifico,PROPRIO,Aventura,aventureiro,DIGITAL,38.77,31,31,DIGITAL,18.05,9999,90,NAO,RECOMENDACAO,SEM_COMPRA,recomendacao_nao_combinou,4,0.0349
ATD-002109,34,2026-09-13 08:45:00,"Quero continuar uma saga que comecei, mas não sei qual é o próximo volume.",continuacao_de_saga,PROPRIO,Fantasia,esperançoso,DIGITAL,33.31,10,10,DIGITAL,16.30,9999,90,SIM,PEDIDO_CONFIRMADO,VENDA_CONCLUIDA,,4,0.0140
ATD-002110,71,2026-09-13 10:33:00,"Quero continuar uma saga que comecei, mas não sei qual é o próximo volume.",continuacao_de_saga,PROPRIO,Ficção histórica,melancólico,FISICO,21.22,36,34,FISICO,30.20,19,90,NAO,RECOMENDACAO,SEM_COMPRA,preco_acima_do_orcamento,3,0.0515
ATD-002111,108,2026-09-13 11:18:00,"Quero continuar uma saga que comecei, mas não sei qual é o próximo volume.",continuacao_de_saga,PROPRIO,Ficção histórica,melancólico,DIGITAL,23.63,36,34,DIGITAL,20.20,9999,90,NAO,BUSCA,SEM_COMPRA,nao_encontrou_continuacao,3,0.0136
ATD-002112,145,2026-09-13 12:50:00,Quero algo parecido com os livros que costumo ler.,livro_parecido,PROPRIO,Fantasia,épico,DIGITAL,41.23,,10,DIGITAL,16.30,9999,65,SIM,PEDIDO_CONFIRMADO,VENDA_CONCLUIDA,,5,0.0392
ATD-002113,182,2026-09-13 13:23:00,"Quero continuar uma saga que comecei, mas não sei qual é o próximo volume.",continuacao_de_saga,PROPRIO,Ficção científica,reflexivo,FISICO,39.47,47,47,FISICO,30.65,14,90,SIM,PEDIDO_CONFIRMADO,VENDA_CONCLUIDA,,5,0.0297
ATD-002114,219,2026-09-13 14:55:00,Preciso de um livro para dar de presente e não sei qual escolher.,presente,PRESENTE,Romance,nostálgico,FISICO,35.56,,10,FISICO,26.30,19,65,NAO,RECOMENDACAO,SEM_COMPRA,recomendacao_nao_combinou,4,0.0332
ATD-002115,256,2026-09-13 15:57:00,Quero experimentar um gênero novo sem pegar um livro muito difícil.,explorar_novo_genero,PROPRIO,Aventura,aventureiro,DIGITAL,17.63,,17,DIGITAL,14.55,9999,65,SIM,PEDIDO_CONFIRMADO,VENDA_CONCLUIDA,,5,0.0351
ATD-002116,293,2026-09-13 17:13:00,"Quero continuar uma saga que comecei, mas não sei qual é o próximo volume.",continuacao_de_saga,PROPRIO,Mistério,intrigante,DIGITAL,38.09,,22,DIGITAL,13.70,9999,90,NAO,BUSCA,SEM_COMPRA,nao_encontrou_continuacao,4,0.0559
ATD-002117,330,2026-09-13 18:43:00,Preciso de um livro para dar de presente e não sei qual escolher.,presente,PRESENTE,Drama,emocional,DIGITAL,28.76,,10,DIGITAL,16.30,9999,65,NAO,RECOMENDACAO,SEM_COMPRA,recomendacao_nao_combinou,2,0.0189
ATD-002118,367,2026-09-13 19:33:00,Quero algo parecido com os livros que costumo ler.,livro_parecido,PROPRIO,Ficção contemporânea,acolhedor,FISICO,15.99,,27,FISICO,31.95,18,65,NAO,RECOMENDACAO,SEM_COMPRA,preco_acima_do_orcamento,3,0.0510
ATD-002119,404,2026-09-13 20:52:00,Estou procurando um título específico e quero saber se está disponível.,titulo_especifico,PROPRIO,Fantasia,épico,DIGITAL,35.74,2,2,DIGITAL,15.00,9999,90,SIM,PEDIDO_CONFIRMADO,VENDA_CONCLUIDA,,4,0.0196
ATD-002120,441,2026-09-13 22:26:00,Preciso de um livro para dar de presente e não sei qual escolher.,presente,PRESENTE,Mistério,intrigante,DIGITAL,46.03,,2,DIGITAL,15.00,9999,65,NAO,RECOMENDACAO,SEM_COMPRA,recomendacao_nao_combinou,3,0.0403
ATD-002121,478,2026-09-13 23:39:00,Preciso de um livro para dar de presente e não sei qual escolher.,presente,PRESENTE,Fantasia,esperançoso,FISICO,45.08,,5,FISICO,27.15,8,63,NAO,RECOMENDACAO,SEM_COMPRA,recomendacao_nao_combinou,1,0.0444
ATD-002122,515,2026-09-14 00:04:00,"Quero continuar uma saga que comecei, mas não sei qual é o próximo volume.",continuacao_de_saga,PROPRIO,Mistério,intrigante,FISICO,28.88,23,23,FISICO,26.75,14,90,SIM,PEDIDO_CONFIRMADO,VENDA_CONCLUIDA,,5,0.0280
ATD-002123,552,2026-09-14 02:00:00,"Quero continuar uma saga que comecei, mas não sei qual é o próximo volume.",continuacao_de_saga,PROPRIO,Romance,emocional,DIGITAL,17.71,,15,DIGITAL,15.45,9999,90,NAO,BUSCA,SEM_COMPRA,nao_encontrou_continuacao,1,0.0452
ATD-002124,589,2026-09-14 02:59:00,Preciso de um livro para dar de presente e não sei qual escolher.,presente,PRESENTE,Mistério,intrigante,FISICO,45.80,,20,FISICO,33.70,17,65,NAO,RECOMENDACAO,SEM_COMPRA,recomendacao_nao_combinou,3,0.0168
ATD-002125,626,2026-09-14 03:54:00,Preciso de um livro para dar de presente e não sei qual escolher.,presente,PRESENTE,Drama,emocional,DIGITAL,13.86,,43,DIGITAL,15.45,9999,65,SIM,PEDIDO_CONFIRMADO,VENDA_CONCLUIDA,,5,0.0290
ATD-002126,663,2026-09-14 05:21:00,Quero algo parecido com os livros que costumo ler.,livro_parecido,PROPRIO,Aventura,inspirador,FISICO,14.99,,20,FISICO,33.70,17,65,NAO,RECOMENDACAO,SEM_COMPRA,preco_acima_do_orcamento,3,0.0129
ATD-002127,700,2026-09-14 06:01:00,Estou procurando um título específico e quero saber se está disponível.,titulo_especifico,PROPRIO,Mistério,intrigante,FISICO,18.81,21,23,FISICO,26.75,14,65,NAO,BUSCA,SEM_COMPRA,livro_procurado_sem_estoque,1,0.0569
ATD-002128,737,2026-09-14 07:52:00,Preciso de um livro para dar de presente e não sei qual escolher.,presente,PRESENTE,Mistério,intrigante,DIGITAL,33.56,,20,DIGITAL,23.70,9999,65,NAO,RECOMENDACAO,SEM_COMPRA,recomendacao_nao_combinou,3,0.0405
ATD-002129,774,2026-09-14 08:36:00,Quero experimentar um gênero novo sem pegar um livro muito difícil.,explorar_novo_genero,PROPRIO,Fantasia,esperançoso,DIGITAL,25.75,,2,DIGITAL,15.00,9999,65,SIM,PEDIDO_CONFIRMADO,VENDA_CONCLUIDA,,5,0.0404
ATD-002130,811,2026-09-14 10:02:00,Estou procurando um título específico e quero saber se está disponível.,titulo_especifico,PROPRIO,Drama,emocional,FISICO,40.83,43,43,FISICO,25.45,10,90,SIM,CHECKOUT,SEM_COMPRA,abandono_no_checkout,2,0.0345
ATD-002131,848,2026-09-14 11:08:00,Quero algo parecido com os livros que costumo ler.,livro_parecido,PROPRIO,Aventura,aventureiro,FISICO,25.59,,29,FISICO,21.95,8,63,SIM,PEDIDO_CONFIRMADO,VENDA_CONCLUIDA,,5,0.0312
ATD-002132,885,2026-09-14 12:23:00,Estou procurando um título específico e quero saber se está disponível.,titulo_especifico,PROPRIO,Aventura,inspirador,DIGITAL,47.15,29,29,DIGITAL,11.95,9999,90,SIM,PEDIDO_CONFIRMADO,VENDA_CONCLUIDA,,4,0.0133
ATD-002133,922,2026-09-14 13:34:00,Quero experimentar um gênero novo sem pegar um livro muito difícil.,explorar_novo_genero,PROPRIO,Romance,emocional,FISICO,42.11,,5,FISICO,27.15,8,63,SIM,PEDIDO_CONFIRMADO,VENDA_CONCLUIDA,,5,0.0126
ATD-002134,959,2026-09-14 14:24:00,Preciso de um livro para dar de presente e não sei qual escolher.,presente,PRESENTE,Fantasia,esperançoso,DIGITAL,29.66,,24,DIGITAL,19.80,9999,65,NAO,RECOMENDACAO,SEM_COMPRA,recomendacao_nao_combinou,4,0.0466
ATD-002135,996,2026-09-14 16:03:00,Estou procurando um título específico e quero saber se está disponível.,titulo_especifico,PROPRIO,Fantasia,épico,FISICO,38.12,4,4,FISICO,31.10,1,90,NAO,RECOMENDACAO,SEM_COMPRA,recomendacao_nao_combinou,3,0.0568
ATD-002136,33,2026-09-14 17:15:00,Quero experimentar um gênero novo sem pegar um livro muito difícil.,explorar_novo_genero,PROPRIO,Mistério,intrigante,DIGITAL,19.82,,21,DIGITAL,10.65,9999,65,SIM,PEDIDO_CONFIRMADO,VENDA_CONCLUIDA,,5,0.0321
ATD-002137,70,2026-09-14 17:57:00,Preciso de um livro para dar de presente e não sei qual escolher.,presente,PRESENTE,Ficção científica,reflexivo,DIGITAL,30.66,,41,DIGITAL,18.45,9999,65,NAO,RECOMENDACAO,SEM_COMPRA,recomendacao_nao_combinou,3,0.0154
ATD-002138,107,2026-09-14 19:38:00,"Quero continuar uma saga que comecei, mas não sei qual é o próximo volume.",continuacao_de_saga,PROPRIO,Romance,emocional,FISICO,15.16,16,13,FISICO,28.45,16,90,NAO,BUSCA,SEM_COMPRA,nao_encontrou_continuacao,1,0.0215
ATD-002139,144,2026-09-14 20:50:00,"Quero continuar uma saga que comecei, mas não sei qual é o próximo volume.",continuacao_de_saga,PROPRIO,Fantasia,épico,FISICO,39.06,,2,FISICO,25.00,11,65,SIM,PEDIDO_CONFIRMADO,VENDA_CONCLUIDA,,5,0.0412
ATD-002140,181,2026-09-14 21:27:00,"Quero continuar uma saga que comecei, mas não sei qual é o próximo volume.",continuacao_de_saga,PROPRIO,Aventura,aventureiro,DIGITAL,31.76,20,17,DIGITAL,14.55,9999,90,NAO,BUSCA,SEM_COMPRA,nao_encontrou_continuacao,3,0.0536
ATD-002141,218,2026-09-14 22:58:00,Quero experimentar um gênero novo sem pegar um livro muito difícil.,explorar_novo_genero,PROPRIO,Mistério,intrigante,FISICO,19.22,,23,FISICO,26.75,14,65,NAO,RECOMENDACAO,SEM_COMPRA,preco_acima_do_orcamento,3,0.0238
ATD-002142,255,2026-09-14 23:50:00,Quero experimentar um gênero novo sem pegar um livro muito difícil.,explorar_novo_genero,PROPRIO,Ficção científica,reflexivo,DIGITAL,32.70,,47,DIGITAL,20.65,9999,65,SIM,CHECKOUT,SEM_COMPRA,abandono_no_checkout,3,0.0450
ATD-002143,292,2026-09-15 01:10:00,Quero experimentar um gênero novo sem pegar um livro muito difícil.,explorar_novo_genero,PROPRIO,Mistério,intrigante,DIGITAL,46.51,,23,DIGITAL,16.75,9999,65,SIM,PEDIDO_CONFIRMADO,VENDA_CONCLUIDA,,5,0.0542
ATD-002144,329,2026-09-15 02:24:00,Preciso de um livro para dar de presente e não sei qual escolher.,presente,PRESENTE,Aventura,aventureiro,FISICO,42.89,,3,FISICO,28.05,18,10,NAO,RECOMENDACAO,SEM_COMPRA,recomendacao_nao_combinou,3,0.0483
ATD-002145,366,2026-09-15 03:26:00,Quero experimentar um gênero novo sem pegar um livro muito difícil.,explorar_novo_genero,PROPRIO,Romance,emocional,FISICO,41.44,,5,FISICO,27.15,8,63,SIM,PEDIDO_CONFIRMADO,VENDA_CONCLUIDA,,4,0.0443
ATD-002146,403,2026-09-15 05:00:00,Quero algo parecido com os livros que costumo ler.,livro_parecido,PROPRIO,Fantasia,épico,DIGITAL,26.04,,1,DIGITAL,11.95,9999,65,SIM,PEDIDO_CONFIRMADO,VENDA_CONCLUIDA,,5,0.0531
ATD-002147,440,2026-09-15 05:55:00,Quero algo parecido com os livros que costumo ler.,livro_parecido,PROPRIO,Romance,emocional,FISICO,47.92,,5,FISICO,27.15,8,63,SIM,PEDIDO_CONFIRMADO,VENDA_CONCLUIDA,,5,0.0196
ATD-002148,477,2026-09-15 07:15:00,"Quero continuar uma saga que comecei, mas não sei qual é o próximo volume.",continuacao_de_saga,PROPRIO,Mistério,intrigante,DIGITAL,12.84,22,22,DIGITAL,13.70,9999,90,NAO,RECOMENDACAO,SEM_COMPRA,preco_acima_do_orcamento,4,0.0189
ATD-002149,514,2026-09-15 08:20:00,Quero algo parecido com os livros que costumo ler.,livro_parecido,PROPRIO,Ficção histórica,melancólico,DIGITAL,45.74,,36,DIGITAL,17.20,9999,65,SIM,PEDIDO_CONFIRMADO,VENDA_CONCLUIDA,,5,0.0353
ATD-002150,551,2026-09-15 09:52:00,Estou procurando um título específico e quero saber se está disponível.,titulo_especifico,PROPRIO,Aventura,aventureiro,FISICO,44.20,31,20,FISICO,33.70,17,65,NAO,BUSCA,SEM_COMPRA,livro_procurado_sem_estoque,2,0.0546
ATD-002151,588,2026-09-15 10:55:00,"Quero continuar uma saga que comecei, mas não sei qual é o próximo volume.",continuacao_de_saga,PROPRIO,Drama,emocional,DIGITAL,39.64,43,41,DIGITAL,18.45,9999,90,NAO,BUSCA,SEM_COMPRA,nao_encontrou_continuacao,3,0.0130
ATD-002152,625,2026-09-15 12:09:00,"Quero continuar uma saga que comecei, mas não sei qual é o próximo volume.",continuacao_de_saga,PROPRIO,Fantasia,esperançoso,FISICO,18.95,,9,FISICO,23.25,12,90,NAO,BUSCA,SEM_COMPRA,nao_encontrou_continuacao,3,0.0538
ATD-002153,662,2026-09-15 13:19:00,Quero algo parecido com os livros que costumo ler.,livro_parecido,PROPRIO,Ficção histórica,melancólico,DIGITAL,42.89,,36,DIGITAL,17.20,9999,65,SIM,PEDIDO_CONFIRMADO,VENDA_CONCLUIDA,,5,0.0388
ATD-002154,699,2026-09-15 14:22:00,Quero algo parecido com os livros que costumo ler.,livro_parecido,PROPRIO,Ficção científica,reflexivo,DIGITAL,32.99,,46,DIGITAL,17.60,9999,65,SIM,PEDIDO_CONFIRMADO,VENDA_CONCLUIDA,,5,0.0155
ATD-002155,736,2026-09-15 15:41:00,Quero experimentar um gênero novo sem pegar um livro muito difícil.,explorar_novo_genero,PROPRIO,Aventura,aventureiro,DIGITAL,42.16,,20,DIGITAL,23.70,9999,65,SIM,PEDIDO_CONFIRMADO,VENDA_CONCLUIDA,,5,0.0204
ATD-002156,773,2026-09-15 16:32:00,Quero algo parecido com os livros que costumo ler.,livro_parecido,PROPRIO,Ficção histórica,melancólico,FISICO,26.34,,33,FISICO,27.15,12,65,NAO,RECOMENDACAO,SEM_COMPRA,preco_acima_do_orcamento,3,0.0400
ATD-002157,810,2026-09-15 18:17:00,"Quero continuar uma saga que comecei, mas não sei qual é o próximo volume.",continuacao_de_saga,PROPRIO,Fantasia,épico,FISICO,30.76,,2,FISICO,25.00,11,90,SIM,PEDIDO_CONFIRMADO,VENDA_CONCLUIDA,,5,0.0157
ATD-002158,847,2026-09-15 18:59:00,Estou procurando um título específico e quero saber se está disponível.,titulo_especifico,PROPRIO,Ficção histórica,melancólico,DIGITAL,23.87,35,35,DIGITAL,14.15,9999,90,NAO,RECOMENDACAO,SEM_COMPRA,apenas_pesquisando,3,0.0436
ATD-002159,884,2026-09-15 20:39:00,Quero algo parecido com os livros que costumo ler.,livro_parecido,PROPRIO,Aventura,inspirador,FISICO,40.70,,17,FISICO,24.55,20,65,SIM,PEDIDO_CONFIRMADO,VENDA_CONCLUIDA,,5,0.0314
ATD-002160,921,2026-09-15 21:28:00,Estou procurando um título específico e quero saber se está disponível.,titulo_especifico,PROPRIO,Fantasia,épico,DIGITAL,15.16,1,1,DIGITAL,11.95,9999,90,SIM,PEDIDO_CONFIRMADO,VENDA_CONCLUIDA,,5,0.0281
ATD-002161,958,2026-09-15 22:17:00,Quero experimentar um gênero novo sem pegar um livro muito difícil.,explorar_novo_genero,PROPRIO,Aventura,inspirador,FISICO,21.51,,20,FISICO,33.70,17,65,NAO,RECOMENDACAO,SEM_COMPRA,apenas_pesquisando,4,0.0232
ATD-002162,995,2026-09-15 23:39:00,Quero experimentar um gênero novo sem pegar um livro muito difícil.,explorar_novo_genero,PROPRIO,Romance,nostálgico,DIGITAL,45.07,,14,DIGITAL,12.40,9999,65,SIM,PEDIDO_CONFIRMADO,VENDA_CONCLUIDA,,4,0.0124
ATD-002163,32,2026-09-16 01:00:00,Preciso de um livro para dar de presente e não sei qual escolher.,presente,PRESENTE,Drama,emocional,DIGITAL,34.53,,28,DIGITAL,15.90,9999,65,NAO,RECOMENDACAO,SEM_COMPRA,recomendacao_nao_combinou,4,0.0249
ATD-002164,69,2026-09-16 02:34:00,"Quero continuar uma saga que comecei, mas não sei qual é o próximo volume.",continuacao_de_saga,PROPRIO,Romance,emocional,FISICO,45.72,15,15,FISICO,25.45,6,90,SIM,PEDIDO_CONFIRMADO,VENDA_CONCLUIDA,,5,0.0357
ATD-002165,106,2026-09-16 02:57:00,Preciso de um livro para dar de presente e não sei qual escolher.,presente,PRESENTE,Fantasia,esperançoso,FISICO,21.20,,28,FISICO,25.90,1,56,NAO,RECOMENDACAO,SEM_COMPRA,recomendacao_nao_combinou,3,0.0506
ATD-002166,143,2026-09-16 04:36:00,"Quero continuar uma saga que comecei, mas não sei qual é o próximo volume.",continuacao_de_saga,PROPRIO,Ficção científica,reflexivo,FISICO,44.92,,47,FISICO,30.65,14,90,NAO,BUSCA,SEM_COMPRA,nao_encontrou_continuacao,3,0.0278
ATD-002167,180,2026-09-16 05:18:00,Quero algo parecido com os livros que costumo ler.,livro_parecido,PROPRIO,Drama,emocional,FISICO,28.15,,43,FISICO,25.45,10,65,SIM,CHECKOUT,SEM_COMPRA,abandono_no_checkout,3,0.0170
ATD-002168,217,2026-09-16 06:40:00,Quero experimentar um gênero novo sem pegar um livro muito difícil.,explorar_novo_genero,PROPRIO,Drama,emocional,DIGITAL,35.13,,43,DIGITAL,15.45,9999,65,SIM,PEDIDO_CONFIRMADO,VENDA_CONCLUIDA,,5,0.0566
ATD-002169,254,2026-09-16 07:55:00,Quero algo parecido com os livros que costumo ler.,livro_parecido,PROPRIO,Aventura,aventureiro,FISICO,21.39,,17,FISICO,24.55,20,65,NAO,RECOMENDACAO,SEM_COMPRA,preco_acima_do_orcamento,2,0.0575
ATD-002170,291,2026-09-16 09:15:00,Quero algo parecido com os livros que costumo ler.,livro_parecido,PROPRIO,Fantasia,épico,FISICO,12.77,,2,FISICO,25.00,11,65,NAO,RECOMENDACAO,SEM_COMPRA,preco_acima_do_orcamento,3,0.0151
ATD-002171,328,2026-09-16 10:33:00,Preciso de um livro para dar de presente e não sei qual escolher.,presente,PRESENTE,Mistério,intrigante,DIGITAL,30.48,,1,DIGITAL,11.95,9999,65,SIM,PEDIDO_CONFIRMADO,VENDA_CONCLUIDA,,5,0.0510
ATD-002172,365,2026-09-16 11:28:00,Preciso de um livro para dar de presente e não sei qual escolher.,presente,PRESENTE,Aventura,inspirador,FISICO,39.85,,46,FISICO,27.60,7,62,NAO,RECOMENDACAO,SEM_COMPRA,recomendacao_nao_combinou,1,0.0311
ATD-002173,402,2026-09-16 13:11:00,"Quero continuar uma saga que comecei, mas não sei qual é o próximo volume.",continuacao_de_saga,PROPRIO,Ficção científica,reflexivo,DIGITAL,38.86,46,46,DIGITAL,17.60,9999,90,SIM,CHECKOUT,SEM_COMPRA,abandono_no_checkout,3,0.0545
ATD-002174,439,2026-09-16 13:41:00,Preciso de um livro para dar de presente e não sei qual escolher.,presente,PRESENTE,Ficção contemporânea,acolhedor,DIGITAL,42.07,,35,DIGITAL,14.15,9999,65,NAO,RECOMENDACAO,SEM_COMPRA,apenas_pesquisando,2,0.0493
ATD-002175,476,2026-09-16 15:16:00,"Quero continuar uma saga que comecei, mas não sei qual é o próximo volume.",continuacao_de_saga,PROPRIO,Romance,emocional,DIGITAL,22.61,,14,DIGITAL,12.40,9999,90,NAO,BUSCA,SEM_COMPRA,nao_encontrou_continuacao,4,0.0144
ATD-002176,513,2026-09-16 15:59:00,Quero algo parecido com os livros que costumo ler.,livro_parecido,PROPRIO,Ficção científica,reflexivo,DIGITAL,18.30,,46,DIGITAL,17.60,9999,65,SIM,CHECKOUT,SEM_COMPRA,abandono_no_checkout,3,0.0391
ATD-002177,550,2026-09-16 17:15:00,Quero algo parecido com os livros que costumo ler.,livro_parecido,PROPRIO,Fantasia,esperançoso,FISICO,47.58,,3,FISICO,28.05,18,65,NAO,RECOMENDACAO,SEM_COMPRA,recomendacao_nao_combinou,3,0.0219
ATD-002178,587,2026-09-16 18:21:00,Quero algo parecido com os livros que costumo ler.,livro_parecido,PROPRIO,Ficção científica,reflexivo,DIGITAL,13.90,,47,DIGITAL,20.65,9999,65,NAO,RECOMENDACAO,SEM_COMPRA,preco_acima_do_orcamento,2,0.0295
ATD-002179,624,2026-09-16 19:55:00,"Quero continuar uma saga que comecei, mas não sei qual é o próximo volume.",continuacao_de_saga,PROPRIO,Aventura,inspirador,FISICO,37.74,30,30,FISICO,25.00,15,90,SIM,PEDIDO_CONFIRMADO,VENDA_CONCLUIDA,,4,0.0459
ATD-002180,661,2026-09-16 21:16:00,Quero algo parecido com os livros que costumo ler.,livro_parecido,PROPRIO,Aventura,inspirador,FISICO,34.73,,19,FISICO,30.65,10,65,SIM,PEDIDO_CONFIRMADO,VENDA_CONCLUIDA,,4,0.0577
ATD-002181,698,2026-09-16 22:01:00,Quero algo parecido com os livros que costumo ler.,livro_parecido,PROPRIO,Fantasia,épico,FISICO,18.10,,3,FISICO,28.05,18,65,SIM,PEDIDO_CONFIRMADO,VENDA_CONCLUIDA,,5,0.0240
ATD-002182,735,2026-09-16 23:16:00,Preciso de um livro para dar de presente e não sei qual escolher.,presente,PRESENTE,Fantasia,épico,DIGITAL,33.41,,44,DIGITAL,18.50,9999,65,NAO,RECOMENDACAO,SEM_COMPRA,recomendacao_nao_combinou,3,0.0398
ATD-002183,772,2026-09-17 00:38:00,"Quero continuar uma saga que comecei, mas não sei qual é o próximo volume.",continuacao_de_saga,PROPRIO,Ficção contemporânea,acolhedor,DIGITAL,16.63,,27,DIGITAL,21.95,9999,90,SIM,PEDIDO_CONFIRMADO,VENDA_CONCLUIDA,,5,0.0124
ATD-002184,809,2026-09-17 01:52:00,Quero algo parecido com os livros que costumo ler.,livro_parecido,PROPRIO,Fantasia,épico,FISICO,33.85,,2,FISICO,25.00,11,65,SIM,PEDIDO_CONFIRMADO,VENDA_CONCLUIDA,,5,0.0145
ATD-002185,846,2026-09-17 03:20:00,"Quero continuar uma saga que comecei, mas não sei qual é o próximo volume.",continuacao_de_saga,PROPRIO,Aventura,inspirador,DIGITAL,40.04,32,29,DIGITAL,11.95,9999,90,NAO,BUSCA,SEM_COMPRA,nao_encontrou_continuacao,3,0.0378
ATD-002186,883,2026-09-17 03:47:00,Quero algo parecido com os livros que costumo ler.,livro_parecido,PROPRIO,Romance,emocional,DIGITAL,30.43,,13,DIGITAL,18.45,9999,65,SIM,PEDIDO_CONFIRMADO,VENDA_CONCLUIDA,,5,0.0367
ATD-002187,920,2026-09-17 05:29:00,"Quero continuar uma saga que comecei, mas não sei qual é o próximo volume.",continuacao_de_saga,PROPRIO,Ficção científica,reflexivo,FISICO,19.73,47,47,FISICO,30.65,14,90,NAO,RECOMENDACAO,SEM_COMPRA,preco_acima_do_orcamento,3,0.0547
ATD-002188,957,2026-09-17 06:42:00,"Quero continuar uma saga que comecei, mas não sei qual é o próximo volume.",continuacao_de_saga,PROPRIO,Aventura,inspirador,FISICO,33.04,,30,FISICO,25.00,15,90,SIM,PEDIDO_CONFIRMADO,VENDA_CONCLUIDA,,5,0.0568
ATD-002189,994,2026-09-17 07:57:00,Estou procurando um título específico e quero saber se está disponível.,titulo_especifico,PROPRIO,Ficção histórica,melancólico,FISICO,18.65,35,35,FISICO,24.15,2,90,NAO,RECOMENDACAO,SEM_COMPRA,preco_acima_do_orcamento,3,0.0315
ATD-002190,31,2026-09-17 09:15:00,Quero algo parecido com os livros que costumo ler.,livro_parecido,PROPRIO,Aventura,inspirador,DIGITAL,33.35,,20,DIGITAL,23.70,9999,65,NAO,RECOMENDACAO,SEM_COMPRA,recomendacao_nao_combinou,3,0.0258
ATD-002191,68,2026-09-17 10:19:00,"Quero continuar uma saga que comecei, mas não sei qual é o próximo volume.",continuacao_de_saga,PROPRIO,Ficção científica,reflexivo,FISICO,45.01,,46,FISICO,27.60,7,87,SIM,PEDIDO_CONFIRMADO,VENDA_CONCLUIDA,,4,0.0461
ATD-002192,105,2026-09-17 11:42:00,Quero experimentar um gênero novo sem pegar um livro muito difícil.,explorar_novo_genero,PROPRIO,Fantasia,esperançoso,FISICO,13.33,,37,FISICO,23.25,16,65,NAO,RECOMENDACAO,SEM_COMPRA,preco_acima_do_orcamento,2,0.0358
ATD-002193,142,2026-09-17 12:16:00,Quero experimentar um gênero novo sem pegar um livro muito difícil.,explorar_novo_genero,PROPRIO,Ficção científica,reflexivo,FISICO,47.32,,46,FISICO,27.60,7,62,SIM,PEDIDO_CONFIRMADO,VENDA_CONCLUIDA,,4,0.0283
ATD-002194,179,2026-09-17 13:31:00,"Quero continuar uma saga que comecei, mas não sei qual é o próximo volume.",continuacao_de_saga,PROPRIO,Romance,emocional,FISICO,13.85,,15,FISICO,25.45,6,86,NAO,RECOMENDACAO,SEM_COMPRA,preco_acima_do_orcamento,4,0.0405
ATD-002195,216,2026-09-17 14:57:00,Quero algo parecido com os livros que costumo ler.,livro_parecido,PROPRIO,Fantasia,épico,DIGITAL,46.78,,3,DIGITAL,18.05,9999,65,SIM,PEDIDO_CONFIRMADO,VENDA_CONCLUIDA,,4,0.0129
ATD-002196,253,2026-09-17 16:17:00,Quero algo parecido com os livros que costumo ler.,livro_parecido,PROPRIO,Aventura,aventureiro,FISICO,28.41,,30,FISICO,25.00,15,65,NAO,RECOMENDACAO,SEM_COMPRA,recomendacao_nao_combinou,4,0.0263
ATD-002197,290,2026-09-17 17:17:00,Preciso de um livro para dar de presente e não sei qual escolher.,presente,PRESENTE,Romance,nostálgico,DIGITAL,47.54,,20,DIGITAL,23.70,9999,65,NAO,RECOMENDACAO,SEM_COMPRA,recomendacao_nao_combinou,2,0.0417
ATD-002198,327,2026-09-17 18:45:00,Estou procurando um título específico e quero saber se está disponível.,titulo_especifico,PROPRIO,Ficção contemporânea,acolhedor,FISICO,45.64,28,28,FISICO,25.90,1,90,SIM,PEDIDO_CONFIRMADO,VENDA_CONCLUIDA,,5,0.0365
ATD-002199,364,2026-09-17 19:41:00,Preciso de um livro para dar de presente e não sei qual escolher.,presente,PRESENTE,Drama,emocional,FISICO,16.39,,2,FISICO,25.00,11,10,NAO,RECOMENDACAO,SEM_COMPRA,recomendacao_nao_combinou,2,0.0539
ATD-002200,401,2026-09-17 20:31:00,"Quero continuar uma saga que comecei, mas não sei qual é o próximo volume.",continuacao_de_saga,PROPRIO,Romance,nostálgico,DIGITAL,35.04,,6,DIGITAL,20.20,9999,90,NAO,BUSCA,SEM_COMPRA,nao_encontrou_continuacao,2,0.0468
ATD-002201,438,2026-09-17 21:53:00,Preciso de um livro para dar de presente e não sei qual escolher.,presente,PRESENTE,Drama,emocional,DIGITAL,31.15,,18,DIGITAL,17.60,9999,65,NAO,RECOMENDACAO,SEM_COMPRA,recomendacao_nao_combinou,3,0.0302
ATD-002202,475,2026-09-17 22:59:00,Preciso de um livro para dar de presente e não sei qual escolher.,presente,PRESENTE,Aventura,inspirador,DIGITAL,28.17,,45,DIGITAL,14.55,9999,65,NAO,RECOMENDACAO,SEM_COMPRA,recomendacao_nao_combinou,4,0.0501
ATD-002203,512,2026-09-18 00:08:00,"Quero continuar uma saga que comecei, mas não sei qual é o próximo volume.",continuacao_de_saga,PROPRIO,Fantasia,esperançoso,DIGITAL,14.00,12,12,DIGITAL,22.40,9999,90,NAO,RECOMENDACAO,SEM_COMPRA,preco_acima_do_orcamento,3,0.0151
ATD-002204,549,2026-09-18 01:08:00,Quero experimentar um gênero novo sem pegar um livro muito difícil.,explorar_novo_genero,PROPRIO,Mistério,intrigante,FISICO,28.79,,22,FISICO,23.70,7,62,SIM,PEDIDO_CONFIRMADO,VENDA_CONCLUIDA,,5,0.0523
ATD-002205,586,2026-09-18 02:53:00,Quero algo parecido com os livros que costumo ler.,livro_parecido,PROPRIO,Ficção histórica,melancólico,FISICO,17.02,,34,FISICO,30.20,19,65,NAO,RECOMENDACAO,SEM_COMPRA,preco_acima_do_orcamento,3,0.0452
ATD-002206,623,2026-09-18 03:53:00,"Quero continuar uma saga que comecei, mas não sei qual é o próximo volume.",continuacao_de_saga,PROPRIO,Drama,emocional,FISICO,31.24,,41,FISICO,28.45,20,90,NAO,BUSCA,SEM_COMPRA,nao_encontrou_continuacao,4,0.0450
ATD-002207,660,2026-09-18 05:17:00,Quero algo parecido com os livros que costumo ler.,livro_parecido,PROPRIO,Aventura,aventureiro,FISICO,45.87,,30,FISICO,25.00,15,65,NAO,RECOMENDACAO,SEM_COMPRA,recomendacao_nao_combinou,3,0.0494
ATD-002208,697,2026-09-18 06:23:00,"Quero continuar uma saga que comecei, mas não sei qual é o próximo volume.",continuacao_de_saga,PROPRIO,Ficção científica,reflexivo,DIGITAL,12.95,46,47,DIGITAL,20.65,9999,90,NAO,BUSCA,SEM_COMPRA,nao_encontrou_continuacao,3,0.0200
ATD-002209,734,2026-09-18 07:39:00,Preciso de um livro para dar de presente e não sei qual escolher.,presente,PRESENTE,Mistério,intrigante,DIGITAL,23.77,,22,DIGITAL,13.70,9999,65,NAO,RECOMENDACAO,SEM_COMPRA,recomendacao_nao_combinou,2,0.0376
ATD-002210,771,2026-09-18 08:18:00,Preciso de um livro para dar de presente e não sei qual escolher.,presente,PRESENTE,Romance,nostálgico,DIGITAL,46.85,,19,DIGITAL,20.65,9999,65,NAO,RECOMENDACAO,SEM_COMPRA,recomendacao_nao_combinou,3,0.0228
ATD-002211,808,2026-09-18 09:35:00,Preciso de um livro para dar de presente e não sei qual escolher.,presente,PRESENTE,Fantasia,esperançoso,DIGITAL,34.54,,8,DIGITAL,17.20,9999,65,NAO,RECOMENDACAO,SEM_COMPRA,recomendacao_nao_combinou,4,0.0189
ATD-002212,845,2026-09-18 11:18:00,Quero algo parecido com os livros que costumo ler.,livro_parecido,PROPRIO,Ficção contemporânea,acolhedor,DIGITAL,24.08,,25,DIGITAL,15.85,9999,65,SIM,PEDIDO_CONFIRMADO,VENDA_CONCLUIDA,,4,0.0279
ATD-002213,882,2026-09-18 12:14:00,Preciso de um livro para dar de presente e não sei qual escolher.,presente,PRESENTE,Ficção científica,reflexivo,FISICO,41.35,,6,FISICO,30.20,15,10,SIM,CHECKOUT,SEM_COMPRA,abandono_no_checkout,2,0.0503
ATD-002214,919,2026-09-18 13:15:00,Estou procurando um título específico e quero saber se está disponível.,titulo_especifico,PROPRIO,Mistério,intrigante,DIGITAL,45.76,21,21,DIGITAL,10.65,9999,90,NAO,RECOMENDACAO,SEM_COMPRA,apenas_pesquisando,3,0.0271
ATD-002215,956,2026-09-18 14:27:00,Quero experimentar um gênero novo sem pegar um livro muito difícil.,explorar_novo_genero,PROPRIO,Aventura,aventureiro,DIGITAL,32.45,,20,DIGITAL,23.70,9999,65,SIM,PEDIDO_CONFIRMADO,VENDA_CONCLUIDA,,4,0.0310
ATD-002216,993,2026-09-18 15:24:00,Quero algo parecido com os livros que costumo ler.,livro_parecido,PROPRIO,Fantasia,esperançoso,DIGITAL,19.37,,2,DIGITAL,15.00,9999,65,NAO,RECOMENDACAO,SEM_COMPRA,recomendacao_nao_combinou,4,0.0265
ATD-002217,30,2026-09-18 16:33:00,Estou procurando um título específico e quero saber se está disponível.,titulo_especifico,PROPRIO,Mistério,intrigante,DIGITAL,28.40,23,23,DIGITAL,16.75,9999,90,SIM,PEDIDO_CONFIRMADO,VENDA_CONCLUIDA,,5,0.0259
ATD-002218,67,2026-09-18 18:10:00,"Quero continuar uma saga que comecei, mas não sei qual é o próximo volume.",continuacao_de_saga,PROPRIO,Ficção científica,reflexivo,DIGITAL,42.41,,47,DIGITAL,20.65,9999,90,NAO,BUSCA,SEM_COMPRA,nao_encontrou_continuacao,2,0.0147
ATD-002219,104,2026-09-18 19:33:00,Estou procurando um título específico e quero saber se está disponível.,titulo_especifico,PROPRIO,Fantasia,épico,DIGITAL,41.73,38,38,DIGITAL,16.30,9999,90,SIM,PEDIDO_CONFIRMADO,VENDA_CONCLUIDA,,5,0.0347
ATD-002220,141,2026-09-18 20:08:00,"Quero continuar uma saga que comecei, mas não sei qual é o próximo volume.",continuacao_de_saga,PROPRIO,Romance,emocional,FISICO,30.43,16,16,FISICO,28.50,13,90,SIM,PEDIDO_CONFIRMADO,VENDA_CONCLUIDA,,4,0.0216
ATD-002221,178,2026-09-18 21:11:00,Quero algo parecido com os livros que costumo ler.,livro_parecido,PROPRIO,Romance,emocional,DIGITAL,19.15,,13,DIGITAL,18.45,9999,65,SIM,PEDIDO_CONFIRMADO,VENDA_CONCLUIDA,,4,0.0169
ATD-002222,215,2026-09-18 22:45:00,"Quero continuar uma saga que comecei, mas não sei qual é o próximo volume.",continuacao_de_saga,PROPRIO,Aventura,inspirador,DIGITAL,25.75,,29,DIGITAL,11.95,9999,90,NAO,BUSCA,SEM_COMPRA,nao_encontrou_continuacao,3,0.0276
ATD-002223,252,2026-09-18 23:58:00,Quero algo parecido com os livros que costumo ler.,livro_parecido,PROPRIO,Fantasia,esperançoso,FISICO,38.72,,10,FISICO,26.30,19,65,SIM,PEDIDO_CONFIRMADO,VENDA_CONCLUIDA,,5,0.0135
ATD-002224,289,2026-09-19 00:53:00,Preciso de um livro para dar de presente e não sei qual escolher.,presente,PRESENTE,Mistério,intrigante,FISICO,32.12,,47,FISICO,30.65,14,65,NAO,RECOMENDACAO,SEM_COMPRA,recomendacao_nao_combinou,3,0.0398
ATD-002225,326,2026-09-19 02:14:00,Estou procurando um título específico e quero saber se está disponível.,titulo_especifico,PROPRIO,Aventura,aventureiro,DIGITAL,34.56,29,29,DIGITAL,11.95,9999,90,NAO,RECOMENDACAO,SEM_COMPRA,recomendacao_nao_combinou,3,0.0412
ATD-002226,363,2026-09-19 03:29:00,"Quero continuar uma saga que comecei, mas não sei qual é o próximo volume.",continuacao_de_saga,PROPRIO,Ficção científica,reflexivo,DIGITAL,36.05,47,47,DIGITAL,20.65,9999,90,SIM,PEDIDO_CONFIRMADO,VENDA_CONCLUIDA,,4,0.0351
ATD-002227,400,2026-09-19 05:05:00,Quero experimentar um gênero novo sem pegar um livro muito difícil.,explorar_novo_genero,PROPRIO,Ficção contemporânea,acolhedor,FISICO,40.33,,27,FISICO,31.95,18,65,SIM,PEDIDO_CONFIRMADO,VENDA_CONCLUIDA,,5,0.0554
ATD-002228,437,2026-09-19 05:59:00,"Quero continuar uma saga que comecei, mas não sei qual é o próximo volume.",continuacao_de_saga,PROPRIO,Ficção científica,reflexivo,FISICO,42.57,48,46,FISICO,27.60,7,87,NAO,BUSCA,SEM_COMPRA,nao_encontrou_continuacao,4,0.0499
ATD-002229,474,2026-09-19 06:53:00,"Quero continuar uma saga que comecei, mas não sei qual é o próximo volume.",continuacao_de_saga,PROPRIO,Mistério,intrigante,FISICO,24.70,24,22,FISICO,23.70,7,87,SIM,CHECKOUT,SEM_COMPRA,abandono_no_checkout,3,0.0121
ATD-002230,511,2026-09-19 08:32:00,Quero experimentar um gênero novo sem pegar um livro muito difícil.,explorar_novo_genero,PROPRIO,Ficção científica,reflexivo,DIGITAL,33.72,,46,DIGITAL,17.60,9999,65,SIM,CHECKOUT,SEM_COMPRA,abandono_no_checkout,2,0.0463
ATD-002231,548,2026-09-19 09:48:00,Quero algo parecido com os livros que costumo ler.,livro_parecido,PROPRIO,Mistério,intrigante,DIGITAL,45.98,,22,DIGITAL,13.70,9999,65,SIM,PEDIDO_CONFIRMADO,VENDA_CONCLUIDA,,5,0.0175
ATD-002232,585,2026-09-19 10:49:00,"Quero continuar uma saga que comecei, mas não sei qual é o próximo volume.",continuacao_de_saga,PROPRIO,Fantasia,épico,DIGITAL,43.97,40,38,DIGITAL,16.30,9999,90,NAO,BUSCA,SEM_COMPRA,nao_encontrou_continuacao,4,0.0175
ATD-002233,622,2026-09-19 11:23:00,Quero algo parecido com os livros que costumo ler.,livro_parecido,PROPRIO,Ficção contemporânea,acolhedor,DIGITAL,30.33,,28,DIGITAL,15.90,9999,65,SIM,PEDIDO_CONFIRMADO,VENDA_CONCLUIDA,,5,0.0337
ATD-002234,659,2026-09-19 12:42:00,Quero algo parecido com os livros que costumo ler.,livro_parecido,PROPRIO,Ficção científica,reflexivo,DIGITAL,28.14,,47,DIGITAL,20.65,9999,65,NAO,RECOMENDACAO,SEM_COMPRA,recomendacao_nao_combinou,3,0.0303
ATD-002235,696,2026-09-19 14:33:00,Estou procurando um título específico e quero saber se está disponível.,titulo_especifico,PROPRIO,Fantasia,esperançoso,DIGITAL,35.93,10,10,DIGITAL,16.30,9999,90,NAO,RECOMENDACAO,SEM_COMPRA,recomendacao_nao_combinou,4,0.0340
ATD-002236,733,2026-09-19 14:58:00,Preciso de um livro para dar de presente e não sei qual escolher.,presente,PRESENTE,Mistério,intrigante,DIGITAL,27.54,,21,DIGITAL,10.65,9999,65,SIM,PEDIDO_CONFIRMADO,VENDA_CONCLUIDA,,4,0.0536
ATD-002237,770,2026-09-19 16:54:00,"Quero continuar uma saga que comecei, mas não sei qual é o próximo volume.",continuacao_de_saga,PROPRIO,Ficção contemporânea,acolhedor,FISICO,21.25,,27,FISICO,31.95,18,90,NAO,BUSCA,SEM_COMPRA,nao_encontrou_continuacao,2,0.0469
ATD-002238,807,2026-09-19 18:08:00,"Quero continuar uma saga que comecei, mas não sei qual é o próximo volume.",continuacao_de_saga,PROPRIO,Aventura,inspirador,FISICO,39.48,30,30,FISICO,25.00,15,90,SIM,PEDIDO_CONFIRMADO,VENDA_CONCLUIDA,,5,0.0175
ATD-002239,844,2026-09-19 18:38:00,Quero algo parecido com os livros que costumo ler.,livro_parecido,PROPRIO,Fantasia,esperançoso,DIGITAL,19.27,,1,DIGITAL,11.95,9999,65,SIM,PEDIDO_CONFIRMADO,VENDA_CONCLUIDA,,5,0.0168
ATD-002240,881,2026-09-19 19:46:00,Estou procurando um título específico e quero saber se está disponível.,titulo_especifico,PROPRIO,Romance,emocional,FISICO,25.81,5,5,FISICO,27.15,8,90,NAO,RECOMENDACAO,SEM_COMPRA,preco_acima_do_orcamento,3,0.0474
ATD-002241,918,2026-09-19 21:09:00,Quero experimentar um gênero novo sem pegar um livro muito difícil.,explorar_novo_genero,PROPRIO,Ficção científica,reflexivo,DIGITAL,35.28,,47,DIGITAL,20.65,9999,65,NAO,RECOMENDACAO,SEM_COMPRA,apenas_pesquisando,4,0.0367
ATD-002242,955,2026-09-19 22:29:00,Quero experimentar um gênero novo sem pegar um livro muito difícil.,explorar_novo_genero,PROPRIO,Romance,nostálgico,FISICO,41.41,,13,FISICO,28.45,16,65,NAO,RECOMENDACAO,SEM_COMPRA,recomendacao_nao_combinou,2,0.0166
ATD-002243,992,2026-09-19 23:48:00,"Quero continuar uma saga que comecei, mas não sei qual é o próximo volume.",continuacao_de_saga,PROPRIO,Drama,emocional,FISICO,42.81,,2,FISICO,25.00,11,10,NAO,BUSCA,SEM_COMPRA,nao_encontrou_continuacao,2,0.0496
ATD-002244,29,2026-09-20 00:50:00,Quero experimentar um gênero novo sem pegar um livro muito difícil.,explorar_novo_genero,PROPRIO,Mistério,intrigante,DIGITAL,34.09,,23,DIGITAL,16.75,9999,65,NAO,RECOMENDACAO,SEM_COMPRA,recomendacao_nao_combinou,3,0.0524
ATD-002245,66,2026-09-20 01:56:00,"Quero continuar uma saga que comecei, mas não sei qual é o próximo volume.",continuacao_de_saga,PROPRIO,Ficção científica,reflexivo,DIGITAL,30.13,46,46,DIGITAL,17.60,9999,90,SIM,PEDIDO_CONFIRMADO,VENDA_CONCLUIDA,,4,0.0245
ATD-002246,103,2026-09-20 02:54:00,Quero algo parecido com os livros que costumo ler.,livro_parecido,PROPRIO,Fantasia,esperançoso,FISICO,40.19,,3,FISICO,28.05,18,65,NAO,RECOMENDACAO,SEM_COMPRA,apenas_pesquisando,3,0.0388
ATD-002247,140,2026-09-20 04:25:00,Quero algo parecido com os livros que costumo ler.,livro_parecido,PROPRIO,Ficção científica,reflexivo,DIGITAL,25.24,,47,DIGITAL,20.65,9999,65,NAO,RECOMENDACAO,SEM_COMPRA,apenas_pesquisando,1,0.0404
ATD-002248,177,2026-09-20 05:41:00,"Quero continuar uma saga que comecei, mas não sei qual é o próximo volume.",continuacao_de_saga,PROPRIO,Fantasia,esperançoso,FISICO,16.18,10,10,FISICO,26.30,19,90,NAO,RECOMENDACAO,SEM_COMPRA,preco_acima_do_orcamento,4,0.0479
ATD-002249,214,2026-09-20 06:46:00,Estou procurando um título específico e quero saber se está disponível.,titulo_especifico,PROPRIO,Drama,emocional,DIGITAL,25.73,42,42,DIGITAL,12.40,9999,90,SIM,PEDIDO_CONFIRMADO,VENDA_CONCLUIDA,,5,0.0549
ATD-002250,251,2026-09-20 07:50:00,Estou procurando um título específico e quero saber se está disponível.,titulo_especifico,PROPRIO,Fantasia,épico,FISICO,46.32,11,11,FISICO,29.35,2,90,SIM,PEDIDO_CONFIRMADO,VENDA_CONCLUIDA,,5,0.0195
ATD-002251,288,2026-09-20 08:43:00,Quero algo parecido com os livros que costumo ler.,livro_parecido,PROPRIO,Mistério,intrigante,DIGITAL,44.96,,23,DIGITAL,16.75,9999,65,SIM,PEDIDO_CONFIRMADO,VENDA_CONCLUIDA,,4,0.0539
ATD-002252,325,2026-09-20 10:08:00,Quero algo parecido com os livros que costumo ler.,livro_parecido,PROPRIO,Aventura,aventureiro,FISICO,18.90,,19,FISICO,30.65,10,65,NAO,RECOMENDACAO,SEM_COMPRA,preco_acima_do_orcamento,3,0.0433
ATD-002253,362,2026-09-20 11:42:00,Quero algo parecido com os livros que costumo ler.,livro_parecido,PROPRIO,Romance,nostálgico,DIGITAL,41.52,,7,DIGITAL,14.15,9999,65,NAO,RECOMENDACAO,SEM_COMPRA,apenas_pesquisando,2,0.0453
ATD-002254,399,2026-09-20 12:53:00,Quero algo parecido com os livros que costumo ler.,livro_parecido,PROPRIO,Fantasia,esperançoso,FISICO,37.85,,10,FISICO,26.30,19,65,SIM,PEDIDO_CONFIRMADO,VENDA_CONCLUIDA,,5,0.0169
ATD-002255,436,2026-09-20 14:02:00,Estou procurando um título específico e quero saber se está disponível.,titulo_especifico,PROPRIO,Ficção histórica,melancólico,FISICO,22.90,33,33,FISICO,27.15,12,90,NAO,RECOMENDACAO,SEM_COMPRA,preco_acima_do_orcamento,3,0.0369
ATD-002256,473,2026-09-20 15:14:00,"Quero continuar uma saga que comecei, mas não sei qual é o próximo volume.",continuacao_de_saga,PROPRIO,Ficção contemporânea,acolhedor,DIGITAL,22.61,26,28,DIGITAL,15.90,9999,90,NAO,BUSCA,SEM_COMPRA,nao_encontrou_continuacao,4,0.0436
ATD-002257,510,2026-09-20 16:15:00,Quero algo parecido com os livros que costumo ler.,livro_parecido,PROPRIO,Drama,emocional,FISICO,43.73,,41,FISICO,28.45,20,65,SIM,PEDIDO_CONFIRMADO,VENDA_CONCLUIDA,,5,0.0498
ATD-002258,547,2026-09-20 16:58:00,Preciso de um livro para dar de presente e não sei qual escolher.,presente,PRESENTE,Ficção científica,reflexivo,FISICO,34.50,,42,FISICO,22.40,3,58,NAO,RECOMENDACAO,SEM_COMPRA,recomendacao_nao_combinou,3,0.0523
ATD-002259,584,2026-09-20 18:18:00,"Quero continuar uma saga que comecei, mas não sei qual é o próximo volume.",continuacao_de_saga,PROPRIO,Romance,emocional,FISICO,34.51,16,16,FISICO,28.50,13,90,SIM,PEDIDO_CONFIRMADO,VENDA_CONCLUIDA,,4,0.0571
ATD-002260,621,2026-09-20 19:58:00,Estou procurando um título específico e quero saber se está disponível.,titulo_especifico,PROPRIO,Ficção histórica,melancólico,FISICO,39.72,35,35,FISICO,24.15,2,90,SIM,PEDIDO_CONFIRMADO,VENDA_CONCLUIDA,,5,0.0311
ATD-002261,658,2026-09-20 20:37:00,Quero algo parecido com os livros que costumo ler.,livro_parecido,PROPRIO,Drama,emocional,FISICO,29.01,,42,FISICO,22.40,3,58,SIM,PEDIDO_CONFIRMADO,VENDA_CONCLUIDA,,5,0.0416
ATD-002262,695,2026-09-20 22:32:00,"Quero continuar uma saga que comecei, mas não sei qual é o próximo volume.",continuacao_de_saga,PROPRIO,Drama,emocional,DIGITAL,14.31,44,42,DIGITAL,12.40,9999,90,NAO,BUSCA,SEM_COMPRA,nao_encontrou_continuacao,3,0.0352
ATD-002263,732,2026-09-20 23:32:00,Preciso de um livro para dar de presente e não sei qual escolher.,presente,PRESENTE,Ficção científica,reflexivo,DIGITAL,33.43,,9,DIGITAL,13.25,9999,65,NAO,RECOMENDACAO,SEM_COMPRA,recomendacao_nao_combinou,4,0.0449
ATD-002264,769,2026-09-21 00:04:00,Quero experimentar um gênero novo sem pegar um livro muito difícil.,explorar_novo_genero,PROPRIO,Ficção histórica,melancólico,DIGITAL,27.18,,35,DIGITAL,14.15,9999,65,SIM,PEDIDO_CONFIRMADO,VENDA_CONCLUIDA,,5,0.0424
ATD-002265,806,2026-09-21 01:40:00,"Quero continuar uma saga que comecei, mas não sei qual é o próximo volume.",continuacao_de_saga,PROPRIO,Romance,emocional,DIGITAL,25.15,16,16,DIGITAL,18.50,9999,90,SIM,PEDIDO_CONFIRMADO,VENDA_CONCLUIDA,,5,0.0220
ATD-002266,843,2026-09-21 02:48:00,Quero algo parecido com os livros que costumo ler.,livro_parecido,PROPRIO,Fantasia,épico,DIGITAL,42.63,,3,DIGITAL,18.05,9999,65,SIM,PEDIDO_CONFIRMADO,VENDA_CONCLUIDA,,5,0.0412
ATD-002267,880,2026-09-21 03:54:00,"Quero continuar uma saga que comecei, mas não sei qual é o próximo volume.",continuacao_de_saga,PROPRIO,Romance,nostálgico,DIGITAL,30.72,6,6,DIGITAL,20.20,9999,90,SIM,PEDIDO_CONFIRMADO,VENDA_CONCLUIDA,,4,0.0275
ATD-002268,917,2026-09-21 05:01:00,Quero algo parecido com os livros que costumo ler.,livro_parecido,PROPRIO,Romance,nostálgico,DIGITAL,39.85,,5,DIGITAL,17.15,9999,65,SIM,PEDIDO_CONFIRMADO,VENDA_CONCLUIDA,,4,0.0307
ATD-002269,954,2026-09-21 06:06:00,Quero algo parecido com os livros que costumo ler.,livro_parecido,PROPRIO,Ficção científica,reflexivo,DIGITAL,29.24,,45,DIGITAL,14.55,9999,65,SIM,PEDIDO_CONFIRMADO,VENDA_CONCLUIDA,,5,0.0247
ATD-002270,991,2026-09-21 07:17:00,Estou procurando um título específico e quero saber se está disponível.,titulo_especifico,PROPRIO,Aventura,aventureiro,FISICO,24.54,29,29,FISICO,21.95,8,90,SIM,PEDIDO_CONFIRMADO,VENDA_CONCLUIDA,,5,0.0273
ATD-002271,28,2026-09-21 08:38:00,"Quero continuar uma saga que comecei, mas não sei qual é o próximo volume.",continuacao_de_saga,PROPRIO,Aventura,inspirador,FISICO,40.79,,30,FISICO,25.00,15,90,SIM,PEDIDO_CONFIRMADO,VENDA_CONCLUIDA,,5,0.0314
ATD-002272,65,2026-09-21 09:41:00,"Quero continuar uma saga que comecei, mas não sei qual é o próximo volume.",continuacao_de_saga,PROPRIO,Romance,emocional,FISICO,14.56,14,16,FISICO,28.50,13,90,NAO,BUSCA,SEM_COMPRA,nao_encontrou_continuacao,3,0.0149
ATD-002273,102,2026-09-21 10:46:00,Preciso de um livro para dar de presente e não sei qual escolher.,presente,PRESENTE,Mistério,intrigante,FISICO,28.88,,2,FISICO,25.00,11,65,NAO,RECOMENDACAO,SEM_COMPRA,recomendacao_nao_combinou,3,0.0416
ATD-002274,139,2026-09-21 12:19:00,"Quero continuar uma saga que comecei, mas não sei qual é o próximo volume.",continuacao_de_saga,PROPRIO,Aventura,inspirador,FISICO,22.76,30,30,FISICO,25.00,15,90,NAO,RECOMENDACAO,SEM_COMPRA,preco_acima_do_orcamento,3,0.0344
ATD-002275,176,2026-09-21 13:15:00,"Quero continuar uma saga que comecei, mas não sei qual é o próximo volume.",continuacao_de_saga,PROPRIO,Drama,emocional,DIGITAL,15.74,44,42,DIGITAL,12.40,9999,90,NAO,BUSCA,SEM_COMPRA,nao_encontrou_continuacao,3,0.0194
ATD-002276,213,2026-09-21 14:37:00,Estou procurando um título específico e quero saber se está disponível.,titulo_especifico,PROPRIO,Mistério,intrigante,DIGITAL,33.19,24,24,DIGITAL,19.80,9999,90,NAO,RECOMENDACAO,SEM_COMPRA,recomendacao_nao_combinou,3,0.0257
ATD-002277,250,2026-09-21 16:01:00,Preciso de um livro para dar de presente e não sei qual escolher.,presente,PRESENTE,Romance,emocional,DIGITAL,34.53,,8,DIGITAL,17.20,9999,65,SIM,PEDIDO_CONFIRMADO,VENDA_CONCLUIDA,,5,0.0377
ATD-002278,287,2026-09-21 16:47:00,Preciso de um livro para dar de presente e não sei qual escolher.,presente,PRESENTE,Ficção científica,reflexivo,DIGITAL,33.75,,26,DIGITAL,18.90,9999,65,NAO,RECOMENDACAO,SEM_COMPRA,recomendacao_nao_combinou,2,0.0340
ATD-002279,324,2026-09-21 18:18:00,"Quero continuar uma saga que comecei, mas não sei qual é o próximo volume.",continuacao_de_saga,PROPRIO,Ficção histórica,melancólico,FISICO,38.43,35,35,FISICO,24.15,2,82,SIM,PEDIDO_CONFIRMADO,VENDA_CONCLUIDA,,5,0.0489
ATD-002280,361,2026-09-21 19:17:00,Quero algo parecido com os livros que costumo ler.,livro_parecido,PROPRIO,Fantasia,épico,FISICO,39.03,,3,FISICO,28.05,18,65,SIM,PEDIDO_CONFIRMADO,VENDA_CONCLUIDA,,5,0.0293
ATD-002281,398,2026-09-21 20:37:00,"Quero continuar uma saga que comecei, mas não sei qual é o próximo volume.",continuacao_de_saga,PROPRIO,Ficção científica,reflexivo,DIGITAL,25.13,47,48,DIGITAL,23.70,9999,90,NAO,BUSCA,SEM_COMPRA,nao_encontrou_continuacao,4,0.0428
ATD-002282,435,2026-09-21 21:25:00,Quero algo parecido com os livros que costumo ler.,livro_parecido,PROPRIO,Romance,emocional,DIGITAL,24.62,,14,DIGITAL,12.40,9999,65,SIM,PEDIDO_CONFIRMADO,VENDA_CONCLUIDA,,4,0.0135
ATD-002283,472,2026-09-21 23:10:00,Quero experimentar um gênero novo sem pegar um livro muito difícil.,explorar_novo_genero,PROPRIO,Ficção contemporânea,acolhedor,FISICO,14.88,,25,FISICO,25.85,4,59,SIM,CHECKOUT,SEM_COMPRA,abandono_no_checkout,3,0.0264
ATD-002284,509,2026-09-22 00:02:00,Quero algo parecido com os livros que costumo ler.,livro_parecido,PROPRIO,Fantasia,épico,FISICO,19.63,,37,FISICO,23.25,16,65,SIM,PEDIDO_CONFIRMADO,VENDA_CONCLUIDA,,4,0.0448
ATD-002285,546,2026-09-22 01:24:00,"Quero continuar uma saga que comecei, mas não sei qual é o próximo volume.",continuacao_de_saga,PROPRIO,Fantasia,épico,FISICO,41.54,38,40,FISICO,32.40,13,90,SIM,PEDIDO_CONFIRMADO,VENDA_CONCLUIDA,,5,0.0562
ATD-002286,583,2026-09-22 02:32:00,Quero algo parecido com os livros que costumo ler.,livro_parecido,PROPRIO,Ficção científica,reflexivo,FISICO,19.40,,47,FISICO,30.65,14,65,NAO,RECOMENDACAO,SEM_COMPRA,preco_acima_do_orcamento,3,0.0263
ATD-002287,620,2026-09-22 04:07:00,"Quero continuar uma saga que comecei, mas não sei qual é o próximo volume.",continuacao_de_saga,PROPRIO,Fantasia,épico,FISICO,39.38,40,40,FISICO,32.40,13,90,SIM,PEDIDO_CONFIRMADO,VENDA_CONCLUIDA,,5,0.0309
ATD-002288,657,2026-09-22 05:16:00,Preciso de um livro para dar de presente e não sei qual escolher.,presente,PRESENTE,Ficção histórica,melancólico,DIGITAL,24.02,,20,DIGITAL,23.70,9999,65,NAO,RECOMENDACAO,SEM_COMPRA,recomendacao_nao_combinou,1,0.0375
ATD-002289,694,2026-09-22 05:57:00,Quero algo parecido com os livros que costumo ler.,livro_parecido,PROPRIO,Fantasia,esperançoso,DIGITAL,22.06,,10,DIGITAL,16.30,9999,65,SIM,PEDIDO_CONFIRMADO,VENDA_CONCLUIDA,,4,0.0432
ATD-002290,731,2026-09-22 07:16:00,"Quero continuar uma saga que comecei, mas não sei qual é o próximo volume.",continuacao_de_saga,PROPRIO,Ficção contemporânea,acolhedor,DIGITAL,13.78,28,28,DIGITAL,15.90,9999,90,NAO,RECOMENDACAO,SEM_COMPRA,preco_acima_do_orcamento,3,0.0472
ATD-002291,768,2026-09-22 08:12:00,Quero experimentar um gênero novo sem pegar um livro muito difícil.,explorar_novo_genero,PROPRIO,Ficção científica,reflexivo,FISICO,15.46,,46,FISICO,27.60,7,62,SIM,PEDIDO_CONFIRMADO,VENDA_CONCLUIDA,,5,0.0338
ATD-002292,805,2026-09-22 09:49:00,"Quero continuar uma saga que comecei, mas não sei qual é o próximo volume.",continuacao_de_saga,PROPRIO,Ficção histórica,melancólico,FISICO,43.97,,34,FISICO,30.20,19,90,NAO,BUSCA,SEM_COMPRA,nao_encontrou_continuacao,1,0.0182
ATD-002293,842,2026-09-22 11:13:00,Quero experimentar um gênero novo sem pegar um livro muito difícil.,explorar_novo_genero,PROPRIO,Ficção contemporânea,acolhedor,DIGITAL,16.28,,28,DIGITAL,15.90,9999,65,SIM,PEDIDO_CONFIRMADO,VENDA_CONCLUIDA,,4,0.0187
ATD-002294,879,2026-09-22 11:56:00,"Quero continuar uma saga que comecei, mas não sei qual é o próximo volume.",continuacao_de_saga,PROPRIO,Drama,emocional,DIGITAL,24.53,,42,DIGITAL,12.40,9999,90,SIM,PEDIDO_CONFIRMADO,VENDA_CONCLUIDA,,5,0.0515
ATD-002295,916,2026-09-22 13:06:00,"Quero continuar uma saga que comecei, mas não sei qual é o próximo volume.",continuacao_de_saga,PROPRIO,Romance,nostálgico,FISICO,31.21,7,8,FISICO,27.20,5,85,NAO,BUSCA,SEM_COMPRA,nao_encontrou_continuacao,4,0.0229
ATD-002296,953,2026-09-22 14:08:00,Preciso de um livro para dar de presente e não sei qual escolher.,presente,PRESENTE,Ficção contemporânea,acolhedor,DIGITAL,12.19,,25,DIGITAL,15.85,9999,65,SIM,CHECKOUT,SEM_COMPRA,abandono_no_checkout,4,0.0367
ATD-002297,990,2026-09-22 15:56:00,"Quero continuar uma saga que comecei, mas não sei qual é o próximo volume.",continuacao_de_saga,PROPRIO,Ficção histórica,melancólico,DIGITAL,40.05,36,36,DIGITAL,17.20,9999,90,NAO,RECOMENDACAO,SEM_COMPRA,apenas_pesquisando,3,0.0509
ATD-002298,27,2026-09-22 16:53:00,Quero algo parecido com os livros que costumo ler.,livro_parecido,PROPRIO,Aventura,inspirador,FISICO,15.49,,29,FISICO,21.95,8,63,NAO,RECOMENDACAO,SEM_COMPRA,preco_acima_do_orcamento,3,0.0154
ATD-002299,64,2026-09-22 17:51:00,"Quero continuar uma saga que comecei, mas não sei qual é o próximo volume.",continuacao_de_saga,PROPRIO,Mistério,intrigante,FISICO,20.07,24,2,FISICO,25.00,11,10,NAO,BUSCA,SEM_COMPRA,nao_encontrou_continuacao,2,0.0347
ATD-002300,101,2026-09-22 18:40:00,Preciso de um livro para dar de presente e não sei qual escolher.,presente,PRESENTE,Ficção científica,reflexivo,DIGITAL,20.73,,23,DIGITAL,16.75,9999,65,NAO,RECOMENDACAO,SEM_COMPRA,recomendacao_nao_combinou,3,0.0320
ATD-002301,138,2026-09-22 20:22:00,Quero algo parecido com os livros que costumo ler.,livro_parecido,PROPRIO,Fantasia,esperançoso,FISICO,34.45,,10,FISICO,26.30,19,65,NAO,RECOMENDACAO,SEM_COMPRA,recomendacao_nao_combinou,2,0.0359
ATD-002302,175,2026-09-22 21:19:00,"Quero continuar uma saga que comecei, mas não sei qual é o próximo volume.",continuacao_de_saga,PROPRIO,Ficção contemporânea,acolhedor,DIGITAL,21.45,28,28,DIGITAL,15.90,9999,90,SIM,CHECKOUT,SEM_COMPRA,abandono_no_checkout,3,0.0530
ATD-002303,212,2026-09-22 22:38:00,Quero algo parecido com os livros que costumo ler.,livro_parecido,PROPRIO,Aventura,inspirador,DIGITAL,15.77,,30,DIGITAL,15.00,9999,65,SIM,PEDIDO_CONFIRMADO,VENDA_CONCLUIDA,,5,0.0173
ATD-002304,249,2026-09-22 23:40:00,Quero algo parecido com os livros que costumo ler.,livro_parecido,PROPRIO,Fantasia,esperançoso,DIGITAL,37.40,,2,DIGITAL,15.00,9999,65,SIM,PEDIDO_CONFIRMADO,VENDA_CONCLUIDA,,5,0.0579
ATD-002305,286,2026-09-23 00:57:00,Preciso de um livro para dar de presente e não sei qual escolher.,presente,PRESENTE,Drama,emocional,FISICO,29.65,,35,FISICO,24.15,2,57,NAO,RECOMENDACAO,SEM_COMPRA,recomendacao_nao_combinou,2,0.0274
ATD-002306,323,2026-09-23 02:10:00,Quero algo parecido com os livros que costumo ler.,livro_parecido,PROPRIO,Drama,emocional,DIGITAL,39.23,,41,DIGITAL,18.45,9999,65,NAO,RECOMENDACAO,SEM_COMPRA,apenas_pesquisando,3,0.0527
ATD-002307,360,2026-09-23 03:12:00,"Quero continuar uma saga que comecei, mas não sei qual é o próximo volume.",continuacao_de_saga,PROPRIO,Mistério,intrigante,FISICO,25.89,24,22,FISICO,23.70,7,87,NAO,RECOMENDACAO,SEM_COMPRA,recomendacao_nao_combinou,3,0.0561
ATD-002308,397,2026-09-23 04:16:00,Quero algo parecido com os livros que costumo ler.,livro_parecido,PROPRIO,Aventura,aventureiro,DIGITAL,13.40,,19,DIGITAL,20.65,9999,65,NAO,RECOMENDACAO,SEM_COMPRA,preco_acima_do_orcamento,3,0.0320
ATD-002309,434,2026-09-23 05:52:00,"Quero continuar uma saga que comecei, mas não sei qual é o próximo volume.",continuacao_de_saga,PROPRIO,Mistério,intrigante,DIGITAL,17.73,23,23,DIGITAL,16.75,9999,90,SIM,PEDIDO_CONFIRMADO,VENDA_CONCLUIDA,,4,0.0212
ATD-002310,471,2026-09-23 07:05:00,Preciso de um livro para dar de presente e não sei qual escolher.,presente,PRESENTE,Drama,emocional,FISICO,42.68,,32,FISICO,31.10,5,60,NAO,RECOMENDACAO,SEM_COMPRA,recomendacao_nao_combinou,4,0.0176
ATD-002311,508,2026-09-23 07:52:00,Quero algo parecido com os livros que costumo ler.,livro_parecido,PROPRIO,Fantasia,esperançoso,DIGITAL,31.79,,3,DIGITAL,18.05,9999,65,SIM,PEDIDO_CONFIRMADO,VENDA_CONCLUIDA,,4,0.0331
ATD-002312,545,2026-09-23 09:40:00,Preciso de um livro para dar de presente e não sei qual escolher.,presente,PRESENTE,Fantasia,épico,FISICO,33.73,,28,FISICO,25.90,1,56,NAO,RECOMENDACAO,SEM_COMPRA,apenas_pesquisando,3,0.0447
ATD-002313,582,2026-09-23 10:32:00,Estou procurando um título específico e quero saber se está disponível.,titulo_especifico,PROPRIO,Ficção contemporânea,acolhedor,FISICO,27.69,26,26,FISICO,28.90,11,90,NAO,RECOMENDACAO,SEM_COMPRA,preco_acima_do_orcamento,2,0.0382
ATD-002314,619,2026-09-23 11:33:00,"Quero continuar uma saga que comecei, mas não sei qual é o próximo volume.",continuacao_de_saga,PROPRIO,Aventura,inspirador,FISICO,37.09,32,30,FISICO,25.00,15,90,NAO,BUSCA,SEM_COMPRA,nao_encontrou_continuacao,3,0.0240
ATD-002315,656,2026-09-23 12:49:00,Estou procurando um título específico e quero saber se está disponível.,titulo_especifico,PROPRIO,Fantasia,épico,FISICO,20.38,9,9,FISICO,23.25,12,90,NAO,RECOMENDACAO,SEM_COMPRA,preco_acima_do_orcamento,3,0.0156
ATD-002316,693,2026-09-23 13:39:00,Quero experimentar um gênero novo sem pegar um livro muito difícil.,explorar_novo_genero,PROPRIO,Ficção científica,reflexivo,DIGITAL,14.12,,47,DIGITAL,20.65,9999,65,NAO,RECOMENDACAO,SEM_COMPRA,preco_acima_do_orcamento,3,0.0162
ATD-002317,730,2026-09-23 15:18:00,Estou procurando um título específico e quero saber se está disponível.,titulo_especifico,PROPRIO,Aventura,aventureiro,DIGITAL,32.77,31,31,DIGITAL,18.05,9999,90,SIM,PEDIDO_CONFIRMADO,VENDA_CONCLUIDA,,5,0.0572
ATD-002318,767,2026-09-23 16:34:00,Quero algo parecido com os livros que costumo ler.,livro_parecido,PROPRIO,Ficção científica,reflexivo,FISICO,25.75,,9,FISICO,23.25,12,10,NAO,RECOMENDACAO,SEM_COMPRA,recomendacao_nao_combinou,3,0.0360
ATD-002319,804,2026-09-23 17:46:00,Estou procurando um título específico e quero saber se está disponível.,titulo_especifico,PROPRIO,Ficção científica,reflexivo,FISICO,25.42,48,47,FISICO,30.65,14,65,NAO,BUSCA,SEM_COMPRA,livro_procurado_sem_estoque,1,0.0375
ATD-002320,841,2026-09-23 18:53:00,"Quero continuar uma saga que comecei, mas não sei qual é o próximo volume.",continuacao_de_saga,PROPRIO,Fantasia,épico,FISICO,28.71,,37,FISICO,23.25,16,90,NAO,BUSCA,SEM_COMPRA,nao_encontrou_continuacao,2,0.0489
ATD-002321,878,2026-09-23 19:38:00,Quero experimentar um gênero novo sem pegar um livro muito difícil.,explorar_novo_genero,PROPRIO,Fantasia,épico,FISICO,25.59,,10,FISICO,26.30,19,65,NAO,RECOMENDACAO,SEM_COMPRA,preco_acima_do_orcamento,3,0.0516
ATD-002322,915,2026-09-23 20:46:00,"Quero continuar uma saga que comecei, mas não sei qual é o próximo volume.",continuacao_de_saga,PROPRIO,Drama,emocional,DIGITAL,33.25,43,43,DIGITAL,15.45,9999,90,SIM,CHECKOUT,SEM_COMPRA,abandono_no_checkout,3,0.0169
ATD-002323,952,2026-09-23 22:19:00,Quero algo parecido com os livros que costumo ler.,livro_parecido,PROPRIO,Aventura,aventureiro,FISICO,32.58,,19,FISICO,30.65,10,65,NAO,RECOMENDACAO,SEM_COMPRA,recomendacao_nao_combinou,2,0.0239
ATD-002324,989,2026-09-23 23:48:00,"Quero continuar uma saga que comecei, mas não sei qual é o próximo volume.",continuacao_de_saga,PROPRIO,Ficção científica,reflexivo,DIGITAL,13.09,47,47,DIGITAL,20.65,9999,90,NAO,RECOMENDACAO,SEM_COMPRA,preco_acima_do_orcamento,2,0.0478
ATD-002325,26,2026-09-24 00:33:00,Quero experimentar um gênero novo sem pegar um livro muito difícil.,explorar_novo_genero,PROPRIO,Fantasia,épico,DIGITAL,46.86,,3,DIGITAL,18.05,9999,65,NAO,RECOMENDACAO,SEM_COMPRA,recomendacao_nao_combinou,3,0.0341
ATD-002326,63,2026-09-24 01:45:00,Estou procurando um título específico e quero saber se está disponível.,titulo_especifico,PROPRIO,Ficção contemporânea,acolhedor,FISICO,13.45,26,26,FISICO,28.90,11,90,SIM,PEDIDO_CONFIRMADO,VENDA_CONCLUIDA,,4,0.0444
ATD-002327,100,2026-09-24 02:56:00,Quero experimentar um gênero novo sem pegar um livro muito difícil.,explorar_novo_genero,PROPRIO,Fantasia,esperançoso,DIGITAL,33.51,,3,DIGITAL,18.05,9999,65,NAO,RECOMENDACAO,SEM_COMPRA,recomendacao_nao_combinou,4,0.0359
ATD-002328,137,2026-09-24 04:23:00,Quero experimentar um gênero novo sem pegar um livro muito difícil.,explorar_novo_genero,PROPRIO,Ficção contemporânea,acolhedor,DIGITAL,38.06,,26,DIGITAL,18.90,9999,65,NAO,RECOMENDACAO,SEM_COMPRA,apenas_pesquisando,3,0.0216
ATD-002329,174,2026-09-24 05:27:00,Quero experimentar um gênero novo sem pegar um livro muito difícil.,explorar_novo_genero,PROPRIO,Drama,emocional,DIGITAL,35.76,,42,DIGITAL,12.40,9999,65,NAO,RECOMENDACAO,SEM_COMPRA,recomendacao_nao_combinou,2,0.0405
ATD-002330,211,2026-09-24 06:33:00,Quero experimentar um gênero novo sem pegar um livro muito difícil.,explorar_novo_genero,PROPRIO,Fantasia,esperançoso,DIGITAL,43.13,,9,DIGITAL,13.25,9999,65,SIM,PEDIDO_CONFIRMADO,VENDA_CONCLUIDA,,5,0.0389
ATD-002331,248,2026-09-24 08:03:00,Quero algo parecido com os livros que costumo ler.,livro_parecido,PROPRIO,Aventura,inspirador,FISICO,20.81,,20,FISICO,33.70,17,65,NAO,RECOMENDACAO,SEM_COMPRA,preco_acima_do_orcamento,1,0.0504
ATD-002332,285,2026-09-24 08:58:00,Quero experimentar um gênero novo sem pegar um livro muito difícil.,explorar_novo_genero,PROPRIO,Aventura,aventureiro,FISICO,25.72,,30,FISICO,25.00,15,65,SIM,PEDIDO_CONFIRMADO,VENDA_CONCLUIDA,,5,0.0539
ATD-002333,322,2026-09-24 10:03:00,Preciso de um livro para dar de presente e não sei qual escolher.,presente,PRESENTE,Mistério,intrigante,FISICO,46.80,,33,FISICO,27.15,12,65,NAO,RECOMENDACAO,SEM_COMPRA,recomendacao_nao_combinou,3,0.0322
ATD-002334,359,2026-09-24 11:43:00,"Quero continuar uma saga que comecei, mas não sei qual é o próximo volume.",continuacao_de_saga,PROPRIO,Romance,nostálgico,FISICO,35.55,8,6,FISICO,30.20,15,90,SIM,PEDIDO_CONFIRMADO,VENDA_CONCLUIDA,,4,0.0147
ATD-002335,396,2026-09-24 12:11:00,"Quero continuar uma saga que comecei, mas não sei qual é o próximo volume.",continuacao_de_saga,PROPRIO,Fantasia,épico,DIGITAL,12.08,,1,DIGITAL,11.95,9999,90,NAO,RECOMENDACAO,SEM_COMPRA,apenas_pesquisando,3,0.0360
ATD-002336,433,2026-09-24 13:20:00,Preciso de um livro para dar de presente e não sei qual escolher.,presente,PRESENTE,Ficção científica,reflexivo,DIGITAL,14.32,,10,DIGITAL,16.30,9999,65,NAO,RECOMENDACAO,SEM_COMPRA,preco_acima_do_orcamento,1,0.0574
ATD-002337,470,2026-09-24 15:10:00,Quero algo parecido com os livros que costumo ler.,livro_parecido,PROPRIO,Romance,nostálgico,FISICO,38.11,,6,FISICO,30.20,15,65,SIM,PEDIDO_CONFIRMADO,VENDA_CONCLUIDA,,4,0.0538
ATD-002338,507,2026-09-24 15:43:00,Estou procurando um título específico e quero saber se está disponível.,titulo_especifico,PROPRIO,Fantasia,épico,DIGITAL,24.33,9,9,DIGITAL,13.25,9999,90,SIM,CHECKOUT,SEM_COMPRA,abandono_no_checkout,3,0.0420
ATD-002339,544,2026-09-24 17:23:00,"Quero continuar uma saga que comecei, mas não sei qual é o próximo volume.",continuacao_de_saga,PROPRIO,Aventura,aventureiro,FISICO,40.38,,17,FISICO,24.55,20,90,NAO,BUSCA,SEM_COMPRA,nao_encontrou_continuacao,3,0.0141
ATD-002340,581,2026-09-24 18:12:00,"Quero continuar uma saga que comecei, mas não sei qual é o próximo volume.",continuacao_de_saga,PROPRIO,Ficção contemporânea,acolhedor,FISICO,27.53,26,28,FISICO,25.90,1,81,NAO,BUSCA,SEM_COMPRA,nao_encontrou_continuacao,3,0.0483
ATD-002341,618,2026-09-24 19:14:00,Quero algo parecido com os livros que costumo ler.,livro_parecido,PROPRIO,Fantasia,esperançoso,FISICO,43.44,,37,FISICO,23.25,16,65,SIM,PEDIDO_CONFIRMADO,VENDA_CONCLUIDA,,5,0.0227
ATD-002342,655,2026-09-24 21:01:00,"Quero continuar uma saga que comecei, mas não sei qual é o próximo volume.",continuacao_de_saga,PROPRIO,Mistério,intrigante,FISICO,45.79,,23,FISICO,26.75,14,90,SIM,PEDIDO_CONFIRMADO,VENDA_CONCLUIDA,,4,0.0154
ATD-002343,692,2026-09-24 21:35:00,"Quero continuar uma saga que comecei, mas não sei qual é o próximo volume.",continuacao_de_saga,PROPRIO,Drama,emocional,DIGITAL,39.60,,41,DIGITAL,18.45,9999,90,NAO,BUSCA,SEM_COMPRA,nao_encontrou_continuacao,4,0.0333
ATD-002344,729,2026-09-24 23:28:00,Quero experimentar um gênero novo sem pegar um livro muito difícil.,explorar_novo_genero,PROPRIO,Mistério,intrigante,DIGITAL,19.16,,22,DIGITAL,13.70,9999,65,SIM,PEDIDO_CONFIRMADO,VENDA_CONCLUIDA,,4,0.0422
ATD-002345,766,2026-09-25 00:24:00,"Quero continuar uma saga que comecei, mas não sei qual é o próximo volume.",continuacao_de_saga,PROPRIO,Ficção contemporânea,acolhedor,DIGITAL,14.47,,26,DIGITAL,18.90,9999,90,NAO,BUSCA,SEM_COMPRA,nao_encontrou_continuacao,2,0.0386
ATD-002346,803,2026-09-25 01:29:00,Quero experimentar um gênero novo sem pegar um livro muito difícil.,explorar_novo_genero,PROPRIO,Drama,emocional,DIGITAL,45.80,,42,DIGITAL,12.40,9999,65,NAO,RECOMENDACAO,SEM_COMPRA,apenas_pesquisando,3,0.0322
ATD-002347,840,2026-09-25 03:07:00,Preciso de um livro para dar de presente e não sei qual escolher.,presente,PRESENTE,Ficção histórica,melancólico,DIGITAL,28.42,,44,DIGITAL,18.50,9999,65,SIM,PEDIDO_CONFIRMADO,VENDA_CONCLUIDA,,4,0.0390
ATD-002348,877,2026-09-25 03:38:00,Preciso de um livro para dar de presente e não sei qual escolher.,presente,PRESENTE,Mistério,intrigante,DIGITAL,28.53,,5,DIGITAL,17.15,9999,65,NAO,RECOMENDACAO,SEM_COMPRA,recomendacao_nao_combinou,1,0.0509
ATD-002349,914,2026-09-25 04:52:00,"Quero continuar uma saga que comecei, mas não sei qual é o próximo volume.",continuacao_de_saga,PROPRIO,Aventura,inspirador,DIGITAL,42.80,32,32,DIGITAL,21.10,9999,90,SIM,PEDIDO_CONFIRMADO,VENDA_CONCLUIDA,,4,0.0312
ATD-002350,951,2026-09-25 06:24:00,Quero algo parecido com os livros que costumo ler.,livro_parecido,PROPRIO,Aventura,inspirador,DIGITAL,12.34,,20,DIGITAL,23.70,9999,65,NAO,RECOMENDACAO,SEM_COMPRA,preco_acima_do_orcamento,4,0.0169
ATD-002351,988,2026-09-25 07:17:00,Quero algo parecido com os livros que costumo ler.,livro_parecido,PROPRIO,Ficção histórica,melancólico,FISICO,18.76,,33,FISICO,27.15,12,65,NAO,RECOMENDACAO,SEM_COMPRA,preco_acima_do_orcamento,3,0.0207
ATD-002352,25,2026-09-25 08:38:00,Estou procurando um título específico e quero saber se está disponível.,titulo_especifico,PROPRIO,Drama,emocional,DIGITAL,34.37,41,41,DIGITAL,18.45,9999,90,SIM,PEDIDO_CONFIRMADO,VENDA_CONCLUIDA,,4,0.0343
ATD-002353,62,2026-09-25 09:47:00,Preciso de um livro para dar de presente e não sei qual escolher.,presente,PRESENTE,Aventura,inspirador,FISICO,32.56,,22,FISICO,23.70,7,62,NAO,RECOMENDACAO,SEM_COMPRA,recomendacao_nao_combinou,1,0.0226
ATD-002354,99,2026-09-25 11:18:00,"Quero continuar uma saga que comecei, mas não sei qual é o próximo volume.",continuacao_de_saga,PROPRIO,Fantasia,épico,FISICO,43.25,,39,FISICO,29.35,6,86,NAO,BUSCA,SEM_COMPRA,nao_encontrou_continuacao,2,0.0568
ATD-002355,136,2026-09-25 11:58:00,Quero algo parecido com os livros que costumo ler.,livro_parecido,PROPRIO,Ficção contemporânea,acolhedor,FISICO,24.16,,26,FISICO,28.90,11,65,SIM,PEDIDO_CONFIRMADO,VENDA_CONCLUIDA,,5,0.0313
ATD-002356,173,2026-09-25 13:28:00,Estou procurando um título específico e quero saber se está disponível.,titulo_especifico,PROPRIO,Mistério,intrigante,FISICO,44.29,23,23,FISICO,26.75,14,90,SIM,PEDIDO_CONFIRMADO,VENDA_CONCLUIDA,,5,0.0345
ATD-002357,210,2026-09-25 14:32:00,"Quero continuar uma saga que comecei, mas não sei qual é o próximo volume.",continuacao_de_saga,PROPRIO,Ficção contemporânea,acolhedor,FISICO,46.53,,26,FISICO,28.90,11,90,NAO,BUSCA,SEM_COMPRA,nao_encontrou_continuacao,3,0.0144
ATD-002358,247,2026-09-25 15:59:00,"Quero continuar uma saga que comecei, mas não sei qual é o próximo volume.",continuacao_de_saga,PROPRIO,Fantasia,épico,FISICO,13.95,3,4,FISICO,31.10,1,81,NAO,BUSCA,SEM_COMPRA,nao_encontrou_continuacao,1,0.0153
ATD-002359,284,2026-09-25 17:14:00,"Quero continuar uma saga que comecei, mas não sei qual é o próximo volume.",continuacao_de_saga,PROPRIO,Aventura,inspirador,DIGITAL,19.57,,30,DIGITAL,15.00,9999,90,NAO,BUSCA,SEM_COMPRA,nao_encontrou_continuacao,3,0.0498
ATD-002360,321,2026-09-25 17:53:00,Quero algo parecido com os livros que costumo ler.,livro_parecido,PROPRIO,Romance,nostálgico,DIGITAL,28.24,,8,DIGITAL,17.20,9999,65,SIM,PEDIDO_CONFIRMADO,VENDA_CONCLUIDA,,4,0.0163
ATD-002361,358,2026-09-25 18:58:00,Preciso de um livro para dar de presente e não sei qual escolher.,presente,PRESENTE,Mistério,intrigante,FISICO,33.46,,41,FISICO,28.45,20,65,NAO,RECOMENDACAO,SEM_COMPRA,recomendacao_nao_combinou,3,0.0264
ATD-002362,395,2026-09-25 20:51:00,Estou procurando um título específico e quero saber se está disponível.,titulo_especifico,PROPRIO,Mistério,intrigante,DIGITAL,14.59,23,23,DIGITAL,16.75,9999,90,NAO,RECOMENDACAO,SEM_COMPRA,recomendacao_nao_combinou,2,0.0201
ATD-002363,432,2026-09-25 21:28:00,"Quero continuar uma saga que comecei, mas não sei qual é o próximo volume.",continuacao_de_saga,PROPRIO,Aventura,aventureiro,DIGITAL,42.38,18,18,DIGITAL,17.60,9999,90,SIM,PEDIDO_CONFIRMADO,VENDA_CONCLUIDA,,5,0.0204
ATD-002364,469,2026-09-25 22:25:00,Quero algo parecido com os livros que costumo ler.,livro_parecido,PROPRIO,Fantasia,esperançoso,FISICO,40.20,,3,FISICO,28.05,18,65,NAO,RECOMENDACAO,SEM_COMPRA,recomendacao_nao_combinou,1,0.0473
ATD-002365,506,2026-09-25 23:41:00,Quero algo parecido com os livros que costumo ler.,livro_parecido,PROPRIO,Fantasia,épico,DIGITAL,25.65,,1,DIGITAL,11.95,9999,65,SIM,PEDIDO_CONFIRMADO,VENDA_CONCLUIDA,,5,0.0463
ATD-002366,543,2026-09-26 01:17:00,Quero experimentar um gênero novo sem pegar um livro muito difícil.,explorar_novo_genero,PROPRIO,Romance,emocional,FISICO,29.02,,6,FISICO,30.20,15,65,NAO,RECOMENDACAO,SEM_COMPRA,recomendacao_nao_combinou,3,0.0395
ATD-002367,580,2026-09-26 02:17:00,Quero algo parecido com os livros que costumo ler.,livro_parecido,PROPRIO,Fantasia,épico,DIGITAL,31.55,,9,DIGITAL,13.25,9999,65,NAO,RECOMENDACAO,SEM_COMPRA,apenas_pesquisando,4,0.0183
ATD-002368,617,2026-09-26 03:55:00,Quero experimentar um gênero novo sem pegar um livro muito difícil.,explorar_novo_genero,PROPRIO,Ficção histórica,melancólico,DIGITAL,40.13,,36,DIGITAL,17.20,9999,65,SIM,CHECKOUT,SEM_COMPRA,abandono_no_checkout,2,0.0330
ATD-002369,654,2026-09-26 04:21:00,Quero experimentar um gênero novo sem pegar um livro muito difícil.,explorar_novo_genero,PROPRIO,Mistério,intrigante,DIGITAL,23.64,,21,DIGITAL,10.65,9999,65,SIM,PEDIDO_CONFIRMADO,VENDA_CONCLUIDA,,5,0.0544
ATD-002370,691,2026-09-26 06:12:00,Quero algo parecido com os livros que costumo ler.,livro_parecido,PROPRIO,Fantasia,esperançoso,DIGITAL,43.99,,3,DIGITAL,18.05,9999,65,SIM,PEDIDO_CONFIRMADO,VENDA_CONCLUIDA,,5,0.0488
ATD-002371,728,2026-09-26 07:08:00,"Quero continuar uma saga que comecei, mas não sei qual é o próximo volume.",continuacao_de_saga,PROPRIO,Drama,emocional,DIGITAL,40.27,43,43,DIGITAL,15.45,9999,90,SIM,CHECKOUT,SEM_COMPRA,abandono_no_checkout,3,0.0562
ATD-002372,765,2026-09-26 08:12:00,Quero algo parecido com os livros que costumo ler.,livro_parecido,PROPRIO,Romance,nostálgico,DIGITAL,33.91,,5,DIGITAL,17.15,9999,65,SIM,PEDIDO_CONFIRMADO,VENDA_CONCLUIDA,,4,0.0193
ATD-002373,802,2026-09-26 09:11:00,Preciso de um livro para dar de presente e não sei qual escolher.,presente,PRESENTE,Ficção científica,reflexivo,DIGITAL,39.08,,2,DIGITAL,15.00,9999,65,SIM,PEDIDO_CONFIRMADO,VENDA_CONCLUIDA,,5,0.0131
ATD-002374,839,2026-09-26 10:29:00,"Quero continuar uma saga que comecei, mas não sei qual é o próximo volume.",continuacao_de_saga,PROPRIO,Romance,nostálgico,DIGITAL,43.66,8,8,DIGITAL,17.20,9999,90,SIM,PEDIDO_CONFIRMADO,VENDA_CONCLUIDA,,5,0.0361
ATD-002375,876,2026-09-26 11:49:00,Quero algo parecido com os livros que costumo ler.,livro_parecido,PROPRIO,Drama,emocional,DIGITAL,36.54,,44,DIGITAL,18.50,9999,65,SIM,PEDIDO_CONFIRMADO,VENDA_CONCLUIDA,,5,0.0150
ATD-002376,913,2026-09-26 12:41:00,Estou procurando um título específico e quero saber se está disponível.,titulo_especifico,PROPRIO,Fantasia,épico,FISICO,41.74,11,11,FISICO,29.35,2,90,SIM,CHECKOUT,SEM_COMPRA,abandono_no_checkout,3,0.0508
ATD-002377,950,2026-09-26 14:09:00,Quero algo parecido com os livros que costumo ler.,livro_parecido,PROPRIO,Aventura,inspirador,DIGITAL,13.26,,19,DIGITAL,20.65,9999,65,NAO,RECOMENDACAO,SEM_COMPRA,preco_acima_do_orcamento,4,0.0372
ATD-002378,987,2026-09-26 15:02:00,Quero algo parecido com os livros que costumo ler.,livro_parecido,PROPRIO,Fantasia,épico,FISICO,41.68,,2,FISICO,25.00,11,65,SIM,PEDIDO_CONFIRMADO,VENDA_CONCLUIDA,,4,0.0394
ATD-002379,24,2026-09-26 16:38:00,Quero algo parecido com os livros que costumo ler.,livro_parecido,PROPRIO,Ficção histórica,melancólico,FISICO,25.24,,35,FISICO,24.15,2,57,SIM,PEDIDO_CONFIRMADO,VENDA_CONCLUIDA,,5,0.0223
ATD-002380,61,2026-09-26 18:10:00,Estou procurando um título específico e quero saber se está disponível.,titulo_especifico,PROPRIO,Drama,emocional,DIGITAL,17.57,43,43,DIGITAL,15.45,9999,90,NAO,RECOMENDACAO,SEM_COMPRA,recomendacao_nao_combinou,3,0.0330
ATD-002381,98,2026-09-26 19:20:00,Preciso de um livro para dar de presente e não sei qual escolher.,presente,PRESENTE,Ficção histórica,melancólico,FISICO,41.10,,30,FISICO,25.00,15,65,NAO,RECOMENDACAO,SEM_COMPRA,recomendacao_nao_combinou,4,0.0148
ATD-002382,135,2026-09-26 19:54:00,Quero experimentar um gênero novo sem pegar um livro muito difícil.,explorar_novo_genero,PROPRIO,Fantasia,épico,DIGITAL,23.56,,4,DIGITAL,21.10,9999,65,SIM,PEDIDO_CONFIRMADO,VENDA_CONCLUIDA,,5,0.0380
ATD-002383,172,2026-09-26 21:42:00,Quero algo parecido com os livros que costumo ler.,livro_parecido,PROPRIO,Aventura,inspirador,DIGITAL,22.69,,17,DIGITAL,14.55,9999,65,SIM,PEDIDO_CONFIRMADO,VENDA_CONCLUIDA,,5,0.0449
ATD-002384,209,2026-09-26 22:28:00,Estou procurando um título específico e quero saber se está disponível.,titulo_especifico,PROPRIO,Ficção contemporânea,acolhedor,FISICO,41.86,25,25,FISICO,25.85,4,90,SIM,PEDIDO_CONFIRMADO,VENDA_CONCLUIDA,,4,0.0474
ATD-002385,246,2026-09-27 00:01:00,Estou procurando um título específico e quero saber se está disponível.,titulo_especifico,PROPRIO,Aventura,aventureiro,FISICO,14.65,31,29,FISICO,21.95,8,63,NAO,BUSCA,SEM_COMPRA,livro_procurado_sem_estoque,3,0.0522
ATD-002386,283,2026-09-27 00:40:00,Quero algo parecido com os livros que costumo ler.,livro_parecido,PROPRIO,Ficção científica,reflexivo,DIGITAL,38.01,,45,DIGITAL,14.55,9999,65,SIM,PEDIDO_CONFIRMADO,VENDA_CONCLUIDA,,5,0.0298
ATD-002387,320,2026-09-27 01:57:00,Quero experimentar um gênero novo sem pegar um livro muito difícil.,explorar_novo_genero,PROPRIO,Romance,nostálgico,FISICO,34.71,,5,FISICO,27.15,8,63,SIM,PEDIDO_CONFIRMADO,VENDA_CONCLUIDA,,5,0.0424
ATD-002388,357,2026-09-27 03:08:00,Estou procurando um título específico e quero saber se está disponível.,titulo_especifico,PROPRIO,Fantasia,esperançoso,FISICO,12.17,37,37,FISICO,23.25,16,90,NAO,RECOMENDACAO,SEM_COMPRA,preco_acima_do_orcamento,2,0.0565
ATD-002389,394,2026-09-27 04:43:00,Quero algo parecido com os livros que costumo ler.,livro_parecido,PROPRIO,Aventura,aventureiro,DIGITAL,44.22,,17,DIGITAL,14.55,9999,65,SIM,PEDIDO_CONFIRMADO,VENDA_CONCLUIDA,,4,0.0405
ATD-002390,431,2026-09-27 05:50:00,Quero algo parecido com os livros que costumo ler.,livro_parecido,PROPRIO,Fantasia,esperançoso,FISICO,23.64,,9,FISICO,23.25,12,65,SIM,PEDIDO_CONFIRMADO,VENDA_CONCLUIDA,,5,0.0162
ATD-002391,468,2026-09-27 07:02:00,"Quero continuar uma saga que comecei, mas não sei qual é o próximo volume.",continuacao_de_saga,PROPRIO,Fantasia,épico,DIGITAL,42.98,,39,DIGITAL,19.35,9999,90,NAO,BUSCA,SEM_COMPRA,nao_encontrou_continuacao,3,0.0202
ATD-002392,505,2026-09-27 07:33:00,"Quero continuar uma saga que comecei, mas não sei qual é o próximo volume.",continuacao_de_saga,PROPRIO,Romance,emocional,FISICO,43.36,15,15,FISICO,25.45,6,90,SIM,PEDIDO_CONFIRMADO,VENDA_CONCLUIDA,,4,0.0157
ATD-002393,542,2026-09-27 09:28:00,Quero algo parecido com os livros que costumo ler.,livro_parecido,PROPRIO,Fantasia,épico,DIGITAL,40.62,,9,DIGITAL,13.25,9999,65,SIM,PEDIDO_CONFIRMADO,VENDA_CONCLUIDA,,4,0.0170
ATD-002394,579,2026-09-27 09:59:00,Preciso de um livro para dar de presente e não sei qual escolher.,presente,PRESENTE,Drama,emocional,DIGITAL,13.00,,6,DIGITAL,20.20,9999,65,NAO,RECOMENDACAO,SEM_COMPRA,recomendacao_nao_combinou,3,0.0224
ATD-002395,616,2026-09-27 11:47:00,"Quero continuar uma saga que comecei, mas não sei qual é o próximo volume.",continuacao_de_saga,PROPRIO,Fantasia,épico,FISICO,18.00,,2,FISICO,25.00,11,90,NAO,RECOMENDACAO,SEM_COMPRA,preco_acima_do_orcamento,2,0.0267
ATD-002396,653,2026-09-27 12:37:00,"Quero continuar uma saga que comecei, mas não sei qual é o próximo volume.",continuacao_de_saga,PROPRIO,Aventura,inspirador,DIGITAL,46.73,32,29,DIGITAL,11.95,9999,90,NAO,BUSCA,SEM_COMPRA,nao_encontrou_continuacao,4,0.0125
ATD-002397,690,2026-09-27 14:11:00,Preciso de um livro para dar de presente e não sei qual escolher.,presente,PRESENTE,Mistério,intrigante,DIGITAL,15.89,,2,DIGITAL,15.00,9999,65,NAO,RECOMENDACAO,SEM_COMPRA,apenas_pesquisando,3,0.0470
ATD-002398,727,2026-09-27 15:16:00,Preciso de um livro para dar de presente e não sei qual escolher.,presente,PRESENTE,Ficção científica,reflexivo,DIGITAL,33.82,,32,DIGITAL,21.10,9999,65,NAO,RECOMENDACAO,SEM_COMPRA,recomendacao_nao_combinou,3,0.0396
ATD-002399,764,2026-09-27 16:05:00,Quero algo parecido com os livros que costumo ler.,livro_parecido,PROPRIO,Aventura,inspirador,DIGITAL,33.25,,29,DIGITAL,11.95,9999,65,SIM,CHECKOUT,SEM_COMPRA,abandono_no_checkout,3,0.0220
ATD-002400,801,2026-09-27 17:44:00,Quero algo parecido com os livros que costumo ler.,livro_parecido,PROPRIO,Fantasia,esperançoso,DIGITAL,12.06,,4,DIGITAL,21.10,9999,65,SIM,PEDIDO_CONFIRMADO,VENDA_CONCLUIDA,,5,0.0576
