usuario_ref,nome_completo,idade,tipo_documento,documento,livros_pegos
USR-000001,Caio Costa Lima,22,CPF,700.000.001-50,13~Marés do Norte~O Último Faroleiro~volume:3~FISICO~qtd:3~data:2024-07-19 || 57~Serra Dourada~Crônicas da Serra Dourada~volume:1~FISICO~qtd:3~data:2024-12-09 || 80~Reinos do Bosque~O Guardião das Raízes~volume:4~DIGITAL~qtd:1~data:2025-04-18 || 46~Jardins Secretos~A Casa das Sete Janelas~volume:3~DIGITAL~qtd:1~data:2026-04-17
USR-000002,Isabela Souza Pereira,85,RG,99.000.002-7,25~Estações~Caminhos de Outono~volume:1~FISICO~qtd:1~data:2025-07-20 || 8~As Torres de Âmbar~O Reino de Cinzas~volume:4~DIGITAL~qtd:2~data:2026-08-02
3,Hugo Teixeira Martins,54,CPF,700.000.003-11,23~Arquivos do Céu~A Última Constelação~volume:4~FISICO~qtd:3~data:2024-06-20 || 80~Reinos do Bosque~O Guardião das Raízes~volume:4~DIGITAL~qtd:2~data:2024-12-30 || 27~Estações~O Caderno de Inverno~volume:2~FISICO~qtd:1~data:2025-03-11 || 31~Estações~A Última Página do Verão~volume:4~FISICO~qtd:2~data:2025-11-14 || 29~Estações~O Retrato da Primavera~volume:3~FISICO~qtd:1~data:2026-03-03 || 13~Marés do Norte~O Último Faroleiro~volume:3~FISICO~qtd:3~data:2026-06-20
USR-000004,Rafaela Mendes Souza,24 anos,RG,99.000.004-1,78~Reinos do Bosque~A Coroa de Folhas~volume:3~DIGITAL~qtd:1~data:2025-03-15 || 73~Reinos do Bosque~A Semente de Prata~volume:1~FISICO~qtd:3~data:2025-05-04 || 1~As Torres de Âmbar~A Chave de Âmbar~volume:1~FISICO~qtd:2~data:2025-08-03 || 32~Estações~A Última Página do Verão~volume:4~DIGITAL~qtd:3~data:2025-12-24
USR-000005,Eduardo Martins Cardoso,64,CPF,700.000.005-83,9~Marés do Norte~O Jardim das Marés~volume:1~FISICO~qtd:1~data:2024-04-18 || 17~Arquivos do Céu~A Biblioteca das Nuvens~volume:1~FISICO~qtd:2~data:2024-12-30 || 84~Luzes do Sul~A Estrada do Sul~volume:2~DIGITAL~qtd:3~data:2025-05-31 || 12~Marés do Norte~Cartas da Cidade Azul~volume:2~DIGITAL~qtd:3~data:2025-11-24 || 80~Reinos do Bosque~O Guardião das Raízes~volume:4~DIGITAL~qtd:3~data:2026-04-21 || 22~Arquivos do Céu~O Palácio dos Ventos~volume:3~DIGITAL~qtd:3~data:2026-07-28
6,Gabriela Costa Almeida,53,rg,99.000.006-5,13~Marés do Norte~O Último Faroleiro~volume:3~FISICO~qtd:2~data:2026-07-17 || 75~Reinos do Bosque~O Bosque Adormecido~volume:2~FISICO~qtd:1~data:2026-09-01 || 84~Luzes do Sul~A Estrada do Sul~volume:2~DIGITAL~qtd:3~data:2026-09-22
USR-000007,samuel ferreira nunes,30,CPF,700.000.007-45,71~Cidades de Sal~A Cidade sem Portas~volume:4~FISICO~qtd:3~data:2024-06-12 || 73~Reinos do Bosque~A Semente de Prata~volume:1~FISICO~qtd:1~data:2024-12-09 || 13~Marés do Norte~O Último Faroleiro~volume:3~FISICO~qtd:1~data:2025-12-05
USR-000008,Lucas Oliveira Martins,51 anos,RG,99.000.008-9,1~As Torres de Âmbar~A Chave de Âmbar~volume:1~FISICO~qtd:1~data:2024-01-20 || 29~Estações~O Retrato da Primavera~volume:3~FISICO~qtd:2~data:2024-01-21 || 26~Estações~Caminhos de Outono~volume:1~DIGITAL~qtd:2~data:2024-07-27 || 28~Estações~O Caderno de Inverno~volume:2~DIGITAL~qtd:2~data:2025-03-21 || 72~Cidades de Sal~A Cidade sem Portas~volume:4~DIGITAL~qtd:1~data:2025-09-05
9,Pedro Ribeiro Oliveira,26,CPF,700.000.009-07,19~Arquivos do Céu~O Mapa de Vidro~volume:2~FISICO~qtd:2~data:2025-02-13 || 38~Ilhas Errantes~O Porto das Histórias~volume:3~DIGITAL~qtd:3~data:2025-03-04 || 62~Serra Dourada~Horizontes de Cobre~volume:3~DIGITAL~qtd:2~data:2025-08-01 || 2~As Torres de Âmbar~A Chave de Âmbar~volume:1~DIGITAL~qtd:3~data:2025-10-28 || 72~Cidades de Sal~A Cidade sem Portas~volume:4~DIGITAL~qtd:3~data:2025-12-18
USR-000010,  DANIEL PEREIRA ALMEIDA  ,66,RG,99.000.010-3,60~Serra Dourada~A Oficina dos Sonhos~volume:2~DIGITAL~qtd:3~data:2024-10-08 || 40~Ilhas Errantes~A Travessia das Flores~volume:4~DIGITAL~qtd:3~data:2025-02-16 || 9~Marés do Norte~O Jardim das Marés~volume:1~FISICO~qtd:2~data:2025-12-07
USR-000011,Hugo Barbosa Dias,83,CPF,700.000.011-21,1~As Torres de Âmbar~A Chave de Âmbar~volume:1~FISICO~qtd:1~data:2024-08-04 || 39~Ilhas Errantes~A Travessia das Flores~volume:4~FISICO~qtd:3~data:2025-01-03 || 76~Reinos do Bosque~O Bosque Adormecido~volume:2~DIGITAL~qtd:3~data:2025-04-06 || 60~Serra Dourada~A Oficina dos Sonhos~volume:2~DIGITAL~qtd:2~data:2025-10-31 || 3~As Torres de Âmbar~O Vale das Lanternas~volume:2~FISICO~qtd:2~data:2025-12-10 || 20~Arquivos do Céu~O Mapa de Vidro~volume:2~DIGITAL~qtd:3~data:2026-08-10
12,Débora Martins Rocha,20 anos,rg,99.000.012-7,80~Reinos do Bosque~O Guardião das Raízes~volume:4~DIGITAL~qtd:2~data:2024-12-16 || 29~Estações~O Retrato da Primavera~volume:3~FISICO~qtd:3~data:2025-01-26 || 91~Crônicas do Tempo~A Hora Esquecida~volume:2~FISICO~qtd:1~data:2025-03-25 || 96~Crônicas do Tempo~O Último Minuto~volume:4~DIGITAL~qtd:1~data:2025-09-06 || 11~Marés do Norte~Cartas da Cidade Azul~volume:2~FISICO~qtd:3~data:2025-11-17 || 71~Cidades de Sal~A Cidade sem Portas~volume:4~FISICO~qtd:3~data:2025-12-14 || 62~Serra Dourada~Horizontes de Cobre~volume:3~DIGITAL~qtd:2~data:2026-03-27 || 58~Serra Dourada~Crônicas da Serra Dourada~volume:1~DIGITAL~qtd:1~data:2026-04-19 || 89~Crônicas do Tempo~O Relógio Partido~volume:1~FISICO~qtd:1~data:2026-08-31
USR-000013,Gabriela Pereira Dias,78,CPF,700.000.013-93,41~Jardins Secretos~O Segredo das Acácias~volume:1~FISICO~qtd:1~data:2024-06-01 || 55~Viajantes de Papel~Os Dias do Cometa~volume:4~FISICO~qtd:2~data:2025-03-22 || 9~Marés do Norte~O Jardim das Marés~volume:1~FISICO~qtd:1~data:2025-05-03 || 49~Viajantes de Papel~O Viajante de Papel~volume:1~FISICO~qtd:2~data:2025-07-07 || 35~Ilhas Errantes~Memórias do Rio Claro~volume:2~FISICO~qtd:3~data:2025-08-10 || 22~Arquivos do Céu~O Palácio dos Ventos~volume:3~DIGITAL~qtd:3~data:2025-11-10 || 18~Arquivos do Céu~A Biblioteca das Nuvens~volume:1~DIGITAL~qtd:2~data:2025-11-13 || 37~Ilhas Errantes~O Porto das Histórias~volume:3~FISICO~qtd:3~data:2026-03-03 || 85~Luzes do Sul~O Farol de Cristal~volume:3~FISICO~qtd:3~data:2026-04-10 || 62~Serra Dourada~Horizontes de Cobre~volume:3~DIGITAL~qtd:3~data:2026-06-17
USR-000014,alice esteves mendes,37,RG,99.000.014-1,41~Jardins Secretos~O Segredo das Acácias~volume:1~FISICO~qtd:1~data:2025-02-16 || 88~Luzes do Sul~Depois do Horizonte~volume:4~DIGITAL~qtd:1~data:2025-05-27 || 24~Arquivos do Céu~A Última Constelação~volume:4~DIGITAL~qtd:3~data:2026-04-08 || 93~Crônicas do Tempo~Os Dias Invertidos~volume:3~FISICO~qtd:1~data:2026-08-21
15,Felipe Lima Moreira,31,CPF,700.000.015-55,95~Crônicas do Tempo~O Último Minuto~volume:4~FISICO~qtd:1~data:2024-01-03 || 72~Cidades de Sal~A Cidade sem Portas~volume:4~DIGITAL~qtd:2~data:2024-03-02 || 55~Viajantes de Papel~Os Dias do Cometa~volume:4~FISICO~qtd:1~data:2024-11-26 || 37~Ilhas Errantes~O Porto das Histórias~volume:3~FISICO~qtd:2~data:2025-06-23 || 7~As Torres de Âmbar~O Reino de Cinzas~volume:4~FISICO~qtd:2~data:2025-10-25 || 89~Crônicas do Tempo~O Relógio Partido~volume:1~FISICO~qtd:2~data:2026-03-31 || 12~Marés do Norte~Cartas da Cidade Azul~volume:2~DIGITAL~qtd:1~data:2026-08-04
USR-000016,Rafaela Ferreira Costa,20 anos,RG,99.000.016-5,53~Viajantes de Papel~A Estrada de Cristal~volume:3~FISICO~qtd:2~data:2024-12-06 || 86~Luzes do Sul~O Farol de Cristal~volume:3~DIGITAL~qtd:3~data:2025-03-09 || 80~Reinos do Bosque~O Guardião das Raízes~volume:4~DIGITAL~qtd:3~data:2025-06-26
USR-000017,Daniel Pereira Moreira,29,CPF,700.000.017-17,14~Marés do Norte~O Último Faroleiro~volume:3~DIGITAL~qtd:3~data:2024-01-20 || 77~Reinos do Bosque~A Coroa de Folhas~volume:3~FISICO~qtd:3~data:2024-03-03 || 15~Marés do Norte~A Ilha Submersa~volume:4~FISICO~qtd:3~data:2024-09-16 || 29~Estações~O Retrato da Primavera~volume:3~FISICO~qtd:2~data:2025-07-29 || 83~Luzes do Sul~A Estrada do Sul~volume:2~FISICO~qtd:2~data:2025-09-28 || 5~As Torres de Âmbar~A Torre do Amanhecer~volume:3~FISICO~qtd:2~data:2025-10-11 || 80~Reinos do Bosque~O Guardião das Raízes~volume:4~DIGITAL~qtd:3~data:2026-05-21
18,Alice Vieira Barbosa,83,rg,99.000.018-9,18~Arquivos do Céu~A Biblioteca das Nuvens~volume:1~DIGITAL~qtd:1~data:2024-07-02 || 9~Marés do Norte~O Jardim das Marés~volume:1~FISICO~qtd:2~data:2024-07-28 || 35~Ilhas Errantes~Memórias do Rio Claro~volume:2~FISICO~qtd:2~data:2024-08-31 || 54~Viajantes de Papel~A Estrada de Cristal~volume:3~DIGITAL~qtd:2~data:2024-09-27 || 88~Luzes do Sul~Depois do Horizonte~volume:4~DIGITAL~qtd:2~data:2024-11-08 || 87~Luzes do Sul~Depois do Horizonte~volume:4~FISICO~qtd:1~data:2025-01-19 || 91~Crônicas do Tempo~A Hora Esquecida~volume:2~FISICO~qtd:2~data:2025-07-12 || 71~Cidades de Sal~A Cidade sem Portas~volume:4~FISICO~qtd:3~data:2026-02-20 || 85~Luzes do Sul~O Farol de Cristal~volume:3~FISICO~qtd:3~data:2026-05-08 || 31~Estações~A Última Página do Verão~volume:4~FISICO~qtd:1~data:2026-07-27
USR-000019,Samuel Gomes Nunes,56,CPF,700.000.019-89,53~Viajantes de Papel~A Estrada de Cristal~volume:3~FISICO~qtd:2~data:2024-01-24 || 83~Luzes do Sul~A Estrada do Sul~volume:2~FISICO~qtd:2~data:2025-03-19 || 33~Ilhas Errantes~A Ilha dos Ventos~volume:1~FISICO~qtd:3~data:2025-05-17 || 49~Viajantes de Papel~O Viajante de Papel~volume:1~FISICO~qtd:3~data:2025-09-27 || 20~Arquivos do Céu~O Mapa de Vidro~volume:2~DIGITAL~qtd:2~data:2025-12-14 || 60~Serra Dourada~A Oficina dos Sonhos~volume:2~DIGITAL~qtd:3~data:2026-02-17 || 32~Estações~A Última Página do Verão~volume:4~DIGITAL~qtd:3~data:2026-05-05 || 85~Luzes do Sul~O Farol de Cristal~volume:3~FISICO~qtd:2~data:2026-06-14
USR-000020,  LUCAS TEIXEIRA MOREIRA  ,47 anos,RG,99.000.020-3,95~Crônicas do Tempo~O Último Minuto~volume:4~FISICO~qtd:3~data:2024-01-17 || 1~As Torres de Âmbar~A Chave de Âmbar~volume:1~FISICO~qtd:1~data:2024-02-12 || 55~Viajantes de Papel~Os Dias do Cometa~volume:4~FISICO~qtd:3~data:2025-02-28 || 59~Serra Dourada~A Oficina dos Sonhos~volume:2~FISICO~qtd:3~data:2025-06-15 || 91~Crônicas do Tempo~A Hora Esquecida~volume:2~FISICO~qtd:2~data:2025-06-26 || 94~Crônicas do Tempo~Os Dias Invertidos~volume:3~DIGITAL~qtd:3~data:2025-12-20 || 71~Cidades de Sal~A Cidade sem Portas~volume:4~FISICO~qtd:3~data:2026-01-27 || 9~Marés do Norte~O Jardim das Marés~volume:1~FISICO~qtd:1~data:2026-02-19 || 76~Reinos do Bosque~O Bosque Adormecido~volume:2~DIGITAL~qtd:3~data:2026-07-20 || 36~Ilhas Errantes~Memórias do Rio Claro~volume:2~DIGITAL~qtd:2~data:2026-09-15
21,rafaela santos lima,73,CPF,700.000.021-01,42~Jardins Secretos~O Segredo das Acácias~volume:1~DIGITAL~qtd:3~data:2024-08-03 || 81~Luzes do Sul~A Primeira Luz~volume:1~FISICO~qtd:1~data:2024-11-09 || 69~Cidades de Sal~O Mercado das Sombras~volume:3~FISICO~qtd:3~data:2025-03-08 || 29~Estações~O Retrato da Primavera~volume:3~FISICO~qtd:1~data:2025-09-21 || 73~Reinos do Bosque~A Semente de Prata~volume:1~FISICO~qtd:2~data:2026-06-01 || 46~Jardins Secretos~A Casa das Sete Janelas~volume:3~DIGITAL~qtd:3~data:2026-07-31
USR-000022,Karina Martins Barbosa,56,RG,99.000.022-7,84~Luzes do Sul~A Estrada do Sul~volume:2~DIGITAL~qtd:1~data:2024-01-09 || 63~Serra Dourada~Os Guardiões do Horizonte~volume:4~FISICO~qtd:2~data:2024-07-04 || 78~Reinos do Bosque~A Coroa de Folhas~volume:3~DIGITAL~qtd:3~data:2024-10-16 || 16~Marés do Norte~A Ilha Submersa~volume:4~DIGITAL~qtd:3~data:2024-11-03 || 20~Arquivos do Céu~O Mapa de Vidro~volume:2~DIGITAL~qtd:3~data:2024-12-30 || 24~Arquivos do Céu~A Última Constelação~volume:4~DIGITAL~qtd:2~data:2025-01-13 || 85~Luzes do Sul~O Farol de Cristal~volume:3~FISICO~qtd:3~data:2025-11-17 || 72~Cidades de Sal~A Cidade sem Portas~volume:4~DIGITAL~qtd:3~data:2026-02-24 || 8~As Torres de Âmbar~O Reino de Cinzas~volume:4~DIGITAL~qtd:3~data:2026-06-21
USR-000023,Teresa Teixeira Teixeira,23,CPF,700.000.023-65,75~Reinos do Bosque~O Bosque Adormecido~volume:2~FISICO~qtd:2~data:2025-07-18 || 27~Estações~O Caderno de Inverno~volume:2~FISICO~qtd:1~data:2026-09-25
24,Hugo Esteves Esteves,48 anos,rg,99.000.024-1,65~Cidades de Sal~O Labirinto de Sal~volume:1~FISICO~qtd:3~data:2025-01-10 || 26~Estações~Caminhos de Outono~volume:1~DIGITAL~qtd:3~data:2025-05-21 || 75~Reinos do Bosque~O Bosque Adormecido~volume:2~FISICO~qtd:1~data:2025-07-15 || 45~Jardins Secretos~A Casa das Sete Janelas~volume:3~FISICO~qtd:3~data:2026-06-28
USR-000025,Teresa Lima Rocha,31,CPF,700.000.025-27,67~Cidades de Sal~O Relógio da Praça~volume:2~FISICO~qtd:2~data:2025-02-23 || 23~Arquivos do Céu~A Última Constelação~volume:4~FISICO~qtd:1~data:2026-09-16
USR-000026,Caio Martins Cardoso,61,RG,99.000.026-5,81~Luzes do Sul~A Primeira Luz~volume:1~FISICO~qtd:3~data:2025-10-08 || 65~Cidades de Sal~O Labirinto de Sal~volume:1~FISICO~qtd:2~data:2026-01-22
27,Alice Pereira Esteves,83,CPF,700.000.027-99,40~Ilhas Errantes~A Travessia das Flores~volume:4~DIGITAL~qtd:3~data:2024-03-19 || 66~Cidades de Sal~O Labirinto de Sal~volume:1~DIGITAL~qtd:2~data:2026-06-30
USR-000028,rafaela barbosa almeida,41 anos,RG,99.000.028-9,4~As Torres de Âmbar~O Vale das Lanternas~volume:2~DIGITAL~qtd:2~data:2024-09-03 || 88~Luzes do Sul~Depois do Horizonte~volume:4~DIGITAL~qtd:1~data:2025-07-02 || 64~Serra Dourada~Os Guardiões do Horizonte~volume:4~DIGITAL~qtd:3~data:2025-11-10
USR-000029,Karina Lima Moreira,49,CPF,700.000.029-51,15~Marés do Norte~A Ilha Submersa~volume:4~FISICO~qtd:3~data:2024-08-12 || 81~Luzes do Sul~A Primeira Luz~volume:1~FISICO~qtd:1~data:2025-03-18 || 85~Luzes do Sul~O Farol de Cristal~volume:3~FISICO~qtd:2~data:2025-04-21 || 48~Jardins Secretos~A Canção dos Pinheiros~volume:4~DIGITAL~qtd:3~data:2025-05-19 || 88~Luzes do Sul~Depois do Horizonte~volume:4~DIGITAL~qtd:3~data:2025-07-13
30,  RAFAELA ALMEIDA FERREIRA  ,85,rg,99.000.030-3,19~Arquivos do Céu~O Mapa de Vidro~volume:2~FISICO~qtd:3~data:2024-01-20 || 15~Marés do Norte~A Ilha Submersa~volume:4~FISICO~qtd:2~data:2024-05-25 || 47~Jardins Secretos~A Canção dos Pinheiros~volume:4~FISICO~qtd:3~data:2024-08-04 || 41~Jardins Secretos~O Segredo das Acácias~volume:1~FISICO~qtd:2~data:2025-05-28 || 54~Viajantes de Papel~A Estrada de Cristal~volume:3~DIGITAL~qtd:1~data:2025-07-14 || 11~Marés do Norte~Cartas da Cidade Azul~volume:2~FISICO~qtd:3~data:2025-07-30 || 65~Cidades de Sal~O Labirinto de Sal~volume:1~FISICO~qtd:1~data:2026-08-20
USR-000031,Marina Vieira Teixeira,48,CPF,700.000.031-75,58~Serra Dourada~Crônicas da Serra Dourada~volume:1~DIGITAL~qtd:1~data:2024-05-03 || 64~Serra Dourada~Os Guardiões do Horizonte~volume:4~DIGITAL~qtd:3~data:2024-07-16 || 25~Estações~Caminhos de Outono~volume:1~FISICO~qtd:3~data:2025-06-24 || 80~Reinos do Bosque~O Guardião das Raízes~volume:4~DIGITAL~qtd:2~data:2025-12-12
USR-000032,Gabriela Almeida Cardoso,69 anos,RG,99.000.032-7,53~Viajantes de Papel~A Estrada de Cristal~volume:3~FISICO~qtd:2~data:2024-02-07 || 48~Jardins Secretos~A Canção dos Pinheiros~volume:4~DIGITAL~qtd:3~data:2025-06-22 || 51~Viajantes de Papel~O Trem das Estrelas~volume:2~FISICO~qtd:2~data:2026-01-27 || 25~Estações~Caminhos de Outono~volume:1~FISICO~qtd:1~data:2026-06-03
33,Karina Rocha Barbosa,58,CPF,700.000.033-37,18~Arquivos do Céu~A Biblioteca das Nuvens~volume:1~DIGITAL~qtd:2~data:2024-06-24 || 76~Reinos do Bosque~O Bosque Adormecido~volume:2~DIGITAL~qtd:1~data:2024-08-11 || 58~Serra Dourada~Crônicas da Serra Dourada~volume:1~DIGITAL~qtd:2~data:2024-12-03 || 93~Crônicas do Tempo~Os Dias Invertidos~volume:3~FISICO~qtd:1~data:2024-12-11 || 31~Estações~A Última Página do Verão~volume:4~FISICO~qtd:1~data:2025-04-26 || 43~Jardins Secretos~As Pontes de Aurora~volume:2~FISICO~qtd:3~data:2025-06-26 || 88~Luzes do Sul~Depois do Horizonte~volume:4~DIGITAL~qtd:1~data:2025-07-12 || 47~Jardins Secretos~A Canção dos Pinheiros~volume:4~FISICO~qtd:1~data:2025-12-24 || 19~Arquivos do Céu~O Mapa de Vidro~volume:2~FISICO~qtd:1~data:2026-02-17 || 64~Serra Dourada~Os Guardiões do Horizonte~volume:4~DIGITAL~qtd:1~data:2026-02-19
USR-000034,Marina Almeida Nunes,79,RG,99.000.034-1,74~Reinos do Bosque~A Semente de Prata~volume:1~DIGITAL~qtd:3~data:2024-05-14 || 53~Viajantes de Papel~A Estrada de Cristal~volume:3~FISICO~qtd:3~data:2024-06-27 || 59~Serra Dourada~A Oficina dos Sonhos~volume:2~FISICO~qtd:1~data:2025-03-31 || 40~Ilhas Errantes~A Travessia das Flores~volume:4~DIGITAL~qtd:3~data:2025-09-27 || 82~Luzes do Sul~A Primeira Luz~volume:1~DIGITAL~qtd:1~data:2026-03-22 || 17~Arquivos do Céu~A Biblioteca das Nuvens~volume:1~FISICO~qtd:2~data:2026-08-26
USR-000035,joão pereira esteves,66,CPF,700.000.035-07,73~Reinos do Bosque~A Semente de Prata~volume:1~FISICO~qtd:1~data:2024-01-16 || 48~Jardins Secretos~A Canção dos Pinheiros~volume:4~DIGITAL~qtd:2~data:2025-01-24 || 63~Serra Dourada~Os Guardiões do Horizonte~volume:4~FISICO~qtd:1~data:2025-03-18 || 57~Serra Dourada~Crônicas da Serra Dourada~volume:1~FISICO~qtd:3~data:2025-03-22 || 71~Cidades de Sal~A Cidade sem Portas~volume:4~FISICO~qtd:3~data:2025-04-06 || 2~As Torres de Âmbar~A Chave de Âmbar~volume:1~DIGITAL~qtd:1~data:2025-06-06 || 12~Marés do Norte~Cartas da Cidade Azul~volume:2~DIGITAL~qtd:2~data:2025-06-23 || 80~Reinos do Bosque~O Guardião das Raízes~volume:4~DIGITAL~qtd:1~data:2026-02-03
36,Marina Costa Costa,81 anos,rg,99.000.036-5,41~Jardins Secretos~O Segredo das Acácias~volume:1~FISICO~qtd:2~data:2024-06-06 || 74~Reinos do Bosque~A Semente de Prata~volume:1~DIGITAL~qtd:2~data:2024-08-07 || 18~Arquivos do Céu~A Biblioteca das Nuvens~volume:1~DIGITAL~qtd:1~data:2024-08-27 || 87~Luzes do Sul~Depois do Horizonte~volume:4~FISICO~qtd:2~data:2024-09-15 || 59~Serra Dourada~A Oficina dos Sonhos~volume:2~FISICO~qtd:2~data:2026-02-10 || 3~As Torres de Âmbar~O Vale das Lanternas~volume:2~FISICO~qtd:3~data:2026-03-11 || 48~Jardins Secretos~A Canção dos Pinheiros~volume:4~DIGITAL~qtd:3~data:2026-06-25 || 37~Ilhas Errantes~O Porto das Histórias~volume:3~FISICO~qtd:3~data:2026-08-03 || 92~Crônicas do Tempo~A Hora Esquecida~volume:2~DIGITAL~qtd:1~data:2026-08-28
USR-000037,Hugo Ribeiro Gomes,68,CPF,700.000.037-61,60~Serra Dourada~A Oficina dos Sonhos~volume:2~DIGITAL~qtd:1~data:2024-02-24 || 92~Crônicas do Tempo~A Hora Esquecida~volume:2~DIGITAL~qtd:1~data:2024-04-01 || 12~Marés do Norte~Cartas da Cidade Azul~volume:2~DIGITAL~qtd:3~data:2024-04-30 || 8~As Torres de Âmbar~O Reino de Cinzas~volume:4~DIGITAL~qtd:2~data:2025-08-21 || 43~Jardins Secretos~As Pontes de Aurora~volume:2~FISICO~qtd:1~data:2025-10-10 || 30~Estações~O Retrato da Primavera~volume:3~DIGITAL~qtd:3~data:2026-01-10 || 78~Reinos do Bosque~A Coroa de Folhas~volume:3~DIGITAL~qtd:2~data:2026-01-22 || 28~Estações~O Caderno de Inverno~volume:2~DIGITAL~qtd:3~data:2026-04-24 || 86~Luzes do Sul~O Farol de Cristal~volume:3~DIGITAL~qtd:1~data:2026-07-17 || 61~Serra Dourada~Horizontes de Cobre~volume:3~FISICO~qtd:2~data:2026-07-24
USR-000038,Hugo Dias Santos,69,RG,99.000.038-9,1~As Torres de Âmbar~A Chave de Âmbar~volume:1~FISICO~qtd:2~data:2024-12-23 || 16~Marés do Norte~A Ilha Submersa~volume:4~DIGITAL~qtd:1~data:2026-04-27
39,Alice Esteves Mendes,83,CPF,700.000.039-22,18~Arquivos do Céu~A Biblioteca das Nuvens~volume:1~DIGITAL~qtd:1~data:2024-09-28 || 39~Ilhas Errantes~A Travessia das Flores~volume:4~FISICO~qtd:3~data:2025-03-27 || 89~Crônicas do Tempo~O Relógio Partido~volume:1~FISICO~qtd:2~data:2026-04-29 || 33~Ilhas Errantes~A Ilha dos Ventos~volume:1~FISICO~qtd:2~data:2026-05-10
USR-000040,  PEDRO NUNES DIAS  ,35 anos,RG,99.000.040-3,13~Marés do Norte~O Último Faroleiro~volume:3~FISICO~qtd:1~data:2024-06-23 || 78~Reinos do Bosque~A Coroa de Folhas~volume:3~DIGITAL~qtd:2~data:2026-06-23 || 45~Jardins Secretos~A Casa das Sete Janelas~volume:3~FISICO~qtd:2~data:2026-09-07
USR-000041,Nuno Pereira Esteves,31,CPF,700.000.041-47,74~Reinos do Bosque~A Semente de Prata~volume:1~DIGITAL~qtd:2~data:2024-01-19 || 94~Crônicas do Tempo~Os Dias Invertidos~volume:3~DIGITAL~qtd:3~data:2024-04-09 || 35~Ilhas Errantes~Memórias do Rio Claro~volume:2~FISICO~qtd:1~data:2025-01-11 || 41~Jardins Secretos~O Segredo das Acácias~volume:1~FISICO~qtd:1~data:2025-05-24 || 36~Ilhas Errantes~Memórias do Rio Claro~volume:2~DIGITAL~qtd:2~data:2025-09-26 || 86~Luzes do Sul~O Farol de Cristal~volume:3~DIGITAL~qtd:2~data:2026-02-24
42,nuno oliveira teixeira,74,rg,99.000.042-7,93~Crônicas do Tempo~Os Dias Invertidos~volume:3~FISICO~qtd:1~data:2024-01-07 || 65~Cidades de Sal~O Labirinto de Sal~volume:1~FISICO~qtd:2~data:2024-01-12 || 72~Cidades de Sal~A Cidade sem Portas~volume:4~DIGITAL~qtd:1~data:2024-02-22 || 36~Ilhas Errantes~Memórias do Rio Claro~volume:2~DIGITAL~qtd:2~data:2024-03-09 || 75~Reinos do Bosque~O Bosque Adormecido~volume:2~FISICO~qtd:2~data:2025-01-17 || 85~Luzes do Sul~O Farol de Cristal~volume:3~FISICO~qtd:1~data:2025-06-29 || 87~Luzes do Sul~Depois do Horizonte~volume:4~FISICO~qtd:3~data:2025-10-28 || 70~Cidades de Sal~O Mercado das Sombras~volume:3~DIGITAL~qtd:3~data:2026-03-26 || 17~Arquivos do Céu~A Biblioteca das Nuvens~volume:1~FISICO~qtd:3~data:2026-04-11 || 53~Viajantes de Papel~A Estrada de Cristal~volume:3~FISICO~qtd:3~data:2026-04-19
USR-000043,Daniel Moreira Martins,57,CPF,700.000.043-09,82~Luzes do Sul~A Primeira Luz~volume:1~DIGITAL~qtd:2~data:2024-01-27 || 67~Cidades de Sal~O Relógio da Praça~volume:2~FISICO~qtd:2~data:2025-04-21 || 52~Viajantes de Papel~O Trem das Estrelas~volume:2~DIGITAL~qtd:1~data:2025-10-19 || 56~Viajantes de Papel~Os Dias do Cometa~volume:4~DIGITAL~qtd:2~data:2025-11-10 || 65~Cidades de Sal~O Labirinto de Sal~volume:1~FISICO~qtd:1~data:2026-03-16
USR-000044,Rafaela Mendes Gomes,26 anos,RG,99.000.044-1,25~Estações~Caminhos de Outono~volume:1~FISICO~qtd:2~data:2025-02-15
45,Elisa Pereira Souza,58,CPF,700.000.045-71,87~Luzes do Sul~Depois do Horizonte~volume:4~FISICO~qtd:3~data:2024-06-25 || 7~As Torres de Âmbar~O Reino de Cinzas~volume:4~FISICO~qtd:3~data:2024-07-06 || 79~Reinos do Bosque~O Guardião das Raízes~volume:4~FISICO~qtd:1~data:2025-05-27 || 69~Cidades de Sal~O Mercado das Sombras~volume:3~FISICO~qtd:3~data:2025-08-07 || 77~Reinos do Bosque~A Coroa de Folhas~volume:3~FISICO~qtd:2~data:2026-03-28 || 37~Ilhas Errantes~O Porto das Histórias~volume:3~FISICO~qtd:3~data:2026-05-14 || 31~Estações~A Última Página do Verão~volume:4~FISICO~qtd:2~data:2026-06-06
USR-000046,Alice Pereira Rocha,60,RG,99.000.046-5,26~Estações~Caminhos de Outono~volume:1~DIGITAL~qtd:1~data:2024-03-01 || 41~Jardins Secretos~O Segredo das Acácias~volume:1~FISICO~qtd:2~data:2024-06-06 || 74~Reinos do Bosque~A Semente de Prata~volume:1~DIGITAL~qtd:2~data:2024-07-26 || 45~Jardins Secretos~A Casa das Sete Janelas~volume:3~FISICO~qtd:3~data:2024-10-06 || 5~As Torres de Âmbar~A Torre do Amanhecer~volume:3~FISICO~qtd:2~data:2025-04-17 || 82~Luzes do Sul~A Primeira Luz~volume:1~DIGITAL~qtd:2~data:2025-05-28 || 21~Arquivos do Céu~O Palácio dos Ventos~volume:3~FISICO~qtd:2~data:2025-11-09 || 40~Ilhas Errantes~A Travessia das Flores~volume:4~DIGITAL~qtd:1~data:2025-12-04 || 29~Estações~O Retrato da Primavera~volume:3~FISICO~qtd:3~data:2026-04-09
USR-000047,Nuno Vieira Henriques,27,CPF,700.000.047-32,94~Crônicas do Tempo~Os Dias Invertidos~volume:3~DIGITAL~qtd:3~data:2024-03-12 || 17~Arquivos do Céu~A Biblioteca das Nuvens~volume:1~FISICO~qtd:3~data:2024-05-07 || 43~Jardins Secretos~As Pontes de Aurora~volume:2~FISICO~qtd:3~data:2024-08-12 || 76~Reinos do Bosque~O Bosque Adormecido~volume:2~DIGITAL~qtd:1~data:2024-09-08 || 46~Jardins Secretos~A Casa das Sete Janelas~volume:3~DIGITAL~qtd:2~data:2024-09-19 || 35~Ilhas Errantes~Memórias do Rio Claro~volume:2~FISICO~qtd:2~data:2024-11-14 || 95~Crônicas do Tempo~O Último Minuto~volume:4~FISICO~qtd:1~data:2024-12-31 || 31~Estações~A Última Página do Verão~volume:4~FISICO~qtd:3~data:2025-05-25 || 44~Jardins Secretos~As Pontes de Aurora~volume:2~DIGITAL~qtd:2~data:2026-01-10 || 72~Cidades de Sal~A Cidade sem Portas~volume:4~DIGITAL~qtd:2~data:2026-05-04
48,Gabriela Vieira Costa,46 anos,rg,99.000.048-9,19~Arquivos do Céu~O Mapa de Vidro~volume:2~FISICO~qtd:3~data:2024-01-11 || 36~Ilhas Errantes~Memórias do Rio Claro~volume:2~DIGITAL~qtd:2~data:2024-02-06 || 22~Arquivos do Céu~O Palácio dos Ventos~volume:3~DIGITAL~qtd:2~data:2024-05-18 || 55~Viajantes de Papel~Os Dias do Cometa~volume:4~FISICO~qtd:3~data:2025-05-09 || 66~Cidades de Sal~O Labirinto de Sal~volume:1~DIGITAL~qtd:2~data:2025-07-17 || 8~As Torres de Âmbar~O Reino de Cinzas~volume:4~DIGITAL~qtd:3~data:2025-09-29
USR-000049,elisa barbosa oliveira,60,CPF,700.000.049-02,95~Crônicas do Tempo~O Último Minuto~volume:4~FISICO~qtd:2~data:2024-04-16 || 43~Jardins Secretos~As Pontes de Aurora~volume:2~FISICO~qtd:2~data:2025-11-28 || 17~Arquivos do Céu~A Biblioteca das Nuvens~volume:1~FISICO~qtd:1~data:2026-05-16 || 57~Serra Dourada~Crônicas da Serra Dourada~volume:1~FISICO~qtd:3~data:2026-06-14 || 5~As Torres de Âmbar~A Torre do Amanhecer~volume:3~FISICO~qtd:1~data:2026-07-22 || 42~Jardins Secretos~O Segredo das Acácias~volume:1~DIGITAL~qtd:2~data:2026-09-23
USR-000050,  SAMUEL ROCHA VIEIRA  ,35,RG,99.000.050-3,72~Cidades de Sal~A Cidade sem Portas~volume:4~DIGITAL~qtd:3~data:2024-01-24 || 84~Luzes do Sul~A Estrada do Sul~volume:2~DIGITAL~qtd:2~data:2024-06-11 || 7~As Torres de Âmbar~O Reino de Cinzas~volume:4~FISICO~qtd:2~data:2024-06-20 || 6~As Torres de Âmbar~A Torre do Amanhecer~volume:3~DIGITAL~qtd:1~data:2024-09-04 || 3~As Torres de Âmbar~O Vale das Lanternas~volume:2~FISICO~qtd:1~data:2025-07-19 || 39~Ilhas Errantes~A Travessia das Flores~volume:4~FISICO~qtd:1~data:2026-01-16 || 35~Ilhas Errantes~Memórias do Rio Claro~volume:2~FISICO~qtd:1~data:2026-03-31 || 22~Arquivos do Céu~O Palácio dos Ventos~volume:3~DIGITAL~qtd:2~data:2026-04-07
51,João Lima Vieira,28,CPF,700.000.051-19,15~Marés do Norte~A Ilha Submersa~volume:4~FISICO~qtd:1~data:2024-05-07 || 30~Estações~O Retrato da Primavera~volume:3~DIGITAL~qtd:1~data:2024-06-13 || 1~As Torres de Âmbar~A Chave de Âmbar~volume:1~FISICO~qtd:3~data:2024-11-15 || 47~Jardins Secretos~A Canção dos Pinheiros~volume:4~FISICO~qtd:3~data:2025-01-17 || 29~Estações~O Retrato da Primavera~volume:3~FISICO~qtd:1~data:2025-06-28 || 19~Arquivos do Céu~O Mapa de Vidro~volume:2~FISICO~qtd:2~data:2025-12-29
USR-000052,Rafaela Teixeira Nunes,83 anos,RG,99.000.052-7,52~Viajantes de Papel~O Trem das Estrelas~volume:2~DIGITAL~qtd:3~data:2024-03-05 || 9~Marés do Norte~O Jardim das Marés~volume:1~FISICO~qtd:1~data:2025-06-14 || 72~Cidades de Sal~A Cidade sem Portas~volume:4~DIGITAL~qtd:2~data:2026-04-06
USR-000053,João Almeida Dias,51,CPF,700.000.053-81,14~Marés do Norte~O Último Faroleiro~volume:3~DIGITAL~qtd:2~data:2024-04-05 || 77~Reinos do Bosque~A Coroa de Folhas~volume:3~FISICO~qtd:2~data:2025-03-23 || 37~Ilhas Errantes~O Porto das Histórias~volume:3~FISICO~qtd:2~data:2025-09-02 || 56~Viajantes de Papel~Os Dias do Cometa~volume:4~DIGITAL~qtd:1~data:2025-10-13
54,Débora Souza Santos,58,rg,99.000.054-1,45~Jardins Secretos~A Casa das Sete Janelas~volume:3~FISICO~qtd:2~data:2024-03-09 || 65~Cidades de Sal~O Labirinto de Sal~volume:1~FISICO~qtd:1~data:2024-04-04 || 64~Serra Dourada~Os Guardiões do Horizonte~volume:4~DIGITAL~qtd:2~data:2024-08-19 || 41~Jardins Secretos~O Segredo das Acácias~volume:1~FISICO~qtd:2~data:2024-11-08 || 93~Crônicas do Tempo~Os Dias Invertidos~volume:3~FISICO~qtd:1~data:2025-03-14 || 58~Serra Dourada~Crônicas da Serra Dourada~volume:1~DIGITAL~qtd:3~data:2025-03-22 || 30~Estações~O Retrato da Primavera~volume:3~DIGITAL~qtd:1~data:2025-09-20 || 82~Luzes do Sul~A Primeira Luz~volume:1~DIGITAL~qtd:2~data:2026-01-09 || 15~Marés do Norte~A Ilha Submersa~volume:4~FISICO~qtd:3~data:2026-03-23
USR-000055,Rafaela Lima Gomes,82,CPF,700.000.055-42,17~Arquivos do Céu~A Biblioteca das Nuvens~volume:1~FISICO~qtd:2~data:2024-03-31 || 35~Ilhas Errantes~Memórias do Rio Claro~volume:2~FISICO~qtd:1~data:2024-07-04 || 71~Cidades de Sal~A Cidade sem Portas~volume:4~FISICO~qtd:1~data:2024-08-19 || 84~Luzes do Sul~A Estrada do Sul~volume:2~DIGITAL~qtd:3~data:2024-09-25 || 88~Luzes do Sul~Depois do Horizonte~volume:4~DIGITAL~qtd:1~data:2025-05-16 || 45~Jardins Secretos~A Casa das Sete Janelas~volume:3~FISICO~qtd:3~data:2025-07-31 || 48~Jardins Secretos~A Canção dos Pinheiros~volume:4~DIGITAL~qtd:3~data:2025-09-07 || 73~Reinos do Bosque~A Semente de Prata~volume:1~FISICO~qtd:3~data:2025-12-17
USR-000056,rafaela dias henriques,77 anos,RG,99.000.056-5,86~Luzes do Sul~O Farol de Cristal~volume:3~DIGITAL~qtd:2~data:2025-04-14 || 64~Serra Dourada~Os Guardiões do Horizonte~volume:4~DIGITAL~qtd:2~data:2025-12-19
57,Teresa Mendes Rocha,54,CPF,700.000.057-04,6~As Torres de Âmbar~A Torre do Amanhecer~volume:3~DIGITAL~qtd:3~data:2024-01-09 || 69~Cidades de Sal~O Mercado das Sombras~volume:3~FISICO~qtd:1~data:2024-01-30 || 54~Viajantes de Papel~A Estrada de Cristal~volume:3~DIGITAL~qtd:3~data:2024-02-20 || 3~As Torres de Âmbar~O Vale das Lanternas~volume:2~FISICO~qtd:3~data:2026-05-08 || 39~Ilhas Errantes~A Travessia das Flores~volume:4~FISICO~qtd:1~data:2026-06-30 || 25~Estações~Caminhos de Outono~volume:1~FISICO~qtd:1~data:2026-07-02
USR-000058,Ana Esteves Rocha,56,RG,99.000.058-9,43~Jardins Secretos~As Pontes de Aurora~volume:2~FISICO~qtd:3~data:2024-10-31 || 45~Jardins Secretos~A Casa das Sete Janelas~volume:3~FISICO~qtd:2~data:2025-06-02 || 86~Luzes do Sul~O Farol de Cristal~volume:3~DIGITAL~qtd:3~data:2026-03-04 || 35~Ilhas Errantes~Memórias do Rio Claro~volume:2~FISICO~qtd:1~data:2026-05-29
USR-000059,Rafaela Gomes Lima,43,CPF,700.000.059-76,41~Jardins Secretos~O Segredo das Acácias~volume:1~FISICO~qtd:2~data:2024-12-08 || 62~Serra Dourada~Horizontes de Cobre~volume:3~DIGITAL~qtd:1~data:2025-09-15 || 87~Luzes do Sul~Depois do Horizonte~volume:4~FISICO~qtd:2~data:2025-09-30 || 5~As Torres de Âmbar~A Torre do Amanhecer~volume:3~FISICO~qtd:2~data:2026-06-13
60,  OLÍVIA DIAS ROCHA  ,27 anos,rg,99.000.060-3,25~Estações~Caminhos de Outono~volume:1~FISICO~qtd:2~data:2024-07-12 || 71~Cidades de Sal~A Cidade sem Portas~volume:4~FISICO~qtd:1~data:2024-10-01 || 50~Viajantes de Papel~O Viajante de Papel~volume:1~DIGITAL~qtd:2~data:2024-10-03 || 59~Serra Dourada~A Oficina dos Sonhos~volume:2~FISICO~qtd:2~data:2025-01-07 || 41~Jardins Secretos~O Segredo das Acácias~volume:1~FISICO~qtd:3~data:2025-12-11
USR-000061,Elisa Lima Ferreira,37,CPF,700.000.061-91,5~As Torres de Âmbar~A Torre do Amanhecer~volume:3~FISICO~qtd:3~data:2024-01-25 || 28~Estações~O Caderno de Inverno~volume:2~DIGITAL~qtd:2~data:2024-02-22 || 68~Cidades de Sal~O Relógio da Praça~volume:2~DIGITAL~qtd:1~data:2024-04-02 || 2~As Torres de Âmbar~A Chave de Âmbar~volume:1~DIGITAL~qtd:2~data:2024-04-04 || 23~Arquivos do Céu~A Última Constelação~volume:4~FISICO~qtd:2~data:2024-06-13 || 46~Jardins Secretos~A Casa das Sete Janelas~volume:3~DIGITAL~qtd:3~data:2024-08-16 || 76~Reinos do Bosque~O Bosque Adormecido~volume:2~DIGITAL~qtd:2~data:2025-04-28 || 67~Cidades de Sal~O Relógio da Praça~volume:2~FISICO~qtd:2~data:2025-08-22
USR-000062,João Santos Vieira,82,RG,99.000.062-7,45~Jardins Secretos~A Casa das Sete Janelas~volume:3~FISICO~qtd:3~data:2024-11-08 || 87~Luzes do Sul~Depois do Horizonte~volume:4~FISICO~qtd:1~data:2026-02-06 || 21~Arquivos do Céu~O Palácio dos Ventos~volume:3~FISICO~qtd:2~data:2026-05-04
63,daniel santos moreira,67,CPF,700.000.063-52,54~Viajantes de Papel~A Estrada de Cristal~volume:3~DIGITAL~qtd:3~data:2025-01-12 || 10~Marés do Norte~O Jardim das Marés~volume:1~DIGITAL~qtd:3~data:2025-12-06
USR-000064,Karina Barbosa Teixeira,62 anos,RG,99.000.064-1,44~Jardins Secretos~As Pontes de Aurora~volume:2~DIGITAL~qtd:1~data:2024-03-21 || 31~Estações~A Última Página do Verão~volume:4~FISICO~qtd:3~data:2025-01-04 || 32~Estações~A Última Página do Verão~volume:4~DIGITAL~qtd:3~data:2025-06-27 || 27~Estações~O Caderno de Inverno~volume:2~FISICO~qtd:3~data:2025-08-02 || 24~Arquivos do Céu~A Última Constelação~volume:4~DIGITAL~qtd:3~data:2025-11-17 || 71~Cidades de Sal~A Cidade sem Portas~volume:4~FISICO~qtd:3~data:2026-05-08 || 45~Jardins Secretos~A Casa das Sete Janelas~volume:3~FISICO~qtd:1~data:2026-05-26
USR-000065,Carla Pereira Cardoso,50,CPF,700.000.065-14,82~Luzes do Sul~A Primeira Luz~volume:1~DIGITAL~qtd:3~data:2025-10-17 || 77~Reinos do Bosque~A Coroa de Folhas~volume:3~FISICO~qtd:2~data:2026-01-04 || 25~Estações~Caminhos de Outono~volume:1~FISICO~qtd:2~data:2026-09-12
66,Nuno Vieira Rocha,50,rg,99.000.066-5,16~Marés do Norte~A Ilha Submersa~volume:4~DIGITAL~qtd:1~data:2024-05-09 || 12~Marés do Norte~Cartas da Cidade Azul~volume:2~DIGITAL~qtd:2~data:2025-01-12 || 66~Cidades de Sal~O Labirinto de Sal~volume:1~DIGITAL~qtd:1~data:2025-02-20 || 90~Crônicas do Tempo~O Relógio Partido~volume:1~DIGITAL~qtd:3~data:2025-03-25
USR-000067,Eduardo Martins Rocha,24,CPF,700.000.067-86,92~Crônicas do Tempo~A Hora Esquecida~volume:2~DIGITAL~qtd:1~data:2024-07-28 || 58~Serra Dourada~Crônicas da Serra Dourada~volume:1~DIGITAL~qtd:2~data:2024-08-05 || 59~Serra Dourada~A Oficina dos Sonhos~volume:2~FISICO~qtd:3~data:2024-12-20 || 90~Crônicas do Tempo~O Relógio Partido~volume:1~DIGITAL~qtd:1~data:2025-07-06 || 8~As Torres de Âmbar~O Reino de Cinzas~volume:4~DIGITAL~qtd:3~data:2025-09-14 || 83~Luzes do Sul~A Estrada do Sul~volume:2~FISICO~qtd:1~data:2025-12-28 || 30~Estações~O Retrato da Primavera~volume:3~DIGITAL~qtd:1~data:2026-03-31 || 73~Reinos do Bosque~A Semente de Prata~volume:1~FISICO~qtd:1~data:2026-04-30 || 96~Crônicas do Tempo~O Último Minuto~volume:4~DIGITAL~qtd:3~data:2026-06-29
USR-000068,Caio Mendes Oliveira,43 anos,RG,99.000.068-9,69~Cidades de Sal~O Mercado das Sombras~volume:3~FISICO~qtd:3~data:2024-01-29 || 45~Jardins Secretos~A Casa das Sete Janelas~volume:3~FISICO~qtd:2~data:2024-11-08 || 19~Arquivos do Céu~O Mapa de Vidro~volume:2~FISICO~qtd:3~data:2025-08-26 || 53~Viajantes de Papel~A Estrada de Cristal~volume:3~FISICO~qtd:2~data:2025-11-12 || 94~Crônicas do Tempo~Os Dias Invertidos~volume:3~DIGITAL~qtd:2~data:2026-01-01 || 96~Crônicas do Tempo~O Último Minuto~volume:4~DIGITAL~qtd:1~data:2026-03-19 || 90~Crônicas do Tempo~O Relógio Partido~volume:1~DIGITAL~qtd:2~data:2026-07-06
69,Isabela Nunes Rocha,30,CPF,700.000.069-48,63~Serra Dourada~Os Guardiões do Horizonte~volume:4~FISICO~qtd:3~data:2024-08-18 || 67~Cidades de Sal~O Relógio da Praça~volume:2~FISICO~qtd:3~data:2024-11-30 || 52~Viajantes de Papel~O Trem das Estrelas~volume:2~DIGITAL~qtd:2~data:2024-12-11 || 43~Jardins Secretos~As Pontes de Aurora~volume:2~FISICO~qtd:2~data:2025-03-26 || 9~Marés do Norte~O Jardim das Marés~volume:1~FISICO~qtd:1~data:2026-02-07 || 34~Ilhas Errantes~A Ilha dos Ventos~volume:1~DIGITAL~qtd:1~data:2026-05-23 || 27~Estações~O Caderno de Inverno~volume:2~FISICO~qtd:1~data:2026-08-01
USR-000070,  VITOR BARBOSA RIBEIRO  ,57,RG,99.000.070-3,83~Luzes do Sul~A Estrada do Sul~volume:2~FISICO~qtd:2~data:2024-01-29 || 41~Jardins Secretos~O Segredo das Acácias~volume:1~FISICO~qtd:1~data:2025-01-27 || 87~Luzes do Sul~Depois do Horizonte~volume:4~FISICO~qtd:2~data:2025-03-02 || 17~Arquivos do Céu~A Biblioteca das Nuvens~volume:1~FISICO~qtd:1~data:2026-01-17 || 96~Crônicas do Tempo~O Último Minuto~volume:4~DIGITAL~qtd:1~data:2026-01-26 || 85~Luzes do Sul~O Farol de Cristal~volume:3~FISICO~qtd:3~data:2026-02-11
USR-000071,Rafaela Nunes Esteves,33,CPF,700.000.071-62,69~Cidades de Sal~O Mercado das Sombras~volume:3~FISICO~qtd:1~data:2024-03-06 || 19~Arquivos do Céu~O Mapa de Vidro~volume:2~FISICO~qtd:3~data:2024-04-11 || 16~Marés do Norte~A Ilha Submersa~volume:4~DIGITAL~qtd:1~data:2025-04-14 || 93~Crônicas do Tempo~Os Dias Invertidos~volume:3~FISICO~qtd:1~data:2025-05-18 || 73~Reinos do Bosque~A Semente de Prata~volume:1~FISICO~qtd:2~data:2025-11-14 || 4~As Torres de Âmbar~O Vale das Lanternas~volume:2~DIGITAL~qtd:1~data:2026-05-29 || 77~Reinos do Bosque~A Coroa de Folhas~volume:3~FISICO~qtd:1~data:2026-06-10 || 35~Ilhas Errantes~Memórias do Rio Claro~volume:2~FISICO~qtd:2~data:2026-06-11 || 66~Cidades de Sal~O Labirinto de Sal~volume:1~DIGITAL~qtd:1~data:2026-09-25
72,Bruno Ribeiro Martins,36 anos,rg,99.000.072-7,33~Ilhas Errantes~A Ilha dos Ventos~volume:1~FISICO~qtd:1~data:2024-01-16 || 32~Estações~A Última Página do Verão~volume:4~DIGITAL~qtd:3~data:2024-05-14 || 3~As Torres de Âmbar~O Vale das Lanternas~volume:2~FISICO~qtd:3~data:2024-07-18 || 19~Arquivos do Céu~O Mapa de Vidro~volume:2~FISICO~qtd:3~data:2024-09-01 || 94~Crônicas do Tempo~Os Dias Invertidos~volume:3~DIGITAL~qtd:3~data:2024-09-03 || 31~Estações~A Última Página do Verão~volume:4~FISICO~qtd:3~data:2025-02-10 || 6~As Torres de Âmbar~A Torre do Amanhecer~volume:3~DIGITAL~qtd:3~data:2025-05-01 || 10~Marés do Norte~O Jardim das Marés~volume:1~DIGITAL~qtd:2~data:2025-09-14 || 83~Luzes do Sul~A Estrada do Sul~volume:2~FISICO~qtd:2~data:2026-01-10 || 42~Jardins Secretos~O Segredo das Acácias~volume:1~DIGITAL~qtd:3~data:2026-01-17
USR-000073,Vitor Ferreira Barbosa,65,CPF,700.000.073-24,73~Reinos do Bosque~A Semente de Prata~volume:1~FISICO~qtd:2~data:2024-01-10 || 1~As Torres de Âmbar~A Chave de Âmbar~volume:1~FISICO~qtd:2~data:2024-07-07 || 89~Crônicas do Tempo~O Relógio Partido~volume:1~FISICO~qtd:3~data:2024-10-03 || 55~Viajantes de Papel~Os Dias do Cometa~volume:4~FISICO~qtd:2~data:2024-10-24 || 2~As Torres de Âmbar~A Chave de Âmbar~volume:1~DIGITAL~qtd:1~data:2026-04-30 || 16~Marés do Norte~A Ilha Submersa~volume:4~DIGITAL~qtd:2~data:2026-06-29
USR-000074,Hugo Teixeira Moreira,68,RG,99.000.074-1,86~Luzes do Sul~O Farol de Cristal~volume:3~DIGITAL~qtd:1~data:2025-02-10
75,Karina Rocha Cardoso,77,CPF,700.000.075-96,12~Marés do Norte~Cartas da Cidade Azul~volume:2~DIGITAL~qtd:1~data:2024-06-09 || 41~Jardins Secretos~O Segredo das Acácias~volume:1~FISICO~qtd:3~data:2024-06-12 || 1~As Torres de Âmbar~A Chave de Âmbar~volume:1~FISICO~qtd:2~data:2024-06-29 || 83~Luzes do Sul~A Estrada do Sul~volume:2~FISICO~qtd:3~data:2025-01-10 || 79~Reinos do Bosque~O Guardião das Raízes~volume:4~FISICO~qtd:1~data:2025-03-01 || 61~Serra Dourada~Horizontes de Cobre~volume:3~FISICO~qtd:2~data:2025-05-29 || 19~Arquivos do Céu~O Mapa de Vidro~volume:2~FISICO~qtd:1~data:2026-01-04
USR-000076,Ana Barbosa Costa,26 anos,RG,99.000.076-5,46~Jardins Secretos~A Casa das Sete Janelas~volume:3~DIGITAL~qtd:3~data:2024-06-24 || 27~Estações~O Caderno de Inverno~volume:2~FISICO~qtd:1~data:2024-12-14 || 68~Cidades de Sal~O Relógio da Praça~volume:2~DIGITAL~qtd:1~data:2025-09-18 || 32~Estações~A Última Página do Verão~volume:4~DIGITAL~qtd:1~data:2026-03-03
USR-000077,karina ferreira souza,50,CPF,700.000.077-58,2~As Torres de Âmbar~A Chave de Âmbar~volume:1~DIGITAL~qtd:3~data:2025-01-13 || 44~Jardins Secretos~As Pontes de Aurora~volume:2~DIGITAL~qtd:1~data:2025-02-04 || 39~Ilhas Errantes~A Travessia das Flores~volume:4~FISICO~qtd:2~data:2025-03-02 || 32~Estações~A Última Página do Verão~volume:4~DIGITAL~qtd:1~data:2025-06-16 || 93~Crônicas do Tempo~Os Dias Invertidos~volume:3~FISICO~qtd:3~data:2025-09-24 || 51~Viajantes de Papel~O Trem das Estrelas~volume:2~FISICO~qtd:2~data:2025-11-20 || 31~Estações~A Última Página do Verão~volume:4~FISICO~qtd:3~data:2025-12-30 || 78~Reinos do Bosque~A Coroa de Folhas~volume:3~DIGITAL~qtd:1~data:2026-03-03 || 34~Ilhas Errantes~A Ilha dos Ventos~volume:1~DIGITAL~qtd:1~data:2026-08-22
78,Elisa Mendes Dias,54,rg,99.000.078-9,34~Ilhas Errantes~A Ilha dos Ventos~volume:1~DIGITAL~qtd:2~data:2026-05-17
USR-000079,Vitor Martins Souza,76,CPF,700.000.079-10,96~Crônicas do Tempo~O Último Minuto~volume:4~DIGITAL~qtd:1~data:2024-03-13 || 26~Estações~Caminhos de Outono~volume:1~DIGITAL~qtd:1~data:2024-04-07 || 15~Marés do Norte~A Ilha Submersa~volume:4~FISICO~qtd:1~data:2025-10-25 || 20~Arquivos do Céu~O Mapa de Vidro~volume:2~DIGITAL~qtd:3~data:2026-03-15 || 3~As Torres de Âmbar~O Vale das Lanternas~volume:2~FISICO~qtd:2~data:2026-03-28 || 87~Luzes do Sul~Depois do Horizonte~volume:4~FISICO~qtd:3~data:2026-07-13
USR-000080,  LUCAS PEREIRA OLIVEIRA  ,81 anos,RG,99.000.080-3,55~Viajantes de Papel~Os Dias do Cometa~volume:4~FISICO~qtd:2~data:2024-09-07 || 40~Ilhas Errantes~A Travessia das Flores~volume:4~DIGITAL~qtd:1~data:2024-10-25 || 80~Reinos do Bosque~O Guardião das Raízes~volume:4~DIGITAL~qtd:3~data:2026-05-19
81,Caio Oliveira Rocha,36,CPF,700.000.081-34,73~Reinos do Bosque~A Semente de Prata~volume:1~FISICO~qtd:2~data:2024-06-14 || 12~Marés do Norte~Cartas da Cidade Azul~volume:2~DIGITAL~qtd:1~data:2025-03-24 || 94~Crônicas do Tempo~Os Dias Invertidos~volume:3~DIGITAL~qtd:1~data:2025-06-01 || 79~Reinos do Bosque~O Guardião das Raízes~volume:4~FISICO~qtd:1~data:2025-07-19 || 8~As Torres de Âmbar~O Reino de Cinzas~volume:4~DIGITAL~qtd:2~data:2025-07-20 || 68~Cidades de Sal~O Relógio da Praça~volume:2~DIGITAL~qtd:3~data:2025-10-26 || 15~Marés do Norte~A Ilha Submersa~volume:4~FISICO~qtd:1~data:2025-11-30 || 81~Luzes do Sul~A Primeira Luz~volume:1~FISICO~qtd:2~data:2026-01-02
USR-000082,Pedro Dias Moreira,58,RG,99.000.082-7,7~As Torres de Âmbar~O Reino de Cinzas~volume:4~FISICO~qtd:3~data:2024-11-19 || 11~Marés do Norte~Cartas da Cidade Azul~volume:2~FISICO~qtd:3~data:2025-12-13 || 15~Marés do Norte~A Ilha Submersa~volume:4~FISICO~qtd:2~data:2026-02-01 || 59~Serra Dourada~A Oficina dos Sonhos~volume:2~FISICO~qtd:1~data:2026-07-15
USR-000083,Karina Moreira Lima,84,CPF,700.000.083-04,14~Marés do Norte~O Último Faroleiro~volume:3~DIGITAL~qtd:1~data:2024-01-28 || 90~Crônicas do Tempo~O Relógio Partido~volume:1~DIGITAL~qtd:2~data:2024-04-13 || 49~Viajantes de Papel~O Viajante de Papel~volume:1~FISICO~qtd:2~data:2024-04-13 || 63~Serra Dourada~Os Guardiões do Horizonte~volume:4~FISICO~qtd:2~data:2025-02-11 || 95~Crônicas do Tempo~O Último Minuto~volume:4~FISICO~qtd:2~data:2025-08-23 || 92~Crônicas do Tempo~A Hora Esquecida~volume:2~DIGITAL~qtd:1~data:2025-10-20 || 64~Serra Dourada~Os Guardiões do Horizonte~volume:4~DIGITAL~qtd:1~data:2026-03-02
84,joão esteves nunes,42 anos,rg,99.000.084-1,70~Cidades de Sal~O Mercado das Sombras~volume:3~DIGITAL~qtd:1~data:2024-01-27 || 94~Crônicas do Tempo~Os Dias Invertidos~volume:3~DIGITAL~qtd:1~data:2024-05-27 || 83~Luzes do Sul~A Estrada do Sul~volume:2~FISICO~qtd:3~data:2024-09-25 || 61~Serra Dourada~Horizontes de Cobre~volume:3~FISICO~qtd:1~data:2024-10-13 || 69~Cidades de Sal~O Mercado das Sombras~volume:3~FISICO~qtd:1~data:2025-02-07 || 59~Serra Dourada~A Oficina dos Sonhos~volume:2~FISICO~qtd:1~data:2025-12-02 || 64~Serra Dourada~Os Guardiões do Horizonte~volume:4~DIGITAL~qtd:2~data:2026-03-13 || 86~Luzes do Sul~O Farol de Cristal~volume:3~DIGITAL~qtd:3~data:2026-06-12 || 5~As Torres de Âmbar~A Torre do Amanhecer~volume:3~FISICO~qtd:3~data:2026-06-24 || 68~Cidades de Sal~O Relógio da Praça~volume:2~DIGITAL~qtd:2~data:2026-08-13
USR-000085,Bruno Souza Ferreira,34,CPF,700.000.085-68,75~Reinos do Bosque~O Bosque Adormecido~volume:2~FISICO~qtd:3~data:2024-08-10 || 1~As Torres de Âmbar~A Chave de Âmbar~volume:1~FISICO~qtd:2~data:2024-12-22 || 22~Arquivos do Céu~O Palácio dos Ventos~volume:3~DIGITAL~qtd:1~data:2025-01-11 || 57~Serra Dourada~Crônicas da Serra Dourada~volume:1~FISICO~qtd:2~data:2025-01-30 || 66~Cidades de Sal~O Labirinto de Sal~volume:1~DIGITAL~qtd:2~data:2025-04-07 || 95~Crônicas do Tempo~O Último Minuto~volume:4~FISICO~qtd:3~data:2025-05-07 || 40~Ilhas Errantes~A Travessia das Flores~volume:4~DIGITAL~qtd:2~data:2025-05-22 || 92~Crônicas do Tempo~A Hora Esquecida~volume:2~DIGITAL~qtd:2~data:2025-10-23 || 73~Reinos do Bosque~A Semente de Prata~volume:1~FISICO~qtd:3~data:2026-01-29 || 37~Ilhas Errantes~O Porto das Histórias~volume:3~FISICO~qtd:2~data:2026-04-02
USR-000086,Pedro Teixeira Cardoso,41,RG,99.000.086-5,31~Estações~A Última Página do Verão~volume:4~FISICO~qtd:1~data:2024-08-14 || 25~Estações~Caminhos de Outono~volume:1~FISICO~qtd:2~data:2024-12-01 || 81~Luzes do Sul~A Primeira Luz~volume:1~FISICO~qtd:1~data:2025-11-23 || 32~Estações~A Última Página do Verão~volume:4~DIGITAL~qtd:3~data:2026-05-29 || 57~Serra Dourada~Crônicas da Serra Dourada~volume:1~FISICO~qtd:3~data:2026-06-21
87,João Santos Vieira,29,CPF,700.000.087-20,48~Jardins Secretos~A Canção dos Pinheiros~volume:4~DIGITAL~qtd:1~data:2024-01-31 || 64~Serra Dourada~Os Guardiões do Horizonte~volume:4~DIGITAL~qtd:2~data:2024-05-06 || 56~Viajantes de Papel~Os Dias do Cometa~volume:4~DIGITAL~qtd:3~data:2026-04-10 || 85~Luzes do Sul~O Farol de Cristal~volume:3~FISICO~qtd:3~data:2026-05-03
USR-000088,Nuno Nunes Vieira,26 anos,RG,99.000.088-9,5~As Torres de Âmbar~A Torre do Amanhecer~volume:3~FISICO~qtd:1~data:2024-04-28 || 61~Serra Dourada~Horizontes de Cobre~volume:3~FISICO~qtd:1~data:2024-07-24 || 34~Ilhas Errantes~A Ilha dos Ventos~volume:1~DIGITAL~qtd:2~data:2025-08-21 || 84~Luzes do Sul~A Estrada do Sul~volume:2~DIGITAL~qtd:3~data:2026-06-03
USR-000089,Marina Teixeira Costa,82,CPF,700.000.089-91,68~Cidades de Sal~O Relógio da Praça~volume:2~DIGITAL~qtd:2~data:2025-03-27
90,  EDUARDO SANTOS LIMA  ,55,rg,99.000.090-3,78~Reinos do Bosque~A Coroa de Folhas~volume:3~DIGITAL~qtd:3~data:2026-03-30 || 3~As Torres de Âmbar~O Vale das Lanternas~volume:2~FISICO~qtd:1~data:2026-04-12 || 56~Viajantes de Papel~Os Dias do Cometa~volume:4~DIGITAL~qtd:3~data:2026-09-04
USR-000091,vitor barbosa vieira,19,CPF,700.000.091-06,8~As Torres de Âmbar~O Reino de Cinzas~volume:4~DIGITAL~qtd:3~data:2024-04-22 || 69~Cidades de Sal~O Mercado das Sombras~volume:3~FISICO~qtd:2~data:2024-06-15 || 85~Luzes do Sul~O Farol de Cristal~volume:3~FISICO~qtd:3~data:2024-07-05 || 76~Reinos do Bosque~O Bosque Adormecido~volume:2~DIGITAL~qtd:2~data:2025-01-31 || 66~Cidades de Sal~O Labirinto de Sal~volume:1~DIGITAL~qtd:3~data:2025-10-08 || 72~Cidades de Sal~A Cidade sem Portas~volume:4~DIGITAL~qtd:2~data:2026-02-19 || 54~Viajantes de Papel~A Estrada de Cristal~volume:3~DIGITAL~qtd:2~data:2026-06-21 || 46~Jardins Secretos~A Casa das Sete Janelas~volume:3~DIGITAL~qtd:2~data:2026-09-18
USR-000092,Alice Ferreira Barbosa,46 anos,RG,99.000.092-7,79~Reinos do Bosque~O Guardião das Raízes~volume:4~FISICO~qtd:3~data:2024-06-09 || 29~Estações~O Retrato da Primavera~volume:3~FISICO~qtd:2~data:2024-12-27 || 5~As Torres de Âmbar~A Torre do Amanhecer~volume:3~FISICO~qtd:3~data:2025-08-27 || 55~Viajantes de Papel~Os Dias do Cometa~volume:4~FISICO~qtd:3~data:2026-03-14 || 75~Reinos do Bosque~O Bosque Adormecido~volume:2~FISICO~qtd:2~data:2026-08-03
93,Samuel Cardoso Mendes,60,CPF,700.000.093-78,23~Arquivos do Céu~A Última Constelação~volume:4~FISICO~qtd:2~data:2024-05-26 || 20~Arquivos do Céu~O Mapa de Vidro~volume:2~DIGITAL~qtd:3~data:2024-06-16 || 68~Cidades de Sal~O Relógio da Praça~volume:2~DIGITAL~qtd:3~data:2025-01-17 || 21~Arquivos do Céu~O Palácio dos Ventos~volume:3~FISICO~qtd:3~data:2025-04-18 || 88~Luzes do Sul~Depois do Horizonte~volume:4~DIGITAL~qtd:3~data:2026-05-04
USR-000094,Vitor Souza Ribeiro,53,RG,99.000.094-1,7~As Torres de Âmbar~O Reino de Cinzas~volume:4~FISICO~qtd:2~data:2024-07-06 || 35~Ilhas Errantes~Memórias do Rio Claro~volume:2~FISICO~qtd:2~data:2024-07-15 || 41~Jardins Secretos~O Segredo das Acácias~volume:1~FISICO~qtd:3~data:2024-09-22 || 70~Cidades de Sal~O Mercado das Sombras~volume:3~DIGITAL~qtd:3~data:2025-04-26 || 19~Arquivos do Céu~O Mapa de Vidro~volume:2~FISICO~qtd:1~data:2025-12-13 || 78~Reinos do Bosque~A Coroa de Folhas~volume:3~DIGITAL~qtd:3~data:2026-01-25 || 67~Cidades de Sal~O Relógio da Praça~volume:2~FISICO~qtd:2~data:2026-06-10
USR-000095,Olívia Ferreira Costa,59,CPF,700.000.095-30,30~Estações~O Retrato da Primavera~volume:3~DIGITAL~qtd:3~data:2024-05-15 || 34~Ilhas Errantes~A Ilha dos Ventos~volume:1~DIGITAL~qtd:1~data:2026-01-20
96,Eduardo Souza Rocha,55 anos,rg,99.000.096-5,11~Marés do Norte~Cartas da Cidade Azul~volume:2~FISICO~qtd:3~data:2024-05-28 || 33~Ilhas Errantes~A Ilha dos Ventos~volume:1~FISICO~qtd:3~data:2024-07-13 || 59~Serra Dourada~A Oficina dos Sonhos~volume:2~FISICO~qtd:2~data:2024-09-21 || 13~Marés do Norte~O Último Faroleiro~volume:3~FISICO~qtd:3~data:2025-05-26 || 94~Crônicas do Tempo~Os Dias Invertidos~volume:3~DIGITAL~qtd:1~data:2025-08-25 || 19~Arquivos do Céu~O Mapa de Vidro~volume:2~FISICO~qtd:3~data:2025-10-18 || 62~Serra Dourada~Horizontes de Cobre~volume:3~DIGITAL~qtd:2~data:2025-11-25
USR-000097,Pedro Nunes Oliveira,66,CPF,700.000.097-00,90~Crônicas do Tempo~O Relógio Partido~volume:1~DIGITAL~qtd:2~data:2024-01-12 || 17~Arquivos do Céu~A Biblioteca das Nuvens~volume:1~FISICO~qtd:1~data:2024-05-28 || 38~Ilhas Errantes~O Porto das Histórias~volume:3~DIGITAL~qtd:2~data:2024-06-16 || 35~Ilhas Errantes~Memórias do Rio Claro~volume:2~FISICO~qtd:1~data:2024-11-22 || 42~Jardins Secretos~O Segredo das Acácias~volume:1~DIGITAL~qtd:1~data:2025-06-01 || 88~Luzes do Sul~Depois do Horizonte~volume:4~DIGITAL~qtd:2~data:2025-07-03 || 14~Marés do Norte~O Último Faroleiro~volume:3~DIGITAL~qtd:2~data:2026-03-20 || 26~Estações~Caminhos de Outono~volume:1~DIGITAL~qtd:2~data:2026-04-11
USR-000098,bruno costa costa,52,RG,99.000.098-9,64~Serra Dourada~Os Guardiões do Horizonte~volume:4~DIGITAL~qtd:3~data:2024-07-23 || 11~Marés do Norte~Cartas da Cidade Azul~volume:2~FISICO~qtd:2~data:2024-10-01 || 73~Reinos do Bosque~A Semente de Prata~volume:1~FISICO~qtd:2~data:2025-10-24
99,Felipe Gomes Henriques,60,CPF,700.000.099-63,18~Arquivos do Céu~A Biblioteca das Nuvens~volume:1~DIGITAL~qtd:1~data:2024-03-07 || 57~Serra Dourada~Crônicas da Serra Dourada~volume:1~FISICO~qtd:1~data:2024-03-23 || 94~Crônicas do Tempo~Os Dias Invertidos~volume:3~DIGITAL~qtd:1~data:2024-06-01 || 80~Reinos do Bosque~O Guardião das Raízes~volume:4~DIGITAL~qtd:1~data:2024-07-18 || 3~As Torres de Âmbar~O Vale das Lanternas~volume:2~FISICO~qtd:1~data:2024-09-02 || 92~Crônicas do Tempo~A Hora Esquecida~volume:2~DIGITAL~qtd:2~data:2024-10-20 || 9~Marés do Norte~O Jardim das Marés~volume:1~FISICO~qtd:3~data:2025-01-16 || 37~Ilhas Errantes~O Porto das Histórias~volume:3~FISICO~qtd:3~data:2025-01-31 || 82~Luzes do Sul~A Primeira Luz~volume:1~DIGITAL~qtd:1~data:2025-07-22 || 76~Reinos do Bosque~O Bosque Adormecido~volume:2~DIGITAL~qtd:1~data:2025-10-27
USR-000100,  GABRIELA TEIXEIRA PEREIRA  ,19 anos,RG,99.000.100-3,54~Viajantes de Papel~A Estrada de Cristal~volume:3~DIGITAL~qtd:3~data:2025-10-06
USR-000101,Marina Rocha Almeida,56,CPF,700.000.101-12,48~Jardins Secretos~A Canção dos Pinheiros~volume:4~DIGITAL~qtd:2~data:2024-05-13 || 5~As Torres de Âmbar~A Torre do Amanhecer~volume:3~FISICO~qtd:2~data:2025-01-29 || 33~Ilhas Errantes~A Ilha dos Ventos~volume:1~FISICO~qtd:1~data:2025-08-10 || 43~Jardins Secretos~As Pontes de Aurora~volume:2~FISICO~qtd:3~data:2026-01-18 || 19~Arquivos do Céu~O Mapa de Vidro~volume:2~FISICO~qtd:2~data:2026-04-17
102,Samuel Oliveira Martins,42,rg,99.000.102-7,49~Viajantes de Papel~O Viajante de Papel~volume:1~FISICO~qtd:2~data:2024-04-20 || 47~Jardins Secretos~A Canção dos Pinheiros~volume:4~FISICO~qtd:1~data:2024-11-30 || 86~Luzes do Sul~O Farol de Cristal~volume:3~DIGITAL~qtd:1~data:2025-05-03 || 20~Arquivos do Céu~O Mapa de Vidro~volume:2~DIGITAL~qtd:3~data:2025-05-06 || 57~Serra Dourada~Crônicas da Serra Dourada~volume:1~FISICO~qtd:2~data:2025-08-15 || 9~Marés do Norte~O Jardim das Marés~volume:1~FISICO~qtd:3~data:2025-09-02 || 45~Jardins Secretos~A Casa das Sete Janelas~volume:3~FISICO~qtd:3~data:2025-10-26 || 23~Arquivos do Céu~A Última Constelação~volume:4~FISICO~qtd:3~data:2025-12-07
USR-000103,Karina Mendes Esteves,83,CPF,700.000.103-84,58~Serra Dourada~Crônicas da Serra Dourada~volume:1~DIGITAL~qtd:1~data:2024-03-10 || 46~Jardins Secretos~A Casa das Sete Janelas~volume:3~DIGITAL~qtd:1~data:2024-09-25 || 13~Marés do Norte~O Último Faroleiro~volume:3~FISICO~qtd:2~data:2025-02-12 || 61~Serra Dourada~Horizontes de Cobre~volume:3~FISICO~qtd:2~data:2025-09-15 || 43~Jardins Secretos~As Pontes de Aurora~volume:2~FISICO~qtd:1~data:2026-06-05 || 20~Arquivos do Céu~O Mapa de Vidro~volume:2~DIGITAL~qtd:1~data:2026-07-26 || 74~Reinos do Bosque~A Semente de Prata~volume:1~DIGITAL~qtd:3~data:2026-08-26
USR-000104,Rafaela Cardoso Teixeira,18 anos,RG,99.000.104-1,93~Crônicas do Tempo~Os Dias Invertidos~volume:3~FISICO~qtd:1~data:2025-02-25 || 78~Reinos do Bosque~A Coroa de Folhas~volume:3~DIGITAL~qtd:3~data:2025-08-10 || 68~Cidades de Sal~O Relógio da Praça~volume:2~DIGITAL~qtd:1~data:2025-08-27 || 84~Luzes do Sul~A Estrada do Sul~volume:2~DIGITAL~qtd:1~data:2025-09-05 || 89~Crônicas do Tempo~O Relógio Partido~volume:1~FISICO~qtd:3~data:2026-05-11 || 1~As Torres de Âmbar~A Chave de Âmbar~volume:1~FISICO~qtd:3~data:2026-08-12
105,hugo gomes santos,52,CPF,700.000.105-46,34~Ilhas Errantes~A Ilha dos Ventos~volume:1~DIGITAL~qtd:2~data:2024-05-04 || 37~Ilhas Errantes~O Porto das Histórias~volume:3~FISICO~qtd:3~data:2025-08-11 || 76~Reinos do Bosque~O Bosque Adormecido~volume:2~DIGITAL~qtd:1~data:2025-10-15 || 70~Cidades de Sal~O Mercado das Sombras~volume:3~DIGITAL~qtd:1~data:2025-10-25 || 20~Arquivos do Céu~O Mapa de Vidro~volume:2~DIGITAL~qtd:2~data:2026-09-05
USR-000106,João Costa Oliveira,36,RG,99.000.106-5,25~Estações~Caminhos de Outono~volume:1~FISICO~qtd:1~data:2024-02-09 || 19~Arquivos do Céu~O Mapa de Vidro~volume:2~FISICO~qtd:2~data:2025-04-27 || 40~Ilhas Errantes~A Travessia das Flores~volume:4~DIGITAL~qtd:2~data:2025-12-24 || 51~Viajantes de Papel~O Trem das Estrelas~volume:2~FISICO~qtd:3~data:2026-07-19
USR-000107,Alice Martins Pereira,79,CPF,700.000.107-08,46~Jardins Secretos~A Casa das Sete Janelas~volume:3~DIGITAL~qtd:2~data:2024-02-02 || 16~Marés do Norte~A Ilha Submersa~volume:4~DIGITAL~qtd:3~data:2024-06-12 || 53~Viajantes de Papel~A Estrada de Cristal~volume:3~FISICO~qtd:3~data:2024-09-14 || 83~Luzes do Sul~A Estrada do Sul~volume:2~FISICO~qtd:3~data:2024-10-17 || 30~Estações~O Retrato da Primavera~volume:3~DIGITAL~qtd:3~data:2025-04-03 || 80~Reinos do Bosque~O Guardião das Raízes~volume:4~DIGITAL~qtd:3~data:2025-08-18 || 77~Reinos do Bosque~A Coroa de Folhas~volume:3~FISICO~qtd:1~data:2025-08-24 || 54~Viajantes de Papel~A Estrada de Cristal~volume:3~DIGITAL~qtd:3~data:2026-07-27 || 27~Estações~O Caderno de Inverno~volume:2~FISICO~qtd:2~data:2026-08-02
108,João Souza Vieira,68 anos,rg,99.000.108-9,41~Jardins Secretos~O Segredo das Acácias~volume:1~FISICO~qtd:3~data:2024-04-15 || 16~Marés do Norte~A Ilha Submersa~volume:4~DIGITAL~qtd:3~data:2024-08-18 || 10~Marés do Norte~O Jardim das Marés~volume:1~DIGITAL~qtd:3~data:2024-08-26 || 39~Ilhas Errantes~A Travessia das Flores~volume:4~FISICO~qtd:1~data:2025-02-05 || 57~Serra Dourada~Crônicas da Serra Dourada~volume:1~FISICO~qtd:1~data:2025-09-05 || 48~Jardins Secretos~A Canção dos Pinheiros~volume:4~DIGITAL~qtd:2~data:2026-01-17 || 83~Luzes do Sul~A Estrada do Sul~volume:2~FISICO~qtd:1~data:2026-02-26 || 75~Reinos do Bosque~O Bosque Adormecido~volume:2~FISICO~qtd:3~data:2026-04-06 || 20~Arquivos do Céu~O Mapa de Vidro~volume:2~DIGITAL~qtd:3~data:2026-04-07 || 70~Cidades de Sal~O Mercado das Sombras~volume:3~DIGITAL~qtd:3~data:2026-05-25
USR-000109,Olívia Souza Ribeiro,57,CPF,700.000.109-70,95~Crônicas do Tempo~O Último Minuto~volume:4~FISICO~qtd:2~data:2024-09-11 || 27~Estações~O Caderno de Inverno~volume:2~FISICO~qtd:2~data:2025-06-23 || 62~Serra Dourada~Horizontes de Cobre~volume:3~DIGITAL~qtd:2~data:2025-10-24 || 11~Marés do Norte~Cartas da Cidade Azul~volume:2~FISICO~qtd:3~data:2025-11-14
USR-000110,  CARLA PEREIRA LIMA  ,35,RG,99.000.110-3,2~As Torres de Âmbar~A Chave de Âmbar~volume:1~DIGITAL~qtd:2~data:2024-04-27 || 36~Ilhas Errantes~Memórias do Rio Claro~volume:2~DIGITAL~qtd:3~data:2024-07-01 || 33~Ilhas Errantes~A Ilha dos Ventos~volume:1~FISICO~qtd:3~data:2024-09-22 || 91~Crônicas do Tempo~A Hora Esquecida~volume:2~FISICO~qtd:1~data:2024-12-31
111,Felipe Almeida Costa,49,CPF,700.000.111-94,35~Ilhas Errantes~Memórias do Rio Claro~volume:2~FISICO~qtd:3~data:2024-03-17 || 46~Jardins Secretos~A Casa das Sete Janelas~volume:3~DIGITAL~qtd:3~data:2024-05-20 || 37~Ilhas Errantes~O Porto das Histórias~volume:3~FISICO~qtd:2~data:2024-12-09 || 79~Reinos do Bosque~O Guardião das Raízes~volume:4~FISICO~qtd:3~data:2025-10-24 || 7~As Torres de Âmbar~O Reino de Cinzas~volume:4~FISICO~qtd:3~data:2025-12-13
USR-000112,daniel barbosa pereira,47 anos,RG,99.000.112-7,95~Crônicas do Tempo~O Último Minuto~volume:4~FISICO~qtd:1~data:2024-07-07 || 55~Viajantes de Papel~Os Dias do Cometa~volume:4~FISICO~qtd:3~data:2024-07-24 || 36~Ilhas Errantes~Memórias do Rio Claro~volume:2~DIGITAL~qtd:2~data:2024-09-11 || 82~Luzes do Sul~A Primeira Luz~volume:1~DIGITAL~qtd:1~data:2024-09-30 || 86~Luzes do Sul~O Farol de Cristal~volume:3~DIGITAL~qtd:1~data:2024-12-24 || 45~Jardins Secretos~A Casa das Sete Janelas~volume:3~FISICO~qtd:2~data:2025-09-23 || 51~Viajantes de Papel~O Trem das Estrelas~volume:2~FISICO~qtd:3~data:2025-10-04 || 39~Ilhas Errantes~A Travessia das Flores~volume:4~FISICO~qtd:3~data:2026-04-05 || 35~Ilhas Errantes~Memórias do Rio Claro~volume:2~FISICO~qtd:3~data:2026-05-28 || 53~Viajantes de Papel~A Estrada de Cristal~volume:3~FISICO~qtd:3~data:2026-06-10
USR-000113,Alice Mendes Almeida,21,CPF,700.000.113-56,72~Cidades de Sal~A Cidade sem Portas~volume:4~DIGITAL~qtd:1~data:2024-01-03 || 78~Reinos do Bosque~A Coroa de Folhas~volume:3~DIGITAL~qtd:2~data:2024-03-01 || 40~Ilhas Errantes~A Travessia das Flores~volume:4~DIGITAL~qtd:2~data:2025-07-30
114,Lucas Ribeiro Cardoso,64,rg,99.000.114-1,56~Viajantes de Papel~Os Dias do Cometa~volume:4~DIGITAL~qtd:1~data:2024-11-18 || 57~Serra Dourada~Crônicas da Serra Dourada~volume:1~FISICO~qtd:1~data:2025-03-29 || 69~Cidades de Sal~O Mercado das Sombras~volume:3~FISICO~qtd:3~data:2025-12-14 || 63~Serra Dourada~Os Guardiões do Horizonte~volume:4~FISICO~qtd:2~data:2026-07-17
USR-000115,Samuel Pereira Barbosa,77,CPF,700.000.115-18,10~Marés do Norte~O Jardim das Marés~volume:1~DIGITAL~qtd:2~data:2024-03-05 || 45~Jardins Secretos~A Casa das Sete Janelas~volume:3~FISICO~qtd:1~data:2025-10-27 || 22~Arquivos do Céu~O Palácio dos Ventos~volume:3~DIGITAL~qtd:3~data:2026-02-28 || 55~Viajantes de Papel~Os Dias do Cometa~volume:4~FISICO~qtd:2~data:2026-03-20 || 88~Luzes do Sul~Depois do Horizonte~volume:4~DIGITAL~qtd:2~data:2026-05-19
USR-000116,Samuel Esteves Oliveira,73 anos,RG,99.000.116-5,60~Serra Dourada~A Oficina dos Sonhos~volume:2~DIGITAL~qtd:2~data:2024-03-10 || 96~Crônicas do Tempo~O Último Minuto~volume:4~DIGITAL~qtd:1~data:2024-11-02 || 26~Estações~Caminhos de Outono~volume:1~DIGITAL~qtd:2~data:2024-12-01 || 51~Viajantes de Papel~O Trem das Estrelas~volume:2~FISICO~qtd:3~data:2024-12-28 || 81~Luzes do Sul~A Primeira Luz~volume:1~FISICO~qtd:2~data:2025-05-18 || 12~Marés do Norte~Cartas da Cidade Azul~volume:2~DIGITAL~qtd:3~data:2025-05-28 || 8~As Torres de Âmbar~O Reino de Cinzas~volume:4~DIGITAL~qtd:2~data:2025-06-01 || 35~Ilhas Errantes~Memórias do Rio Claro~volume:2~FISICO~qtd:2~data:2026-01-16
117,Rafaela Gomes Vieira,22,CPF,700.000.117-80,12~Marés do Norte~Cartas da Cidade Azul~volume:2~DIGITAL~qtd:1~data:2024-02-22 || 75~Reinos do Bosque~O Bosque Adormecido~volume:2~FISICO~qtd:3~data:2024-09-27 || 47~Jardins Secretos~A Canção dos Pinheiros~volume:4~FISICO~qtd:3~data:2026-02-05 || 86~Luzes do Sul~O Farol de Cristal~volume:3~DIGITAL~qtd:1~data:2026-07-07
USR-000118,Teresa Henriques Barbosa,66,RG,99.000.118-9,56~Viajantes de Papel~Os Dias do Cometa~volume:4~DIGITAL~qtd:1~data:2024-05-17 || 85~Luzes do Sul~O Farol de Cristal~volume:3~FISICO~qtd:2~data:2024-07-13 || 16~Marés do Norte~A Ilha Submersa~volume:4~DIGITAL~qtd:3~data:2024-08-15 || 77~Reinos do Bosque~A Coroa de Folhas~volume:3~FISICO~qtd:1~data:2025-04-25 || 59~Serra Dourada~A Oficina dos Sonhos~volume:2~FISICO~qtd:3~data:2025-12-21 || 73~Reinos do Bosque~A Semente de Prata~volume:1~FISICO~qtd:2~data:2026-02-24 || 71~Cidades de Sal~A Cidade sem Portas~volume:4~FISICO~qtd:3~data:2026-07-15
USR-000119,carla almeida rocha,75,CPF,700.000.119-41,16~Marés do Norte~A Ilha Submersa~volume:4~DIGITAL~qtd:2~data:2024-01-19 || 38~Ilhas Errantes~O Porto das Histórias~volume:3~DIGITAL~qtd:2~data:2024-07-31 || 5~As Torres de Âmbar~A Torre do Amanhecer~volume:3~FISICO~qtd:2~data:2024-12-25 || 75~Reinos do Bosque~O Bosque Adormecido~volume:2~FISICO~qtd:3~data:2025-03-27 || 72~Cidades de Sal~A Cidade sem Portas~volume:4~DIGITAL~qtd:2~data:2025-04-21 || 45~Jardins Secretos~A Casa das Sete Janelas~volume:3~FISICO~qtd:3~data:2025-04-30 || 89~Crônicas do Tempo~O Relógio Partido~volume:1~FISICO~qtd:2~data:2026-04-01 || 59~Serra Dourada~A Oficina dos Sonhos~volume:2~FISICO~qtd:1~data:2026-04-14 || 12~Marés do Norte~Cartas da Cidade Azul~volume:2~DIGITAL~qtd:2~data:2026-07-15
120,  DÉBORA ALMEIDA HENRIQUES  ,39 anos,rg,99.000.120-3,47~Jardins Secretos~A Canção dos Pinheiros~volume:4~FISICO~qtd:2~data:2024-04-20 || 83~Luzes do Sul~A Estrada do Sul~volume:2~FISICO~qtd:1~data:2024-06-24 || 73~Reinos do Bosque~A Semente de Prata~volume:1~FISICO~qtd:3~data:2024-10-10 || 70~Cidades de Sal~O Mercado das Sombras~volume:3~DIGITAL~qtd:3~data:2024-10-13 || 44~Jardins Secretos~As Pontes de Aurora~volume:2~DIGITAL~qtd:3~data:2024-11-20 || 16~Marés do Norte~A Ilha Submersa~volume:4~DIGITAL~qtd:3~data:2025-07-21 || 11~Marés do Norte~Cartas da Cidade Azul~volume:2~FISICO~qtd:2~data:2025-08-19 || 51~Viajantes de Papel~O Trem das Estrelas~volume:2~FISICO~qtd:1~data:2025-09-11 || 19~Arquivos do Céu~O Mapa de Vidro~volume:2~FISICO~qtd:3~data:2026-01-25
USR-000121,Gabriela Teixeira Barbosa,24,CPF,700.000.121-66,61~Serra Dourada~Horizontes de Cobre~volume:3~FISICO~qtd:2~data:2025-10-20 || 60~Serra Dourada~A Oficina dos Sonhos~volume:2~DIGITAL~qtd:3~data:2025-10-30
USR-000122,Vitor Santos Teixeira,59,RG,99.000.122-7,42~Jardins Secretos~O Segredo das Acácias~volume:1~DIGITAL~qtd:2~data:2024-01-30 || 77~Reinos do Bosque~A Coroa de Folhas~volume:3~FISICO~qtd:3~data:2024-04-07 || 96~Crônicas do Tempo~O Último Minuto~volume:4~DIGITAL~qtd:2~data:2024-05-06 || 76~Reinos do Bosque~O Bosque Adormecido~volume:2~DIGITAL~qtd:3~data:2024-08-18 || 93~Crônicas do Tempo~Os Dias Invertidos~volume:3~FISICO~qtd:3~data:2024-10-23 || 72~Cidades de Sal~A Cidade sem Portas~volume:4~DIGITAL~qtd:3~data:2024-10-26 || 70~Cidades de Sal~O Mercado das Sombras~volume:3~DIGITAL~qtd:3~data:2025-02-12 || 45~Jardins Secretos~A Casa das Sete Janelas~volume:3~FISICO~qtd:3~data:2025-03-14 || 90~Crônicas do Tempo~O Relógio Partido~volume:1~DIGITAL~qtd:1~data:2026-06-19
123,Pedro Moreira Henriques,75,CPF,700.000.123-28,46~Jardins Secretos~A Casa das Sete Janelas~volume:3~DIGITAL~qtd:3~data:2024-03-15 || 11~Marés do Norte~Cartas da Cidade Azul~volume:2~FISICO~qtd:2~data:2025-04-01 || 9~Marés do Norte~O Jardim das Marés~volume:1~FISICO~qtd:2~data:2025-05-23 || 58~Serra Dourada~Crônicas da Serra Dourada~volume:1~DIGITAL~qtd:2~data:2025-06-09 || 89~Crônicas do Tempo~O Relógio Partido~volume:1~FISICO~qtd:3~data:2026-06-16 || 20~Arquivos do Céu~O Mapa de Vidro~volume:2~DIGITAL~qtd:3~data:2026-07-23 || 93~Crônicas do Tempo~Os Dias Invertidos~volume:3~FISICO~qtd:3~data:2026-08-05
USR-000124,Ana Cardoso Santos,34 anos,RG,99.000.124-1,13~Marés do Norte~O Último Faroleiro~volume:3~FISICO~qtd:3~data:2025-05-24
USR-000125,Isabela Moreira Henriques,54,CPF,700.000.125-90,51~Viajantes de Papel~O Trem das Estrelas~volume:2~FISICO~qtd:3~data:2024-02-04 || 5~As Torres de Âmbar~A Torre do Amanhecer~volume:3~FISICO~qtd:2~data:2024-10-20 || 29~Estações~O Retrato da Primavera~volume:3~FISICO~qtd:3~data:2024-12-07 || 38~Ilhas Errantes~O Porto das Histórias~volume:3~DIGITAL~qtd:2~data:2025-01-13 || 62~Serra Dourada~Horizontes de Cobre~volume:3~DIGITAL~qtd:3~data:2025-03-04 || 14~Marés do Norte~O Último Faroleiro~volume:3~DIGITAL~qtd:2~data:2025-04-08 || 23~Arquivos do Céu~A Última Constelação~volume:4~FISICO~qtd:2~data:2025-08-21 || 25~Estações~Caminhos de Outono~volume:1~FISICO~qtd:3~data:2025-12-01 || 17~Arquivos do Céu~A Biblioteca das Nuvens~volume:1~FISICO~qtd:2~data:2025-12-29 || 15~Marés do Norte~A Ilha Submersa~volume:4~FISICO~qtd:1~data:2026-01-04
126,olívia oliveira pereira,57,rg,99.000.126-5,36~Ilhas Errantes~Memórias do Rio Claro~volume:2~DIGITAL~qtd:1~data:2024-05-11 || 30~Estações~O Retrato da Primavera~volume:3~DIGITAL~qtd:1~data:2024-07-04 || 70~Cidades de Sal~O Mercado das Sombras~volume:3~DIGITAL~qtd:3~data:2024-08-10 || 13~Marés do Norte~O Último Faroleiro~volume:3~FISICO~qtd:1~data:2025-02-09 || 44~Jardins Secretos~As Pontes de Aurora~volume:2~DIGITAL~qtd:3~data:2025-02-27 || 14~Marés do Norte~O Último Faroleiro~volume:3~DIGITAL~qtd:3~data:2026-01-23 || 93~Crônicas do Tempo~Os Dias Invertidos~volume:3~FISICO~qtd:3~data:2026-08-12
USR-000127,Vitor Lima Henriques,25,CPF,700.000.127-51,43~Jardins Secretos~As Pontes de Aurora~volume:2~FISICO~qtd:3~data:2024-01-30 || 18~Arquivos do Céu~A Biblioteca das Nuvens~volume:1~DIGITAL~qtd:2~data:2024-04-20 || 1~As Torres de Âmbar~A Chave de Âmbar~volume:1~FISICO~qtd:3~data:2024-08-02 || 13~Marés do Norte~O Último Faroleiro~volume:3~FISICO~qtd:1~data:2025-01-31 || 57~Serra Dourada~Crônicas da Serra Dourada~volume:1~FISICO~qtd:1~data:2025-02-16 || 80~Reinos do Bosque~O Guardião das Raízes~volume:4~DIGITAL~qtd:1~data:2025-06-02 || 64~Serra Dourada~Os Guardiões do Horizonte~volume:4~DIGITAL~qtd:3~data:2025-06-09
USR-000128,João Cardoso Dias,47 anos,RG,99.000.128-9,79~Reinos do Bosque~O Guardião das Raízes~volume:4~FISICO~qtd:3~data:2024-03-04 || 50~Viajantes de Papel~O Viajante de Papel~volume:1~DIGITAL~qtd:1~data:2024-05-30 || 17~Arquivos do Céu~A Biblioteca das Nuvens~volume:1~FISICO~qtd:1~data:2024-07-30 || 8~As Torres de Âmbar~O Reino de Cinzas~volume:4~DIGITAL~qtd:3~data:2025-08-31 || 7~As Torres de Âmbar~O Reino de Cinzas~volume:4~FISICO~qtd:1~data:2026-08-26
129,Isabela Gomes Santos,27,CPF,700.000.129-13,89~Crônicas do Tempo~O Relógio Partido~volume:1~FISICO~qtd:3~data:2024-03-29 || 19~Arquivos do Céu~O Mapa de Vidro~volume:2~FISICO~qtd:2~data:2024-05-03 || 76~Reinos do Bosque~O Bosque Adormecido~volume:2~DIGITAL~qtd:2~data:2024-09-30 || 86~Luzes do Sul~O Farol de Cristal~volume:3~DIGITAL~qtd:1~data:2026-07-03
USR-000130,  HUGO NUNES LIMA  ,29,RG,99.000.130-3,42~Jardins Secretos~O Segredo das Acácias~volume:1~DIGITAL~qtd:3~data:2024-05-13 || 48~Jardins Secretos~A Canção dos Pinheiros~volume:4~DIGITAL~qtd:1~data:2024-06-06 || 13~Marés do Norte~O Último Faroleiro~volume:3~FISICO~qtd:3~data:2025-05-10 || 8~As Torres de Âmbar~O Reino de Cinzas~volume:4~DIGITAL~qtd:3~data:2025-09-28 || 25~Estações~Caminhos de Outono~volume:1~FISICO~qtd:3~data:2026-06-09
USR-000131,Daniel Mendes Santos,21,CPF,700.000.131-38,11~Marés do Norte~Cartas da Cidade Azul~volume:2~FISICO~qtd:2~data:2024-09-04 || 51~Viajantes de Papel~O Trem das Estrelas~volume:2~FISICO~qtd:1~data:2025-02-08 || 89~Crônicas do Tempo~O Relógio Partido~volume:1~FISICO~qtd:1~data:2025-05-19 || 73~Reinos do Bosque~A Semente de Prata~volume:1~FISICO~qtd:2~data:2025-07-02
132,Vitor Esteves Lima,44 anos,rg,99.000.132-7,32~Estações~A Última Página do Verão~volume:4~DIGITAL~qtd:3~data:2024-05-02 || 16~Marés do Norte~A Ilha Submersa~volume:4~DIGITAL~qtd:1~data:2024-11-26 || 38~Ilhas Errantes~O Porto das Histórias~volume:3~DIGITAL~qtd:2~data:2026-01-07 || 33~Ilhas Errantes~A Ilha dos Ventos~volume:1~FISICO~qtd:2~data:2026-09-05
USR-000133,gabriela esteves santos,79,CPF,700.000.133-08,85~Luzes do Sul~O Farol de Cristal~volume:3~FISICO~qtd:1~data:2024-01-10 || 92~Crônicas do Tempo~A Hora Esquecida~volume:2~DIGITAL~qtd:2~data:2024-10-23 || 38~Ilhas Errantes~O Porto das Histórias~volume:3~DIGITAL~qtd:1~data:2024-11-17 || 9~Marés do Norte~O Jardim das Marés~volume:1~FISICO~qtd:2~data:2025-07-20 || 43~Jardins Secretos~As Pontes de Aurora~volume:2~FISICO~qtd:3~data:2026-03-08 || 96~Crônicas do Tempo~O Último Minuto~volume:4~DIGITAL~qtd:2~data:2026-04-19
USR-000134,Olívia Nunes Nunes,35,RG,99.000.134-1,49~Viajantes de Papel~O Viajante de Papel~volume:1~FISICO~qtd:3~data:2025-10-04
135,Felipe Almeida Almeida,28,CPF,700.000.135-61,86~Luzes do Sul~O Farol de Cristal~volume:3~DIGITAL~qtd:2~data:2024-01-04 || 88~Luzes do Sul~Depois do Horizonte~volume:4~DIGITAL~qtd:1~data:2024-01-22 || 36~Ilhas Errantes~Memórias do Rio Claro~volume:2~DIGITAL~qtd:2~data:2024-04-01 || 45~Jardins Secretos~A Casa das Sete Janelas~volume:3~FISICO~qtd:3~data:2024-12-15 || 34~Ilhas Errantes~A Ilha dos Ventos~volume:1~DIGITAL~qtd:1~data:2025-03-01 || 58~Serra Dourada~Crônicas da Serra Dourada~volume:1~DIGITAL~qtd:3~data:2025-07-31 || 55~Viajantes de Papel~Os Dias do Cometa~volume:4~FISICO~qtd:2~data:2025-11-03 || 1~As Torres de Âmbar~A Chave de Âmbar~volume:1~FISICO~qtd:2~data:2025-11-26 || 46~Jardins Secretos~A Casa das Sete Janelas~volume:3~DIGITAL~qtd:1~data:2026-06-27 || 12~Marés do Norte~Cartas da Cidade Azul~volume:2~DIGITAL~qtd:1~data:2026-07-06
USR-000136,Olívia Teixeira Costa,35 anos,RG,99.000.136-5,79~Reinos do Bosque~O Guardião das Raízes~volume:4~FISICO~qtd:1~data:2024-01-05 || 54~Viajantes de Papel~A Estrada de Cristal~volume:3~DIGITAL~qtd:1~data:2024-08-31 || 17~Arquivos do Céu~A Biblioteca das Nuvens~volume:1~FISICO~qtd:3~data:2024-09-12 || 2~As Torres de Âmbar~A Chave de Âmbar~volume:1~DIGITAL~qtd:1~data:2024-09-27 || 64~Serra Dourada~Os Guardiões do Horizonte~volume:4~DIGITAL~qtd:2~data:2024-11-28 || 68~Cidades de Sal~O Relógio da Praça~volume:2~DIGITAL~qtd:3~data:2025-07-21 || 22~Arquivos do Céu~O Palácio dos Ventos~volume:3~DIGITAL~qtd:1~data:2025-10-30 || 76~Reinos do Bosque~O Bosque Adormecido~volume:2~DIGITAL~qtd:1~data:2026-06-29
USR-000137,Débora Oliveira Cardoso,21,CPF,700.000.137-23,31~Estações~A Última Página do Verão~volume:4~FISICO~qtd:2~data:2024-02-22 || 76~Reinos do Bosque~O Bosque Adormecido~volume:2~DIGITAL~qtd:3~data:2024-06-04 || 61~Serra Dourada~Horizontes de Cobre~volume:3~FISICO~qtd:2~data:2024-06-30 || 70~Cidades de Sal~O Mercado das Sombras~volume:3~DIGITAL~qtd:3~data:2024-09-22 || 28~Estações~O Caderno de Inverno~volume:2~DIGITAL~qtd:2~data:2025-02-16 || 72~Cidades de Sal~A Cidade sem Portas~volume:4~DIGITAL~qtd:2~data:2025-09-30 || 49~Viajantes de Papel~O Viajante de Papel~volume:1~FISICO~qtd:3~data:2026-08-28 || 37~Ilhas Errantes~O Porto das Histórias~volume:3~FISICO~qtd:2~data:2026-09-03
138,Samuel Santos Gomes,23,rg,99.000.138-9,21~Arquivos do Céu~O Palácio dos Ventos~volume:3~FISICO~qtd:2~data:2024-04-09 || 25~Estações~Caminhos de Outono~volume:1~FISICO~qtd:1~data:2024-10-02 || 56~Viajantes de Papel~Os Dias do Cometa~volume:4~DIGITAL~qtd:3~data:2024-12-10 || 9~Marés do Norte~O Jardim das Marés~volume:1~FISICO~qtd:3~data:2025-08-02 || 70~Cidades de Sal~O Mercado das Sombras~volume:3~DIGITAL~qtd:1~data:2025-08-15 || 55~Viajantes de Papel~Os Dias do Cometa~volume:4~FISICO~qtd:2~data:2025-12-04 || 75~Reinos do Bosque~O Bosque Adormecido~volume:2~FISICO~qtd:2~data:2025-12-23 || 84~Luzes do Sul~A Estrada do Sul~volume:2~DIGITAL~qtd:3~data:2026-02-27 || 15~Marés do Norte~A Ilha Submersa~volume:4~FISICO~qtd:3~data:2026-03-12
USR-000139,Vitor Souza Ribeiro,48,CPF,700.000.139-95,89~Crônicas do Tempo~O Relógio Partido~volume:1~FISICO~qtd:3~data:2024-04-21 || 4~As Torres de Âmbar~O Vale das Lanternas~volume:2~DIGITAL~qtd:1~data:2024-11-30 || 14~Marés do Norte~O Último Faroleiro~volume:3~DIGITAL~qtd:3~data:2025-01-14 || 11~Marés do Norte~Cartas da Cidade Azul~volume:2~FISICO~qtd:2~data:2025-07-22 || 55~Viajantes de Papel~Os Dias do Cometa~volume:4~FISICO~qtd:1~data:2025-11-02 || 17~Arquivos do Céu~A Biblioteca das Nuvens~volume:1~FISICO~qtd:3~data:2026-02-14 || 7~As Torres de Âmbar~O Reino de Cinzas~volume:4~FISICO~qtd:1~data:2026-03-02 || 1~As Torres de Âmbar~A Chave de Âmbar~volume:1~FISICO~qtd:3~data:2026-05-20 || 30~Estações~O Retrato da Primavera~volume:3~DIGITAL~qtd:2~data:2026-06-09 || 57~Serra Dourada~Crônicas da Serra Dourada~volume:1~FISICO~qtd:3~data:2026-09-04
USR-000140,  DANIEL VIEIRA ALMEIDA  ,79 anos,RG,99.000.140-3,29~Estações~O Retrato da Primavera~volume:3~FISICO~qtd:3~data:2024-09-05 || 84~Luzes do Sul~A Estrada do Sul~volume:2~DIGITAL~qtd:1~data:2025-07-27 || 91~Crônicas do Tempo~A Hora Esquecida~volume:2~FISICO~qtd:3~data:2026-01-13 || 5~As Torres de Âmbar~A Torre do Amanhecer~volume:3~FISICO~qtd:2~data:2026-07-09
141,João Vieira Teixeira,66,CPF,700.000.141-00,29~Estações~O Retrato da Primavera~volume:3~FISICO~qtd:1~data:2025-02-23
USR-000142,Rafaela Barbosa Ribeiro,21,RG,99.000.142-7,62~Serra Dourada~Horizontes de Cobre~volume:3~DIGITAL~qtd:3~data:2024-03-10 || 49~Viajantes de Papel~O Viajante de Papel~volume:1~FISICO~qtd:2~data:2024-07-19 || 42~Jardins Secretos~O Segredo das Acácias~volume:1~DIGITAL~qtd:2~data:2024-09-20 || 61~Serra Dourada~Horizontes de Cobre~volume:3~FISICO~qtd:2~data:2025-01-13 || 19~Arquivos do Céu~O Mapa de Vidro~volume:2~FISICO~qtd:2~data:2025-03-14 || 31~Estações~A Última Página do Verão~volume:4~FISICO~qtd:3~data:2025-08-14 || 80~Reinos do Bosque~O Guardião das Raízes~volume:4~DIGITAL~qtd:2~data:2026-02-05 || 18~Arquivos do Céu~A Biblioteca das Nuvens~volume:1~DIGITAL~qtd:3~data:2026-02-08 || 77~Reinos do Bosque~A Coroa de Folhas~volume:3~FISICO~qtd:2~data:2026-03-27 || 93~Crônicas do Tempo~Os Dias Invertidos~volume:3~FISICO~qtd:1~data:2026-07-11
USR-000143,Alice Ferreira Souza,35,CPF,700.000.143-71,21~Arquivos do Céu~O Palácio dos Ventos~volume:3~FISICO~qtd:3~data:2024-06-19 || 66~Cidades de Sal~O Labirinto de Sal~volume:1~DIGITAL~qtd:3~data:2025-01-11 || 95~Crônicas do Tempo~O Último Minuto~volume:4~FISICO~qtd:2~data:2025-05-31
144,Caio Gomes Ribeiro,79 anos,rg,99.000.144-1,90~Crônicas do Tempo~O Relógio Partido~volume:1~DIGITAL~qtd:3~data:2024-05-04 || 74~Reinos do Bosque~A Semente de Prata~volume:1~DIGITAL~qtd:1~data:2024-06-03 || 62~Serra Dourada~Horizontes de Cobre~volume:3~DIGITAL~qtd:2~data:2025-01-01 || 21~Arquivos do Céu~O Palácio dos Ventos~volume:3~FISICO~qtd:2~data:2025-02-25 || 32~Estações~A Última Página do Verão~volume:4~DIGITAL~qtd:2~data:2025-03-24 || 26~Estações~Caminhos de Outono~volume:1~DIGITAL~qtd:1~data:2025-04-10 || 20~Arquivos do Céu~O Mapa de Vidro~volume:2~DIGITAL~qtd:3~data:2026-03-20 || 79~Reinos do Bosque~O Guardião das Raízes~volume:4~FISICO~qtd:1~data:2026-04-14 || 77~Reinos do Bosque~A Coroa de Folhas~volume:3~FISICO~qtd:3~data:2026-04-15
USR-000145,Débora Souza Dias,28,CPF,700.000.145-33,8~As Torres de Âmbar~O Reino de Cinzas~volume:4~DIGITAL~qtd:1~data:2024-01-02 || 34~Ilhas Errantes~A Ilha dos Ventos~volume:1~DIGITAL~qtd:2~data:2024-07-02 || 55~Viajantes de Papel~Os Dias do Cometa~volume:4~FISICO~qtd:1~data:2024-08-04 || 42~Jardins Secretos~O Segredo das Acácias~volume:1~DIGITAL~qtd:1~data:2024-12-20 || 94~Crônicas do Tempo~Os Dias Invertidos~volume:3~DIGITAL~qtd:1~data:2026-01-01 || 5~As Torres de Âmbar~A Torre do Amanhecer~volume:3~FISICO~qtd:3~data:2026-06-06 || 9~Marés do Norte~O Jardim das Marés~volume:1~FISICO~qtd:2~data:2026-07-17
USR-000146,Daniel Rocha Pereira,62,RG,99.000.146-5,6~As Torres de Âmbar~A Torre do Amanhecer~volume:3~DIGITAL~qtd:1~data:2024-02-19 || 61~Serra Dourada~Horizontes de Cobre~volume:3~FISICO~qtd:1~data:2024-05-13 || 96~Crônicas do Tempo~O Último Minuto~volume:4~DIGITAL~qtd:1~data:2024-07-16 || 18~Arquivos do Céu~A Biblioteca das Nuvens~volume:1~DIGITAL~qtd:3~data:2024-07-29 || 33~Ilhas Errantes~A Ilha dos Ventos~volume:1~FISICO~qtd:3~data:2025-01-10 || 46~Jardins Secretos~A Casa das Sete Janelas~volume:3~DIGITAL~qtd:2~data:2026-08-04 || 79~Reinos do Bosque~O Guardião das Raízes~volume:4~FISICO~qtd:2~data:2026-08-15
147,daniel pereira ferreira,39,CPF,700.000.147-03,74~Reinos do Bosque~A Semente de Prata~volume:1~DIGITAL~qtd:2~data:2024-03-17 || 15~Marés do Norte~A Ilha Submersa~volume:4~FISICO~qtd:2~data:2024-04-03 || 38~Ilhas Errantes~O Porto das Histórias~volume:3~DIGITAL~qtd:2~data:2024-04-11 || 57~Serra Dourada~Crônicas da Serra Dourada~volume:1~FISICO~qtd:2~data:2024-11-17 || 89~Crônicas do Tempo~O Relógio Partido~volume:1~FISICO~qtd:2~data:2026-08-23 || 78~Reinos do Bosque~A Coroa de Folhas~volume:3~DIGITAL~qtd:2~data:2026-09-16
USR-000148,Samuel Martins Oliveira,49 anos,RG,99.000.148-9,92~Crônicas do Tempo~A Hora Esquecida~volume:2~DIGITAL~qtd:1~data:2024-09-13 || 16~Marés do Norte~A Ilha Submersa~volume:4~DIGITAL~qtd:3~data:2024-09-14 || 79~Reinos do Bosque~O Guardião das Raízes~volume:4~FISICO~qtd:2~data:2026-07-17 || 93~Crônicas do Tempo~Os Dias Invertidos~volume:3~FISICO~qtd:2~data:2026-08-17
USR-000149,Hugo Rocha Ribeiro,37,CPF,700.000.149-67,30~Estações~O Retrato da Primavera~volume:3~DIGITAL~qtd:2~data:2024-10-22 || 82~Luzes do Sul~A Primeira Luz~volume:1~DIGITAL~qtd:2~data:2025-03-24 || 38~Ilhas Errantes~O Porto das Histórias~volume:3~DIGITAL~qtd:3~data:2026-02-04
150,  ALICE VIEIRA ALMEIDA  ,82,rg,99.000.150-3,47~Jardins Secretos~A Canção dos Pinheiros~volume:4~FISICO~qtd:3~data:2025-03-18 || 48~Jardins Secretos~A Canção dos Pinheiros~volume:4~DIGITAL~qtd:2~data:2025-05-04 || 66~Cidades de Sal~O Labirinto de Sal~volume:1~DIGITAL~qtd:2~data:2025-12-15 || 93~Crônicas do Tempo~Os Dias Invertidos~volume:3~FISICO~qtd:2~data:2026-04-01 || 3~As Torres de Âmbar~O Vale das Lanternas~volume:2~FISICO~qtd:2~data:2026-06-19 || 53~Viajantes de Papel~A Estrada de Cristal~volume:3~FISICO~qtd:1~data:2026-07-17
USR-000151,Daniel Esteves Esteves,61,CPF,700.000.151-81,14~Marés do Norte~O Último Faroleiro~volume:3~DIGITAL~qtd:2~data:2025-03-15 || 18~Arquivos do Céu~A Biblioteca das Nuvens~volume:1~DIGITAL~qtd:3~data:2025-08-16 || 33~Ilhas Errantes~A Ilha dos Ventos~volume:1~FISICO~qtd:2~data:2025-10-03 || 5~As Torres de Âmbar~A Torre do Amanhecer~volume:3~FISICO~qtd:2~data:2026-01-14 || 62~Serra Dourada~Horizontes de Cobre~volume:3~DIGITAL~qtd:3~data:2026-01-26 || 75~Reinos do Bosque~O Bosque Adormecido~volume:2~FISICO~qtd:3~data:2026-03-25 || 81~Luzes do Sul~A Primeira Luz~volume:1~FISICO~qtd:3~data:2026-06-18
USR-000152,Hugo Barbosa Nunes,79 anos,RG,99.000.152-7,24~Arquivos do Céu~A Última Constelação~volume:4~DIGITAL~qtd:2~data:2024-02-16
153,Carla Oliveira Santos,26,CPF,700.000.153-43,84~Luzes do Sul~A Estrada do Sul~volume:2~DIGITAL~qtd:1~data:2024-01-26 || 4~As Torres de Âmbar~O Vale das Lanternas~volume:2~DIGITAL~qtd:2~data:2024-06-13 || 5~As Torres de Âmbar~A Torre do Amanhecer~volume:3~FISICO~qtd:3~data:2024-08-19 || 90~Crônicas do Tempo~O Relógio Partido~volume:1~DIGITAL~qtd:1~data:2024-09-11 || 81~Luzes do Sul~A Primeira Luz~volume:1~FISICO~qtd:2~data:2025-05-27 || 56~Viajantes de Papel~Os Dias do Cometa~volume:4~DIGITAL~qtd:2~data:2025-07-07 || 66~Cidades de Sal~O Labirinto de Sal~volume:1~DIGITAL~qtd:2~data:2025-08-16
USR-000154,eduardo ribeiro almeida,29,RG,99.000.154-1,77~Reinos do Bosque~A Coroa de Folhas~volume:3~FISICO~qtd:2~data:2024-01-05
USR-000155,Samuel Moreira Teixeira,60,CPF,700.000.155-05,92~Crônicas do Tempo~A Hora Esquecida~volume:2~DIGITAL~qtd:3~data:2024-02-08 || 17~Arquivos do Céu~A Biblioteca das Nuvens~volume:1~FISICO~qtd:2~data:2024-03-01 || 57~Serra Dourada~Crônicas da Serra Dourada~volume:1~FISICO~qtd:3~data:2024-12-25 || 60~Serra Dourada~A Oficina dos Sonhos~volume:2~DIGITAL~qtd:3~data:2025-02-08 || 74~Reinos do Bosque~A Semente de Prata~volume:1~DIGITAL~qtd:2~data:2025-06-10 || 83~Luzes do Sul~A Estrada do Sul~volume:2~FISICO~qtd:1~data:2025-09-24 || 11~Marés do Norte~Cartas da Cidade Azul~volume:2~FISICO~qtd:2~data:2026-02-05 || 46~Jardins Secretos~A Casa das Sete Janelas~volume:3~DIGITAL~qtd:3~data:2026-05-30
156,Alice Almeida Lima,44 anos,rg,99.000.156-5,70~Cidades de Sal~O Mercado das Sombras~volume:3~DIGITAL~qtd:3~data:2024-08-09 || 83~Luzes do Sul~A Estrada do Sul~volume:2~FISICO~qtd:1~data:2024-11-28 || 36~Ilhas Errantes~Memórias do Rio Claro~volume:2~DIGITAL~qtd:2~data:2025-04-04 || 82~Luzes do Sul~A Primeira Luz~volume:1~DIGITAL~qtd:2~data:2025-07-13 || 94~Crônicas do Tempo~Os Dias Invertidos~volume:3~DIGITAL~qtd:3~data:2025-08-21 || 51~Viajantes de Papel~O Trem das Estrelas~volume:2~FISICO~qtd:1~data:2025-09-05 || 49~Viajantes de Papel~O Viajante de Papel~volume:1~FISICO~qtd:2~data:2026-09-08
USR-000157,Vitor Souza Martins,31,CPF,700.000.157-77,28~Estações~O Caderno de Inverno~volume:2~DIGITAL~qtd:3~data:2024-01-23 || 17~Arquivos do Céu~A Biblioteca das Nuvens~volume:1~FISICO~qtd:2~data:2024-02-21 || 10~Marés do Norte~O Jardim das Marés~volume:1~DIGITAL~qtd:3~data:2024-07-11 || 75~Reinos do Bosque~O Bosque Adormecido~volume:2~FISICO~qtd:2~data:2024-07-19 || 25~Estações~Caminhos de Outono~volume:1~FISICO~qtd:3~data:2024-08-12 || 50~Viajantes de Papel~O Viajante de Papel~volume:1~DIGITAL~qtd:3~data:2025-02-21 || 15~Marés do Norte~A Ilha Submersa~volume:4~FISICO~qtd:2~data:2025-04-05 || 86~Luzes do Sul~O Farol de Cristal~volume:3~DIGITAL~qtd:2~data:2025-08-10 || 58~Serra Dourada~Crônicas da Serra Dourada~volume:1~DIGITAL~qtd:3~data:2026-02-28 || 68~Cidades de Sal~O Relógio da Praça~volume:2~DIGITAL~qtd:3~data:2026-04-04
USR-000158,Karina Martins Ribeiro,32,RG,99.000.158-9,69~Cidades de Sal~O Mercado das Sombras~volume:3~FISICO~qtd:1~data:2024-03-16 || 90~Crônicas do Tempo~O Relógio Partido~volume:1~DIGITAL~qtd:3~data:2025-09-04 || 33~Ilhas Errantes~A Ilha dos Ventos~volume:1~FISICO~qtd:2~data:2026-07-29
159,Caio Almeida Dias,41,CPF,700.000.159-39,31~Estações~A Última Página do Verão~volume:4~FISICO~qtd:3~data:2024-03-29 || 96~Crônicas do Tempo~O Último Minuto~volume:4~DIGITAL~qtd:1~data:2026-09-13
USR-000160,  VITOR PEREIRA TEIXEIRA  ,75 anos,RG,99.000.160-3,84~Luzes do Sul~A Estrada do Sul~volume:2~DIGITAL~qtd:1~data:2025-01-10 || 81~Luzes do Sul~A Primeira Luz~volume:1~FISICO~qtd:2~data:2025-10-09
USR-000161,alice souza lima,75,CPF,700.000.161-53,39~Ilhas Errantes~A Travessia das Flores~volume:4~FISICO~qtd:3~data:2024-03-23 || 11~Marés do Norte~Cartas da Cidade Azul~volume:2~FISICO~qtd:1~data:2024-09-30
162,Rafaela Mendes Rocha,74,rg,99.000.162-7,86~Luzes do Sul~O Farol de Cristal~volume:3~DIGITAL~qtd:3~data:2024-06-11 || 46~Jardins Secretos~A Casa das Sete Janelas~volume:3~DIGITAL~qtd:2~data:2024-10-15 || 20~Arquivos do Céu~O Mapa de Vidro~volume:2~DIGITAL~qtd:2~data:2024-10-18 || 21~Arquivos do Céu~O Palácio dos Ventos~volume:3~FISICO~qtd:2~data:2025-03-21 || 73~Reinos do Bosque~A Semente de Prata~volume:1~FISICO~qtd:1~data:2026-01-02 || 23~Arquivos do Céu~A Última Constelação~volume:4~FISICO~qtd:3~data:2026-07-22
USR-000163,Pedro Costa Pereira,77,CPF,700.000.163-15,9~Marés do Norte~O Jardim das Marés~volume:1~FISICO~qtd:3~data:2024-06-16 || 18~Arquivos do Céu~A Biblioteca das Nuvens~volume:1~DIGITAL~qtd:1~data:2025-03-30 || 62~Serra Dourada~Horizontes de Cobre~volume:3~DIGITAL~qtd:1~data:2025-06-15 || 73~Reinos do Bosque~A Semente de Prata~volume:1~FISICO~qtd:1~data:2025-10-15 || 41~Jardins Secretos~O Segredo das Acácias~volume:1~FISICO~qtd:3~data:2026-03-26 || 82~Luzes do Sul~A Primeira Luz~volume:1~DIGITAL~qtd:3~data:2026-05-15
USR-000164,Eduardo Ribeiro Oliveira,78 anos,RG,99.000.164-1,16~Marés do Norte~A Ilha Submersa~volume:4~DIGITAL~qtd:1~data:2024-04-26 || 48~Jardins Secretos~A Canção dos Pinheiros~volume:4~DIGITAL~qtd:1~data:2024-07-08 || 28~Estações~O Caderno de Inverno~volume:2~DIGITAL~qtd:2~data:2024-08-09 || 88~Luzes do Sul~Depois do Horizonte~volume:4~DIGITAL~qtd:3~data:2024-11-19 || 26~Estações~Caminhos de Outono~volume:1~DIGITAL~qtd:3~data:2024-11-26 || 1~As Torres de Âmbar~A Chave de Âmbar~volume:1~FISICO~qtd:2~data:2024-12-19 || 90~Crônicas do Tempo~O Relógio Partido~volume:1~DIGITAL~qtd:2~data:2026-01-01 || 21~Arquivos do Céu~O Palácio dos Ventos~volume:3~FISICO~qtd:2~data:2026-04-26 || 60~Serra Dourada~A Oficina dos Sonhos~volume:2~DIGITAL~qtd:2~data:2026-05-17
165,Bruno Rocha Ribeiro,30,CPF,700.000.165-87,46~Jardins Secretos~A Casa das Sete Janelas~volume:3~DIGITAL~qtd:1~data:2024-01-27 || 26~Estações~Caminhos de Outono~volume:1~DIGITAL~qtd:1~data:2024-10-25 || 28~Estações~O Caderno de Inverno~volume:2~DIGITAL~qtd:2~data:2024-12-10 || 88~Luzes do Sul~Depois do Horizonte~volume:4~DIGITAL~qtd:3~data:2025-01-18 || 91~Crônicas do Tempo~A Hora Esquecida~volume:2~FISICO~qtd:2~data:2025-02-16 || 83~Luzes do Sul~A Estrada do Sul~volume:2~FISICO~qtd:1~data:2025-09-18 || 21~Arquivos do Céu~O Palácio dos Ventos~volume:3~FISICO~qtd:1~data:2026-08-16
USR-000166,Vitor Dias Costa,78,RG,99.000.166-5,53~Viajantes de Papel~A Estrada de Cristal~volume:3~FISICO~qtd:1~data:2024-02-28 || 4~As Torres de Âmbar~O Vale das Lanternas~volume:2~DIGITAL~qtd:2~data:2024-04-12 || 57~Serra Dourada~Crônicas da Serra Dourada~volume:1~FISICO~qtd:3~data:2024-08-29 || 51~Viajantes de Papel~O Trem das Estrelas~volume:2~FISICO~qtd:1~data:2025-04-15 || 17~Arquivos do Céu~A Biblioteca das Nuvens~volume:1~FISICO~qtd:3~data:2025-06-02 || 95~Crônicas do Tempo~O Último Minuto~volume:4~FISICO~qtd:3~data:2025-08-04 || 77~Reinos do Bosque~A Coroa de Folhas~volume:3~FISICO~qtd:1~data:2025-08-21 || 82~Luzes do Sul~A Primeira Luz~volume:1~DIGITAL~qtd:3~data:2026-02-11 || 56~Viajantes de Papel~Os Dias do Cometa~volume:4~DIGITAL~qtd:2~data:2026-07-13 || 33~Ilhas Errantes~A Ilha dos Ventos~volume:1~FISICO~qtd:3~data:2026-08-19
USR-000167,Hugo Pereira Oliveira,38,CPF,700.000.167-49,17~Arquivos do Céu~A Biblioteca das Nuvens~volume:1~FISICO~qtd:1~data:2024-07-05 || 74~Reinos do Bosque~A Semente de Prata~volume:1~DIGITAL~qtd:1~data:2024-07-13 || 31~Estações~A Última Página do Verão~volume:4~FISICO~qtd:2~data:2025-05-07
168,karina oliveira gomes,52 anos,rg,99.000.168-9,72~Cidades de Sal~A Cidade sem Portas~volume:4~DIGITAL~qtd:3~data:2024-02-28 || 50~Viajantes de Papel~O Viajante de Papel~volume:1~DIGITAL~qtd:3~data:2025-02-14 || 44~Jardins Secretos~As Pontes de Aurora~volume:2~DIGITAL~qtd:2~data:2025-02-26 || 66~Cidades de Sal~O Labirinto de Sal~volume:1~DIGITAL~qtd:1~data:2025-03-25 || 55~Viajantes de Papel~Os Dias do Cometa~volume:4~FISICO~qtd:1~data:2025-07-24 || 51~Viajantes de Papel~O Trem das Estrelas~volume:2~FISICO~qtd:1~data:2025-08-03 || 49~Viajantes de Papel~O Viajante de Papel~volume:1~FISICO~qtd:2~data:2025-09-04 || 29~Estações~O Retrato da Primavera~volume:3~FISICO~qtd:3~data:2026-08-15 || 18~Arquivos do Céu~A Biblioteca das Nuvens~volume:1~DIGITAL~qtd:3~data:2026-09-08 || 90~Crônicas do Tempo~O Relógio Partido~volume:1~DIGITAL~qtd:2~data:2026-09-22
USR-000169,Daniel Gomes Rocha,22,CPF,700.000.169-01,17~Arquivos do Céu~A Biblioteca das Nuvens~volume:1~FISICO~qtd:2~data:2024-08-05 || 68~Cidades de Sal~O Relógio da Praça~volume:2~DIGITAL~qtd:2~data:2024-09-17 || 50~Viajantes de Papel~O Viajante de Papel~volume:1~DIGITAL~qtd:3~data:2024-11-10 || 37~Ilhas Errantes~O Porto das Histórias~volume:3~FISICO~qtd:1~data:2025-12-30 || 23~Arquivos do Céu~A Última Constelação~volume:4~FISICO~qtd:2~data:2026-02-23 || 89~Crônicas do Tempo~O Relógio Partido~volume:1~FISICO~qtd:1~data:2026-02-28 || 26~Estações~Caminhos de Outono~volume:1~DIGITAL~qtd:2~data:2026-03-02 || 43~Jardins Secretos~As Pontes de Aurora~volume:2~FISICO~qtd:3~data:2026-04-29
USR-000170,  JOÃO MARTINS HENRIQUES  ,37,RG,99.000.170-3,41~Jardins Secretos~O Segredo das Acácias~volume:1~FISICO~qtd:1~data:2024-05-19 || 49~Viajantes de Papel~O Viajante de Papel~volume:1~FISICO~qtd:2~data:2024-06-19 || 40~Ilhas Errantes~A Travessia das Flores~volume:4~DIGITAL~qtd:2~data:2024-08-16 || 79~Reinos do Bosque~O Guardião das Raízes~volume:4~FISICO~qtd:2~data:2024-10-07 || 12~Marés do Norte~Cartas da Cidade Azul~volume:2~DIGITAL~qtd:3~data:2025-03-31 || 57~Serra Dourada~Crônicas da Serra Dourada~volume:1~FISICO~qtd:2~data:2025-04-05 || 88~Luzes do Sul~Depois do Horizonte~volume:4~DIGITAL~qtd:3~data:2025-04-09 || 15~Marés do Norte~A Ilha Submersa~volume:4~FISICO~qtd:1~data:2026-02-16
171,Teresa Dias Pereira,74,CPF,700.000.171-25,41~Jardins Secretos~O Segredo das Acácias~volume:1~FISICO~qtd:1~data:2025-02-04 || 86~Luzes do Sul~O Farol de Cristal~volume:3~DIGITAL~qtd:3~data:2025-05-14 || 45~Jardins Secretos~A Casa das Sete Janelas~volume:3~FISICO~qtd:3~data:2025-06-17 || 20~Arquivos do Céu~O Mapa de Vidro~volume:2~DIGITAL~qtd:2~data:2026-01-04 || 29~Estações~O Retrato da Primavera~volume:3~FISICO~qtd:3~data:2026-08-06
USR-000172,João Rocha Almeida,57 anos,RG,99.000.172-7,4~As Torres de Âmbar~O Vale das Lanternas~volume:2~DIGITAL~qtd:2~data:2024-04-02 || 61~Serra Dourada~Horizontes de Cobre~volume:3~FISICO~qtd:2~data:2024-05-28 || 76~Reinos do Bosque~O Bosque Adormecido~volume:2~DIGITAL~qtd:1~data:2024-06-09 || 66~Cidades de Sal~O Labirinto de Sal~volume:1~DIGITAL~qtd:1~data:2024-10-04 || 96~Crônicas do Tempo~O Último Minuto~volume:4~DIGITAL~qtd:2~data:2026-06-04 || 64~Serra Dourada~Os Guardiões do Horizonte~volume:4~DIGITAL~qtd:2~data:2026-07-13
USR-000173,Elisa Barbosa Cardoso,46,CPF,700.000.173-97,38~Ilhas Errantes~O Porto das Histórias~volume:3~DIGITAL~qtd:2~data:2024-08-29 || 42~Jardins Secretos~O Segredo das Acácias~volume:1~DIGITAL~qtd:3~data:2025-03-19
174,Caio Rocha Rocha,18,rg,99.000.174-1,91~Crônicas do Tempo~A Hora Esquecida~volume:2~FISICO~qtd:2~data:2025-09-20
USR-000175,carla almeida barbosa,35,CPF,700.000.175-59,59~Serra Dourada~A Oficina dos Sonhos~volume:2~FISICO~qtd:2~data:2024-03-04 || 72~Cidades de Sal~A Cidade sem Portas~volume:4~DIGITAL~qtd:3~data:2024-05-30 || 92~Crônicas do Tempo~A Hora Esquecida~volume:2~DIGITAL~qtd:1~data:2024-09-20 || 6~As Torres de Âmbar~A Torre do Amanhecer~volume:3~DIGITAL~qtd:3~data:2025-03-30 || 93~Crônicas do Tempo~Os Dias Invertidos~volume:3~FISICO~qtd:1~data:2025-10-10 || 29~Estações~O Retrato da Primavera~volume:3~FISICO~qtd:1~data:2025-12-05 || 23~Arquivos do Céu~A Última Constelação~volume:4~FISICO~qtd:3~data:2026-01-14 || 83~Luzes do Sul~A Estrada do Sul~volume:2~FISICO~qtd:3~data:2026-05-09 || 57~Serra Dourada~Crônicas da Serra Dourada~volume:1~FISICO~qtd:3~data:2026-06-21 || 53~Viajantes de Papel~A Estrada de Cristal~volume:3~FISICO~qtd:2~data:2026-07-14
USR-000176,Felipe Rocha Barbosa,49 anos,RG,99.000.176-5,34~Ilhas Errantes~A Ilha dos Ventos~volume:1~DIGITAL~qtd:2~data:2024-08-24 || 85~Luzes do Sul~O Farol de Cristal~volume:3~FISICO~qtd:3~data:2025-10-27
177,Daniel Gomes Martins,23,CPF,700.000.177-11,69~Cidades de Sal~O Mercado das Sombras~volume:3~FISICO~qtd:3~data:2024-07-04 || 90~Crônicas do Tempo~O Relógio Partido~volume:1~DIGITAL~qtd:1~data:2024-09-06 || 25~Estações~Caminhos de Outono~volume:1~FISICO~qtd:2~data:2024-11-11 || 71~Cidades de Sal~A Cidade sem Portas~volume:4~FISICO~qtd:2~data:2026-04-09 || 18~Arquivos do Céu~A Biblioteca das Nuvens~volume:1~DIGITAL~qtd:3~data:2026-05-28
USR-000178,Bruno Teixeira Teixeira,35,RG,99.000.178-9,84~Luzes do Sul~A Estrada do Sul~volume:2~DIGITAL~qtd:3~data:2024-02-07 || 49~Viajantes de Papel~O Viajante de Papel~volume:1~FISICO~qtd:2~data:2024-10-10 || 35~Ilhas Errantes~Memórias do Rio Claro~volume:2~FISICO~qtd:3~data:2025-03-26 || 36~Ilhas Errantes~Memórias do Rio Claro~volume:2~DIGITAL~qtd:1~data:2025-10-01 || 83~Luzes do Sul~A Estrada do Sul~volume:2~FISICO~qtd:2~data:2026-03-10 || 9~Marés do Norte~O Jardim das Marés~volume:1~FISICO~qtd:1~data:2026-07-31
USR-000179,Carla Cardoso Lima,29,CPF,700.000.179-82,67~Cidades de Sal~O Relógio da Praça~volume:2~FISICO~qtd:2~data:2024-01-08 || 42~Jardins Secretos~O Segredo das Acácias~volume:1~DIGITAL~qtd:1~data:2024-10-11 || 83~Luzes do Sul~A Estrada do Sul~volume:2~FISICO~qtd:2~data:2025-02-02 || 20~Arquivos do Céu~O Mapa de Vidro~volume:2~DIGITAL~qtd:2~data:2025-07-04 || 57~Serra Dourada~Crônicas da Serra Dourada~volume:1~FISICO~qtd:2~data:2025-12-03 || 26~Estações~Caminhos de Outono~volume:1~DIGITAL~qtd:3~data:2026-01-26 || 5~As Torres de Âmbar~A Torre do Amanhecer~volume:3~FISICO~qtd:2~data:2026-01-31 || 31~Estações~A Última Página do Verão~volume:4~FISICO~qtd:1~data:2026-04-28
180,  CAIO VIEIRA VIEIRA  ,27 anos,rg,99.000.180-3,39~Ilhas Errantes~A Travessia das Flores~volume:4~FISICO~qtd:3~data:2024-03-26 || 44~Jardins Secretos~As Pontes de Aurora~volume:2~DIGITAL~qtd:2~data:2024-05-26 || 43~Jardins Secretos~As Pontes de Aurora~volume:2~FISICO~qtd:3~data:2024-08-23 || 89~Crônicas do Tempo~O Relógio Partido~volume:1~FISICO~qtd:3~data:2025-02-15 || 29~Estações~O Retrato da Primavera~volume:3~FISICO~qtd:2~data:2025-02-19 || 70~Cidades de Sal~O Mercado das Sombras~volume:3~DIGITAL~qtd:1~data:2025-03-18 || 66~Cidades de Sal~O Labirinto de Sal~volume:1~DIGITAL~qtd:1~data:2025-07-08 || 80~Reinos do Bosque~O Guardião das Raízes~volume:4~DIGITAL~qtd:1~data:2025-09-22 || 31~Estações~A Última Página do Verão~volume:4~FISICO~qtd:3~data:2026-03-09 || 41~Jardins Secretos~O Segredo das Acácias~volume:1~FISICO~qtd:1~data:2026-06-15
USR-000181,Carla Oliveira Almeida,56,CPF,700.000.181-05,82~Luzes do Sul~A Primeira Luz~volume:1~DIGITAL~qtd:2~data:2024-01-12 || 74~Reinos do Bosque~A Semente de Prata~volume:1~DIGITAL~qtd:2~data:2025-01-20 || 29~Estações~O Retrato da Primavera~volume:3~FISICO~qtd:2~data:2025-03-03 || 20~Arquivos do Céu~O Mapa de Vidro~volume:2~DIGITAL~qtd:2~data:2025-04-11 || 58~Serra Dourada~Crônicas da Serra Dourada~volume:1~DIGITAL~qtd:1~data:2025-09-06 || 2~As Torres de Âmbar~A Chave de Âmbar~volume:1~DIGITAL~qtd:1~data:2025-11-25 || 89~Crônicas do Tempo~O Relógio Partido~volume:1~FISICO~qtd:1~data:2025-12-11 || 56~Viajantes de Papel~Os Dias do Cometa~volume:4~DIGITAL~qtd:1~data:2026-04-01 || 37~Ilhas Errantes~O Porto das Histórias~volume:3~FISICO~qtd:3~data:2026-07-27
USR-000182,lucas barbosa barbosa,74,RG,99.000.182-7,92~Crônicas do Tempo~A Hora Esquecida~volume:2~DIGITAL~qtd:2~data:2024-07-14
183,Karina Esteves Ferreira,66,CPF,700.000.183-69,91~Crônicas do Tempo~A Hora Esquecida~volume:2~FISICO~qtd:1~data:2024-05-30 || 9~Marés do Norte~O Jardim das Marés~volume:1~FISICO~qtd:1~data:2024-10-12 || 82~Luzes do Sul~A Primeira Luz~volume:1~DIGITAL~qtd:3~data:2025-06-09
USR-000184,Hugo Almeida Ferreira,38 anos,RG,99.000.184-1,48~Jardins Secretos~A Canção dos Pinheiros~volume:4~DIGITAL~qtd:2~data:2024-07-28 || 13~Marés do Norte~O Último Faroleiro~volume:3~FISICO~qtd:3~data:2025-01-25
USR-000185,Felipe Oliveira Barbosa,36,CPF,700.000.185-21,45~Jardins Secretos~A Casa das Sete Janelas~volume:3~FISICO~qtd:1~data:2024-03-01 || 33~Ilhas Errantes~A Ilha dos Ventos~volume:1~FISICO~qtd:3~data:2024-06-20 || 31~Estações~A Última Página do Verão~volume:4~FISICO~qtd:3~data:2024-09-19 || 64~Serra Dourada~Os Guardiões do Horizonte~volume:4~DIGITAL~qtd:3~data:2024-10-23 || 54~Viajantes de Papel~A Estrada de Cristal~volume:3~DIGITAL~qtd:3~data:2025-07-12 || 89~Crônicas do Tempo~O Relógio Partido~volume:1~FISICO~qtd:3~data:2026-02-11 || 29~Estações~O Retrato da Primavera~volume:3~FISICO~qtd:3~data:2026-02-28 || 17~Arquivos do Céu~A Biblioteca das Nuvens~volume:1~FISICO~qtd:2~data:2026-03-22 || 14~Marés do Norte~O Último Faroleiro~volume:3~DIGITAL~qtd:1~data:2026-06-28 || 85~Luzes do Sul~O Farol de Cristal~volume:3~FISICO~qtd:2~data:2026-08-03
186,Lucas Martins Vieira,40,rg,99.000.186-5,28~Estações~O Caderno de Inverno~volume:2~DIGITAL~qtd:2~data:2024-11-26 || 50~Viajantes de Papel~O Viajante de Papel~volume:1~DIGITAL~qtd:2~data:2025-02-08 || 31~Estações~A Última Página do Verão~volume:4~FISICO~qtd:2~data:2025-07-23 || 22~Arquivos do Céu~O Palácio dos Ventos~volume:3~DIGITAL~qtd:1~data:2026-03-09
USR-000187,Daniel Gomes Souza,63,CPF,700.000.187-92,72~Cidades de Sal~A Cidade sem Portas~volume:4~DIGITAL~qtd:1~data:2024-01-19 || 92~Crônicas do Tempo~A Hora Esquecida~volume:2~DIGITAL~qtd:1~data:2024-01-24 || 47~Jardins Secretos~A Canção dos Pinheiros~volume:4~FISICO~qtd:2~data:2024-01-30 || 16~Marés do Norte~A Ilha Submersa~volume:4~DIGITAL~qtd:1~data:2024-05-22 || 91~Crônicas do Tempo~A Hora Esquecida~volume:2~FISICO~qtd:1~data:2025-04-30 || 36~Ilhas Errantes~Memórias do Rio Claro~volume:2~DIGITAL~qtd:3~data:2026-03-13 || 3~As Torres de Âmbar~O Vale das Lanternas~volume:2~FISICO~qtd:3~data:2026-03-23 || 32~Estações~A Última Página do Verão~volume:4~DIGITAL~qtd:2~data:2026-06-17 || 59~Serra Dourada~A Oficina dos Sonhos~volume:2~FISICO~qtd:2~data:2026-08-02
USR-000188,Isabela Mendes Ferreira,60 anos,RG,99.000.188-9,69~Cidades de Sal~O Mercado das Sombras~volume:3~FISICO~qtd:3~data:2024-05-08 || 78~Reinos do Bosque~A Coroa de Folhas~volume:3~DIGITAL~qtd:3~data:2024-11-03
189,ana moreira gomes,69,CPF,700.000.189-54,89~Crônicas do Tempo~O Relógio Partido~volume:1~FISICO~qtd:1~data:2024-07-17 || 56~Viajantes de Papel~Os Dias do Cometa~volume:4~DIGITAL~qtd:1~data:2024-07-25 || 25~Estações~Caminhos de Outono~volume:1~FISICO~qtd:1~data:2025-10-22 || 28~Estações~O Caderno de Inverno~volume:2~DIGITAL~qtd:2~data:2026-01-09 || 27~Estações~O Caderno de Inverno~volume:2~FISICO~qtd:3~data:2026-06-23 || 55~Viajantes de Papel~Os Dias do Cometa~volume:4~FISICO~qtd:2~data:2026-07-28
USR-000190,  JOÃO COSTA OLIVEIRA  ,18,RG,99.000.190-3,42~Jardins Secretos~O Segredo das Acácias~volume:1~DIGITAL~qtd:1~data:2024-03-28 || 24~Arquivos do Céu~A Última Constelação~volume:4~DIGITAL~qtd:1~data:2024-05-09 || 77~Reinos do Bosque~A Coroa de Folhas~volume:3~FISICO~qtd:1~data:2024-08-27 || 20~Arquivos do Céu~O Mapa de Vidro~volume:2~DIGITAL~qtd:1~data:2025-08-11 || 28~Estações~O Caderno de Inverno~volume:2~DIGITAL~qtd:1~data:2025-10-17
USR-000191,Isabela Pereira Martins,50,CPF,700.000.191-79,71~Cidades de Sal~A Cidade sem Portas~volume:4~FISICO~qtd:2~data:2024-02-07 || 13~Marés do Norte~O Último Faroleiro~volume:3~FISICO~qtd:2~data:2024-03-04 || 65~Cidades de Sal~O Labirinto de Sal~volume:1~FISICO~qtd:3~data:2024-03-10 || 50~Viajantes de Papel~O Viajante de Papel~volume:1~DIGITAL~qtd:2~data:2024-08-02 || 70~Cidades de Sal~O Mercado das Sombras~volume:3~DIGITAL~qtd:3~data:2026-05-15 || 56~Viajantes de Papel~Os Dias do Cometa~volume:4~DIGITAL~qtd:2~data:2026-08-02
192,Caio Esteves Lima,28 anos,rg,99.000.192-7,80~Reinos do Bosque~O Guardião das Raízes~volume:4~DIGITAL~qtd:1~data:2024-10-18 || 26~Estações~Caminhos de Outono~volume:1~DIGITAL~qtd:2~data:2024-11-28
USR-000193,Marina Vieira Esteves,80,CPF,700.000.193-31,56~Viajantes de Papel~Os Dias do Cometa~volume:4~DIGITAL~qtd:2~data:2024-03-23 || 9~Marés do Norte~O Jardim das Marés~volume:1~FISICO~qtd:1~data:2024-07-23 || 34~Ilhas Errantes~A Ilha dos Ventos~volume:1~DIGITAL~qtd:3~data:2024-08-13 || 53~Viajantes de Papel~A Estrada de Cristal~volume:3~FISICO~qtd:3~data:2024-09-21 || 94~Crônicas do Tempo~Os Dias Invertidos~volume:3~DIGITAL~qtd:3~data:2024-12-04 || 15~Marés do Norte~A Ilha Submersa~volume:4~FISICO~qtd:2~data:2025-04-21 || 39~Ilhas Errantes~A Travessia das Flores~volume:4~FISICO~qtd:2~data:2025-12-16 || 26~Estações~Caminhos de Outono~volume:1~DIGITAL~qtd:1~data:2026-02-05 || 16~Marés do Norte~A Ilha Submersa~volume:4~DIGITAL~qtd:3~data:2026-04-29 || 89~Crônicas do Tempo~O Relógio Partido~volume:1~FISICO~qtd:1~data:2026-09-10
USR-000194,Carla Barbosa Martins,59,RG,99.000.194-1,85~Luzes do Sul~O Farol de Cristal~volume:3~FISICO~qtd:2~data:2024-04-05 || 72~Cidades de Sal~A Cidade sem Portas~volume:4~DIGITAL~qtd:2~data:2025-12-16 || 8~As Torres de Âmbar~O Reino de Cinzas~volume:4~DIGITAL~qtd:2~data:2026-07-23
195,Bruno Martins Nunes,39,CPF,700.000.195-01,64~Serra Dourada~Os Guardiões do Horizonte~volume:4~DIGITAL~qtd:2~data:2024-02-22 || 9~Marés do Norte~O Jardim das Marés~volume:1~FISICO~qtd:2~data:2024-03-06 || 47~Jardins Secretos~A Canção dos Pinheiros~volume:4~FISICO~qtd:2~data:2024-04-19 || 23~Arquivos do Céu~A Última Constelação~volume:4~FISICO~qtd:1~data:2024-07-06 || 17~Arquivos do Céu~A Biblioteca das Nuvens~volume:1~FISICO~qtd:1~data:2025-09-27 || 22~Arquivos do Céu~O Palácio dos Ventos~volume:3~DIGITAL~qtd:1~data:2026-03-25 || 67~Cidades de Sal~O Relógio da Praça~volume:2~FISICO~qtd:3~data:2026-05-13
USR-000196,teresa ferreira teixeira,19 anos,RG,99.000.196-5,37~Ilhas Errantes~O Porto das Histórias~volume:3~FISICO~qtd:2~data:2025-04-17
USR-000197,Samuel Moreira Souza,81,CPF,700.000.197-64,21~Arquivos do Céu~O Palácio dos Ventos~volume:3~FISICO~qtd:1~data:2024-12-01 || 35~Ilhas Errantes~Memórias do Rio Claro~volume:2~FISICO~qtd:1~data:2025-09-25 || 71~Cidades de Sal~A Cidade sem Portas~volume:4~FISICO~qtd:1~data:2025-11-25
198,Eduardo Nunes Oliveira,85,rg,99.000.198-9,44~Jardins Secretos~As Pontes de Aurora~volume:2~DIGITAL~qtd:3~data:2024-02-15 || 37~Ilhas Errantes~O Porto das Histórias~volume:3~FISICO~qtd:2~data:2024-03-09 || 68~Cidades de Sal~O Relógio da Praça~volume:2~DIGITAL~qtd:2~data:2024-07-02 || 20~Arquivos do Céu~O Mapa de Vidro~volume:2~DIGITAL~qtd:3~data:2024-09-14 || 83~Luzes do Sul~A Estrada do Sul~volume:2~FISICO~qtd:1~data:2025-06-10 || 71~Cidades de Sal~A Cidade sem Portas~volume:4~FISICO~qtd:3~data:2025-08-04 || 24~Arquivos do Céu~A Última Constelação~volume:4~DIGITAL~qtd:2~data:2025-09-25 || 56~Viajantes de Papel~Os Dias do Cometa~volume:4~DIGITAL~qtd:3~data:2025-11-21 || 3~As Torres de Âmbar~O Vale das Lanternas~volume:2~FISICO~qtd:1~data:2026-05-12
USR-000199,Vitor Almeida Santos,62,CPF,700.000.199-26,24~Arquivos do Céu~A Última Constelação~volume:4~DIGITAL~qtd:3~data:2024-12-29 || 59~Serra Dourada~A Oficina dos Sonhos~volume:2~FISICO~qtd:2~data:2025-10-22 || 94~Crônicas do Tempo~Os Dias Invertidos~volume:3~DIGITAL~qtd:3~data:2025-12-10
USR-000200,  ISABELA VIEIRA FERREIRA  ,32 anos,RG,99.000.200-3,95~Crônicas do Tempo~O Último Minuto~volume:4~FISICO~qtd:1~data:2024-01-09 || 81~Luzes do Sul~A Primeira Luz~volume:1~FISICO~qtd:3~data:2024-02-18 || 78~Reinos do Bosque~A Coroa de Folhas~volume:3~DIGITAL~qtd:2~data:2024-07-08 || 20~Arquivos do Céu~O Mapa de Vidro~volume:2~DIGITAL~qtd:3~data:2024-09-24 || 91~Crônicas do Tempo~A Hora Esquecida~volume:2~FISICO~qtd:2~data:2025-02-17 || 94~Crônicas do Tempo~Os Dias Invertidos~volume:3~DIGITAL~qtd:3~data:2025-04-01 || 89~Crônicas do Tempo~O Relógio Partido~volume:1~FISICO~qtd:3~data:2025-08-28 || 63~Serra Dourada~Os Guardiões do Horizonte~volume:4~FISICO~qtd:1~data:2025-11-16 || 93~Crônicas do Tempo~Os Dias Invertidos~volume:3~FISICO~qtd:3~data:2026-07-20
201,Karina Santos Moreira,18,CPF,700.000.201-85,94~Crônicas do Tempo~Os Dias Invertidos~volume:3~DIGITAL~qtd:2~data:2024-01-01 || 25~Estações~Caminhos de Outono~volume:1~FISICO~qtd:2~data:2024-05-28 || 31~Estações~A Última Página do Verão~volume:4~FISICO~qtd:2~data:2024-07-08 || 69~Cidades de Sal~O Mercado das Sombras~volume:3~FISICO~qtd:1~data:2024-09-20 || 14~Marés do Norte~O Último Faroleiro~volume:3~DIGITAL~qtd:1~data:2025-06-24 || 56~Viajantes de Papel~Os Dias do Cometa~volume:4~DIGITAL~qtd:3~data:2025-07-03 || 70~Cidades de Sal~O Mercado das Sombras~volume:3~DIGITAL~qtd:1~data:2025-10-13 || 28~Estações~O Caderno de Inverno~volume:2~DIGITAL~qtd:1~data:2025-12-15 || 73~Reinos do Bosque~A Semente de Prata~volume:1~FISICO~qtd:3~data:2026-01-01 || 27~Estações~O Caderno de Inverno~volume:2~FISICO~qtd:3~data:2026-07-15
USR-000202,Isabela Martins Lima,61,RG,99.000.202-7,37~Ilhas Errantes~O Porto das Histórias~volume:3~FISICO~qtd:2~data:2024-02-20 || 66~Cidades de Sal~O Labirinto de Sal~volume:1~DIGITAL~qtd:3~data:2024-10-16 || 5~As Torres de Âmbar~A Torre do Amanhecer~volume:3~FISICO~qtd:3~data:2025-01-30 || 8~As Torres de Âmbar~O Reino de Cinzas~volume:4~DIGITAL~qtd:3~data:2025-02-21 || 74~Reinos do Bosque~A Semente de Prata~volume:1~DIGITAL~qtd:1~data:2025-04-01 || 89~Crônicas do Tempo~O Relógio Partido~volume:1~FISICO~qtd:3~data:2025-10-06 || 59~Serra Dourada~A Oficina dos Sonhos~volume:2~FISICO~qtd:3~data:2025-10-23 || 73~Reinos do Bosque~A Semente de Prata~volume:1~FISICO~qtd:3~data:2026-01-08 || 82~Luzes do Sul~A Primeira Luz~volume:1~DIGITAL~qtd:2~data:2026-05-10 || 22~Arquivos do Céu~O Palácio dos Ventos~volume:3~DIGITAL~qtd:3~data:2026-06-15
USR-000203,karina moreira mendes,42,CPF,700.000.203-47,44~Jardins Secretos~As Pontes de Aurora~volume:2~DIGITAL~qtd:2~data:2025-01-29 || 74~Reinos do Bosque~A Semente de Prata~volume:1~DIGITAL~qtd:3~data:2025-10-29 || 87~Luzes do Sul~Depois do Horizonte~volume:4~FISICO~qtd:1~data:2026-03-10 || 13~Marés do Norte~O Último Faroleiro~volume:3~FISICO~qtd:3~data:2026-03-28 || 28~Estações~O Caderno de Inverno~volume:2~DIGITAL~qtd:3~data:2026-09-02
204,Elisa Costa Cardoso,53 anos,rg,99.000.204-1,7~As Torres de Âmbar~O Reino de Cinzas~volume:4~FISICO~qtd:1~data:2024-06-26 || 29~Estações~O Retrato da Primavera~volume:3~FISICO~qtd:2~data:2025-10-04 || 86~Luzes do Sul~O Farol de Cristal~volume:3~DIGITAL~qtd:2~data:2026-07-29
USR-000205,Nuno Costa Oliveira,67,CPF,700.000.205-09,36~Ilhas Errantes~Memórias do Rio Claro~volume:2~DIGITAL~qtd:3~data:2024-04-03 || 85~Luzes do Sul~O Farol de Cristal~volume:3~FISICO~qtd:3~data:2024-05-13 || 86~Luzes do Sul~O Farol de Cristal~volume:3~DIGITAL~qtd:3~data:2024-12-21 || 37~Ilhas Errantes~O Porto das Histórias~volume:3~FISICO~qtd:1~data:2025-04-09 || 66~Cidades de Sal~O Labirinto de Sal~volume:1~DIGITAL~qtd:2~data:2025-12-13 || 69~Cidades de Sal~O Mercado das Sombras~volume:3~FISICO~qtd:1~data:2025-12-24 || 63~Serra Dourada~Os Guardiões do Horizonte~volume:4~FISICO~qtd:1~data:2026-05-17 || 88~Luzes do Sul~Depois do Horizonte~volume:4~DIGITAL~qtd:1~data:2026-06-13
USR-000206,Lucas Esteves Dias,70,RG,99.000.206-5,71~Cidades de Sal~A Cidade sem Portas~volume:4~FISICO~qtd:1~data:2024-01-16 || 61~Serra Dourada~Horizontes de Cobre~volume:3~FISICO~qtd:3~data:2024-09-28 || 69~Cidades de Sal~O Mercado das Sombras~volume:3~FISICO~qtd:1~data:2025-03-05 || 67~Cidades de Sal~O Relógio da Praça~volume:2~FISICO~qtd:1~data:2025-08-07 || 12~Marés do Norte~Cartas da Cidade Azul~volume:2~DIGITAL~qtd:2~data:2025-11-07 || 14~Marés do Norte~O Último Faroleiro~volume:3~DIGITAL~qtd:3~data:2025-11-20
207,Isabela Lima Mendes,85,CPF,700.000.207-71,17~Arquivos do Céu~A Biblioteca das Nuvens~volume:1~FISICO~qtd:3~data:2024-07-16 || 51~Viajantes de Papel~O Trem das Estrelas~volume:2~FISICO~qtd:2~data:2024-07-27 || 5~As Torres de Âmbar~A Torre do Amanhecer~volume:3~FISICO~qtd:1~data:2024-09-20 || 65~Cidades de Sal~O Labirinto de Sal~volume:1~FISICO~qtd:1~data:2024-10-12 || 53~Viajantes de Papel~A Estrada de Cristal~volume:3~FISICO~qtd:3~data:2024-10-24 || 71~Cidades de Sal~A Cidade sem Portas~volume:4~FISICO~qtd:1~data:2024-12-20 || 38~Ilhas Errantes~O Porto das Histórias~volume:3~DIGITAL~qtd:2~data:2025-01-15 || 69~Cidades de Sal~O Mercado das Sombras~volume:3~FISICO~qtd:1~data:2025-05-05 || 68~Cidades de Sal~O Relógio da Praça~volume:2~DIGITAL~qtd:3~data:2025-09-29 || 78~Reinos do Bosque~A Coroa de Folhas~volume:3~DIGITAL~qtd:2~data:2025-11-15
USR-000208,João Nunes Rocha,31 anos,RG,99.000.208-9,76~Reinos do Bosque~O Bosque Adormecido~volume:2~DIGITAL~qtd:2~data:2024-02-14 || 2~As Torres de Âmbar~A Chave de Âmbar~volume:1~DIGITAL~qtd:1~data:2024-04-17 || 81~Luzes do Sul~A Primeira Luz~volume:1~FISICO~qtd:1~data:2024-06-10 || 77~Reinos do Bosque~A Coroa de Folhas~volume:3~FISICO~qtd:2~data:2024-11-15 || 10~Marés do Norte~O Jardim das Marés~volume:1~DIGITAL~qtd:3~data:2025-02-05 || 56~Viajantes de Papel~Os Dias do Cometa~volume:4~DIGITAL~qtd:3~data:2025-03-12 || 79~Reinos do Bosque~O Guardião das Raízes~volume:4~FISICO~qtd:1~data:2025-09-11 || 96~Crônicas do Tempo~O Último Minuto~volume:4~DIGITAL~qtd:1~data:2025-11-09 || 17~Arquivos do Céu~A Biblioteca das Nuvens~volume:1~FISICO~qtd:1~data:2025-12-16 || 58~Serra Dourada~Crônicas da Serra Dourada~volume:1~DIGITAL~qtd:3~data:2026-02-05
USR-000209,Felipe Esteves Souza,54,CPF,700.000.209-32,53~Viajantes de Papel~A Estrada de Cristal~volume:3~FISICO~qtd:2~data:2024-06-25 || 52~Viajantes de Papel~O Trem das Estrelas~volume:2~DIGITAL~qtd:2~data:2025-07-19 || 48~Jardins Secretos~A Canção dos Pinheiros~volume:4~DIGITAL~qtd:2~data:2025-08-02 || 63~Serra Dourada~Os Guardiões do Horizonte~volume:4~FISICO~qtd:3~data:2026-04-15
210,  OLÍVIA PEREIRA GOMES  ,57,rg,99.000.210-3,75~Reinos do Bosque~O Bosque Adormecido~volume:2~FISICO~qtd:2~data:2025-03-05 || 23~Arquivos do Céu~A Última Constelação~volume:4~FISICO~qtd:2~data:2025-03-26 || 56~Viajantes de Papel~Os Dias do Cometa~volume:4~DIGITAL~qtd:2~data:2025-08-10 || 49~Viajantes de Papel~O Viajante de Papel~volume:1~FISICO~qtd:1~data:2026-01-19
USR-000211,Samuel Dias Vieira,33,CPF,700.000.211-57,36~Ilhas Errantes~Memórias do Rio Claro~volume:2~DIGITAL~qtd:2~data:2024-08-03 || 72~Cidades de Sal~A Cidade sem Portas~volume:4~DIGITAL~qtd:1~data:2025-01-14 || 39~Ilhas Errantes~A Travessia das Flores~volume:4~FISICO~qtd:3~data:2025-05-26 || 43~Jardins Secretos~As Pontes de Aurora~volume:2~FISICO~qtd:2~data:2025-09-04 || 32~Estações~A Última Página do Verão~volume:4~DIGITAL~qtd:1~data:2025-10-12 || 1~As Torres de Âmbar~A Chave de Âmbar~volume:1~FISICO~qtd:2~data:2026-01-25 || 25~Estações~Caminhos de Outono~volume:1~FISICO~qtd:1~data:2026-04-20
USR-000212,Ana Ribeiro Teixeira,32 anos,RG,99.000.212-7,57~Serra Dourada~Crônicas da Serra Dourada~volume:1~FISICO~qtd:1~data:2024-04-21 || 87~Luzes do Sul~Depois do Horizonte~volume:4~FISICO~qtd:2~data:2024-06-18 || 73~Reinos do Bosque~A Semente de Prata~volume:1~FISICO~qtd:2~data:2024-09-18 || 23~Arquivos do Céu~A Última Constelação~volume:4~FISICO~qtd:2~data:2025-04-25 || 65~Cidades de Sal~O Labirinto de Sal~volume:1~FISICO~qtd:2~data:2025-12-29 || 36~Ilhas Errantes~Memórias do Rio Claro~volume:2~DIGITAL~qtd:3~data:2026-07-21 || 26~Estações~Caminhos de Outono~volume:1~DIGITAL~qtd:3~data:2026-08-29
213,Gabriela Pereira Almeida,78,CPF,700.000.213-19,44~Jardins Secretos~As Pontes de Aurora~volume:2~DIGITAL~qtd:2~data:2026-09-11
USR-000214,Caio Mendes Souza,26,RG,99.000.214-1,6~As Torres de Âmbar~A Torre do Amanhecer~volume:3~DIGITAL~qtd:3~data:2024-02-11 || 91~Crônicas do Tempo~A Hora Esquecida~volume:2~FISICO~qtd:1~data:2024-05-02 || 77~Reinos do Bosque~A Coroa de Folhas~volume:3~FISICO~qtd:1~data:2024-11-17 || 12~Marés do Norte~Cartas da Cidade Azul~volume:2~DIGITAL~qtd:1~data:2025-05-30 || 35~Ilhas Errantes~Memórias do Rio Claro~volume:2~FISICO~qtd:1~data:2025-06-14 || 32~Estações~A Última Página do Verão~volume:4~DIGITAL~qtd:2~data:2025-07-26 || 9~Marés do Norte~O Jardim das Marés~volume:1~FISICO~qtd:3~data:2025-08-03 || 21~Arquivos do Céu~O Palácio dos Ventos~volume:3~FISICO~qtd:1~data:2025-08-28 || 39~Ilhas Errantes~A Travessia das Flores~volume:4~FISICO~qtd:3~data:2026-09-16
USR-000215,Daniel Dias Santos,45,CPF,700.000.215-81,83~Luzes do Sul~A Estrada do Sul~volume:2~FISICO~qtd:3~data:2024-02-08 || 65~Cidades de Sal~O Labirinto de Sal~volume:1~FISICO~qtd:3~data:2024-08-21 || 16~Marés do Norte~A Ilha Submersa~volume:4~DIGITAL~qtd:1~data:2024-09-22 || 86~Luzes do Sul~O Farol de Cristal~volume:3~DIGITAL~qtd:3~data:2025-06-06 || 70~Cidades de Sal~O Mercado das Sombras~volume:3~DIGITAL~qtd:2~data:2026-06-06 || 64~Serra Dourada~Os Guardiões do Horizonte~volume:4~DIGITAL~qtd:3~data:2026-06-28
216,Hugo Martins Mendes,42 anos,rg,99.000.216-5,86~Luzes do Sul~O Farol de Cristal~volume:3~DIGITAL~qtd:3~data:2024-01-22 || 66~Cidades de Sal~O Labirinto de Sal~volume:1~DIGITAL~qtd:2~data:2024-02-16 || 40~Ilhas Errantes~A Travessia das Flores~volume:4~DIGITAL~qtd:1~data:2024-11-27 || 48~Jardins Secretos~A Canção dos Pinheiros~volume:4~DIGITAL~qtd:3~data:2025-01-07 || 70~Cidades de Sal~O Mercado das Sombras~volume:3~DIGITAL~qtd:1~data:2025-04-21 || 76~Reinos do Bosque~O Bosque Adormecido~volume:2~DIGITAL~qtd:2~data:2025-07-20 || 55~Viajantes de Papel~Os Dias do Cometa~volume:4~FISICO~qtd:1~data:2025-08-25 || 3~As Torres de Âmbar~O Vale das Lanternas~volume:2~FISICO~qtd:3~data:2025-11-01 || 54~Viajantes de Papel~A Estrada de Cristal~volume:3~DIGITAL~qtd:1~data:2026-04-03 || 69~Cidades de Sal~O Mercado das Sombras~volume:3~FISICO~qtd:1~data:2026-08-26
USR-000217,teresa cardoso gomes,51,CPF,700.000.217-42,61~Serra Dourada~Horizontes de Cobre~volume:3~FISICO~qtd:2~data:2024-04-09 || 84~Luzes do Sul~A Estrada do Sul~volume:2~DIGITAL~qtd:1~data:2024-06-03 || 78~Reinos do Bosque~A Coroa de Folhas~volume:3~DIGITAL~qtd:2~data:2025-04-01 || 10~Marés do Norte~O Jardim das Marés~volume:1~DIGITAL~qtd:2~data:2025-06-06 || 5~As Torres de Âmbar~A Torre do Amanhecer~volume:3~FISICO~qtd:1~data:2025-06-29 || 27~Estações~O Caderno de Inverno~volume:2~FISICO~qtd:2~data:2025-07-26 || 93~Crônicas do Tempo~Os Dias Invertidos~volume:3~FISICO~qtd:1~data:2025-08-14 || 83~Luzes do Sul~A Estrada do Sul~volume:2~FISICO~qtd:3~data:2026-02-03 || 58~Serra Dourada~Crônicas da Serra Dourada~volume:1~DIGITAL~qtd:3~data:2026-02-06 || 37~Ilhas Errantes~O Porto das Histórias~volume:3~FISICO~qtd:3~data:2026-03-26
USR-000218,Teresa Barbosa Lima,66,RG,99.000.218-9,77~Reinos do Bosque~A Coroa de Folhas~volume:3~FISICO~qtd:2~data:2024-05-27 || 56~Viajantes de Papel~Os Dias do Cometa~volume:4~DIGITAL~qtd:1~data:2024-12-04 || 91~Crônicas do Tempo~A Hora Esquecida~volume:2~FISICO~qtd:3~data:2025-07-07 || 30~Estações~O Retrato da Primavera~volume:3~DIGITAL~qtd:3~data:2025-09-21 || 31~Estações~A Última Página do Verão~volume:4~FISICO~qtd:3~data:2025-09-25 || 81~Luzes do Sul~A Primeira Luz~volume:1~FISICO~qtd:1~data:2025-11-23 || 63~Serra Dourada~Os Guardiões do Horizonte~volume:4~FISICO~qtd:2~data:2026-01-20 || 66~Cidades de Sal~O Labirinto de Sal~volume:1~DIGITAL~qtd:2~data:2026-03-27 || 42~Jardins Secretos~O Segredo das Acácias~volume:1~DIGITAL~qtd:3~data:2026-07-10
219,Pedro Cardoso Martins,56,CPF,700.000.219-04,45~Jardins Secretos~A Casa das Sete Janelas~volume:3~FISICO~qtd:1~data:2024-01-19 || 31~Estações~A Última Página do Verão~volume:4~FISICO~qtd:2~data:2024-05-09 || 8~As Torres de Âmbar~O Reino de Cinzas~volume:4~DIGITAL~qtd:1~data:2024-12-18 || 67~Cidades de Sal~O Relógio da Praça~volume:2~FISICO~qtd:3~data:2025-01-24 || 74~Reinos do Bosque~A Semente de Prata~volume:1~DIGITAL~qtd:3~data:2025-03-24 || 11~Marés do Norte~Cartas da Cidade Azul~volume:2~FISICO~qtd:2~data:2025-03-25 || 37~Ilhas Errantes~O Porto das Histórias~volume:3~FISICO~qtd:2~data:2025-12-17 || 22~Arquivos do Céu~O Palácio dos Ventos~volume:3~DIGITAL~qtd:2~data:2026-03-13
USR-000220,  VITOR LIMA SOUZA  ,26 anos,RG,99.000.220-3,84~Luzes do Sul~A Estrada do Sul~volume:2~DIGITAL~qtd:3~data:2024-02-02 || 39~Ilhas Errantes~A Travessia das Flores~volume:4~FISICO~qtd:2~data:2024-02-17 || 66~Cidades de Sal~O Labirinto de Sal~volume:1~DIGITAL~qtd:1~data:2024-03-06 || 87~Luzes do Sul~Depois do Horizonte~volume:4~FISICO~qtd:3~data:2024-06-28 || 68~Cidades de Sal~O Relógio da Praça~volume:2~DIGITAL~qtd:3~data:2024-12-14 || 14~Marés do Norte~O Último Faroleiro~volume:3~DIGITAL~qtd:2~data:2025-03-27 || 67~Cidades de Sal~O Relógio da Praça~volume:2~FISICO~qtd:1~data:2025-05-09 || 54~Viajantes de Papel~A Estrada de Cristal~volume:3~DIGITAL~qtd:2~data:2025-05-24 || 1~As Torres de Âmbar~A Chave de Âmbar~volume:1~FISICO~qtd:2~data:2025-06-15 || 49~Viajantes de Papel~O Viajante de Papel~volume:1~FISICO~qtd:3~data:2025-07-09
USR-000221,Rafaela Nunes Costa,85,CPF,700.000.221-29,54~Viajantes de Papel~A Estrada de Cristal~volume:3~DIGITAL~qtd:2~data:2024-02-13 || 89~Crônicas do Tempo~O Relógio Partido~volume:1~FISICO~qtd:1~data:2024-06-08 || 39~Ilhas Errantes~A Travessia das Flores~volume:4~FISICO~qtd:1~data:2024-08-26 || 22~Arquivos do Céu~O Palácio dos Ventos~volume:3~DIGITAL~qtd:3~data:2024-09-04 || 16~Marés do Norte~A Ilha Submersa~volume:4~DIGITAL~qtd:1~data:2025-10-31 || 7~As Torres de Âmbar~O Reino de Cinzas~volume:4~FISICO~qtd:2~data:2026-04-28 || 69~Cidades de Sal~O Mercado das Sombras~volume:3~FISICO~qtd:2~data:2026-06-02 || 30~Estações~O Retrato da Primavera~volume:3~DIGITAL~qtd:1~data:2026-06-20
222,Teresa Santos Dias,24,rg,99.000.222-7,85~Luzes do Sul~O Farol de Cristal~volume:3~FISICO~qtd:1~data:2024-02-23 || 84~Luzes do Sul~A Estrada do Sul~volume:2~DIGITAL~qtd:2~data:2024-04-03 || 41~Jardins Secretos~O Segredo das Acácias~volume:1~FISICO~qtd:3~data:2024-09-29 || 47~Jardins Secretos~A Canção dos Pinheiros~volume:4~FISICO~qtd:2~data:2024-10-08 || 71~Cidades de Sal~A Cidade sem Portas~volume:4~FISICO~qtd:1~data:2026-02-02 || 32~Estações~A Última Página do Verão~volume:4~DIGITAL~qtd:2~data:2026-04-08 || 23~Arquivos do Céu~A Última Constelação~volume:4~FISICO~qtd:2~data:2026-08-26
USR-000223,João Lima Santos,70,CPF,700.000.223-91,41~Jardins Secretos~O Segredo das Acácias~volume:1~FISICO~qtd:2~data:2024-05-05 || 1~As Torres de Âmbar~A Chave de Âmbar~volume:1~FISICO~qtd:2~data:2024-10-19 || 78~Reinos do Bosque~A Coroa de Folhas~volume:3~DIGITAL~qtd:2~data:2024-11-26 || 12~Marés do Norte~Cartas da Cidade Azul~volume:2~DIGITAL~qtd:1~data:2025-01-08 || 42~Jardins Secretos~O Segredo das Acácias~volume:1~DIGITAL~qtd:3~data:2025-03-10 || 76~Reinos do Bosque~O Bosque Adormecido~volume:2~DIGITAL~qtd:2~data:2025-05-20 || 75~Reinos do Bosque~O Bosque Adormecido~volume:2~FISICO~qtd:2~data:2026-08-30
USR-000224,débora vieira vieira,62 anos,RG,99.000.224-1,96~Crônicas do Tempo~O Último Minuto~volume:4~DIGITAL~qtd:3~data:2026-07-08
225,Vitor Barbosa Barbosa,84,CPF,700.000.225-52,82~Luzes do Sul~A Primeira Luz~volume:1~DIGITAL~qtd:1~data:2024-04-26 || 61~Serra Dourada~Horizontes de Cobre~volume:3~FISICO~qtd:1~data:2025-03-28 || 12~Marés do Norte~Cartas da Cidade Azul~volume:2~DIGITAL~qtd:2~data:2025-04-26 || 29~Estações~O Retrato da Primavera~volume:3~FISICO~qtd:2~data:2025-08-25 || 42~Jardins Secretos~O Segredo das Acácias~volume:1~DIGITAL~qtd:1~data:2025-12-02 || 51~Viajantes de Papel~O Trem das Estrelas~volume:2~FISICO~qtd:1~data:2025-12-22 || 52~Viajantes de Papel~O Trem das Estrelas~volume:2~DIGITAL~qtd:3~data:2026-04-11 || 62~Serra Dourada~Horizontes de Cobre~volume:3~DIGITAL~qtd:1~data:2026-09-03
USR-000226,Hugo Nunes Esteves,69,RG,99.000.226-5,38~Ilhas Errantes~O Porto das Histórias~volume:3~DIGITAL~qtd:3~data:2024-01-16 || 30~Estações~O Retrato da Primavera~volume:3~DIGITAL~qtd:3~data:2024-03-21 || 74~Reinos do Bosque~A Semente de Prata~volume:1~DIGITAL~qtd:3~data:2024-09-30 || 79~Reinos do Bosque~O Guardião das Raízes~volume:4~FISICO~qtd:3~data:2024-12-23 || 90~Crônicas do Tempo~O Relógio Partido~volume:1~DIGITAL~qtd:2~data:2025-01-22 || 35~Ilhas Errantes~Memórias do Rio Claro~volume:2~FISICO~qtd:3~data:2025-07-24 || 36~Ilhas Errantes~Memórias do Rio Claro~volume:2~DIGITAL~qtd:2~data:2025-11-17 || 4~As Torres de Âmbar~O Vale das Lanternas~volume:2~DIGITAL~qtd:2~data:2026-01-07 || 57~Serra Dourada~Crônicas da Serra Dourada~volume:1~FISICO~qtd:1~data:2026-08-15
USR-000227,Caio Almeida Teixeira,37,CPF,700.000.227-14,52~Viajantes de Papel~O Trem das Estrelas~volume:2~DIGITAL~qtd:2~data:2025-02-13 || 31~Estações~A Última Página do Verão~volume:4~FISICO~qtd:1~data:2025-08-18
228,Débora Moreira Barbosa,45 anos,rg,99.000.228-9,2~As Torres de Âmbar~A Chave de Âmbar~volume:1~DIGITAL~qtd:3~data:2024-11-05 || 91~Crônicas do Tempo~A Hora Esquecida~volume:2~FISICO~qtd:2~data:2024-11-25 || 6~As Torres de Âmbar~A Torre do Amanhecer~volume:3~DIGITAL~qtd:3~data:2024-12-07 || 68~Cidades de Sal~O Relógio da Praça~volume:2~DIGITAL~qtd:3~data:2025-05-25 || 45~Jardins Secretos~A Casa das Sete Janelas~volume:3~FISICO~qtd:2~data:2025-08-18 || 15~Marés do Norte~A Ilha Submersa~volume:4~FISICO~qtd:1~data:2025-09-23 || 94~Crônicas do Tempo~Os Dias Invertidos~volume:3~DIGITAL~qtd:2~data:2025-10-11 || 49~Viajantes de Papel~O Viajante de Papel~volume:1~FISICO~qtd:3~data:2026-03-28
USR-000229,João Barbosa Santos,34,CPF,700.000.229-86,74~Reinos do Bosque~A Semente de Prata~volume:1~DIGITAL~qtd:3~data:2024-01-12 || 8~As Torres de Âmbar~O Reino de Cinzas~volume:4~DIGITAL~qtd:2~data:2024-06-02 || 47~Jardins Secretos~A Canção dos Pinheiros~volume:4~FISICO~qtd:1~data:2024-06-07 || 70~Cidades de Sal~O Mercado das Sombras~volume:3~DIGITAL~qtd:1~data:2024-08-21 || 37~Ilhas Errantes~O Porto das Histórias~volume:3~FISICO~qtd:1~data:2025-08-26 || 77~Reinos do Bosque~A Coroa de Folhas~volume:3~FISICO~qtd:2~data:2025-09-17 || 72~Cidades de Sal~A Cidade sem Portas~volume:4~DIGITAL~qtd:1~data:2025-10-28 || 1~As Torres de Âmbar~A Chave de Âmbar~volume:1~FISICO~qtd:1~data:2025-11-13 || 14~Marés do Norte~O Último Faroleiro~volume:3~DIGITAL~qtd:3~data:2025-12-31 || 58~Serra Dourada~Crônicas da Serra Dourada~volume:1~DIGITAL~qtd:2~data:2026-02-25
USR-000230,  ISABELA ESTEVES ESTEVES  ,36,RG,99.000.230-3,92~Crônicas do Tempo~A Hora Esquecida~volume:2~DIGITAL~qtd:3~data:2024-09-23 || 69~Cidades de Sal~O Mercado das Sombras~volume:3~FISICO~qtd:2~data:2025-03-26 || 50~Viajantes de Papel~O Viajante de Papel~volume:1~DIGITAL~qtd:3~data:2026-01-18
231,hugo souza teixeira,31,CPF,700.000.231-09,75~Reinos do Bosque~O Bosque Adormecido~volume:2~FISICO~qtd:1~data:2024-03-31 || 11~Marés do Norte~Cartas da Cidade Azul~volume:2~FISICO~qtd:2~data:2025-05-27 || 10~Marés do Norte~O Jardim das Marés~volume:1~DIGITAL~qtd:2~data:2025-10-14 || 83~Luzes do Sul~A Estrada do Sul~volume:2~FISICO~qtd:3~data:2026-03-30 || 56~Viajantes de Papel~Os Dias do Cometa~volume:4~DIGITAL~qtd:1~data:2026-05-02 || 55~Viajantes de Papel~Os Dias do Cometa~volume:4~FISICO~qtd:1~data:2026-06-12
USR-000232,Felipe Rocha Souza,32 anos,RG,99.000.232-7,76~Reinos do Bosque~O Bosque Adormecido~volume:2~DIGITAL~qtd:1~data:2025-05-24 || 42~Jardins Secretos~O Segredo das Acácias~volume:1~DIGITAL~qtd:2~data:2025-07-05 || 40~Ilhas Errantes~A Travessia das Flores~volume:4~DIGITAL~qtd:1~data:2025-09-25 || 67~Cidades de Sal~O Relógio da Praça~volume:2~FISICO~qtd:2~data:2026-03-26 || 92~Crônicas do Tempo~A Hora Esquecida~volume:2~DIGITAL~qtd:2~data:2026-06-02
USR-000233,Karina Barbosa Costa,56,CPF,700.000.233-62,37~Ilhas Errantes~O Porto das Histórias~volume:3~FISICO~qtd:2~data:2025-02-24 || 38~Ilhas Errantes~O Porto das Histórias~volume:3~DIGITAL~qtd:1~data:2025-08-31
234,Débora Almeida Gomes,80,rg,99.000.234-1,39~Ilhas Errantes~A Travessia das Flores~volume:4~FISICO~qtd:3~data:2024-04-03 || 24~Arquivos do Céu~A Última Constelação~volume:4~DIGITAL~qtd:1~data:2024-09-04 || 35~Ilhas Errantes~Memórias do Rio Claro~volume:2~FISICO~qtd:1~data:2024-10-24 || 94~Crônicas do Tempo~Os Dias Invertidos~volume:3~DIGITAL~qtd:3~data:2024-12-09 || 79~Reinos do Bosque~O Guardião das Raízes~volume:4~FISICO~qtd:2~data:2025-02-08 || 36~Ilhas Errantes~Memórias do Rio Claro~volume:2~DIGITAL~qtd:2~data:2025-03-10 || 10~Marés do Norte~O Jardim das Marés~volume:1~DIGITAL~qtd:3~data:2025-12-30 || 51~Viajantes de Papel~O Trem das Estrelas~volume:2~FISICO~qtd:3~data:2026-07-01 || 76~Reinos do Bosque~O Bosque Adormecido~volume:2~DIGITAL~qtd:2~data:2026-08-19 || 58~Serra Dourada~Crônicas da Serra Dourada~volume:1~DIGITAL~qtd:3~data:2026-09-26
USR-000235,Elisa Lima Rocha,31,CPF,700.000.235-24,34~Ilhas Errantes~A Ilha dos Ventos~volume:1~DIGITAL~qtd:1~data:2024-07-01 || 36~Ilhas Errantes~Memórias do Rio Claro~volume:2~DIGITAL~qtd:1~data:2024-09-30
USR-000236,Bruno Henriques Martins,25 anos,RG,99.000.236-5,78~Reinos do Bosque~A Coroa de Folhas~volume:3~DIGITAL~qtd:2~data:2024-02-06 || 95~Crônicas do Tempo~O Último Minuto~volume:4~FISICO~qtd:1~data:2024-05-12 || 45~Jardins Secretos~A Casa das Sete Janelas~volume:3~FISICO~qtd:3~data:2024-07-17 || 2~As Torres de Âmbar~A Chave de Âmbar~volume:1~DIGITAL~qtd:2~data:2025-03-21 || 7~As Torres de Âmbar~O Reino de Cinzas~volume:4~FISICO~qtd:1~data:2025-05-19 || 48~Jardins Secretos~A Canção dos Pinheiros~volume:4~DIGITAL~qtd:1~data:2025-11-16 || 73~Reinos do Bosque~A Semente de Prata~volume:1~FISICO~qtd:3~data:2026-05-12
237,Nuno Souza Henriques,55,CPF,700.000.237-96,21~Arquivos do Céu~O Palácio dos Ventos~volume:3~FISICO~qtd:3~data:2025-01-30
USR-000238,eduardo lima vieira,29,RG,99.000.238-9,69~Cidades de Sal~O Mercado das Sombras~volume:3~FISICO~qtd:3~data:2024-04-30 || 17~Arquivos do Céu~A Biblioteca das Nuvens~volume:1~FISICO~qtd:3~data:2024-09-19 || 40~Ilhas Errantes~A Travessia das Flores~volume:4~DIGITAL~qtd:1~data:2024-12-22 || 95~Crônicas do Tempo~O Último Minuto~volume:4~FISICO~qtd:2~data:2025-01-19 || 88~Luzes do Sul~Depois do Horizonte~volume:4~DIGITAL~qtd:2~data:2025-02-13 || 30~Estações~O Retrato da Primavera~volume:3~DIGITAL~qtd:1~data:2025-08-15 || 56~Viajantes de Papel~Os Dias do Cometa~volume:4~DIGITAL~qtd:3~data:2025-09-09 || 66~Cidades de Sal~O Labirinto de Sal~volume:1~DIGITAL~qtd:2~data:2026-06-09 || 1~As Torres de Âmbar~A Chave de Âmbar~volume:1~FISICO~qtd:2~data:2026-07-29
USR-000239,Lucas Costa Moreira,27,CPF,700.000.239-58,83~Luzes do Sul~A Estrada do Sul~volume:2~FISICO~qtd:3~data:2024-01-06 || 39~Ilhas Errantes~A Travessia das Flores~volume:4~FISICO~qtd:1~data:2024-01-09 || 36~Ilhas Errantes~Memórias do Rio Claro~volume:2~DIGITAL~qtd:2~data:2024-03-26 || 48~Jardins Secretos~A Canção dos Pinheiros~volume:4~DIGITAL~qtd:1~data:2024-12-16 || 32~Estações~A Última Página do Verão~volume:4~DIGITAL~qtd:1~data:2025-04-10 || 74~Reinos do Bosque~A Semente de Prata~volume:1~DIGITAL~qtd:2~data:2025-09-27 || 67~Cidades de Sal~O Relógio da Praça~volume:2~FISICO~qtd:3~data:2025-12-26 || 95~Crônicas do Tempo~O Último Minuto~volume:4~FISICO~qtd:2~data:2026-03-30
240,  DANIEL ROCHA MARTINS  ,67 anos,rg,99.000.240-3,29~Estações~O Retrato da Primavera~volume:3~FISICO~qtd:2~data:2024-09-10 || 80~Reinos do Bosque~O Guardião das Raízes~volume:4~DIGITAL~qtd:1~data:2025-03-02 || 61~Serra Dourada~Horizontes de Cobre~volume:3~FISICO~qtd:3~data:2026-08-22
USR-000241,Alice Gomes Mendes,61,CPF,700.000.241-72,60~Serra Dourada~A Oficina dos Sonhos~volume:2~DIGITAL~qtd:2~data:2024-11-13 || 56~Viajantes de Papel~Os Dias do Cometa~volume:4~DIGITAL~qtd:1~data:2025-08-08 || 50~Viajantes de Papel~O Viajante de Papel~volume:1~DIGITAL~qtd:3~data:2025-11-06 || 21~Arquivos do Céu~O Palácio dos Ventos~volume:3~FISICO~qtd:1~data:2026-06-20
USR-000242,Nuno Vieira Almeida,20,RG,99.000.242-7,61~Serra Dourada~Horizontes de Cobre~volume:3~FISICO~qtd:3~data:2024-02-04 || 3~As Torres de Âmbar~O Vale das Lanternas~volume:2~FISICO~qtd:1~data:2024-02-29 || 49~Viajantes de Papel~O Viajante de Papel~volume:1~FISICO~qtd:3~data:2024-03-01 || 54~Viajantes de Papel~A Estrada de Cristal~volume:3~DIGITAL~qtd:1~data:2024-08-13 || 89~Crônicas do Tempo~O Relógio Partido~volume:1~FISICO~qtd:1~data:2024-11-21 || 96~Crônicas do Tempo~O Último Minuto~volume:4~DIGITAL~qtd:1~data:2025-02-13 || 58~Serra Dourada~Crônicas da Serra Dourada~volume:1~DIGITAL~qtd:2~data:2025-05-16 || 30~Estações~O Retrato da Primavera~volume:3~DIGITAL~qtd:3~data:2025-10-14 || 70~Cidades de Sal~O Mercado das Sombras~volume:3~DIGITAL~qtd:1~data:2026-03-31 || 60~Serra Dourada~A Oficina dos Sonhos~volume:2~DIGITAL~qtd:3~data:2026-06-11
243,Teresa Dias Martins,77,CPF,700.000.243-34,90~Crônicas do Tempo~O Relógio Partido~volume:1~DIGITAL~qtd:3~data:2024-04-18 || 68~Cidades de Sal~O Relógio da Praça~volume:2~DIGITAL~qtd:2~data:2024-08-02 || 83~Luzes do Sul~A Estrada do Sul~volume:2~FISICO~qtd:2~data:2024-09-30 || 1~As Torres de Âmbar~A Chave de Âmbar~volume:1~FISICO~qtd:2~data:2025-07-26 || 94~Crônicas do Tempo~Os Dias Invertidos~volume:3~DIGITAL~qtd:3~data:2025-07-28 || 53~Viajantes de Papel~A Estrada de Cristal~volume:3~FISICO~qtd:3~data:2026-02-25 || 45~Jardins Secretos~A Casa das Sete Janelas~volume:3~FISICO~qtd:2~data:2026-05-16 || 86~Luzes do Sul~O Farol de Cristal~volume:3~DIGITAL~qtd:2~data:2026-06-14 || 2~As Torres de Âmbar~A Chave de Âmbar~volume:1~DIGITAL~qtd:3~data:2026-08-02 || 79~Reinos do Bosque~O Guardião das Raízes~volume:4~FISICO~qtd:2~data:2026-09-21
USR-000244,Pedro Nunes Barbosa,67 anos,RG,99.000.244-1,46~Jardins Secretos~A Casa das Sete Janelas~volume:3~DIGITAL~qtd:3~data:2024-06-22 || 80~Reinos do Bosque~O Guardião das Raízes~volume:4~DIGITAL~qtd:3~data:2024-07-14 || 5~As Torres de Âmbar~A Torre do Amanhecer~volume:3~FISICO~qtd:3~data:2024-08-04 || 30~Estações~O Retrato da Primavera~volume:3~DIGITAL~qtd:1~data:2025-03-17 || 25~Estações~Caminhos de Outono~volume:1~FISICO~qtd:3~data:2025-12-30 || 23~Arquivos do Céu~A Última Constelação~volume:4~FISICO~qtd:2~data:2026-07-08
USR-000245,nuno lima vieira,32,CPF,700.000.245-04,81~Luzes do Sul~A Primeira Luz~volume:1~FISICO~qtd:1~data:2024-06-25 || 38~Ilhas Errantes~O Porto das Histórias~volume:3~DIGITAL~qtd:2~data:2024-07-22 || 75~Reinos do Bosque~O Bosque Adormecido~volume:2~FISICO~qtd:1~data:2024-09-20 || 43~Jardins Secretos~As Pontes de Aurora~volume:2~FISICO~qtd:2~data:2026-03-15 || 46~Jardins Secretos~A Casa das Sete Janelas~volume:3~DIGITAL~qtd:2~data:2026-04-18 || 92~Crônicas do Tempo~A Hora Esquecida~volume:2~DIGITAL~qtd:2~data:2026-05-29 || 22~Arquivos do Céu~O Palácio dos Ventos~volume:3~DIGITAL~qtd:1~data:2026-06-08
246,Débora Teixeira Teixeira,37,rg,99.000.246-5,35~Ilhas Errantes~Memórias do Rio Claro~volume:2~FISICO~qtd:2~data:2024-02-14 || 11~Marés do Norte~Cartas da Cidade Azul~volume:2~FISICO~qtd:2~data:2024-04-07 || 37~Ilhas Errantes~O Porto das Histórias~volume:3~FISICO~qtd:3~data:2025-12-30
USR-000247,Bruno Henriques Moreira,26,CPF,700.000.247-68,62~Serra Dourada~Horizontes de Cobre~volume:3~DIGITAL~qtd:2~data:2024-11-01 || 66~Cidades de Sal~O Labirinto de Sal~volume:1~DIGITAL~qtd:1~data:2025-01-17 || 34~Ilhas Errantes~A Ilha dos Ventos~volume:1~DIGITAL~qtd:2~data:2025-02-01 || 64~Serra Dourada~Os Guardiões do Horizonte~volume:4~DIGITAL~qtd:1~data:2025-03-09 || 48~Jardins Secretos~A Canção dos Pinheiros~volume:4~DIGITAL~qtd:3~data:2025-04-08 || 84~Luzes do Sul~A Estrada do Sul~volume:2~DIGITAL~qtd:2~data:2025-08-30 || 42~Jardins Secretos~O Segredo das Acácias~volume:1~DIGITAL~qtd:3~data:2025-09-24 || 75~Reinos do Bosque~O Bosque Adormecido~volume:2~FISICO~qtd:3~data:2026-02-22 || 24~Arquivos do Céu~A Última Constelação~volume:4~DIGITAL~qtd:1~data:2026-04-09 || 3~As Torres de Âmbar~O Vale das Lanternas~volume:2~FISICO~qtd:2~data:2026-05-02
USR-000248,Hugo Esteves Almeida,80 anos,RG,99.000.248-9,75~Reinos do Bosque~O Bosque Adormecido~volume:2~FISICO~qtd:2~data:2024-04-27 || 61~Serra Dourada~Horizontes de Cobre~volume:3~FISICO~qtd:3~data:2025-06-26 || 26~Estações~Caminhos de Outono~volume:1~DIGITAL~qtd:1~data:2025-10-15 || 57~Serra Dourada~Crônicas da Serra Dourada~volume:1~FISICO~qtd:2~data:2025-10-30 || 54~Viajantes de Papel~A Estrada de Cristal~volume:3~DIGITAL~qtd:1~data:2026-01-23 || 72~Cidades de Sal~A Cidade sem Portas~volume:4~DIGITAL~qtd:2~data:2026-08-23 || 29~Estações~O Retrato da Primavera~volume:3~FISICO~qtd:1~data:2026-08-28
249,Vitor Vieira Nunes,57,CPF,700.000.249-20,76~Reinos do Bosque~O Bosque Adormecido~volume:2~DIGITAL~qtd:3~data:2024-02-28 || 59~Serra Dourada~A Oficina dos Sonhos~volume:2~FISICO~qtd:3~data:2024-06-06 || 31~Estações~A Última Página do Verão~volume:4~FISICO~qtd:2~data:2024-08-23 || 80~Reinos do Bosque~O Guardião das Raízes~volume:4~DIGITAL~qtd:3~data:2025-03-03 || 21~Arquivos do Céu~O Palácio dos Ventos~volume:3~FISICO~qtd:2~data:2025-04-12 || 8~As Torres de Âmbar~O Reino de Cinzas~volume:4~DIGITAL~qtd:3~data:2025-11-27 || 69~Cidades de Sal~O Mercado das Sombras~volume:3~FISICO~qtd:3~data:2026-01-11 || 82~Luzes do Sul~A Primeira Luz~volume:1~DIGITAL~qtd:2~data:2026-02-22 || 25~Estações~Caminhos de Outono~volume:1~FISICO~qtd:3~data:2026-07-16 || 48~Jardins Secretos~A Canção dos Pinheiros~volume:4~DIGITAL~qtd:2~data:2026-08-01
USR-000250,  GABRIELA ROCHA DIAS  ,82,RG,99.000.250-3,6~As Torres de Âmbar~A Torre do Amanhecer~volume:3~DIGITAL~qtd:2~data:2024-07-24 || 24~Arquivos do Céu~A Última Constelação~volume:4~DIGITAL~qtd:1~data:2024-09-02 || 37~Ilhas Errantes~O Porto das Histórias~volume:3~FISICO~qtd:1~data:2024-12-11 || 26~Estações~Caminhos de Outono~volume:1~DIGITAL~qtd:2~data:2024-12-14 || 44~Jardins Secretos~As Pontes de Aurora~volume:2~DIGITAL~qtd:3~data:2025-05-07 || 25~Estações~Caminhos de Outono~volume:1~FISICO~qtd:3~data:2025-05-21 || 42~Jardins Secretos~O Segredo das Acácias~volume:1~DIGITAL~qtd:1~data:2025-06-02 || 81~Luzes do Sul~A Primeira Luz~volume:1~FISICO~qtd:3~data:2025-12-06
USR-000251,Carla Moreira Dias,73,CPF,700.000.251-44,83~Luzes do Sul~A Estrada do Sul~volume:2~FISICO~qtd:2~data:2024-01-21 || 6~As Torres de Âmbar~A Torre do Amanhecer~volume:3~DIGITAL~qtd:3~data:2024-03-22 || 93~Crônicas do Tempo~Os Dias Invertidos~volume:3~FISICO~qtd:2~data:2024-08-20 || 7~As Torres de Âmbar~O Reino de Cinzas~volume:4~FISICO~qtd:3~data:2024-08-22 || 78~Reinos do Bosque~A Coroa de Folhas~volume:3~DIGITAL~qtd:2~data:2025-10-04 || 11~Marés do Norte~Cartas da Cidade Azul~volume:2~FISICO~qtd:1~data:2025-10-30 || 79~Reinos do Bosque~O Guardião das Raízes~volume:4~FISICO~qtd:3~data:2025-12-28 || 92~Crônicas do Tempo~A Hora Esquecida~volume:2~DIGITAL~qtd:3~data:2026-06-16 || 94~Crônicas do Tempo~Os Dias Invertidos~volume:3~DIGITAL~qtd:2~data:2026-06-19
252,carla ferreira nunes,19 anos,rg,99.000.252-7,21~Arquivos do Céu~O Palácio dos Ventos~volume:3~FISICO~qtd:1~data:2024-12-07
USR-000253,Olívia Henriques Oliveira,22,CPF,700.000.253-06,75~Reinos do Bosque~O Bosque Adormecido~volume:2~FISICO~qtd:3~data:2025-07-31
USR-000254,Elisa Esteves Moreira,63,RG,99.000.254-1,72~Cidades de Sal~A Cidade sem Portas~volume:4~DIGITAL~qtd:1~data:2024-06-22 || 17~Arquivos do Céu~A Biblioteca das Nuvens~volume:1~FISICO~qtd:1~data:2024-08-04 || 61~Serra Dourada~Horizontes de Cobre~volume:3~FISICO~qtd:3~data:2024-08-14 || 30~Estações~O Retrato da Primavera~volume:3~DIGITAL~qtd:3~data:2025-04-09 || 44~Jardins Secretos~As Pontes de Aurora~volume:2~DIGITAL~qtd:2~data:2025-04-18 || 53~Viajantes de Papel~A Estrada de Cristal~volume:3~FISICO~qtd:3~data:2026-07-18
255,Ana Vieira Gomes,82,CPF,700.000.255-78,16~Marés do Norte~A Ilha Submersa~volume:4~DIGITAL~qtd:3~data:2024-08-20 || 57~Serra Dourada~Crônicas da Serra Dourada~volume:1~FISICO~qtd:2~data:2025-08-14 || 12~Marés do Norte~Cartas da Cidade Azul~volume:2~DIGITAL~qtd:2~data:2026-01-08 || 82~Luzes do Sul~A Primeira Luz~volume:1~DIGITAL~qtd:3~data:2026-07-19
USR-000256,Bruno Almeida Mendes,84 anos,RG,99.000.256-5,76~Reinos do Bosque~O Bosque Adormecido~volume:2~DIGITAL~qtd:2~data:2024-02-16 || 5~As Torres de Âmbar~A Torre do Amanhecer~volume:3~FISICO~qtd:1~data:2025-07-25 || 80~Reinos do Bosque~O Guardião das Raízes~volume:4~DIGITAL~qtd:1~data:2026-03-20 || 51~Viajantes de Papel~O Trem das Estrelas~volume:2~FISICO~qtd:2~data:2026-08-18
USR-000257,Caio Ribeiro Costa,19,CPF,700.000.257-30,8~As Torres de Âmbar~O Reino de Cinzas~volume:4~DIGITAL~qtd:3~data:2024-11-26 || 89~Crônicas do Tempo~O Relógio Partido~volume:1~FISICO~qtd:3~data:2024-12-26 || 21~Arquivos do Céu~O Palácio dos Ventos~volume:3~FISICO~qtd:1~data:2025-04-18 || 59~Serra Dourada~A Oficina dos Sonhos~volume:2~FISICO~qtd:1~data:2025-08-18 || 18~Arquivos do Céu~A Biblioteca das Nuvens~volume:1~DIGITAL~qtd:1~data:2025-08-27 || 66~Cidades de Sal~O Labirinto de Sal~volume:1~DIGITAL~qtd:1~data:2025-11-27 || 49~Viajantes de Papel~O Viajante de Papel~volume:1~FISICO~qtd:1~data:2026-01-21
258,Samuel Costa Oliveira,84,rg,99.000.258-9,31~Estações~A Última Página do Verão~volume:4~FISICO~qtd:2~data:2024-12-15 || 34~Ilhas Errantes~A Ilha dos Ventos~volume:1~DIGITAL~qtd:1~data:2025-11-28 || 65~Cidades de Sal~O Labirinto de Sal~volume:1~FISICO~qtd:2~data:2026-06-29 || 12~Marés do Norte~Cartas da Cidade Azul~volume:2~DIGITAL~qtd:3~data:2026-08-26
USR-000259,pedro esteves martins,85,CPF,700.000.259-00,96~Crônicas do Tempo~O Último Minuto~volume:4~DIGITAL~qtd:3~data:2024-11-01 || 31~Estações~A Última Página do Verão~volume:4~FISICO~qtd:2~data:2024-11-29 || 43~Jardins Secretos~As Pontes de Aurora~volume:2~FISICO~qtd:3~data:2025-06-05 || 5~As Torres de Âmbar~A Torre do Amanhecer~volume:3~FISICO~qtd:2~data:2025-07-19 || 27~Estações~O Caderno de Inverno~volume:2~FISICO~qtd:1~data:2025-08-25 || 91~Crônicas do Tempo~A Hora Esquecida~volume:2~FISICO~qtd:1~data:2025-12-18 || 93~Crônicas do Tempo~Os Dias Invertidos~volume:3~FISICO~qtd:3~data:2026-05-11 || 6~As Torres de Âmbar~A Torre do Amanhecer~volume:3~DIGITAL~qtd:2~data:2026-05-18 || 77~Reinos do Bosque~A Coroa de Folhas~volume:3~FISICO~qtd:1~data:2026-08-04 || 66~Cidades de Sal~O Labirinto de Sal~volume:1~DIGITAL~qtd:2~data:2026-09-13
USR-000260,  ANA NUNES SANTOS  ,25 anos,RG,99.000.260-3,10~Marés do Norte~O Jardim das Marés~volume:1~DIGITAL~qtd:1~data:2024-02-14 || 62~Serra Dourada~Horizontes de Cobre~volume:3~DIGITAL~qtd:1~data:2024-09-11 || 67~Cidades de Sal~O Relógio da Praça~volume:2~FISICO~qtd:1~data:2024-12-22 || 26~Estações~Caminhos de Outono~volume:1~DIGITAL~qtd:3~data:2025-07-31 || 58~Serra Dourada~Crônicas da Serra Dourada~volume:1~DIGITAL~qtd:1~data:2025-08-06 || 49~Viajantes de Papel~O Viajante de Papel~volume:1~FISICO~qtd:3~data:2026-08-05
261,Samuel Esteves Santos,79,CPF,700.000.261-16,69~Cidades de Sal~O Mercado das Sombras~volume:3~FISICO~qtd:1~data:2025-01-05 || 55~Viajantes de Papel~Os Dias do Cometa~volume:4~FISICO~qtd:3~data:2026-05-04
USR-000262,Lucas Gomes Mendes,35,RG,99.000.262-7,51~Viajantes de Papel~O Trem das Estrelas~volume:2~FISICO~qtd:2~data:2024-01-18 || 83~Luzes do Sul~A Estrada do Sul~volume:2~FISICO~qtd:3~data:2024-06-09 || 44~Jardins Secretos~As Pontes de Aurora~volume:2~DIGITAL~qtd:3~data:2025-03-11 || 95~Crônicas do Tempo~O Último Minuto~volume:4~FISICO~qtd:1~data:2025-05-05 || 49~Viajantes de Papel~O Viajante de Papel~volume:1~FISICO~qtd:1~data:2025-06-30 || 87~Luzes do Sul~Depois do Horizonte~volume:4~FISICO~qtd:2~data:2025-11-03 || 85~Luzes do Sul~O Farol de Cristal~volume:3~FISICO~qtd:3~data:2025-12-11 || 75~Reinos do Bosque~O Bosque Adormecido~volume:2~FISICO~qtd:2~data:2026-06-18 || 6~As Torres de Âmbar~A Torre do Amanhecer~volume:3~DIGITAL~qtd:2~data:2026-08-22 || 94~Crônicas do Tempo~Os Dias Invertidos~volume:3~DIGITAL~qtd:1~data:2026-09-12
USR-000263,Eduardo Souza Mendes,74,CPF,700.000.263-88,89~Crônicas do Tempo~O Relógio Partido~volume:1~FISICO~qtd:3~data:2024-08-06 || 37~Ilhas Errantes~O Porto das Histórias~volume:3~FISICO~qtd:1~data:2024-08-23 || 20~Arquivos do Céu~O Mapa de Vidro~volume:2~DIGITAL~qtd:1~data:2024-09-24 || 55~Viajantes de Papel~Os Dias do Cometa~volume:4~FISICO~qtd:1~data:2025-02-19 || 11~Marés do Norte~Cartas da Cidade Azul~volume:2~FISICO~qtd:3~data:2025-03-24 || 26~Estações~Caminhos de Outono~volume:1~DIGITAL~qtd:1~data:2025-08-29 || 53~Viajantes de Papel~A Estrada de Cristal~volume:3~FISICO~qtd:2~data:2025-11-23 || 57~Serra Dourada~Crônicas da Serra Dourada~volume:1~FISICO~qtd:3~data:2025-12-11 || 95~Crônicas do Tempo~O Último Minuto~volume:4~FISICO~qtd:2~data:2026-04-23 || 61~Serra Dourada~Horizontes de Cobre~volume:3~FISICO~qtd:3~data:2026-09-21
264,Marina Rocha Moreira,64 anos,rg,99.000.264-1,78~Reinos do Bosque~A Coroa de Folhas~volume:3~DIGITAL~qtd:1~data:2024-08-05 || 69~Cidades de Sal~O Mercado das Sombras~volume:3~FISICO~qtd:1~data:2025-02-03 || 61~Serra Dourada~Horizontes de Cobre~volume:3~FISICO~qtd:3~data:2025-03-24 || 54~Viajantes de Papel~A Estrada de Cristal~volume:3~DIGITAL~qtd:1~data:2025-06-26 || 80~Reinos do Bosque~O Guardião das Raízes~volume:4~DIGITAL~qtd:2~data:2026-08-18
USR-000265,Samuel Costa Mendes,65,CPF,700.000.265-40,9~Marés do Norte~O Jardim das Marés~volume:1~FISICO~qtd:3~data:2024-04-08 || 74~Reinos do Bosque~A Semente de Prata~volume:1~DIGITAL~qtd:3~data:2024-04-21 || 66~Cidades de Sal~O Labirinto de Sal~volume:1~DIGITAL~qtd:3~data:2024-06-19 || 95~Crônicas do Tempo~O Último Minuto~volume:4~FISICO~qtd:2~data:2024-12-20 || 47~Jardins Secretos~A Canção dos Pinheiros~volume:4~FISICO~qtd:1~data:2025-06-09 || 25~Estações~Caminhos de Outono~volume:1~FISICO~qtd:2~data:2025-06-30 || 77~Reinos do Bosque~A Coroa de Folhas~volume:3~FISICO~qtd:3~data:2025-11-11
USR-000266,ana esteves santos,34,RG,99.000.266-5,19~Arquivos do Céu~O Mapa de Vidro~volume:2~FISICO~qtd:1~data:2024-03-15 || 43~Jardins Secretos~As Pontes de Aurora~volume:2~FISICO~qtd:2~data:2024-04-08 || 47~Jardins Secretos~A Canção dos Pinheiros~volume:4~FISICO~qtd:2~data:2025-02-10 || 33~Ilhas Errantes~A Ilha dos Ventos~volume:1~FISICO~qtd:1~data:2025-06-01 || 94~Crônicas do Tempo~Os Dias Invertidos~volume:3~DIGITAL~qtd:2~data:2026-03-12 || 31~Estações~A Última Página do Verão~volume:4~FISICO~qtd:2~data:2026-05-04
267,Daniel Almeida Dias,66,CPF,700.000.267-01,69~Cidades de Sal~O Mercado das Sombras~volume:3~FISICO~qtd:2~data:2024-07-06 || 38~Ilhas Errantes~O Porto das Histórias~volume:3~DIGITAL~qtd:3~data:2026-03-06 || 49~Viajantes de Papel~O Viajante de Papel~volume:1~FISICO~qtd:1~data:2026-03-29 || 80~Reinos do Bosque~O Guardião das Raízes~volume:4~DIGITAL~qtd:3~data:2026-09-16 || 30~Estações~O Retrato da Primavera~volume:3~DIGITAL~qtd:3~data:2026-09-24
USR-000268,Marina Souza Vieira,42 anos,RG,99.000.268-9,50~Viajantes de Papel~O Viajante de Papel~volume:1~DIGITAL~qtd:3~data:2024-01-26 || 56~Viajantes de Papel~Os Dias do Cometa~volume:4~DIGITAL~qtd:2~data:2024-03-28 || 91~Crônicas do Tempo~A Hora Esquecida~volume:2~FISICO~qtd:1~data:2024-06-12 || 52~Viajantes de Papel~O Trem das Estrelas~volume:2~DIGITAL~qtd:3~data:2025-03-23 || 12~Marés do Norte~Cartas da Cidade Azul~volume:2~DIGITAL~qtd:2~data:2025-07-15 || 48~Jardins Secretos~A Canção dos Pinheiros~volume:4~DIGITAL~qtd:1~data:2026-02-12 || 20~Arquivos do Céu~O Mapa de Vidro~volume:2~DIGITAL~qtd:1~data:2026-03-01 || 55~Viajantes de Papel~Os Dias do Cometa~volume:4~FISICO~qtd:1~data:2026-06-22 || 82~Luzes do Sul~A Primeira Luz~volume:1~DIGITAL~qtd:2~data:2026-07-01 || 92~Crônicas do Tempo~A Hora Esquecida~volume:2~DIGITAL~qtd:1~data:2026-09-11
USR-000269,Karina Mendes Santos,57,CPF,700.000.269-73,18~Arquivos do Céu~A Biblioteca das Nuvens~volume:1~DIGITAL~qtd:2~data:2026-04-29
270,  LUCAS BARBOSA ALMEIDA  ,61,rg,99.000.270-3,20~Arquivos do Céu~O Mapa de Vidro~volume:2~DIGITAL~qtd:2~data:2024-01-01 || 54~Viajantes de Papel~A Estrada de Cristal~volume:3~DIGITAL~qtd:2~data:2024-01-30 || 77~Reinos do Bosque~A Coroa de Folhas~volume:3~FISICO~qtd:2~data:2024-02-23 || 87~Luzes do Sul~Depois do Horizonte~volume:4~FISICO~qtd:2~data:2024-08-22 || 44~Jardins Secretos~As Pontes de Aurora~volume:2~DIGITAL~qtd:1~data:2025-01-24 || 9~Marés do Norte~O Jardim das Marés~volume:1~FISICO~qtd:2~data:2025-02-23 || 5~As Torres de Âmbar~A Torre do Amanhecer~volume:3~FISICO~qtd:2~data:2025-05-01 || 94~Crônicas do Tempo~Os Dias Invertidos~volume:3~DIGITAL~qtd:3~data:2025-09-21 || 58~Serra Dourada~Crônicas da Serra Dourada~volume:1~DIGITAL~qtd:3~data:2025-12-13 || 96~Crônicas do Tempo~O Último Minuto~volume:4~DIGITAL~qtd:1~data:2026-07-04
USR-000271,Bruno Nunes Henriques,19,CPF,700.000.271-98,12~Marés do Norte~Cartas da Cidade Azul~volume:2~DIGITAL~qtd:3~data:2024-07-16 || 25~Estações~Caminhos de Outono~volume:1~FISICO~qtd:2~data:2024-09-12 || 11~Marés do Norte~Cartas da Cidade Azul~volume:2~FISICO~qtd:3~data:2024-11-12 || 70~Cidades de Sal~O Mercado das Sombras~volume:3~DIGITAL~qtd:3~data:2025-03-28 || 52~Viajantes de Papel~O Trem das Estrelas~volume:2~DIGITAL~qtd:2~data:2025-09-23
USR-000272,Ana Barbosa Martins,37 anos,RG,99.000.272-7,87~Luzes do Sul~Depois do Horizonte~volume:4~FISICO~qtd:1~data:2024-09-12 || 22~Arquivos do Céu~O Palácio dos Ventos~volume:3~DIGITAL~qtd:2~data:2025-04-22 || 16~Marés do Norte~A Ilha Submersa~volume:4~DIGITAL~qtd:2~data:2025-06-23 || 48~Jardins Secretos~A Canção dos Pinheiros~volume:4~DIGITAL~qtd:3~data:2025-09-30 || 70~Cidades de Sal~O Mercado das Sombras~volume:3~DIGITAL~qtd:1~data:2026-03-05
273,pedro ferreira teixeira,77,CPF,700.000.273-50,79~Reinos do Bosque~O Guardião das Raízes~volume:4~FISICO~qtd:2~data:2024-04-06 || 77~Reinos do Bosque~A Coroa de Folhas~volume:3~FISICO~qtd:3~data:2024-09-20 || 39~Ilhas Errantes~A Travessia das Flores~volume:4~FISICO~qtd:3~data:2025-06-03 || 68~Cidades de Sal~O Relógio da Praça~volume:2~DIGITAL~qtd:3~data:2026-08-21
USR-000274,Eduardo Oliveira Ferreira,81,RG,99.000.274-1,11~Marés do Norte~Cartas da Cidade Azul~volume:2~FISICO~qtd:3~data:2024-05-14 || 28~Estações~O Caderno de Inverno~volume:2~DIGITAL~qtd:1~data:2024-06-05 || 6~As Torres de Âmbar~A Torre do Amanhecer~volume:3~DIGITAL~qtd:1~data:2025-02-24 || 75~Reinos do Bosque~O Bosque Adormecido~volume:2~FISICO~qtd:1~data:2025-09-05 || 26~Estações~Caminhos de Outono~volume:1~DIGITAL~qtd:3~data:2026-02-24 || 16~Marés do Norte~A Ilha Submersa~volume:4~DIGITAL~qtd:1~data:2026-03-28
USR-000275,Samuel Santos Gomes,44,CPF,700.000.275-11,38~Ilhas Errantes~O Porto das Histórias~volume:3~DIGITAL~qtd:3~data:2024-12-19
276,Olívia Nunes Costa,47 anos,rg,99.000.276-5,17~Arquivos do Céu~A Biblioteca das Nuvens~volume:1~FISICO~qtd:1~data:2024-07-19 || 75~Reinos do Bosque~O Bosque Adormecido~volume:2~FISICO~qtd:2~data:2024-10-24 || 95~Crônicas do Tempo~O Último Minuto~volume:4~FISICO~qtd:3~data:2025-04-25 || 39~Ilhas Errantes~A Travessia das Flores~volume:4~FISICO~qtd:2~data:2025-06-22 || 15~Marés do Norte~A Ilha Submersa~volume:4~FISICO~qtd:2~data:2025-08-17 || 11~Marés do Norte~Cartas da Cidade Azul~volume:2~FISICO~qtd:1~data:2025-09-12 || 12~Marés do Norte~Cartas da Cidade Azul~volume:2~DIGITAL~qtd:2~data:2026-01-28 || 32~Estações~A Última Página do Verão~volume:4~DIGITAL~qtd:3~data:2026-05-15 || 37~Ilhas Errantes~O Porto das Histórias~volume:3~FISICO~qtd:3~data:2026-08-06
USR-000277,Samuel Martins Gomes,62,CPF,700.000.277-83,54~Viajantes de Papel~A Estrada de Cristal~volume:3~DIGITAL~qtd:2~data:2024-01-02 || 37~Ilhas Errantes~O Porto das Histórias~volume:3~FISICO~qtd:1~data:2024-07-24 || 66~Cidades de Sal~O Labirinto de Sal~volume:1~DIGITAL~qtd:2~data:2024-12-01 || 69~Cidades de Sal~O Mercado das Sombras~volume:3~FISICO~qtd:1~data:2025-06-12 || 94~Crônicas do Tempo~Os Dias Invertidos~volume:3~DIGITAL~qtd:2~data:2026-02-03 || 33~Ilhas Errantes~A Ilha dos Ventos~volume:1~FISICO~qtd:1~data:2026-03-04
USR-000278,Felipe Cardoso Henriques,63,RG,99.000.278-9,76~Reinos do Bosque~O Bosque Adormecido~volume:2~DIGITAL~qtd:2~data:2024-01-06 || 47~Jardins Secretos~A Canção dos Pinheiros~volume:4~FISICO~qtd:2~data:2024-05-27 || 72~Cidades de Sal~A Cidade sem Portas~volume:4~DIGITAL~qtd:1~data:2024-09-20 || 44~Jardins Secretos~As Pontes de Aurora~volume:2~DIGITAL~qtd:1~data:2025-04-27 || 35~Ilhas Errantes~Memórias do Rio Claro~volume:2~FISICO~qtd:3~data:2025-05-13 || 58~Serra Dourada~Crônicas da Serra Dourada~volume:1~DIGITAL~qtd:1~data:2025-07-17 || 80~Reinos do Bosque~O Guardião das Raízes~volume:4~DIGITAL~qtd:1~data:2026-09-10
279,Samuel Barbosa Ribeiro,81,CPF,700.000.279-45,76~Reinos do Bosque~O Bosque Adormecido~volume:2~DIGITAL~qtd:1~data:2024-03-10 || 50~Viajantes de Papel~O Viajante de Papel~volume:1~DIGITAL~qtd:1~data:2024-07-05
USR-000280,  NUNO SOUZA ALMEIDA  ,49 anos,RG,99.000.280-3,84~Luzes do Sul~A Estrada do Sul~volume:2~DIGITAL~qtd:1~data:2024-01-30 || 89~Crônicas do Tempo~O Relógio Partido~volume:1~FISICO~qtd:3~data:2024-08-17 || 13~Marés do Norte~O Último Faroleiro~volume:3~FISICO~qtd:3~data:2024-09-26 || 53~Viajantes de Papel~A Estrada de Cristal~volume:3~FISICO~qtd:1~data:2025-09-21 || 91~Crônicas do Tempo~A Hora Esquecida~volume:2~FISICO~qtd:3~data:2025-10-03 || 56~Viajantes de Papel~Os Dias do Cometa~volume:4~DIGITAL~qtd:1~data:2026-02-13
USR-000281,Ana Oliveira Souza,51,CPF,700.000.281-60,11~Marés do Norte~Cartas da Cidade Azul~volume:2~FISICO~qtd:2~data:2024-06-11 || 45~Jardins Secretos~A Casa das Sete Janelas~volume:3~FISICO~qtd:1~data:2024-09-09 || 43~Jardins Secretos~As Pontes de Aurora~volume:2~FISICO~qtd:1~data:2024-10-13 || 82~Luzes do Sul~A Primeira Luz~volume:1~DIGITAL~qtd:1~data:2025-09-14 || 91~Crônicas do Tempo~A Hora Esquecida~volume:2~FISICO~qtd:3~data:2026-03-01 || 26~Estações~Caminhos de Outono~volume:1~DIGITAL~qtd:3~data:2026-03-27 || 93~Crônicas do Tempo~Os Dias Invertidos~volume:3~FISICO~qtd:3~data:2026-07-03
282,Pedro Nunes Lima,85,rg,99.000.282-7,35~Ilhas Errantes~Memórias do Rio Claro~volume:2~FISICO~qtd:2~data:2024-04-07 || 42~Jardins Secretos~O Segredo das Acácias~volume:1~DIGITAL~qtd:2~data:2024-05-25 || 81~Luzes do Sul~A Primeira Luz~volume:1~FISICO~qtd:2~data:2024-08-20 || 13~Marés do Norte~O Último Faroleiro~volume:3~FISICO~qtd:3~data:2025-04-10 || 17~Arquivos do Céu~A Biblioteca das Nuvens~volume:1~FISICO~qtd:2~data:2025-05-25 || 20~Arquivos do Céu~O Mapa de Vidro~volume:2~DIGITAL~qtd:1~data:2025-12-08
USR-000283,Daniel Costa Dias,83,CPF,700.000.283-21,37~Ilhas Errantes~O Porto das Histórias~volume:3~FISICO~qtd:3~data:2024-01-18 || 48~Jardins Secretos~A Canção dos Pinheiros~volume:4~DIGITAL~qtd:2~data:2024-05-03 || 77~Reinos do Bosque~A Coroa de Folhas~volume:3~FISICO~qtd:1~data:2024-12-13 || 68~Cidades de Sal~O Relógio da Praça~volume:2~DIGITAL~qtd:2~data:2025-05-04 || 15~Marés do Norte~A Ilha Submersa~volume:4~FISICO~qtd:1~data:2025-09-14 || 41~Jardins Secretos~O Segredo das Acácias~volume:1~FISICO~qtd:2~data:2025-10-22 || 74~Reinos do Bosque~A Semente de Prata~volume:1~DIGITAL~qtd:3~data:2026-05-04 || 65~Cidades de Sal~O Labirinto de Sal~volume:1~FISICO~qtd:1~data:2026-07-16 || 25~Estações~Caminhos de Outono~volume:1~FISICO~qtd:3~data:2026-09-10
USR-000284,Marina Souza Gomes,43 anos,RG,99.000.284-1,40~Ilhas Errantes~A Travessia das Flores~volume:4~DIGITAL~qtd:3~data:2025-01-09 || 57~Serra Dourada~Crônicas da Serra Dourada~volume:1~FISICO~qtd:1~data:2025-04-21 || 64~Serra Dourada~Os Guardiões do Horizonte~volume:4~DIGITAL~qtd:2~data:2025-08-23
285,Karina Souza Almeida,34,CPF,700.000.285-93,70~Cidades de Sal~O Mercado das Sombras~volume:3~DIGITAL~qtd:1~data:2026-07-31
USR-000286,Marina Gomes Pereira,63,RG,99.000.286-5,5~As Torres de Âmbar~A Torre do Amanhecer~volume:3~FISICO~qtd:2~data:2024-02-29 || 71~Cidades de Sal~A Cidade sem Portas~volume:4~FISICO~qtd:3~data:2024-06-04 || 3~As Torres de Âmbar~O Vale das Lanternas~volume:2~FISICO~qtd:2~data:2024-11-15 || 93~Crônicas do Tempo~Os Dias Invertidos~volume:3~FISICO~qtd:1~data:2025-06-28 || 72~Cidades de Sal~A Cidade sem Portas~volume:4~DIGITAL~qtd:3~data:2025-12-22 || 68~Cidades de Sal~O Relógio da Praça~volume:2~DIGITAL~qtd:2~data:2026-03-07
USR-000287,alice henriques mendes,63,CPF,700.000.287-55,12~Marés do Norte~Cartas da Cidade Azul~volume:2~DIGITAL~qtd:1~data:2024-02-18 || 48~Jardins Secretos~A Canção dos Pinheiros~volume:4~DIGITAL~qtd:1~data:2025-06-22 || 50~Viajantes de Papel~O Viajante de Papel~volume:1~DIGITAL~qtd:3~data:2025-07-26 || 69~Cidades de Sal~O Mercado das Sombras~volume:3~FISICO~qtd:1~data:2025-09-12 || 10~Marés do Norte~O Jardim das Marés~volume:1~DIGITAL~qtd:2~data:2025-09-13
288,Caio Ribeiro Almeida,30 anos,rg,99.000.288-9,43~Jardins Secretos~As Pontes de Aurora~volume:2~FISICO~qtd:3~data:2024-03-17 || 44~Jardins Secretos~As Pontes de Aurora~volume:2~DIGITAL~qtd:2~data:2024-11-02 || 40~Ilhas Errantes~A Travessia das Flores~volume:4~DIGITAL~qtd:2~data:2025-03-04
USR-000289,Carla Ferreira Gomes,71,CPF,700.000.289-17,91~Crônicas do Tempo~A Hora Esquecida~volume:2~FISICO~qtd:3~data:2024-02-19 || 45~Jardins Secretos~A Casa das Sete Janelas~volume:3~FISICO~qtd:1~data:2024-05-07 || 16~Marés do Norte~A Ilha Submersa~volume:4~DIGITAL~qtd:1~data:2024-08-13 || 48~Jardins Secretos~A Canção dos Pinheiros~volume:4~DIGITAL~qtd:1~data:2024-10-11 || 55~Viajantes de Papel~Os Dias do Cometa~volume:4~FISICO~qtd:1~data:2024-11-29 || 51~Viajantes de Papel~O Trem das Estrelas~volume:2~FISICO~qtd:1~data:2025-02-25 || 37~Ilhas Errantes~O Porto das Histórias~volume:3~FISICO~qtd:2~data:2026-01-05 || 49~Viajantes de Papel~O Viajante de Papel~volume:1~FISICO~qtd:1~data:2026-05-08
USR-000290,  DÉBORA TEIXEIRA LIMA  ,79,RG,99.000.290-3,61~Serra Dourada~Horizontes de Cobre~volume:3~FISICO~qtd:2~data:2024-03-25 || 4~As Torres de Âmbar~O Vale das Lanternas~volume:2~DIGITAL~qtd:3~data:2025-04-13 || 26~Estações~Caminhos de Outono~volume:1~DIGITAL~qtd:1~data:2025-12-24 || 64~Serra Dourada~Os Guardiões do Horizonte~volume:4~DIGITAL~qtd:2~data:2026-05-15 || 90~Crônicas do Tempo~O Relógio Partido~volume:1~DIGITAL~qtd:2~data:2026-06-17
291,Débora Barbosa Teixeira,25,CPF,700.000.291-31,56~Viajantes de Papel~Os Dias do Cometa~volume:4~DIGITAL~qtd:2~data:2024-06-04 || 42~Jardins Secretos~O Segredo das Acácias~volume:1~DIGITAL~qtd:3~data:2024-06-09 || 33~Ilhas Errantes~A Ilha dos Ventos~volume:1~FISICO~qtd:2~data:2024-09-27 || 16~Marés do Norte~A Ilha Submersa~volume:4~DIGITAL~qtd:3~data:2025-08-03 || 43~Jardins Secretos~As Pontes de Aurora~volume:2~FISICO~qtd:2~data:2025-08-11 || 36~Ilhas Errantes~Memórias do Rio Claro~volume:2~DIGITAL~qtd:1~data:2025-08-26 || 21~Arquivos do Céu~O Palácio dos Ventos~volume:3~FISICO~qtd:2~data:2025-12-30 || 24~Arquivos do Céu~A Última Constelação~volume:4~DIGITAL~qtd:3~data:2026-01-27
USR-000292,Rafaela Barbosa Nunes,48 anos,RG,99.000.292-7,21~Arquivos do Céu~O Palácio dos Ventos~volume:3~FISICO~qtd:2~data:2024-01-25 || 32~Estações~A Última Página do Verão~volume:4~DIGITAL~qtd:3~data:2024-10-16 || 66~Cidades de Sal~O Labirinto de Sal~volume:1~DIGITAL~qtd:2~data:2025-05-25 || 31~Estações~A Última Página do Verão~volume:4~FISICO~qtd:1~data:2025-09-26 || 78~Reinos do Bosque~A Coroa de Folhas~volume:3~DIGITAL~qtd:2~data:2025-11-05 || 62~Serra Dourada~Horizontes de Cobre~volume:3~DIGITAL~qtd:1~data:2025-11-18 || 22~Arquivos do Céu~O Palácio dos Ventos~volume:3~DIGITAL~qtd:3~data:2026-05-07 || 9~Marés do Norte~O Jardim das Marés~volume:1~FISICO~qtd:1~data:2026-06-10 || 14~Marés do Norte~O Último Faroleiro~volume:3~DIGITAL~qtd:2~data:2026-06-16 || 79~Reinos do Bosque~O Guardião das Raízes~volume:4~FISICO~qtd:1~data:2026-08-23
USR-000293,Carla Martins Souza,83,CPF,700.000.293-01,84~Luzes do Sul~A Estrada do Sul~volume:2~DIGITAL~qtd:2~data:2024-01-21 || 52~Viajantes de Papel~O Trem das Estrelas~volume:2~DIGITAL~qtd:2~data:2024-03-25 || 74~Reinos do Bosque~A Semente de Prata~volume:1~DIGITAL~qtd:1~data:2025-01-28 || 30~Estações~O Retrato da Primavera~volume:3~DIGITAL~qtd:3~data:2025-11-21 || 90~Crônicas do Tempo~O Relógio Partido~volume:1~DIGITAL~qtd:3~data:2026-08-14 || 47~Jardins Secretos~A Canção dos Pinheiros~volume:4~FISICO~qtd:1~data:2026-09-15
294,bruno ribeiro lima,24,rg,99.000.294-1,20~Arquivos do Céu~O Mapa de Vidro~volume:2~DIGITAL~qtd:3~data:2024-10-10 || 48~Jardins Secretos~A Canção dos Pinheiros~volume:4~DIGITAL~qtd:1~data:2025-03-30 || 33~Ilhas Errantes~A Ilha dos Ventos~volume:1~FISICO~qtd:1~data:2026-03-19 || 53~Viajantes de Papel~A Estrada de Cristal~volume:3~FISICO~qtd:1~data:2026-08-14
USR-000295,Hugo Nunes Martins,54,CPF,700.000.295-65,27~Estações~O Caderno de Inverno~volume:2~FISICO~qtd:1~data:2024-03-25 || 30~Estações~O Retrato da Primavera~volume:3~DIGITAL~qtd:2~data:2025-07-25
USR-000296,Olívia Almeida Vieira,40 anos,RG,99.000.296-5,40~Ilhas Errantes~A Travessia das Flores~volume:4~DIGITAL~qtd:3~data:2024-12-18 || 65~Cidades de Sal~O Labirinto de Sal~volume:1~FISICO~qtd:1~data:2025-07-28 || 33~Ilhas Errantes~A Ilha dos Ventos~volume:1~FISICO~qtd:3~data:2025-11-09
297,Nuno Rocha Vieira,43,CPF,700.000.297-27,73~Reinos do Bosque~A Semente de Prata~volume:1~FISICO~qtd:3~data:2024-10-18 || 71~Cidades de Sal~A Cidade sem Portas~volume:4~FISICO~qtd:2~data:2025-10-07 || 4~As Torres de Âmbar~O Vale das Lanternas~volume:2~DIGITAL~qtd:3~data:2026-03-02
USR-000298,Caio Cardoso Dias,51,RG,99.000.298-9,78~Reinos do Bosque~A Coroa de Folhas~volume:3~DIGITAL~qtd:1~data:2024-04-13 || 18~Arquivos do Céu~A Biblioteca das Nuvens~volume:1~DIGITAL~qtd:2~data:2025-01-11 || 68~Cidades de Sal~O Relógio da Praça~volume:2~DIGITAL~qtd:1~data:2025-02-26 || 44~Jardins Secretos~As Pontes de Aurora~volume:2~DIGITAL~qtd:2~data:2025-12-13
USR-000299,Marina Almeida Santos,30,CPF,700.000.299-99,84~Luzes do Sul~A Estrada do Sul~volume:2~DIGITAL~qtd:3~data:2024-08-17 || 14~Marés do Norte~O Último Faroleiro~volume:3~DIGITAL~qtd:3~data:2025-02-09 || 85~Luzes do Sul~O Farol de Cristal~volume:3~FISICO~qtd:2~data:2025-06-15 || 32~Estações~A Última Página do Verão~volume:4~DIGITAL~qtd:3~data:2026-01-13 || 16~Marés do Norte~A Ilha Submersa~volume:4~DIGITAL~qtd:3~data:2026-04-27 || 20~Arquivos do Céu~O Mapa de Vidro~volume:2~DIGITAL~qtd:2~data:2026-08-16
300,  JOÃO MOREIRA COSTA  ,56 anos,rg,99.000.300-3,48~Jardins Secretos~A Canção dos Pinheiros~volume:4~DIGITAL~qtd:2~data:2025-03-05 || 71~Cidades de Sal~A Cidade sem Portas~volume:4~FISICO~qtd:3~data:2025-09-11 || 73~Reinos do Bosque~A Semente de Prata~volume:1~FISICO~qtd:1~data:2025-10-31 || 22~Arquivos do Céu~O Palácio dos Ventos~volume:3~DIGITAL~qtd:1~data:2025-12-10 || 70~Cidades de Sal~O Mercado das Sombras~volume:3~DIGITAL~qtd:2~data:2026-03-07
USR-000301,vitor barbosa esteves,30,CPF,700.000.301-48,19~Arquivos do Céu~O Mapa de Vidro~volume:2~FISICO~qtd:3~data:2024-02-04 || 35~Ilhas Errantes~Memórias do Rio Claro~volume:2~FISICO~qtd:2~data:2024-05-25 || 85~Luzes do Sul~O Farol de Cristal~volume:3~FISICO~qtd:3~data:2025-03-28 || 9~Marés do Norte~O Jardim das Marés~volume:1~FISICO~qtd:3~data:2025-05-20 || 88~Luzes do Sul~Depois do Horizonte~volume:4~DIGITAL~qtd:2~data:2026-01-17 || 63~Serra Dourada~Os Guardiões do Horizonte~volume:4~FISICO~qtd:2~data:2026-05-22 || 29~Estações~O Retrato da Primavera~volume:3~FISICO~qtd:1~data:2026-06-18 || 33~Ilhas Errantes~A Ilha dos Ventos~volume:1~FISICO~qtd:3~data:2026-08-24
USR-000302,Ana Gomes Almeida,52,RG,99.000.302-7,61~Serra Dourada~Horizontes de Cobre~volume:3~FISICO~qtd:2~data:2024-04-10 || 6~As Torres de Âmbar~A Torre do Amanhecer~volume:3~DIGITAL~qtd:3~data:2024-05-26 || 92~Crônicas do Tempo~A Hora Esquecida~volume:2~DIGITAL~qtd:3~data:2025-02-05 || 73~Reinos do Bosque~A Semente de Prata~volume:1~FISICO~qtd:3~data:2025-04-08 || 65~Cidades de Sal~O Labirinto de Sal~volume:1~FISICO~qtd:1~data:2025-09-04 || 62~Serra Dourada~Horizontes de Cobre~volume:3~DIGITAL~qtd:3~data:2025-12-15
303,Débora Nunes Teixeira,48,CPF,700.000.303-00,63~Serra Dourada~Os Guardiões do Horizonte~volume:4~FISICO~qtd:2~data:2024-05-10 || 87~Luzes do Sul~Depois do Horizonte~volume:4~FISICO~qtd:2~data:2024-09-25 || 46~Jardins Secretos~A Casa das Sete Janelas~volume:3~DIGITAL~qtd:1~data:2025-07-22 || 49~Viajantes de Papel~O Viajante de Papel~volume:1~FISICO~qtd:3~data:2025-09-20 || 86~Luzes do Sul~O Farol de Cristal~volume:3~DIGITAL~qtd:3~data:2026-02-18 || 16~Marés do Norte~A Ilha Submersa~volume:4~DIGITAL~qtd:1~data:2026-03-10 || 48~Jardins Secretos~A Canção dos Pinheiros~volume:4~DIGITAL~qtd:1~data:2026-03-21 || 78~Reinos do Bosque~A Coroa de Folhas~volume:3~DIGITAL~qtd:2~data:2026-03-22 || 57~Serra Dourada~Crônicas da Serra Dourada~volume:1~FISICO~qtd:3~data:2026-04-10 || 2~As Torres de Âmbar~A Chave de Âmbar~volume:1~DIGITAL~qtd:3~data:2026-05-23
USR-000304,Bruno Pereira Oliveira,66 anos,RG,99.000.304-1,61~Serra Dourada~Horizontes de Cobre~volume:3~FISICO~qtd:3~data:2024-02-27 || 83~Luzes do Sul~A Estrada do Sul~volume:2~FISICO~qtd:3~data:2024-12-07 || 53~Viajantes de Papel~A Estrada de Cristal~volume:3~FISICO~qtd:1~data:2024-12-11 || 67~Cidades de Sal~O Relógio da Praça~volume:2~FISICO~qtd:3~data:2025-07-19
USR-000305,Eduardo Oliveira Henriques,40,CPF,700.000.305-71,45~Jardins Secretos~A Casa das Sete Janelas~volume:3~FISICO~qtd:2~data:2024-04-06 || 43~Jardins Secretos~As Pontes de Aurora~volume:2~FISICO~qtd:1~data:2024-09-14 || 1~As Torres de Âmbar~A Chave de Âmbar~volume:1~FISICO~qtd:3~data:2025-04-24 || 8~As Torres de Âmbar~O Reino de Cinzas~volume:4~DIGITAL~qtd:2~data:2025-05-03 || 5~As Torres de Âmbar~A Torre do Amanhecer~volume:3~FISICO~qtd:2~data:2025-08-29 || 7~As Torres de Âmbar~O Reino de Cinzas~volume:4~FISICO~qtd:2~data:2026-06-18 || 64~Serra Dourada~Os Guardiões do Horizonte~volume:4~DIGITAL~qtd:1~data:2026-07-24
306,Débora Ribeiro Mendes,35,rg,99.000.306-5,20~Arquivos do Céu~O Mapa de Vidro~volume:2~DIGITAL~qtd:3~data:2024-12-03 || 79~Reinos do Bosque~O Guardião das Raízes~volume:4~FISICO~qtd:2~data:2025-02-06 || 77~Reinos do Bosque~A Coroa de Folhas~volume:3~FISICO~qtd:2~data:2025-08-21 || 52~Viajantes de Papel~O Trem das Estrelas~volume:2~DIGITAL~qtd:1~data:2025-08-26 || 19~Arquivos do Céu~O Mapa de Vidro~volume:2~FISICO~qtd:2~data:2026-02-25
USR-000307,Alice Dias Ferreira,53,CPF,700.000.307-33,94~Crônicas do Tempo~Os Dias Invertidos~volume:3~DIGITAL~qtd:1~data:2024-02-17 || 31~Estações~A Última Página do Verão~volume:4~FISICO~qtd:2~data:2024-07-17 || 32~Estações~A Última Página do Verão~volume:4~DIGITAL~qtd:3~data:2024-07-23 || 29~Estações~O Retrato da Primavera~volume:3~FISICO~qtd:2~data:2024-08-19 || 51~Viajantes de Papel~O Trem das Estrelas~volume:2~FISICO~qtd:2~data:2025-05-31 || 42~Jardins Secretos~O Segredo das Acácias~volume:1~DIGITAL~qtd:2~data:2025-12-24 || 83~Luzes do Sul~A Estrada do Sul~volume:2~FISICO~qtd:2~data:2026-01-01 || 24~Arquivos do Céu~A Última Constelação~volume:4~DIGITAL~qtd:3~data:2026-06-30
USR-000308,ana vieira almeida,31 anos,RG,99.000.308-9,11~Marés do Norte~Cartas da Cidade Azul~volume:2~FISICO~qtd:2~data:2024-02-02 || 91~Crônicas do Tempo~A Hora Esquecida~volume:2~FISICO~qtd:1~data:2024-06-14 || 49~Viajantes de Papel~O Viajante de Papel~volume:1~FISICO~qtd:2~data:2024-07-10 || 40~Ilhas Errantes~A Travessia das Flores~volume:4~DIGITAL~qtd:3~data:2024-10-13 || 70~Cidades de Sal~O Mercado das Sombras~volume:3~DIGITAL~qtd:1~data:2024-11-24 || 3~As Torres de Âmbar~O Vale das Lanternas~volume:2~FISICO~qtd:3~data:2024-12-31 || 53~Viajantes de Papel~A Estrada de Cristal~volume:3~FISICO~qtd:1~data:2025-08-01 || 83~Luzes do Sul~A Estrada do Sul~volume:2~FISICO~qtd:3~data:2025-08-05 || 66~Cidades de Sal~O Labirinto de Sal~volume:1~DIGITAL~qtd:1~data:2026-04-26 || 88~Luzes do Sul~Depois do Horizonte~volume:4~DIGITAL~qtd:3~data:2026-05-03
309,Débora Pereira Rocha,20,CPF,700.000.309-03,29~Estações~O Retrato da Primavera~volume:3~FISICO~qtd:3~data:2025-12-29 || 46~Jardins Secretos~A Casa das Sete Janelas~volume:3~DIGITAL~qtd:1~data:2026-02-02 || 2~As Torres de Âmbar~A Chave de Âmbar~volume:1~DIGITAL~qtd:2~data:2026-06-15
USR-000310,  SAMUEL LIMA SOUZA  ,72,RG,99.000.310-3,76~Reinos do Bosque~O Bosque Adormecido~volume:2~DIGITAL~qtd:1~data:2024-02-03 || 26~Estações~Caminhos de Outono~volume:1~DIGITAL~qtd:1~data:2025-10-18 || 8~As Torres de Âmbar~O Reino de Cinzas~volume:4~DIGITAL~qtd:3~data:2026-04-05 || 71~Cidades de Sal~A Cidade sem Portas~volume:4~FISICO~qtd:1~data:2026-04-21 || 27~Estações~O Caderno de Inverno~volume:2~FISICO~qtd:1~data:2026-06-04
USR-000311,Karina Mendes Pereira,20,CPF,700.000.311-10,83~Luzes do Sul~A Estrada do Sul~volume:2~FISICO~qtd:2~data:2024-08-20 || 37~Ilhas Errantes~O Porto das Histórias~volume:3~FISICO~qtd:1~data:2024-10-28 || 38~Ilhas Errantes~O Porto das Histórias~volume:3~DIGITAL~qtd:3~data:2024-10-29 || 53~Viajantes de Papel~A Estrada de Cristal~volume:3~FISICO~qtd:2~data:2025-03-02 || 25~Estações~Caminhos de Outono~volume:1~FISICO~qtd:2~data:2025-07-13 || 26~Estações~Caminhos de Outono~volume:1~DIGITAL~qtd:1~data:2025-09-02
312,Karina Barbosa Esteves,66 anos,rg,99.000.312-7,78~Reinos do Bosque~A Coroa de Folhas~volume:3~DIGITAL~qtd:1~data:2024-05-25 || 66~Cidades de Sal~O Labirinto de Sal~volume:1~DIGITAL~qtd:1~data:2025-02-05 || 49~Viajantes de Papel~O Viajante de Papel~volume:1~FISICO~qtd:3~data:2025-10-18 || 4~As Torres de Âmbar~O Vale das Lanternas~volume:2~DIGITAL~qtd:3~data:2026-06-11 || 84~Luzes do Sul~A Estrada do Sul~volume:2~DIGITAL~qtd:2~data:2026-09-22
USR-000313,Lucas Lima Lima,53,CPF,700.000.313-81,43~Jardins Secretos~As Pontes de Aurora~volume:2~FISICO~qtd:2~data:2024-04-30 || 1~As Torres de Âmbar~A Chave de Âmbar~volume:1~FISICO~qtd:1~data:2024-11-27 || 39~Ilhas Errantes~A Travessia das Flores~volume:4~FISICO~qtd:1~data:2025-05-18 || 53~Viajantes de Papel~A Estrada de Cristal~volume:3~FISICO~qtd:3~data:2025-06-09 || 60~Serra Dourada~A Oficina dos Sonhos~volume:2~DIGITAL~qtd:2~data:2025-09-29 || 75~Reinos do Bosque~O Bosque Adormecido~volume:2~FISICO~qtd:2~data:2025-11-25
USR-000314,Felipe Pereira Pereira,77,RG,99.000.314-1,45~Jardins Secretos~A Casa das Sete Janelas~volume:3~FISICO~qtd:2~data:2024-04-25 || 80~Reinos do Bosque~O Guardião das Raízes~volume:4~DIGITAL~qtd:1~data:2025-01-17 || 57~Serra Dourada~Crônicas da Serra Dourada~volume:1~FISICO~qtd:2~data:2025-06-04 || 48~Jardins Secretos~A Canção dos Pinheiros~volume:4~DIGITAL~qtd:1~data:2025-09-06 || 70~Cidades de Sal~O Mercado das Sombras~volume:3~DIGITAL~qtd:1~data:2025-09-14
315,hugo costa nunes,72,CPF,700.000.315-43,92~Crônicas do Tempo~A Hora Esquecida~volume:2~DIGITAL~qtd:2~data:2024-01-24 || 62~Serra Dourada~Horizontes de Cobre~volume:3~DIGITAL~qtd:2~data:2024-03-14 || 20~Arquivos do Céu~O Mapa de Vidro~volume:2~DIGITAL~qtd:2~data:2024-03-21 || 84~Luzes do Sul~A Estrada do Sul~volume:2~DIGITAL~qtd:1~data:2024-03-23 || 4~As Torres de Âmbar~O Vale das Lanternas~volume:2~DIGITAL~qtd:1~data:2024-08-14 || 90~Crônicas do Tempo~O Relógio Partido~volume:1~DIGITAL~qtd:2~data:2024-10-29 || 6~As Torres de Âmbar~A Torre do Amanhecer~volume:3~DIGITAL~qtd:3~data:2025-11-17 || 11~Marés do Norte~Cartas da Cidade Azul~volume:2~FISICO~qtd:2~data:2026-02-20 || 93~Crônicas do Tempo~Os Dias Invertidos~volume:3~FISICO~qtd:3~data:2026-05-26 || 54~Viajantes de Papel~A Estrada de Cristal~volume:3~DIGITAL~qtd:1~data:2026-08-23
USR-000316,Lucas Barbosa Lima,25 anos,RG,99.000.316-5,81~Luzes do Sul~A Primeira Luz~volume:1~FISICO~qtd:1~data:2024-01-07 || 96~Crônicas do Tempo~O Último Minuto~volume:4~DIGITAL~qtd:2~data:2024-03-17 || 26~Estações~Caminhos de Outono~volume:1~DIGITAL~qtd:3~data:2024-07-14 || 94~Crônicas do Tempo~Os Dias Invertidos~volume:3~DIGITAL~qtd:2~data:2025-02-01 || 56~Viajantes de Papel~Os Dias do Cometa~volume:4~DIGITAL~qtd:2~data:2025-05-25 || 32~Estações~A Última Página do Verão~volume:4~DIGITAL~qtd:1~data:2025-10-28 || 39~Ilhas Errantes~A Travessia das Flores~volume:4~FISICO~qtd:1~data:2026-01-10
USR-000317,Nuno Esteves Almeida,33,CPF,700.000.317-05,36~Ilhas Errantes~Memórias do Rio Claro~volume:2~DIGITAL~qtd:1~data:2024-02-12 || 61~Serra Dourada~Horizontes de Cobre~volume:3~FISICO~qtd:2~data:2025-02-13
318,Bruno Martins Vieira,47,rg,99.000.318-9,44~Jardins Secretos~As Pontes de Aurora~volume:2~DIGITAL~qtd:3~data:2024-02-06 || 49~Viajantes de Papel~O Viajante de Papel~volume:1~FISICO~qtd:2~data:2024-06-13 || 23~Arquivos do Céu~A Última Constelação~volume:4~FISICO~qtd:2~data:2024-08-12 || 77~Reinos do Bosque~A Coroa de Folhas~volume:3~FISICO~qtd:3~data:2024-09-14 || 84~Luzes do Sul~A Estrada do Sul~volume:2~DIGITAL~qtd:1~data:2024-10-31 || 50~Viajantes de Papel~O Viajante de Papel~volume:1~DIGITAL~qtd:3~data:2026-06-09 || 36~Ilhas Errantes~Memórias do Rio Claro~volume:2~DIGITAL~qtd:1~data:2026-06-11
USR-000319,Débora Rocha Esteves,32,CPF,700.000.319-77,20~Arquivos do Céu~O Mapa de Vidro~volume:2~DIGITAL~qtd:3~data:2025-09-23 || 8~As Torres de Âmbar~O Reino de Cinzas~volume:4~DIGITAL~qtd:1~data:2026-09-03 || 94~Crônicas do Tempo~Os Dias Invertidos~volume:3~DIGITAL~qtd:3~data:2026-09-13
USR-000320,  KARINA PEREIRA GOMES  ,32 anos,RG,99.000.320-3,67~Cidades de Sal~O Relógio da Praça~volume:2~FISICO~qtd:3~data:2024-07-31 || 7~As Torres de Âmbar~O Reino de Cinzas~volume:4~FISICO~qtd:1~data:2024-09-02 || 89~Crônicas do Tempo~O Relógio Partido~volume:1~FISICO~qtd:1~data:2024-09-23 || 71~Cidades de Sal~A Cidade sem Portas~volume:4~FISICO~qtd:3~data:2024-12-11 || 20~Arquivos do Céu~O Mapa de Vidro~volume:2~DIGITAL~qtd:1~data:2025-01-24 || 23~Arquivos do Céu~A Última Constelação~volume:4~FISICO~qtd:1~data:2025-05-17 || 11~Marés do Norte~Cartas da Cidade Azul~volume:2~FISICO~qtd:1~data:2026-08-17
321,Nuno Ribeiro Costa,36,CPF,700.000.321-91,12~Marés do Norte~Cartas da Cidade Azul~volume:2~DIGITAL~qtd:3~data:2024-03-07
USR-000322,gabriela barbosa esteves,64,RG,99.000.322-7,53~Viajantes de Papel~A Estrada de Cristal~volume:3~FISICO~qtd:1~data:2024-06-01 || 61~Serra Dourada~Horizontes de Cobre~volume:3~FISICO~qtd:1~data:2025-04-21 || 71~Cidades de Sal~A Cidade sem Portas~volume:4~FISICO~qtd:3~data:2026-07-13
USR-000323,Bruno Vieira Nunes,25,CPF,700.000.323-53,84~Luzes do Sul~A Estrada do Sul~volume:2~DIGITAL~qtd:1~data:2025-07-17
324,Caio Moreira Gomes,84 anos,rg,99.000.324-1,59~Serra Dourada~A Oficina dos Sonhos~volume:2~FISICO~qtd:2~data:2024-11-26 || 27~Estações~O Caderno de Inverno~volume:2~FISICO~qtd:2~data:2025-01-26 || 48~Jardins Secretos~A Canção dos Pinheiros~volume:4~DIGITAL~qtd:3~data:2025-06-29 || 67~Cidades de Sal~O Relógio da Praça~volume:2~FISICO~qtd:3~data:2026-01-17
USR-000325,Vitor Santos Ferreira,46,CPF,700.000.325-15,53~Viajantes de Papel~A Estrada de Cristal~volume:3~FISICO~qtd:3~data:2024-10-03 || 7~As Torres de Âmbar~O Reino de Cinzas~volume:4~FISICO~qtd:1~data:2024-10-10 || 33~Ilhas Errantes~A Ilha dos Ventos~volume:1~FISICO~qtd:1~data:2025-05-01 || 36~Ilhas Errantes~Memórias do Rio Claro~volume:2~DIGITAL~qtd:3~data:2025-10-15 || 9~Marés do Norte~O Jardim das Marés~volume:1~FISICO~qtd:2~data:2026-08-19
USR-000326,Gabriela Oliveira Barbosa,56,RG,99.000.326-5,94~Crônicas do Tempo~Os Dias Invertidos~volume:3~DIGITAL~qtd:3~data:2024-04-15 || 4~As Torres de Âmbar~O Vale das Lanternas~volume:2~DIGITAL~qtd:1~data:2024-07-23 || 75~Reinos do Bosque~O Bosque Adormecido~volume:2~FISICO~qtd:2~data:2024-09-21 || 10~Marés do Norte~O Jardim das Marés~volume:1~DIGITAL~qtd:3~data:2024-12-21 || 34~Ilhas Errantes~A Ilha dos Ventos~volume:1~DIGITAL~qtd:3~data:2025-02-21 || 61~Serra Dourada~Horizontes de Cobre~volume:3~FISICO~qtd:3~data:2025-03-13 || 6~As Torres de Âmbar~A Torre do Amanhecer~volume:3~DIGITAL~qtd:1~data:2025-05-19 || 88~Luzes do Sul~Depois do Horizonte~volume:4~DIGITAL~qtd:2~data:2025-08-22 || 76~Reinos do Bosque~O Bosque Adormecido~volume:2~DIGITAL~qtd:2~data:2026-08-27
327,Débora Martins Nunes,56,CPF,700.000.327-87,53~Viajantes de Papel~A Estrada de Cristal~volume:3~FISICO~qtd:2~data:2024-11-08 || 30~Estações~O Retrato da Primavera~volume:3~DIGITAL~qtd:2~data:2026-01-31 || 80~Reinos do Bosque~O Guardião das Raízes~volume:4~DIGITAL~qtd:3~data:2026-05-23 || 84~Luzes do Sul~A Estrada do Sul~volume:2~DIGITAL~qtd:1~data:2026-08-20
USR-000328,Nuno Cardoso Ribeiro,59 anos,RG,99.000.328-9,3~As Torres de Âmbar~O Vale das Lanternas~volume:2~FISICO~qtd:1~data:2024-03-01 || 9~Marés do Norte~O Jardim das Marés~volume:1~FISICO~qtd:2~data:2024-06-22 || 5~As Torres de Âmbar~A Torre do Amanhecer~volume:3~FISICO~qtd:1~data:2024-07-21 || 68~Cidades de Sal~O Relógio da Praça~volume:2~DIGITAL~qtd:1~data:2024-11-28 || 10~Marés do Norte~O Jardim das Marés~volume:1~DIGITAL~qtd:1~data:2025-02-06 || 80~Reinos do Bosque~O Guardião das Raízes~volume:4~DIGITAL~qtd:1~data:2025-08-12 || 8~As Torres de Âmbar~O Reino de Cinzas~volume:4~DIGITAL~qtd:2~data:2025-10-01 || 36~Ilhas Errantes~Memórias do Rio Claro~volume:2~DIGITAL~qtd:1~data:2026-03-15 || 64~Serra Dourada~Os Guardiões do Horizonte~volume:4~DIGITAL~qtd:1~data:2026-06-06
USR-000329,carla costa santos,72,CPF,700.000.329-49,78~Reinos do Bosque~A Coroa de Folhas~volume:3~DIGITAL~qtd:3~data:2024-06-06 || 91~Crônicas do Tempo~A Hora Esquecida~volume:2~FISICO~qtd:1~data:2024-07-26 || 27~Estações~O Caderno de Inverno~volume:2~FISICO~qtd:1~data:2024-08-01 || 95~Crônicas do Tempo~O Último Minuto~volume:4~FISICO~qtd:1~data:2025-06-08 || 62~Serra Dourada~Horizontes de Cobre~volume:3~DIGITAL~qtd:3~data:2026-03-29 || 94~Crônicas do Tempo~Os Dias Invertidos~volume:3~DIGITAL~qtd:2~data:2026-07-27 || 69~Cidades de Sal~O Mercado das Sombras~volume:3~FISICO~qtd:3~data:2026-09-21
330,  ELISA ROCHA ALMEIDA  ,66,rg,99.000.330-3,57~Serra Dourada~Crônicas da Serra Dourada~volume:1~FISICO~qtd:3~data:2024-02-26 || 90~Crônicas do Tempo~O Relógio Partido~volume:1~DIGITAL~qtd:1~data:2024-07-07 || 84~Luzes do Sul~A Estrada do Sul~volume:2~DIGITAL~qtd:1~data:2024-08-05 || 96~Crônicas do Tempo~O Último Minuto~volume:4~DIGITAL~qtd:3~data:2024-12-31 || 82~Luzes do Sul~A Primeira Luz~volume:1~DIGITAL~qtd:3~data:2025-01-14 || 4~As Torres de Âmbar~O Vale das Lanternas~volume:2~DIGITAL~qtd:3~data:2025-04-21 || 46~Jardins Secretos~A Casa das Sete Janelas~volume:3~DIGITAL~qtd:1~data:2025-04-29 || 49~Viajantes de Papel~O Viajante de Papel~volume:1~FISICO~qtd:2~data:2025-12-23 || 17~Arquivos do Céu~A Biblioteca das Nuvens~volume:1~FISICO~qtd:2~data:2026-01-09 || 1~As Torres de Âmbar~A Chave de Âmbar~volume:1~FISICO~qtd:3~data:2026-03-06
USR-000331,Olívia Oliveira Gomes,53,CPF,700.000.331-63,55~Viajantes de Papel~Os Dias do Cometa~volume:4~FISICO~qtd:1~data:2024-04-18 || 15~Marés do Norte~A Ilha Submersa~volume:4~FISICO~qtd:1~data:2024-08-17 || 26~Estações~Caminhos de Outono~volume:1~DIGITAL~qtd:3~data:2025-05-23
USR-000332,Rafaela Mendes Santos,25 anos,RG,99.000.332-7,31~Estações~A Última Página do Verão~volume:4~FISICO~qtd:1~data:2024-09-24 || 21~Arquivos do Céu~O Palácio dos Ventos~volume:3~FISICO~qtd:1~data:2024-09-30 || 70~Cidades de Sal~O Mercado das Sombras~volume:3~DIGITAL~qtd:2~data:2025-09-23 || 26~Estações~Caminhos de Outono~volume:1~DIGITAL~qtd:1~data:2025-10-26 || 83~Luzes do Sul~A Estrada do Sul~volume:2~FISICO~qtd:3~data:2026-03-24
333,Hugo Rocha Vieira,22,CPF,700.000.333-25,12~Marés do Norte~Cartas da Cidade Azul~volume:2~DIGITAL~qtd:3~data:2026-04-11
USR-000334,Eduardo Nunes Nunes,23,RG,99.000.334-1,81~Luzes do Sul~A Primeira Luz~volume:1~FISICO~qtd:3~data:2026-05-13
USR-000335,Ana Ferreira Vieira,42,CPF,700.000.335-97,70~Cidades de Sal~O Mercado das Sombras~volume:3~DIGITAL~qtd:1~data:2024-06-28
336,pedro vieira cardoso,82 anos,rg,99.000.336-5,47~Jardins Secretos~A Canção dos Pinheiros~volume:4~FISICO~qtd:1~data:2024-03-27 || 21~Arquivos do Céu~O Palácio dos Ventos~volume:3~FISICO~qtd:1~data:2024-05-11 || 20~Arquivos do Céu~O Mapa de Vidro~volume:2~DIGITAL~qtd:2~data:2024-05-20 || 44~Jardins Secretos~As Pontes de Aurora~volume:2~DIGITAL~qtd:1~data:2025-04-02 || 60~Serra Dourada~A Oficina dos Sonhos~volume:2~DIGITAL~qtd:2~data:2025-12-01 || 9~Marés do Norte~O Jardim das Marés~volume:1~FISICO~qtd:3~data:2026-05-28
USR-000337,Karina Moreira Mendes,83,CPF,700.000.337-59,48~Jardins Secretos~A Canção dos Pinheiros~volume:4~DIGITAL~qtd:1~data:2024-09-18 || 72~Cidades de Sal~A Cidade sem Portas~volume:4~DIGITAL~qtd:1~data:2024-09-27 || 12~Marés do Norte~Cartas da Cidade Azul~volume:2~DIGITAL~qtd:1~data:2024-12-18 || 75~Reinos do Bosque~O Bosque Adormecido~volume:2~FISICO~qtd:3~data:2025-06-24 || 38~Ilhas Errantes~O Porto das Histórias~volume:3~DIGITAL~qtd:2~data:2026-03-26
USR-000338,Karina Vieira Ribeiro,64,RG,99.000.338-9,18~Arquivos do Céu~A Biblioteca das Nuvens~volume:1~DIGITAL~qtd:1~data:2024-12-22 || 68~Cidades de Sal~O Relógio da Praça~volume:2~DIGITAL~qtd:3~data:2025-02-15 || 71~Cidades de Sal~A Cidade sem Portas~volume:4~FISICO~qtd:2~data:2025-08-22 || 31~Estações~A Última Página do Verão~volume:4~FISICO~qtd:2~data:2025-08-28 || 57~Serra Dourada~Crônicas da Serra Dourada~volume:1~FISICO~qtd:2~data:2025-09-23 || 91~Crônicas do Tempo~A Hora Esquecida~volume:2~FISICO~qtd:3~data:2026-07-16 || 77~Reinos do Bosque~A Coroa de Folhas~volume:3~FISICO~qtd:3~data:2026-09-14 || 8~As Torres de Âmbar~O Reino de Cinzas~volume:4~DIGITAL~qtd:2~data:2026-09-23
339,Nuno Teixeira Santos,44,CPF,700.000.339-11,63~Serra Dourada~Os Guardiões do Horizonte~volume:4~FISICO~qtd:3~data:2025-03-05 || 43~Jardins Secretos~As Pontes de Aurora~volume:2~FISICO~qtd:1~data:2025-07-03
USR-000340,  DANIEL MENDES TEIXEIRA  ,69 anos,RG,99.000.340-3,95~Crônicas do Tempo~O Último Minuto~volume:4~FISICO~qtd:1~data:2024-03-28 || 83~Luzes do Sul~A Estrada do Sul~volume:2~FISICO~qtd:3~data:2024-06-29 || 52~Viajantes de Papel~O Trem das Estrelas~volume:2~DIGITAL~qtd:1~data:2024-11-07 || 70~Cidades de Sal~O Mercado das Sombras~volume:3~DIGITAL~qtd:1~data:2025-03-20 || 80~Reinos do Bosque~O Guardião das Raízes~volume:4~DIGITAL~qtd:2~data:2025-09-08 || 65~Cidades de Sal~O Labirinto de Sal~volume:1~FISICO~qtd:3~data:2025-10-19 || 3~As Torres de Âmbar~O Vale das Lanternas~volume:2~FISICO~qtd:2~data:2025-11-25 || 27~Estações~O Caderno de Inverno~volume:2~FISICO~qtd:3~data:2025-12-05
USR-000341,Ana Pereira Teixeira,36,CPF,700.000.341-35,94~Crônicas do Tempo~Os Dias Invertidos~volume:3~DIGITAL~qtd:2~data:2024-01-11 || 1~As Torres de Âmbar~A Chave de Âmbar~volume:1~FISICO~qtd:1~data:2024-06-05 || 91~Crônicas do Tempo~A Hora Esquecida~volume:2~FISICO~qtd:1~data:2025-01-13 || 12~Marés do Norte~Cartas da Cidade Azul~volume:2~DIGITAL~qtd:3~data:2025-01-21 || 77~Reinos do Bosque~A Coroa de Folhas~volume:3~FISICO~qtd:3~data:2025-04-25 || 46~Jardins Secretos~A Casa das Sete Janelas~volume:3~DIGITAL~qtd:1~data:2026-02-13 || 95~Crônicas do Tempo~O Último Minuto~volume:4~FISICO~qtd:2~data:2026-02-16 || 61~Serra Dourada~Horizontes de Cobre~volume:3~FISICO~qtd:3~data:2026-07-18 || 82~Luzes do Sul~A Primeira Luz~volume:1~DIGITAL~qtd:1~data:2026-08-01 || 80~Reinos do Bosque~O Guardião das Raízes~volume:4~DIGITAL~qtd:3~data:2026-09-15
342,Samuel Dias Ribeiro,31,rg,99.000.342-7,70~Cidades de Sal~O Mercado das Sombras~volume:3~DIGITAL~qtd:1~data:2024-05-16 || 31~Estações~A Última Página do Verão~volume:4~FISICO~qtd:3~data:2024-12-16 || 18~Arquivos do Céu~A Biblioteca das Nuvens~volume:1~DIGITAL~qtd:3~data:2025-06-17 || 63~Serra Dourada~Os Guardiões do Horizonte~volume:4~FISICO~qtd:3~data:2025-07-03 || 10~Marés do Norte~O Jardim das Marés~volume:1~DIGITAL~qtd:1~data:2025-08-10 || 38~Ilhas Errantes~O Porto das Histórias~volume:3~DIGITAL~qtd:1~data:2025-10-23 || 48~Jardins Secretos~A Canção dos Pinheiros~volume:4~DIGITAL~qtd:1~data:2026-05-22 || 22~Arquivos do Céu~O Palácio dos Ventos~volume:3~DIGITAL~qtd:2~data:2026-06-12 || 8~As Torres de Âmbar~O Reino de Cinzas~volume:4~DIGITAL~qtd:3~data:2026-07-27 || 39~Ilhas Errantes~A Travessia das Flores~volume:4~FISICO~qtd:1~data:2026-07-28
USR-000343,samuel cardoso vieira,76,CPF,700.000.343-05,23~Arquivos do Céu~A Última Constelação~volume:4~FISICO~qtd:2~data:2024-03-06 || 64~Serra Dourada~Os Guardiões do Horizonte~volume:4~DIGITAL~qtd:3~data:2024-06-14 || 71~Cidades de Sal~A Cidade sem Portas~volume:4~FISICO~qtd:2~data:2024-12-26 || 10~Marés do Norte~O Jardim das Marés~volume:1~DIGITAL~qtd:1~data:2025-09-19 || 22~Arquivos do Céu~O Palácio dos Ventos~volume:3~DIGITAL~qtd:2~data:2026-02-07
USR-000344,Isabela Costa Dias,55 anos,RG,99.000.344-1,28~Estações~O Caderno de Inverno~volume:2~DIGITAL~qtd:3~data:2024-02-09 || 78~Reinos do Bosque~A Coroa de Folhas~volume:3~DIGITAL~qtd:2~data:2024-03-18 || 95~Crônicas do Tempo~O Último Minuto~volume:4~FISICO~qtd:3~data:2024-04-26 || 34~Ilhas Errantes~A Ilha dos Ventos~volume:1~DIGITAL~qtd:1~data:2024-06-22 || 2~As Torres de Âmbar~A Chave de Âmbar~volume:1~DIGITAL~qtd:1~data:2024-08-25 || 96~Crônicas do Tempo~O Último Minuto~volume:4~DIGITAL~qtd:2~data:2024-09-09 || 44~Jardins Secretos~As Pontes de Aurora~volume:2~DIGITAL~qtd:2~data:2024-11-15 || 65~Cidades de Sal~O Labirinto de Sal~volume:1~FISICO~qtd:1~data:2025-02-28 || 39~Ilhas Errantes~A Travessia das Flores~volume:4~FISICO~qtd:2~data:2025-05-12 || 81~Luzes do Sul~A Primeira Luz~volume:1~FISICO~qtd:3~data:2026-03-11
345,Marina Cardoso Rocha,67,CPF,700.000.345-69,48~Jardins Secretos~A Canção dos Pinheiros~volume:4~DIGITAL~qtd:3~data:2024-08-21 || 61~Serra Dourada~Horizontes de Cobre~volume:3~FISICO~qtd:2~data:2026-02-09
USR-000346,Daniel Ribeiro Vieira,36,RG,99.000.346-5,41~Jardins Secretos~O Segredo das Acácias~volume:1~FISICO~qtd:2~data:2024-02-14 || 69~Cidades de Sal~O Mercado das Sombras~volume:3~FISICO~qtd:2~data:2024-09-12 || 63~Serra Dourada~Os Guardiões do Horizonte~volume:4~FISICO~qtd:2~data:2025-04-03 || 64~Serra Dourada~Os Guardiões do Horizonte~volume:4~DIGITAL~qtd:1~data:2025-05-06 || 13~Marés do Norte~O Último Faroleiro~volume:3~FISICO~qtd:3~data:2025-11-26 || 31~Estações~A Última Página do Verão~volume:4~FISICO~qtd:1~data:2026-03-15 || 18~Arquivos do Céu~A Biblioteca das Nuvens~volume:1~DIGITAL~qtd:3~data:2026-05-16 || 91~Crônicas do Tempo~A Hora Esquecida~volume:2~FISICO~qtd:2~data:2026-05-24 || 35~Ilhas Errantes~Memórias do Rio Claro~volume:2~FISICO~qtd:1~data:2026-07-05
USR-000347,Alice Esteves Dias,24,CPF,700.000.347-21,37~Ilhas Errantes~O Porto das Histórias~volume:3~FISICO~qtd:1~data:2025-07-20 || 53~Viajantes de Papel~A Estrada de Cristal~volume:3~FISICO~qtd:2~data:2025-08-09 || 26~Estações~Caminhos de Outono~volume:1~DIGITAL~qtd:2~data:2026-01-18
348,Nuno Ferreira Ferreira,57 anos,rg,99.000.348-9,19~Arquivos do Céu~O Mapa de Vidro~volume:2~FISICO~qtd:3~data:2024-10-12 || 66~Cidades de Sal~O Labirinto de Sal~volume:1~DIGITAL~qtd:2~data:2025-09-19
USR-000349,Felipe Henriques Esteves,49,CPF,700.000.349-92,65~Cidades de Sal~O Labirinto de Sal~volume:1~FISICO~qtd:3~data:2024-04-04 || 27~Estações~O Caderno de Inverno~volume:2~FISICO~qtd:1~data:2025-10-27
USR-000350,  HUGO CARDOSO FERREIRA  ,65,RG,99.000.350-3,85~Luzes do Sul~O Farol de Cristal~volume:3~FISICO~qtd:3~data:2024-04-22 || 27~Estações~O Caderno de Inverno~volume:2~FISICO~qtd:3~data:2024-11-12 || 4~As Torres de Âmbar~O Vale das Lanternas~volume:2~DIGITAL~qtd:2~data:2024-12-07 || 87~Luzes do Sul~Depois do Horizonte~volume:4~FISICO~qtd:1~data:2025-05-04 || 50~Viajantes de Papel~O Viajante de Papel~volume:1~DIGITAL~qtd:1~data:2025-07-08 || 60~Serra Dourada~A Oficina dos Sonhos~volume:2~DIGITAL~qtd:1~data:2026-01-12 || 74~Reinos do Bosque~A Semente de Prata~volume:1~DIGITAL~qtd:1~data:2026-07-17 || 35~Ilhas Errantes~Memórias do Rio Claro~volume:2~FISICO~qtd:1~data:2026-08-13
351,Felipe Dias Vieira,53,CPF,700.000.351-07,13~Marés do Norte~O Último Faroleiro~volume:3~FISICO~qtd:2~data:2025-02-02 || 40~Ilhas Errantes~A Travessia das Flores~volume:4~DIGITAL~qtd:3~data:2025-06-27 || 37~Ilhas Errantes~O Porto das Histórias~volume:3~FISICO~qtd:1~data:2025-09-05 || 9~Marés do Norte~O Jardim das Marés~volume:1~FISICO~qtd:1~data:2026-06-20
USR-000352,Karina Esteves Costa,83 anos,RG,99.000.352-7,88~Luzes do Sul~Depois do Horizonte~volume:4~DIGITAL~qtd:3~data:2024-12-10 || 46~Jardins Secretos~A Casa das Sete Janelas~volume:3~DIGITAL~qtd:3~data:2025-09-11
USR-000353,Daniel Almeida Pereira,24,CPF,700.000.353-79,22~Arquivos do Céu~O Palácio dos Ventos~volume:3~DIGITAL~qtd:1~data:2024-09-11 || 32~Estações~A Última Página do Verão~volume:4~DIGITAL~qtd:1~data:2024-10-10
354,Carla Oliveira Dias,57,rg,99.000.354-1,76~Reinos do Bosque~O Bosque Adormecido~volume:2~DIGITAL~qtd:1~data:2024-10-18 || 81~Luzes do Sul~A Primeira Luz~volume:1~FISICO~qtd:2~data:2024-12-31 || 54~Viajantes de Papel~A Estrada de Cristal~volume:3~DIGITAL~qtd:3~data:2026-06-06
USR-000355,Olívia Rocha Henriques,46,CPF,700.000.355-31,47~Jardins Secretos~A Canção dos Pinheiros~volume:4~FISICO~qtd:1~data:2024-10-27 || 60~Serra Dourada~A Oficina dos Sonhos~volume:2~DIGITAL~qtd:2~data:2024-11-23 || 21~Arquivos do Céu~O Palácio dos Ventos~volume:3~FISICO~qtd:3~data:2025-06-30 || 86~Luzes do Sul~O Farol de Cristal~volume:3~DIGITAL~qtd:3~data:2025-07-19 || 73~Reinos do Bosque~A Semente de Prata~volume:1~FISICO~qtd:3~data:2026-01-18
USR-000356,Vitor Martins Barbosa,32 anos,RG,99.000.356-5,81~Luzes do Sul~A Primeira Luz~volume:1~FISICO~qtd:1~data:2024-11-25 || 23~Arquivos do Céu~A Última Constelação~volume:4~FISICO~qtd:3~data:2024-12-04 || 14~Marés do Norte~O Último Faroleiro~volume:3~DIGITAL~qtd:2~data:2025-06-18 || 37~Ilhas Errantes~O Porto das Histórias~volume:3~FISICO~qtd:2~data:2025-07-09 || 92~Crônicas do Tempo~A Hora Esquecida~volume:2~DIGITAL~qtd:3~data:2025-08-02 || 54~Viajantes de Papel~A Estrada de Cristal~volume:3~DIGITAL~qtd:2~data:2025-09-01 || 29~Estações~O Retrato da Primavera~volume:3~FISICO~qtd:3~data:2025-11-10
357,isabela costa gomes,18,CPF,700.000.357-01,51~Viajantes de Papel~O Trem das Estrelas~volume:2~FISICO~qtd:2~data:2024-05-24 || 58~Serra Dourada~Crônicas da Serra Dourada~volume:1~DIGITAL~qtd:1~data:2025-02-10 || 41~Jardins Secretos~O Segredo das Acácias~volume:1~FISICO~qtd:3~data:2025-09-30 || 21~Arquivos do Céu~O Palácio dos Ventos~volume:3~FISICO~qtd:3~data:2025-11-22 || 57~Serra Dourada~Crônicas da Serra Dourada~volume:1~FISICO~qtd:3~data:2026-02-03 || 70~Cidades de Sal~O Mercado das Sombras~volume:3~DIGITAL~qtd:3~data:2026-02-18 || 76~Reinos do Bosque~O Bosque Adormecido~volume:2~DIGITAL~qtd:2~data:2026-06-07 || 30~Estações~O Retrato da Primavera~volume:3~DIGITAL~qtd:3~data:2026-07-07
USR-000358,Olívia Teixeira Souza,24,RG,99.000.358-9,63~Serra Dourada~Os Guardiões do Horizonte~volume:4~FISICO~qtd:2~data:2024-11-10 || 79~Reinos do Bosque~O Guardião das Raízes~volume:4~FISICO~qtd:3~data:2025-01-12 || 67~Cidades de Sal~O Relógio da Praça~volume:2~FISICO~qtd:3~data:2025-05-16 || 12~Marés do Norte~Cartas da Cidade Azul~volume:2~DIGITAL~qtd:3~data:2026-02-02 || 87~Luzes do Sul~Depois do Horizonte~volume:4~FISICO~qtd:3~data:2026-05-08 || 16~Marés do Norte~A Ilha Submersa~volume:4~DIGITAL~qtd:3~data:2026-07-06 || 88~Luzes do Sul~Depois do Horizonte~volume:4~DIGITAL~qtd:3~data:2026-08-12
USR-000359,Lucas Barbosa Cardoso,38,CPF,700.000.359-64,37~Ilhas Errantes~O Porto das Histórias~volume:3~FISICO~qtd:1~data:2024-08-24 || 28~Estações~O Caderno de Inverno~volume:2~DIGITAL~qtd:1~data:2026-01-29 || 14~Marés do Norte~O Último Faroleiro~volume:3~DIGITAL~qtd:3~data:2026-09-10
360,  BRUNO MOREIRA NUNES  ,19 anos,rg,99.000.360-3,14~Marés do Norte~O Último Faroleiro~volume:3~DIGITAL~qtd:3~data:2024-06-21 || 17~Arquivos do Céu~A Biblioteca das Nuvens~volume:1~FISICO~qtd:2~data:2025-06-17 || 87~Luzes do Sul~Depois do Horizonte~volume:4~FISICO~qtd:3~data:2025-12-03 || 46~Jardins Secretos~A Casa das Sete Janelas~volume:3~DIGITAL~qtd:1~data:2026-02-07
USR-000361,Elisa Oliveira Dias,29,CPF,700.000.361-89,32~Estações~A Última Página do Verão~volume:4~DIGITAL~qtd:2~data:2024-01-27 || 23~Arquivos do Céu~A Última Constelação~volume:4~FISICO~qtd:3~data:2024-02-24 || 50~Viajantes de Papel~O Viajante de Papel~volume:1~DIGITAL~qtd:1~data:2024-03-23 || 44~Jardins Secretos~As Pontes de Aurora~volume:2~DIGITAL~qtd:3~data:2025-02-07 || 54~Viajantes de Papel~A Estrada de Cristal~volume:3~DIGITAL~qtd:3~data:2025-03-07 || 42~Jardins Secretos~O Segredo das Acácias~volume:1~DIGITAL~qtd:1~data:2025-03-28 || 84~Luzes do Sul~A Estrada do Sul~volume:2~DIGITAL~qtd:1~data:2025-07-06 || 73~Reinos do Bosque~A Semente de Prata~volume:1~FISICO~qtd:2~data:2025-09-03 || 55~Viajantes de Papel~Os Dias do Cometa~volume:4~FISICO~qtd:1~data:2025-10-21 || 22~Arquivos do Céu~O Palácio dos Ventos~volume:3~DIGITAL~qtd:3~data:2026-04-18
USR-000362,Carla Rocha Esteves,71,RG,99.000.362-7,11~Marés do Norte~Cartas da Cidade Azul~volume:2~FISICO~qtd:3~data:2024-09-14 || 34~Ilhas Errantes~A Ilha dos Ventos~volume:1~DIGITAL~qtd:1~data:2025-08-19
363,Olívia Teixeira Santos,21,CPF,700.000.363-41,81~Luzes do Sul~A Primeira Luz~volume:1~FISICO~qtd:2~data:2025-05-20 || 53~Viajantes de Papel~A Estrada de Cristal~volume:3~FISICO~qtd:2~data:2025-10-16 || 48~Jardins Secretos~A Canção dos Pinheiros~volume:4~DIGITAL~qtd:3~data:2025-12-05 || 16~Marés do Norte~A Ilha Submersa~volume:4~DIGITAL~qtd:1~data:2026-01-25 || 23~Arquivos do Céu~A Última Constelação~volume:4~FISICO~qtd:1~data:2026-07-07 || 2~As Torres de Âmbar~A Chave de Âmbar~volume:1~DIGITAL~qtd:3~data:2026-08-14 || 92~Crônicas do Tempo~A Hora Esquecida~volume:2~DIGITAL~qtd:1~data:2026-09-14
USR-000364,felipe vieira moreira,42 anos,RG,99.000.364-1,83~Luzes do Sul~A Estrada do Sul~volume:2~FISICO~qtd:1~data:2024-08-04 || 58~Serra Dourada~Crônicas da Serra Dourada~volume:1~DIGITAL~qtd:1~data:2024-10-23 || 55~Viajantes de Papel~Os Dias do Cometa~volume:4~FISICO~qtd:2~data:2024-10-30 || 5~As Torres de Âmbar~A Torre do Amanhecer~volume:3~FISICO~qtd:3~data:2024-11-03 || 43~Jardins Secretos~As Pontes de Aurora~volume:2~FISICO~qtd:1~data:2025-12-04 || 45~Jardins Secretos~A Casa das Sete Janelas~volume:3~FISICO~qtd:3~data:2026-03-10
USR-000365,Olívia Henriques Vieira,46,CPF,700.000.365-02,7~As Torres de Âmbar~O Reino de Cinzas~volume:4~FISICO~qtd:1~data:2024-01-27 || 78~Reinos do Bosque~A Coroa de Folhas~volume:3~DIGITAL~qtd:2~data:2024-10-12 || 96~Crônicas do Tempo~O Último Minuto~volume:4~DIGITAL~qtd:2~data:2025-02-07 || 95~Crônicas do Tempo~O Último Minuto~volume:4~FISICO~qtd:2~data:2025-10-17 || 84~Luzes do Sul~A Estrada do Sul~volume:2~DIGITAL~qtd:2~data:2026-03-28
366,Gabriela Vieira Vieira,79,rg,99.000.366-5,67~Cidades de Sal~O Relógio da Praça~volume:2~FISICO~qtd:2~data:2024-04-21 || 71~Cidades de Sal~A Cidade sem Portas~volume:4~FISICO~qtd:2~data:2025-03-26 || 45~Jardins Secretos~A Casa das Sete Janelas~volume:3~FISICO~qtd:3~data:2025-04-09 || 23~Arquivos do Céu~A Última Constelação~volume:4~FISICO~qtd:3~data:2025-05-18 || 68~Cidades de Sal~O Relógio da Praça~volume:2~DIGITAL~qtd:1~data:2025-05-29 || 90~Crônicas do Tempo~O Relógio Partido~volume:1~DIGITAL~qtd:3~data:2025-10-10 || 15~Marés do Norte~A Ilha Submersa~volume:4~FISICO~qtd:3~data:2026-05-04 || 92~Crônicas do Tempo~A Hora Esquecida~volume:2~DIGITAL~qtd:1~data:2026-08-09
USR-000367,Ana Moreira Nunes,77,CPF,700.000.367-74,85~Luzes do Sul~O Farol de Cristal~volume:3~FISICO~qtd:2~data:2024-03-12 || 73~Reinos do Bosque~A Semente de Prata~volume:1~FISICO~qtd:1~data:2024-09-28 || 51~Viajantes de Papel~O Trem das Estrelas~volume:2~FISICO~qtd:3~data:2025-08-07
USR-000368,Olívia Almeida Almeida,35 anos,RG,99.000.368-9,58~Serra Dourada~Crônicas da Serra Dourada~volume:1~DIGITAL~qtd:3~data:2024-06-02 || 91~Crônicas do Tempo~A Hora Esquecida~volume:2~FISICO~qtd:2~data:2024-07-14 || 21~Arquivos do Céu~O Palácio dos Ventos~volume:3~FISICO~qtd:2~data:2024-10-18 || 25~Estações~Caminhos de Outono~volume:1~FISICO~qtd:2~data:2025-03-24 || 93~Crônicas do Tempo~Os Dias Invertidos~volume:3~FISICO~qtd:3~data:2025-06-16 || 41~Jardins Secretos~O Segredo das Acácias~volume:1~FISICO~qtd:1~data:2025-11-10
369,Olívia Gomes Cardoso,42,CPF,700.000.369-36,12~Marés do Norte~Cartas da Cidade Azul~volume:2~DIGITAL~qtd:1~data:2024-09-03 || 23~Arquivos do Céu~A Última Constelação~volume:4~FISICO~qtd:3~data:2024-11-02 || 49~Viajantes de Papel~O Viajante de Papel~volume:1~FISICO~qtd:3~data:2024-12-07 || 57~Serra Dourada~Crônicas da Serra Dourada~volume:1~FISICO~qtd:1~data:2025-05-21 || 45~Jardins Secretos~A Casa das Sete Janelas~volume:3~FISICO~qtd:3~data:2025-06-09 || 73~Reinos do Bosque~A Semente de Prata~volume:1~FISICO~qtd:2~data:2025-09-24 || 38~Ilhas Errantes~O Porto das Histórias~volume:3~DIGITAL~qtd:1~data:2025-10-20 || 35~Ilhas Errantes~Memórias do Rio Claro~volume:2~FISICO~qtd:1~data:2026-01-20 || 43~Jardins Secretos~As Pontes de Aurora~volume:2~FISICO~qtd:1~data:2026-03-06 || 71~Cidades de Sal~A Cidade sem Portas~volume:4~FISICO~qtd:2~data:2026-08-16
USR-000370,  CAIO MOREIRA PEREIRA  ,54,RG,99.000.370-3,96~Crônicas do Tempo~O Último Minuto~volume:4~DIGITAL~qtd:3~data:2026-07-31 || 56~Viajantes de Papel~Os Dias do Cometa~volume:4~DIGITAL~qtd:2~data:2026-09-11
USR-000371,isabela souza dias,35,CPF,700.000.371-51,48~Jardins Secretos~A Canção dos Pinheiros~volume:4~DIGITAL~qtd:2~data:2024-05-10 || 61~Serra Dourada~Horizontes de Cobre~volume:3~FISICO~qtd:2~data:2024-06-02 || 65~Cidades de Sal~O Labirinto de Sal~volume:1~FISICO~qtd:1~data:2024-08-17 || 41~Jardins Secretos~O Segredo das Acácias~volume:1~FISICO~qtd:1~data:2025-02-23 || 43~Jardins Secretos~As Pontes de Aurora~volume:2~FISICO~qtd:2~data:2025-04-24 || 69~Cidades de Sal~O Mercado das Sombras~volume:3~FISICO~qtd:1~data:2025-04-30 || 44~Jardins Secretos~As Pontes de Aurora~volume:2~DIGITAL~qtd:3~data:2025-11-05 || 45~Jardins Secretos~A Casa das Sete Janelas~volume:3~FISICO~qtd:2~data:2025-11-06 || 67~Cidades de Sal~O Relógio da Praça~volume:2~FISICO~qtd:3~data:2025-12-20 || 24~Arquivos do Céu~A Última Constelação~volume:4~DIGITAL~qtd:1~data:2026-05-14
372,Eduardo Pereira Cardoso,61 anos,rg,99.000.372-7,44~Jardins Secretos~As Pontes de Aurora~volume:2~DIGITAL~qtd:1~data:2024-05-07 || 47~Jardins Secretos~A Canção dos Pinheiros~volume:4~FISICO~qtd:3~data:2025-11-06 || 76~Reinos do Bosque~O Bosque Adormecido~volume:2~DIGITAL~qtd:1~data:2026-04-27
USR-000373,Eduardo Esteves Barbosa,24,CPF,700.000.373-12,25~Estações~Caminhos de Outono~volume:1~FISICO~qtd:3~data:2024-03-06 || 70~Cidades de Sal~O Mercado das Sombras~volume:3~DIGITAL~qtd:1~data:2025-01-27 || 8~As Torres de Âmbar~O Reino de Cinzas~volume:4~DIGITAL~qtd:3~data:2025-08-24 || 3~As Torres de Âmbar~O Vale das Lanternas~volume:2~FISICO~qtd:2~data:2025-12-01 || 33~Ilhas Errantes~A Ilha dos Ventos~volume:1~FISICO~qtd:3~data:2026-02-22 || 51~Viajantes de Papel~O Trem das Estrelas~volume:2~FISICO~qtd:3~data:2026-07-01 || 82~Luzes do Sul~A Primeira Luz~volume:1~DIGITAL~qtd:2~data:2026-09-20
USR-000374,Bruno Ferreira Souza,34,RG,99.000.374-1,87~Luzes do Sul~Depois do Horizonte~volume:4~FISICO~qtd:2~data:2024-09-06 || 89~Crônicas do Tempo~O Relógio Partido~volume:1~FISICO~qtd:3~data:2024-10-20 || 74~Reinos do Bosque~A Semente de Prata~volume:1~DIGITAL~qtd:2~data:2024-11-20 || 66~Cidades de Sal~O Labirinto de Sal~volume:1~DIGITAL~qtd:2~data:2025-06-07
375,Lucas Gomes Mendes,62,CPF,700.000.375-84,69~Cidades de Sal~O Mercado das Sombras~volume:3~FISICO~qtd:3~data:2024-01-05 || 49~Viajantes de Papel~O Viajante de Papel~volume:1~FISICO~qtd:3~data:2024-04-22 || 1~As Torres de Âmbar~A Chave de Âmbar~volume:1~FISICO~qtd:1~data:2024-05-22 || 84~Luzes do Sul~A Estrada do Sul~volume:2~DIGITAL~qtd:1~data:2024-06-30 || 89~Crônicas do Tempo~O Relógio Partido~volume:1~FISICO~qtd:1~data:2024-09-15 || 42~Jardins Secretos~O Segredo das Acácias~volume:1~DIGITAL~qtd:1~data:2024-12-30 || 56~Viajantes de Papel~Os Dias do Cometa~volume:4~DIGITAL~qtd:2~data:2025-01-29 || 52~Viajantes de Papel~O Trem das Estrelas~volume:2~DIGITAL~qtd:2~data:2026-04-29 || 92~Crônicas do Tempo~A Hora Esquecida~volume:2~DIGITAL~qtd:1~data:2026-06-24
USR-000376,Bruno Nunes Martins,85 anos,RG,99.000.376-5,80~Reinos do Bosque~O Guardião das Raízes~volume:4~DIGITAL~qtd:1~data:2025-10-08
USR-000377,Samuel Cardoso Moreira,73,CPF,700.000.377-46,21~Arquivos do Céu~O Palácio dos Ventos~volume:3~FISICO~qtd:3~data:2024-09-27 || 89~Crônicas do Tempo~O Relógio Partido~volume:1~FISICO~qtd:1~data:2026-08-14
378,gabriela almeida souza,71,rg,99.000.378-9,71~Cidades de Sal~A Cidade sem Portas~volume:4~FISICO~qtd:2~data:2024-03-17 || 13~Marés do Norte~O Último Faroleiro~volume:3~FISICO~qtd:2~data:2024-10-11 || 18~Arquivos do Céu~A Biblioteca das Nuvens~volume:1~DIGITAL~qtd:2~data:2025-04-07 || 23~Arquivos do Céu~A Última Constelação~volume:4~FISICO~qtd:1~data:2025-06-27 || 15~Marés do Norte~A Ilha Submersa~volume:4~FISICO~qtd:3~data:2026-03-10 || 38~Ilhas Errantes~O Porto das Histórias~volume:3~DIGITAL~qtd:3~data:2026-09-19
USR-000379,Pedro Teixeira Teixeira,81,CPF,700.000.379-08,7~As Torres de Âmbar~O Reino de Cinzas~volume:4~FISICO~qtd:3~data:2024-10-02 || 16~Marés do Norte~A Ilha Submersa~volume:4~DIGITAL~qtd:2~data:2024-11-21 || 79~Reinos do Bosque~O Guardião das Raízes~volume:4~FISICO~qtd:1~data:2025-02-04 || 90~Crônicas do Tempo~O Relógio Partido~volume:1~DIGITAL~qtd:1~data:2025-04-01 || 21~Arquivos do Céu~O Palácio dos Ventos~volume:3~FISICO~qtd:2~data:2025-08-15 || 61~Serra Dourada~Horizontes de Cobre~volume:3~FISICO~qtd:3~data:2025-10-18 || 59~Serra Dourada~A Oficina dos Sonhos~volume:2~FISICO~qtd:2~data:2025-12-11 || 85~Luzes do Sul~O Farol de Cristal~volume:3~FISICO~qtd:3~data:2025-12-19 || 39~Ilhas Errantes~A Travessia das Flores~volume:4~FISICO~qtd:3~data:2026-04-06 || 67~Cidades de Sal~O Relógio da Praça~volume:2~FISICO~qtd:2~data:2026-05-29
USR-000380,  TERESA COSTA MENDES  ,29 anos,RG,99.000.380-3,88~Luzes do Sul~Depois do Horizonte~volume:4~DIGITAL~qtd:2~data:2024-03-04 || 24~Arquivos do Céu~A Última Constelação~volume:4~DIGITAL~qtd:2~data:2025-03-07 || 51~Viajantes de Papel~O Trem das Estrelas~volume:2~FISICO~qtd:1~data:2025-06-02
381,João Oliveira Mendes,75,CPF,700.000.381-22,23~Arquivos do Céu~A Última Constelação~volume:4~FISICO~qtd:2~data:2025-08-24 || 10~Marés do Norte~O Jardim das Marés~volume:1~DIGITAL~qtd:3~data:2026-07-10 || 11~Marés do Norte~Cartas da Cidade Azul~volume:2~FISICO~qtd:1~data:2026-09-01
USR-000382,Rafaela Souza Gomes,25,RG,99.000.382-7,38~Ilhas Errantes~O Porto das Histórias~volume:3~DIGITAL~qtd:1~data:2024-06-20 || 87~Luzes do Sul~Depois do Horizonte~volume:4~FISICO~qtd:2~data:2024-09-06 || 77~Reinos do Bosque~A Coroa de Folhas~volume:3~FISICO~qtd:1~data:2025-01-03 || 62~Serra Dourada~Horizontes de Cobre~volume:3~DIGITAL~qtd:1~data:2025-01-27 || 45~Jardins Secretos~A Casa das Sete Janelas~volume:3~FISICO~qtd:1~data:2025-08-02 || 31~Estações~A Última Página do Verão~volume:4~FISICO~qtd:3~data:2026-05-11 || 60~Serra Dourada~A Oficina dos Sonhos~volume:2~DIGITAL~qtd:3~data:2026-06-08 || 25~Estações~Caminhos de Outono~volume:1~FISICO~qtd:1~data:2026-08-27
USR-000383,Alice Teixeira Gomes,82,CPF,700.000.383-94,93~Crônicas do Tempo~Os Dias Invertidos~volume:3~FISICO~qtd:3~data:2026-01-19
384,Elisa Barbosa Moreira,53 anos,rg,99.000.384-1,4~As Torres de Âmbar~O Vale das Lanternas~volume:2~DIGITAL~qtd:3~data:2024-02-12 || 81~Luzes do Sul~A Primeira Luz~volume:1~FISICO~qtd:3~data:2024-08-02 || 53~Viajantes de Papel~A Estrada de Cristal~volume:3~FISICO~qtd:1~data:2025-09-08 || 85~Luzes do Sul~O Farol de Cristal~volume:3~FISICO~qtd:1~data:2025-10-15 || 92~Crônicas do Tempo~A Hora Esquecida~volume:2~DIGITAL~qtd:3~data:2025-11-24 || 3~As Torres de Âmbar~O Vale das Lanternas~volume:2~FISICO~qtd:2~data:2026-01-17 || 90~Crônicas do Tempo~O Relógio Partido~volume:1~DIGITAL~qtd:1~data:2026-03-24 || 44~Jardins Secretos~As Pontes de Aurora~volume:2~DIGITAL~qtd:3~data:2026-08-05
USR-000385,isabela esteves henriques,79,CPF,700.000.385-56,56~Viajantes de Papel~Os Dias do Cometa~volume:4~DIGITAL~qtd:3~data:2024-04-08 || 27~Estações~O Caderno de Inverno~volume:2~FISICO~qtd:3~data:2025-05-18
USR-000386,Samuel Cardoso Oliveira,81,RG,99.000.386-5,94~Crônicas do Tempo~Os Dias Invertidos~volume:3~DIGITAL~qtd:3~data:2024-05-31 || 52~Viajantes de Papel~O Trem das Estrelas~volume:2~DIGITAL~qtd:3~data:2024-10-17
387,Nuno Pereira Henriques,63,CPF,700.000.387-18,83~Luzes do Sul~A Estrada do Sul~volume:2~FISICO~qtd:2~data:2025-05-24 || 64~Serra Dourada~Os Guardiões do Horizonte~volume:4~DIGITAL~qtd:2~data:2025-05-28 || 20~Arquivos do Céu~O Mapa de Vidro~volume:2~DIGITAL~qtd:3~data:2025-06-22
USR-000388,Bruno Barbosa Cardoso,84 anos,RG,99.000.388-9,54~Viajantes de Papel~A Estrada de Cristal~volume:3~DIGITAL~qtd:2~data:2024-06-28 || 78~Reinos do Bosque~A Coroa de Folhas~volume:3~DIGITAL~qtd:2~data:2025-04-01 || 84~Luzes do Sul~A Estrada do Sul~volume:2~DIGITAL~qtd:2~data:2025-04-10 || 60~Serra Dourada~A Oficina dos Sonhos~volume:2~DIGITAL~qtd:1~data:2025-06-03 || 73~Reinos do Bosque~A Semente de Prata~volume:1~FISICO~qtd:2~data:2026-02-26
USR-000389,Karina Cardoso Oliveira,74,CPF,700.000.389-80,48~Jardins Secretos~A Canção dos Pinheiros~volume:4~DIGITAL~qtd:1~data:2024-09-26 || 32~Estações~A Última Página do Verão~volume:4~DIGITAL~qtd:1~data:2024-12-08 || 8~As Torres de Âmbar~O Reino de Cinzas~volume:4~DIGITAL~qtd:2~data:2025-03-29 || 29~Estações~O Retrato da Primavera~volume:3~FISICO~qtd:3~data:2025-04-28 || 28~Estações~O Caderno de Inverno~volume:2~DIGITAL~qtd:1~data:2025-10-01 || 51~Viajantes de Papel~O Trem das Estrelas~volume:2~FISICO~qtd:1~data:2026-04-28
390,  LUCAS RIBEIRO TEIXEIRA  ,18,rg,99.000.390-3,93~Crônicas do Tempo~Os Dias Invertidos~volume:3~FISICO~qtd:3~data:2026-03-22 || 17~Arquivos do Céu~A Biblioteca das Nuvens~volume:1~FISICO~qtd:3~data:2026-05-30
USR-000391,Pedro Barbosa Martins,39,CPF,700.000.391-02,24~Arquivos do Céu~A Última Constelação~volume:4~DIGITAL~qtd:2~data:2025-11-28 || 23~Arquivos do Céu~A Última Constelação~volume:4~FISICO~qtd:1~data:2026-05-24
USR-000392,eduardo santos ferreira,72 anos,RG,99.000.392-7,94~Crônicas do Tempo~Os Dias Invertidos~volume:3~DIGITAL~qtd:2~data:2024-02-20 || 28~Estações~O Caderno de Inverno~volume:2~DIGITAL~qtd:3~data:2024-09-12 || 73~Reinos do Bosque~A Semente de Prata~volume:1~FISICO~qtd:2~data:2025-07-05 || 10~Marés do Norte~O Jardim das Marés~volume:1~DIGITAL~qtd:1~data:2026-02-20 || 48~Jardins Secretos~A Canção dos Pinheiros~volume:4~DIGITAL~qtd:1~data:2026-05-09
393,Daniel Vieira Cardoso,74,CPF,700.000.393-66,76~Reinos do Bosque~O Bosque Adormecido~volume:2~DIGITAL~qtd:1~data:2024-04-30 || 70~Cidades de Sal~O Mercado das Sombras~volume:3~DIGITAL~qtd:3~data:2024-06-03 || 2~As Torres de Âmbar~A Chave de Âmbar~volume:1~DIGITAL~qtd:1~data:2024-11-24 || 36~Ilhas Errantes~Memórias do Rio Claro~volume:2~DIGITAL~qtd:3~data:2024-12-13 || 54~Viajantes de Papel~A Estrada de Cristal~volume:3~DIGITAL~qtd:2~data:2025-01-06 || 80~Reinos do Bosque~O Guardião das Raízes~volume:4~DIGITAL~qtd:2~data:2025-12-12 || 3~As Torres de Âmbar~O Vale das Lanternas~volume:2~FISICO~qtd:1~data:2026-04-17 || 29~Estações~O Retrato da Primavera~volume:3~FISICO~qtd:2~data:2026-04-21
USR-000394,Alice Henriques Dias,71,RG,99.000.394-1,35~Ilhas Errantes~Memórias do Rio Claro~volume:2~FISICO~qtd:2~data:2026-04-12
USR-000395,Teresa Nunes Lima,81,CPF,700.000.395-28,14~Marés do Norte~O Último Faroleiro~volume:3~DIGITAL~qtd:3~data:2024-03-09 || 53~Viajantes de Papel~A Estrada de Cristal~volume:3~FISICO~qtd:3~data:2024-04-26 || 47~Jardins Secretos~A Canção dos Pinheiros~volume:4~FISICO~qtd:2~data:2024-12-05 || 34~Ilhas Errantes~A Ilha dos Ventos~volume:1~DIGITAL~qtd:1~data:2025-03-30 || 82~Luzes do Sul~A Primeira Luz~volume:1~DIGITAL~qtd:3~data:2025-05-08 || 65~Cidades de Sal~O Labirinto de Sal~volume:1~FISICO~qtd:3~data:2025-09-21 || 77~Reinos do Bosque~A Coroa de Folhas~volume:3~FISICO~qtd:1~data:2026-08-02
396,Elisa Souza Moreira,29 anos,rg,99.000.396-5,8~As Torres de Âmbar~O Reino de Cinzas~volume:4~DIGITAL~qtd:3~data:2024-07-27
USR-000397,Lucas Oliveira Ferreira,21,CPF,700.000.397-90,88~Luzes do Sul~Depois do Horizonte~volume:4~DIGITAL~qtd:2~data:2024-01-16 || 40~Ilhas Errantes~A Travessia das Flores~volume:4~DIGITAL~qtd:3~data:2024-08-06 || 53~Viajantes de Papel~A Estrada de Cristal~volume:3~FISICO~qtd:3~data:2024-10-15 || 86~Luzes do Sul~O Farol de Cristal~volume:3~DIGITAL~qtd:2~data:2025-04-23 || 34~Ilhas Errantes~A Ilha dos Ventos~volume:1~DIGITAL~qtd:3~data:2025-07-13 || 31~Estações~A Última Página do Verão~volume:4~FISICO~qtd:1~data:2026-02-25 || 94~Crônicas do Tempo~Os Dias Invertidos~volume:3~DIGITAL~qtd:2~data:2026-04-06 || 33~Ilhas Errantes~A Ilha dos Ventos~volume:1~FISICO~qtd:2~data:2026-08-29
USR-000398,Elisa Barbosa Ribeiro,57,RG,99.000.398-9,72~Cidades de Sal~A Cidade sem Portas~volume:4~DIGITAL~qtd:1~data:2024-02-17 || 70~Cidades de Sal~O Mercado das Sombras~volume:3~DIGITAL~qtd:1~data:2024-10-31 || 61~Serra Dourada~Horizontes de Cobre~volume:3~FISICO~qtd:1~data:2025-05-10 || 31~Estações~A Última Página do Verão~volume:4~FISICO~qtd:1~data:2025-07-03 || 92~Crônicas do Tempo~A Hora Esquecida~volume:2~DIGITAL~qtd:1~data:2026-09-25
399,carla dias vieira,68,CPF,700.000.399-51,23~Arquivos do Céu~A Última Constelação~volume:4~FISICO~qtd:2~data:2024-07-01 || 10~Marés do Norte~O Jardim das Marés~volume:1~DIGITAL~qtd:2~data:2024-09-01 || 18~Arquivos do Céu~A Biblioteca das Nuvens~volume:1~DIGITAL~qtd:2~data:2025-05-17 || 46~Jardins Secretos~A Casa das Sete Janelas~volume:3~DIGITAL~qtd:2~data:2025-11-21 || 44~Jardins Secretos~As Pontes de Aurora~volume:2~DIGITAL~qtd:1~data:2026-03-09
USR-000400,  TERESA COSTA HENRIQUES  ,43 anos,RG,99.000.400-3,52~Viajantes de Papel~O Trem das Estrelas~volume:2~DIGITAL~qtd:2~data:2024-04-13 || 1~As Torres de Âmbar~A Chave de Âmbar~volume:1~FISICO~qtd:2~data:2025-09-19 || 65~Cidades de Sal~O Labirinto de Sal~volume:1~FISICO~qtd:2~data:2026-06-29
USR-000401,Bruno Ferreira Oliveira,62,CPF,700.000.401-01,15~Marés do Norte~A Ilha Submersa~volume:4~FISICO~qtd:3~data:2025-03-30
402,Lucas Teixeira Mendes,22,rg,99.000.402-7,2~As Torres de Âmbar~A Chave de Âmbar~volume:1~DIGITAL~qtd:1~data:2024-05-05 || 78~Reinos do Bosque~A Coroa de Folhas~volume:3~DIGITAL~qtd:2~data:2024-05-13 || 4~As Torres de Âmbar~O Vale das Lanternas~volume:2~DIGITAL~qtd:2~data:2024-07-21 || 58~Serra Dourada~Crônicas da Serra Dourada~volume:1~DIGITAL~qtd:1~data:2024-09-01 || 34~Ilhas Errantes~A Ilha dos Ventos~volume:1~DIGITAL~qtd:1~data:2024-10-28 || 54~Viajantes de Papel~A Estrada de Cristal~volume:3~DIGITAL~qtd:3~data:2025-02-16 || 70~Cidades de Sal~O Mercado das Sombras~volume:3~DIGITAL~qtd:3~data:2025-10-28 || 90~Crônicas do Tempo~O Relógio Partido~volume:1~DIGITAL~qtd:1~data:2026-06-29
USR-000403,Caio Mendes Gomes,33,CPF,700.000.403-72,17~Arquivos do Céu~A Biblioteca das Nuvens~volume:1~FISICO~qtd:1~data:2024-01-23 || 57~Serra Dourada~Crônicas da Serra Dourada~volume:1~FISICO~qtd:2~data:2024-08-05 || 54~Viajantes de Papel~A Estrada de Cristal~volume:3~DIGITAL~qtd:2~data:2025-04-12 || 43~Jardins Secretos~As Pontes de Aurora~volume:2~FISICO~qtd:1~data:2026-01-29 || 31~Estações~A Última Página do Verão~volume:4~FISICO~qtd:2~data:2026-03-07 || 8~As Torres de Âmbar~O Reino de Cinzas~volume:4~DIGITAL~qtd:2~data:2026-06-08
USR-000404,Daniel Barbosa Santos,32 anos,RG,99.000.404-1,24~Arquivos do Céu~A Última Constelação~volume:4~DIGITAL~qtd:3~data:2024-02-24 || 8~As Torres de Âmbar~O Reino de Cinzas~volume:4~DIGITAL~qtd:1~data:2024-02-27 || 82~Luzes do Sul~A Primeira Luz~volume:1~DIGITAL~qtd:1~data:2024-06-06 || 37~Ilhas Errantes~O Porto das Histórias~volume:3~FISICO~qtd:1~data:2024-07-15 || 93~Crônicas do Tempo~Os Dias Invertidos~volume:3~FISICO~qtd:3~data:2024-11-19 || 5~As Torres de Âmbar~A Torre do Amanhecer~volume:3~FISICO~qtd:3~data:2025-09-30 || 25~Estações~Caminhos de Outono~volume:1~FISICO~qtd:1~data:2025-10-17 || 63~Serra Dourada~Os Guardiões do Horizonte~volume:4~FISICO~qtd:2~data:2026-03-17 || 2~As Torres de Âmbar~A Chave de Âmbar~volume:1~DIGITAL~qtd:1~data:2026-05-12 || 10~Marés do Norte~O Jardim das Marés~volume:1~DIGITAL~qtd:2~data:2026-07-09
405,João Dias Henriques,26,CPF,700.000.405-34,17~Arquivos do Céu~A Biblioteca das Nuvens~volume:1~FISICO~qtd:1~data:2024-02-25 || 31~Estações~A Última Página do Verão~volume:4~FISICO~qtd:3~data:2025-08-19 || 25~Estações~Caminhos de Outono~volume:1~FISICO~qtd:2~data:2025-09-13
USR-000406,alice cardoso moreira,36,RG,99.000.406-5,18~Arquivos do Céu~A Biblioteca das Nuvens~volume:1~DIGITAL~qtd:3~data:2024-06-04 || 20~Arquivos do Céu~O Mapa de Vidro~volume:2~DIGITAL~qtd:1~data:2025-09-26 || 96~Crônicas do Tempo~O Último Minuto~volume:4~DIGITAL~qtd:1~data:2026-09-02
USR-000407,Felipe Barbosa Cardoso,85,CPF,700.000.407-04,56~Viajantes de Papel~Os Dias do Cometa~volume:4~DIGITAL~qtd:2~data:2024-07-10 || 37~Ilhas Errantes~O Porto das Histórias~volume:3~FISICO~qtd:3~data:2024-12-22 || 53~Viajantes de Papel~A Estrada de Cristal~volume:3~FISICO~qtd:1~data:2025-01-23 || 57~Serra Dourada~Crônicas da Serra Dourada~volume:1~FISICO~qtd:2~data:2025-07-03 || 6~As Torres de Âmbar~A Torre do Amanhecer~volume:3~DIGITAL~qtd:3~data:2025-10-17 || 88~Luzes do Sul~Depois do Horizonte~volume:4~DIGITAL~qtd:3~data:2026-09-20
408,João Gomes Gomes,79 anos,rg,99.000.408-9,78~Reinos do Bosque~A Coroa de Folhas~volume:3~DIGITAL~qtd:1~data:2026-08-04
USR-000409,Débora Martins Lima,20,CPF,700.000.409-68,78~Reinos do Bosque~A Coroa de Folhas~volume:3~DIGITAL~qtd:3~data:2025-02-26 || 74~Reinos do Bosque~A Semente de Prata~volume:1~DIGITAL~qtd:3~data:2025-07-05
USR-000410,  OLÍVIA PEREIRA ESTEVES  ,26,RG,99.000.410-3,9~Marés do Norte~O Jardim das Marés~volume:1~FISICO~qtd:1~data:2024-04-30 || 91~Crônicas do Tempo~A Hora Esquecida~volume:2~FISICO~qtd:1~data:2025-01-13 || 74~Reinos do Bosque~A Semente de Prata~volume:1~DIGITAL~qtd:3~data:2025-08-11 || 8~As Torres de Âmbar~O Reino de Cinzas~volume:4~DIGITAL~qtd:3~data:2025-12-27 || 24~Arquivos do Céu~A Última Constelação~volume:4~DIGITAL~qtd:3~data:2026-03-18 || 94~Crônicas do Tempo~Os Dias Invertidos~volume:3~DIGITAL~qtd:2~data:2026-05-03
411,Gabriela Barbosa Henriques,48,CPF,700.000.411-82,70~Cidades de Sal~O Mercado das Sombras~volume:3~DIGITAL~qtd:1~data:2024-09-17 || 38~Ilhas Errantes~O Porto das Histórias~volume:3~DIGITAL~qtd:2~data:2025-06-15
USR-000412,Hugo Esteves Nunes,81 anos,RG,99.000.412-7,31~Estações~A Última Página do Verão~volume:4~FISICO~qtd:2~data:2024-05-01 || 40~Ilhas Errantes~A Travessia das Flores~volume:4~DIGITAL~qtd:3~data:2026-03-09
USR-000413,marina mendes martins,49,CPF,700.000.413-44,85~Luzes do Sul~O Farol de Cristal~volume:3~FISICO~qtd:1~data:2024-02-27 || 44~Jardins Secretos~As Pontes de Aurora~volume:2~DIGITAL~qtd:2~data:2025-01-01 || 46~Jardins Secretos~A Casa das Sete Janelas~volume:3~DIGITAL~qtd:1~data:2026-05-04
414,Caio Rocha Nunes,75,rg,99.000.414-1,49~Viajantes de Papel~O Viajante de Papel~volume:1~FISICO~qtd:3~data:2024-10-11 || 63~Serra Dourada~Os Guardiões do Horizonte~volume:4~FISICO~qtd:1~data:2025-08-02 || 92~Crônicas do Tempo~A Hora Esquecida~volume:2~DIGITAL~qtd:2~data:2025-09-20 || 72~Cidades de Sal~A Cidade sem Portas~volume:4~DIGITAL~qtd:1~data:2025-10-12 || 18~Arquivos do Céu~A Biblioteca das Nuvens~volume:1~DIGITAL~qtd:3~data:2026-02-02 || 79~Reinos do Bosque~O Guardião das Raízes~volume:4~FISICO~qtd:2~data:2026-03-07
USR-000415,Daniel Santos Souza,77,CPF,700.000.415-06,24~Arquivos do Céu~A Última Constelação~volume:4~DIGITAL~qtd:2~data:2024-01-22 || 71~Cidades de Sal~A Cidade sem Portas~volume:4~FISICO~qtd:2~data:2024-01-27 || 81~Luzes do Sul~A Primeira Luz~volume:1~FISICO~qtd:3~data:2026-02-24 || 31~Estações~A Última Página do Verão~volume:4~FISICO~qtd:3~data:2026-09-19
USR-000416,Marina Barbosa Martins,50 anos,RG,99.000.416-5,8~As Torres de Âmbar~O Reino de Cinzas~volume:4~DIGITAL~qtd:1~data:2024-07-16 || 89~Crônicas do Tempo~O Relógio Partido~volume:1~FISICO~qtd:3~data:2024-11-11 || 85~Luzes do Sul~O Farol de Cristal~volume:3~FISICO~qtd:3~data:2024-11-27 || 11~Marés do Norte~Cartas da Cidade Azul~volume:2~FISICO~qtd:1~data:2025-06-14 || 29~Estações~O Retrato da Primavera~volume:3~FISICO~qtd:2~data:2025-08-25 || 16~Marés do Norte~A Ilha Submersa~volume:4~DIGITAL~qtd:1~data:2025-09-11 || 47~Jardins Secretos~A Canção dos Pinheiros~volume:4~FISICO~qtd:1~data:2026-02-03
417,Isabela Cardoso Ribeiro,82,CPF,700.000.417-78,63~Serra Dourada~Os Guardiões do Horizonte~volume:4~FISICO~qtd:3~data:2024-12-18 || 70~Cidades de Sal~O Mercado das Sombras~volume:3~DIGITAL~qtd:1~data:2025-01-03 || 6~As Torres de Âmbar~A Torre do Amanhecer~volume:3~DIGITAL~qtd:1~data:2025-01-09 || 22~Arquivos do Céu~O Palácio dos Ventos~volume:3~DIGITAL~qtd:3~data:2025-03-06 || 66~Cidades de Sal~O Labirinto de Sal~volume:1~DIGITAL~qtd:3~data:2026-01-04 || 76~Reinos do Bosque~O Bosque Adormecido~volume:2~DIGITAL~qtd:1~data:2026-02-18 || 32~Estações~A Última Página do Verão~volume:4~DIGITAL~qtd:2~data:2026-02-26 || 12~Marés do Norte~Cartas da Cidade Azul~volume:2~DIGITAL~qtd:1~data:2026-05-30 || 65~Cidades de Sal~O Labirinto de Sal~volume:1~FISICO~qtd:3~data:2026-07-18 || 18~Arquivos do Céu~A Biblioteca das Nuvens~volume:1~DIGITAL~qtd:1~data:2026-07-27
USR-000418,Olívia Gomes Pereira,21,RG,99.000.418-9,37~Ilhas Errantes~O Porto das Histórias~volume:3~FISICO~qtd:2~data:2025-03-02 || 78~Reinos do Bosque~A Coroa de Folhas~volume:3~DIGITAL~qtd:2~data:2025-06-11
USR-000419,Carla Martins Mendes,72,CPF,700.000.419-30,35~Ilhas Errantes~Memórias do Rio Claro~volume:2~FISICO~qtd:2~data:2024-02-12 || 6~As Torres de Âmbar~A Torre do Amanhecer~volume:3~DIGITAL~qtd:3~data:2024-03-11 || 56~Viajantes de Papel~Os Dias do Cometa~volume:4~DIGITAL~qtd:2~data:2024-05-15 || 36~Ilhas Errantes~Memórias do Rio Claro~volume:2~DIGITAL~qtd:2~data:2024-05-28 || 59~Serra Dourada~A Oficina dos Sonhos~volume:2~FISICO~qtd:1~data:2025-04-19 || 88~Luzes do Sul~Depois do Horizonte~volume:4~DIGITAL~qtd:2~data:2025-05-27 || 58~Serra Dourada~Crônicas da Serra Dourada~volume:1~DIGITAL~qtd:1~data:2025-08-29 || 7~As Torres de Âmbar~O Reino de Cinzas~volume:4~FISICO~qtd:3~data:2025-10-10 || 26~Estações~Caminhos de Outono~volume:1~DIGITAL~qtd:3~data:2026-06-03 || 68~Cidades de Sal~O Relógio da Praça~volume:2~DIGITAL~qtd:1~data:2026-07-26
420,  RAFAELA FERREIRA LIMA  ,28 anos,rg,99.000.420-3,72~Cidades de Sal~A Cidade sem Portas~volume:4~DIGITAL~qtd:3~data:2025-02-24 || 41~Jardins Secretos~O Segredo das Acácias~volume:1~FISICO~qtd:2~data:2025-07-09
USR-000421,Débora Moreira Ribeiro,19,CPF,700.000.421-54,87~Luzes do Sul~Depois do Horizonte~volume:4~FISICO~qtd:1~data:2025-01-07 || 29~Estações~O Retrato da Primavera~volume:3~FISICO~qtd:2~data:2025-04-14 || 20~Arquivos do Céu~O Mapa de Vidro~volume:2~DIGITAL~qtd:2~data:2025-11-25 || 73~Reinos do Bosque~A Semente de Prata~volume:1~FISICO~qtd:2~data:2026-05-25
USR-000422,Daniel Gomes Nunes,82,RG,99.000.422-7,67~Cidades de Sal~O Relógio da Praça~volume:2~FISICO~qtd:3~data:2025-11-15
423,Gabriela Dias Vieira,44,CPF,700.000.423-16,1~As Torres de Âmbar~A Chave de Âmbar~volume:1~FISICO~qtd:1~data:2025-07-04
USR-000424,Alice Pereira Barbosa,67 anos,RG,99.000.424-1,87~Luzes do Sul~Depois do Horizonte~volume:4~FISICO~qtd:3~data:2025-12-16 || 45~Jardins Secretos~A Casa das Sete Janelas~volume:3~FISICO~qtd:2~data:2026-05-04 || 46~Jardins Secretos~A Casa das Sete Janelas~volume:3~DIGITAL~qtd:1~data:2026-07-01
USR-000425,Alice Esteves Ferreira,41,CPF,700.000.425-88,1~As Torres de Âmbar~A Chave de Âmbar~volume:1~FISICO~qtd:3~data:2024-11-13 || 11~Marés do Norte~Cartas da Cidade Azul~volume:2~FISICO~qtd:3~data:2025-09-15
426,Gabriela Gomes Almeida,55,rg,99.000.426-5,54~Viajantes de Papel~A Estrada de Cristal~volume:3~DIGITAL~qtd:1~data:2024-06-01 || 66~Cidades de Sal~O Labirinto de Sal~volume:1~DIGITAL~qtd:1~data:2024-12-07 || 12~Marés do Norte~Cartas da Cidade Azul~volume:2~DIGITAL~qtd:1~data:2025-05-15 || 79~Reinos do Bosque~O Guardião das Raízes~volume:4~FISICO~qtd:2~data:2025-08-08 || 15~Marés do Norte~A Ilha Submersa~volume:4~FISICO~qtd:2~data:2026-03-10 || 63~Serra Dourada~Os Guardiões do Horizonte~volume:4~FISICO~qtd:3~data:2026-09-13
USR-000427,bruno pereira rocha,71,CPF,700.000.427-40,32~Estações~A Última Página do Verão~volume:4~DIGITAL~qtd:3~data:2024-06-02 || 44~Jardins Secretos~As Pontes de Aurora~volume:2~DIGITAL~qtd:3~data:2026-06-07
USR-000428,Karina Henriques Souza,47 anos,RG,99.000.428-9,86~Luzes do Sul~O Farol de Cristal~volume:3~DIGITAL~qtd:3~data:2024-05-08 || 29~Estações~O Retrato da Primavera~volume:3~FISICO~qtd:1~data:2024-05-26 || 55~Viajantes de Papel~Os Dias do Cometa~volume:4~FISICO~qtd:3~data:2024-06-13 || 4~As Torres de Âmbar~O Vale das Lanternas~volume:2~DIGITAL~qtd:1~data:2024-10-29 || 16~Marés do Norte~A Ilha Submersa~volume:4~DIGITAL~qtd:1~data:2024-11-10 || 87~Luzes do Sul~Depois do Horizonte~volume:4~FISICO~qtd:1~data:2025-06-02 || 50~Viajantes de Papel~O Viajante de Papel~volume:1~DIGITAL~qtd:2~data:2025-08-04 || 77~Reinos do Bosque~A Coroa de Folhas~volume:3~FISICO~qtd:3~data:2025-12-23 || 83~Luzes do Sul~A Estrada do Sul~volume:2~FISICO~qtd:1~data:2026-05-27 || 76~Reinos do Bosque~O Bosque Adormecido~volume:2~DIGITAL~qtd:1~data:2026-09-05
429,Ana Mendes Ferreira,28,CPF,700.000.429-01,74~Reinos do Bosque~A Semente de Prata~volume:1~DIGITAL~qtd:2~data:2024-08-01 || 6~As Torres de Âmbar~A Torre do Amanhecer~volume:3~DIGITAL~qtd:1~data:2025-11-18
USR-000430,  ALICE MENDES DIAS  ,83,RG,99.000.430-3,12~Marés do Norte~Cartas da Cidade Azul~volume:2~DIGITAL~qtd:1~data:2024-07-02 || 87~Luzes do Sul~Depois do Horizonte~volume:4~FISICO~qtd:2~data:2024-08-10 || 18~Arquivos do Céu~A Biblioteca das Nuvens~volume:1~DIGITAL~qtd:3~data:2025-03-11 || 57~Serra Dourada~Crônicas da Serra Dourada~volume:1~FISICO~qtd:1~data:2025-09-21 || 82~Luzes do Sul~A Primeira Luz~volume:1~DIGITAL~qtd:2~data:2026-01-03 || 14~Marés do Norte~O Último Faroleiro~volume:3~DIGITAL~qtd:2~data:2026-07-11
USR-000431,Marina Dias Moreira,71,CPF,700.000.431-26,20~Arquivos do Céu~O Mapa de Vidro~volume:2~DIGITAL~qtd:1~data:2025-11-08
432,Olívia Souza Almeida,76 anos,rg,99.000.432-7,51~Viajantes de Papel~O Trem das Estrelas~volume:2~FISICO~qtd:3~data:2024-06-03 || 18~Arquivos do Céu~A Biblioteca das Nuvens~volume:1~DIGITAL~qtd:3~data:2024-12-15 || 20~Arquivos do Céu~O Mapa de Vidro~volume:2~DIGITAL~qtd:1~data:2025-05-21 || 34~Ilhas Errantes~A Ilha dos Ventos~volume:1~DIGITAL~qtd:1~data:2025-08-30
USR-000433,Vitor Barbosa Gomes,64,CPF,700.000.433-98,49~Viajantes de Papel~O Viajante de Papel~volume:1~FISICO~qtd:1~data:2024-05-16 || 44~Jardins Secretos~As Pontes de Aurora~volume:2~DIGITAL~qtd:1~data:2024-05-20 || 18~Arquivos do Céu~A Biblioteca das Nuvens~volume:1~DIGITAL~qtd:1~data:2024-06-20 || 54~Viajantes de Papel~A Estrada de Cristal~volume:3~DIGITAL~qtd:2~data:2024-06-23 || 72~Cidades de Sal~A Cidade sem Portas~volume:4~DIGITAL~qtd:1~data:2025-01-15 || 73~Reinos do Bosque~A Semente de Prata~volume:1~FISICO~qtd:2~data:2025-05-22 || 31~Estações~A Última Página do Verão~volume:4~FISICO~qtd:2~data:2026-04-16 || 4~As Torres de Âmbar~O Vale das Lanternas~volume:2~DIGITAL~qtd:3~data:2026-08-08
USR-000434,rafaela mendes nunes,51,RG,99.000.434-1,38~Ilhas Errantes~O Porto das Histórias~volume:3~DIGITAL~qtd:3~data:2024-02-15 || 44~Jardins Secretos~As Pontes de Aurora~volume:2~DIGITAL~qtd:1~data:2024-04-26 || 49~Viajantes de Papel~O Viajante de Papel~volume:1~FISICO~qtd:3~data:2024-06-04 || 34~Ilhas Errantes~A Ilha dos Ventos~volume:1~DIGITAL~qtd:1~data:2025-02-01 || 8~As Torres de Âmbar~O Reino de Cinzas~volume:4~DIGITAL~qtd:2~data:2025-05-25 || 77~Reinos do Bosque~A Coroa de Folhas~volume:3~FISICO~qtd:2~data:2025-07-01 || 43~Jardins Secretos~As Pontes de Aurora~volume:2~FISICO~qtd:3~data:2025-08-28
435,Samuel Lima Ferreira,57,CPF,700.000.435-50,56~Viajantes de Papel~Os Dias do Cometa~volume:4~DIGITAL~qtd:1~data:2025-07-11 || 26~Estações~Caminhos de Outono~volume:1~DIGITAL~qtd:3~data:2025-10-11 || 82~Luzes do Sul~A Primeira Luz~volume:1~DIGITAL~qtd:2~data:2026-01-26 || 65~Cidades de Sal~O Labirinto de Sal~volume:1~FISICO~qtd:1~data:2026-02-27 || 42~Jardins Secretos~O Segredo das Acácias~volume:1~DIGITAL~qtd:2~data:2026-04-29 || 12~Marés do Norte~Cartas da Cidade Azul~volume:2~DIGITAL~qtd:3~data:2026-09-20
USR-000436,João Santos Souza,31 anos,RG,99.000.436-5,26~Estações~Caminhos de Outono~volume:1~DIGITAL~qtd:1~data:2024-04-11 || 67~Cidades de Sal~O Relógio da Praça~volume:2~FISICO~qtd:2~data:2026-07-09
USR-000437,Bruno Lima Dias,48,CPF,700.000.437-11,85~Luzes do Sul~O Farol de Cristal~volume:3~FISICO~qtd:3~data:2025-09-24 || 19~Arquivos do Céu~O Mapa de Vidro~volume:2~FISICO~qtd:2~data:2025-10-15 || 35~Ilhas Errantes~Memórias do Rio Claro~volume:2~FISICO~qtd:3~data:2025-11-03 || 73~Reinos do Bosque~A Semente de Prata~volume:1~FISICO~qtd:1~data:2026-05-26 || 93~Crônicas do Tempo~Os Dias Invertidos~volume:3~FISICO~qtd:2~data:2026-07-03
438,Caio Ribeiro Rocha,38,rg,99.000.438-9,22~Arquivos do Céu~O Palácio dos Ventos~volume:3~DIGITAL~qtd:3~data:2024-02-10 || 55~Viajantes de Papel~Os Dias do Cometa~volume:4~FISICO~qtd:2~data:2024-07-10 || 9~Marés do Norte~O Jardim das Marés~volume:1~FISICO~qtd:3~data:2024-07-14 || 61~Serra Dourada~Horizontes de Cobre~volume:3~FISICO~qtd:2~data:2024-08-12 || 63~Serra Dourada~Os Guardiões do Horizonte~volume:4~FISICO~qtd:1~data:2024-09-28 || 68~Cidades de Sal~O Relógio da Praça~volume:2~DIGITAL~qtd:2~data:2024-10-20 || 58~Serra Dourada~Crônicas da Serra Dourada~volume:1~DIGITAL~qtd:2~data:2026-04-08 || 67~Cidades de Sal~O Relógio da Praça~volume:2~FISICO~qtd:2~data:2026-04-16 || 64~Serra Dourada~Os Guardiões do Horizonte~volume:4~DIGITAL~qtd:2~data:2026-08-25
USR-000439,Karina Cardoso Rocha,83,CPF,700.000.439-83,86~Luzes do Sul~O Farol de Cristal~volume:3~DIGITAL~qtd:1~data:2024-02-05 || 68~Cidades de Sal~O Relógio da Praça~volume:2~DIGITAL~qtd:3~data:2024-05-08 || 33~Ilhas Errantes~A Ilha dos Ventos~volume:1~FISICO~qtd:1~data:2024-05-16 || 18~Arquivos do Céu~A Biblioteca das Nuvens~volume:1~DIGITAL~qtd:2~data:2025-06-09 || 82~Luzes do Sul~A Primeira Luz~volume:1~DIGITAL~qtd:1~data:2026-01-20 || 44~Jardins Secretos~As Pontes de Aurora~volume:2~DIGITAL~qtd:2~data:2026-06-13
USR-000440,  DANIEL SANTOS BARBOSA  ,76 anos,RG,99.000.440-3,51~Viajantes de Papel~O Trem das Estrelas~volume:2~FISICO~qtd:3~data:2024-06-18 || 73~Reinos do Bosque~A Semente de Prata~volume:1~FISICO~qtd:2~data:2024-09-01 || 25~Estações~Caminhos de Outono~volume:1~FISICO~qtd:2~data:2025-02-03 || 26~Estações~Caminhos de Outono~volume:1~DIGITAL~qtd:2~data:2025-11-09
441,samuel ribeiro santos,27,CPF,700.000.441-06,16~Marés do Norte~A Ilha Submersa~volume:4~DIGITAL~qtd:2~data:2024-05-04 || 24~Arquivos do Céu~A Última Constelação~volume:4~DIGITAL~qtd:3~data:2025-06-05 || 44~Jardins Secretos~As Pontes de Aurora~volume:2~DIGITAL~qtd:1~data:2025-07-14 || 25~Estações~Caminhos de Outono~volume:1~FISICO~qtd:1~data:2025-09-13 || 88~Luzes do Sul~Depois do Horizonte~volume:4~DIGITAL~qtd:2~data:2025-09-21
USR-000442,Rafaela Moreira Teixeira,42,RG,99.000.442-7,20~Arquivos do Céu~O Mapa de Vidro~volume:2~DIGITAL~qtd:3~data:2025-04-07
USR-000443,Lucas Mendes Lima,37,CPF,700.000.443-60,20~Arquivos do Céu~O Mapa de Vidro~volume:2~DIGITAL~qtd:2~data:2024-05-09 || 48~Jardins Secretos~A Canção dos Pinheiros~volume:4~DIGITAL~qtd:3~data:2024-09-30 || 62~Serra Dourada~Horizontes de Cobre~volume:3~DIGITAL~qtd:3~data:2025-02-12 || 51~Viajantes de Papel~O Trem das Estrelas~volume:2~FISICO~qtd:3~data:2025-05-07 || 19~Arquivos do Céu~O Mapa de Vidro~volume:2~FISICO~qtd:3~data:2025-07-20 || 53~Viajantes de Papel~A Estrada de Cristal~volume:3~FISICO~qtd:3~data:2025-08-16 || 41~Jardins Secretos~O Segredo das Acácias~volume:1~FISICO~qtd:1~data:2025-11-10
444,João Santos Vieira,49 anos,rg,99.000.444-1,65~Cidades de Sal~O Labirinto de Sal~volume:1~FISICO~qtd:3~data:2024-01-29 || 87~Luzes do Sul~Depois do Horizonte~volume:4~FISICO~qtd:3~data:2024-04-01 || 11~Marés do Norte~Cartas da Cidade Azul~volume:2~FISICO~qtd:2~data:2024-08-06 || 62~Serra Dourada~Horizontes de Cobre~volume:3~DIGITAL~qtd:1~data:2025-06-15 || 91~Crônicas do Tempo~A Hora Esquecida~volume:2~FISICO~qtd:2~data:2025-11-26
USR-000445,Eduardo Souza Gomes,59,CPF,700.000.445-21,92~Crônicas do Tempo~A Hora Esquecida~volume:2~DIGITAL~qtd:1~data:2024-04-19
USR-000446,Carla Souza Henriques,29,RG,99.000.446-5,65~Cidades de Sal~O Labirinto de Sal~volume:1~FISICO~qtd:1~data:2024-02-23 || 95~Crônicas do Tempo~O Último Minuto~volume:4~FISICO~qtd:2~data:2024-05-16 || 68~Cidades de Sal~O Relógio da Praça~volume:2~DIGITAL~qtd:1~data:2024-05-26 || 60~Serra Dourada~A Oficina dos Sonhos~volume:2~DIGITAL~qtd:2~data:2024-07-17 || 43~Jardins Secretos~As Pontes de Aurora~volume:2~FISICO~qtd:3~data:2025-03-11 || 6~As Torres de Âmbar~A Torre do Amanhecer~volume:3~DIGITAL~qtd:3~data:2025-05-04 || 33~Ilhas Errantes~A Ilha dos Ventos~volume:1~FISICO~qtd:2~data:2026-03-13 || 12~Marés do Norte~Cartas da Cidade Azul~volume:2~DIGITAL~qtd:2~data:2026-03-22 || 72~Cidades de Sal~A Cidade sem Portas~volume:4~DIGITAL~qtd:2~data:2026-03-24 || 13~Marés do Norte~O Último Faroleiro~volume:3~FISICO~qtd:2~data:2026-07-09
447,Daniel Souza Cardoso,23,CPF,700.000.447-93,36~Ilhas Errantes~Memórias do Rio Claro~volume:2~DIGITAL~qtd:2~data:2024-05-30 || 77~Reinos do Bosque~A Coroa de Folhas~volume:3~FISICO~qtd:1~data:2024-09-13 || 31~Estações~A Última Página do Verão~volume:4~FISICO~qtd:3~data:2024-12-29 || 48~Jardins Secretos~A Canção dos Pinheiros~volume:4~DIGITAL~qtd:1~data:2025-08-13 || 26~Estações~Caminhos de Outono~volume:1~DIGITAL~qtd:3~data:2025-09-01 || 43~Jardins Secretos~As Pontes de Aurora~volume:2~FISICO~qtd:3~data:2025-12-19 || 65~Cidades de Sal~O Labirinto de Sal~volume:1~FISICO~qtd:1~data:2026-06-06
USR-000448,gabriela vieira rocha,47 anos,RG,99.000.448-9,19~Arquivos do Céu~O Mapa de Vidro~volume:2~FISICO~qtd:3~data:2024-04-04 || 66~Cidades de Sal~O Labirinto de Sal~volume:1~DIGITAL~qtd:1~data:2024-08-01 || 35~Ilhas Errantes~Memórias do Rio Claro~volume:2~FISICO~qtd:3~data:2024-08-27 || 68~Cidades de Sal~O Relógio da Praça~volume:2~DIGITAL~qtd:2~data:2024-10-15 || 63~Serra Dourada~Os Guardiões do Horizonte~volume:4~FISICO~qtd:2~data:2024-11-23 || 31~Estações~A Última Página do Verão~volume:4~FISICO~qtd:2~data:2026-03-28
USR-000449,Samuel Lima Cardoso,47,CPF,700.000.449-55,21~Arquivos do Céu~O Palácio dos Ventos~volume:3~FISICO~qtd:2~data:2025-11-11 || 15~Marés do Norte~A Ilha Submersa~volume:4~FISICO~qtd:2~data:2026-01-31 || 49~Viajantes de Papel~O Viajante de Papel~volume:1~FISICO~qtd:3~data:2026-06-21
450,  CARLA BARBOSA CARDOSO  ,58,rg,99.000.450-3,36~Ilhas Errantes~Memórias do Rio Claro~volume:2~DIGITAL~qtd:2~data:2024-07-19 || 51~Viajantes de Papel~O Trem das Estrelas~volume:2~FISICO~qtd:3~data:2024-11-26 || 37~Ilhas Errantes~O Porto das Histórias~volume:3~FISICO~qtd:1~data:2026-04-28 || 70~Cidades de Sal~O Mercado das Sombras~volume:3~DIGITAL~qtd:1~data:2026-06-04
USR-000451,Gabriela Mendes Rocha,48,CPF,700.000.451-70,72~Cidades de Sal~A Cidade sem Portas~volume:4~DIGITAL~qtd:2~data:2024-05-25 || 13~Marés do Norte~O Último Faroleiro~volume:3~FISICO~qtd:2~data:2024-07-17 || 14~Marés do Norte~O Último Faroleiro~volume:3~DIGITAL~qtd:3~data:2025-01-27 || 59~Serra Dourada~A Oficina dos Sonhos~volume:2~FISICO~qtd:3~data:2025-05-04 || 55~Viajantes de Papel~Os Dias do Cometa~volume:4~FISICO~qtd:1~data:2025-06-14 || 39~Ilhas Errantes~A Travessia das Flores~volume:4~FISICO~qtd:2~data:2025-07-26 || 91~Crônicas do Tempo~A Hora Esquecida~volume:2~FISICO~qtd:2~data:2025-12-03 || 66~Cidades de Sal~O Labirinto de Sal~volume:1~DIGITAL~qtd:2~data:2026-02-25
USR-000452,Olívia Henriques Nunes,26 anos,RG,99.000.452-7,47~Jardins Secretos~A Canção dos Pinheiros~volume:4~FISICO~qtd:2~data:2024-09-02 || 45~Jardins Secretos~A Casa das Sete Janelas~volume:3~FISICO~qtd:3~data:2026-04-30 || 73~Reinos do Bosque~A Semente de Prata~volume:1~FISICO~qtd:1~data:2026-07-11
453,Hugo Costa Henriques,31,CPF,700.000.453-31,3~As Torres de Âmbar~O Vale das Lanternas~volume:2~FISICO~qtd:2~data:2024-02-18 || 37~Ilhas Errantes~O Porto das Histórias~volume:3~FISICO~qtd:3~data:2024-04-16 || 72~Cidades de Sal~A Cidade sem Portas~volume:4~DIGITAL~qtd:3~data:2024-04-26 || 84~Luzes do Sul~A Estrada do Sul~volume:2~DIGITAL~qtd:2~data:2024-05-08 || 69~Cidades de Sal~O Mercado das Sombras~volume:3~FISICO~qtd:2~data:2024-07-07 || 2~As Torres de Âmbar~A Chave de Âmbar~volume:1~DIGITAL~qtd:1~data:2024-08-15 || 68~Cidades de Sal~O Relógio da Praça~volume:2~DIGITAL~qtd:2~data:2024-08-17 || 73~Reinos do Bosque~A Semente de Prata~volume:1~FISICO~qtd:3~data:2024-10-05 || 33~Ilhas Errantes~A Ilha dos Ventos~volume:1~FISICO~qtd:1~data:2024-11-25
USR-000454,Isabela Almeida Esteves,52,RG,99.000.454-1,83~Luzes do Sul~A Estrada do Sul~volume:2~FISICO~qtd:1~data:2025-05-18 || 46~Jardins Secretos~A Casa das Sete Janelas~volume:3~DIGITAL~qtd:2~data:2025-06-29 || 1~As Torres de Âmbar~A Chave de Âmbar~volume:1~FISICO~qtd:2~data:2025-11-11 || 47~Jardins Secretos~A Canção dos Pinheiros~volume:4~FISICO~qtd:3~data:2025-11-25
USR-000455,isabela cardoso souza,72,CPF,700.000.455-01,79~Reinos do Bosque~O Guardião das Raízes~volume:4~FISICO~qtd:2~data:2024-01-02 || 18~Arquivos do Céu~A Biblioteca das Nuvens~volume:1~DIGITAL~qtd:2~data:2024-04-23 || 35~Ilhas Errantes~Memórias do Rio Claro~volume:2~FISICO~qtd:2~data:2024-08-11 || 5~As Torres de Âmbar~A Torre do Amanhecer~volume:3~FISICO~qtd:2~data:2024-12-09 || 89~Crônicas do Tempo~O Relógio Partido~volume:1~FISICO~qtd:2~data:2025-04-21
456,João Rocha Lima,29 anos,rg,99.000.456-5,78~Reinos do Bosque~A Coroa de Folhas~volume:3~DIGITAL~qtd:2~data:2024-06-22 || 60~Serra Dourada~A Oficina dos Sonhos~volume:2~DIGITAL~qtd:2~data:2024-12-02 || 49~Viajantes de Papel~O Viajante de Papel~volume:1~FISICO~qtd:3~data:2026-02-07
USR-000457,Daniel Souza Martins,61,CPF,700.000.457-65,84~Luzes do Sul~A Estrada do Sul~volume:2~DIGITAL~qtd:3~data:2024-06-23 || 82~Luzes do Sul~A Primeira Luz~volume:1~DIGITAL~qtd:1~data:2025-06-15 || 96~Crônicas do Tempo~O Último Minuto~volume:4~DIGITAL~qtd:3~data:2025-06-18 || 38~Ilhas Errantes~O Porto das Histórias~volume:3~DIGITAL~qtd:3~data:2025-08-13 || 45~Jardins Secretos~A Casa das Sete Janelas~volume:3~FISICO~qtd:1~data:2026-01-01 || 3~As Torres de Âmbar~O Vale das Lanternas~volume:2~FISICO~qtd:3~data:2026-03-24 || 78~Reinos do Bosque~A Coroa de Folhas~volume:3~DIGITAL~qtd:3~data:2026-05-28 || 26~Estações~Caminhos de Outono~volume:1~DIGITAL~qtd:1~data:2026-05-30 || 69~Cidades de Sal~O Mercado das Sombras~volume:3~FISICO~qtd:1~data:2026-07-14
USR-000458,Isabela Henriques Ferreira,18,RG,99.000.458-9,14~Marés do Norte~O Último Faroleiro~volume:3~DIGITAL~qtd:3~data:2024-03-17 || 3~As Torres de Âmbar~O Vale das Lanternas~volume:2~FISICO~qtd:2~data:2024-03-17 || 53~Viajantes de Papel~A Estrada de Cristal~volume:3~FISICO~qtd:1~data:2024-03-24 || 96~Crônicas do Tempo~O Último Minuto~volume:4~DIGITAL~qtd:2~data:2024-05-17 || 49~Viajantes de Papel~O Viajante de Papel~volume:1~FISICO~qtd:1~data:2025-06-15 || 31~Estações~A Última Página do Verão~volume:4~FISICO~qtd:1~data:2026-07-23
459,Karina Moreira Pereira,80,CPF,700.000.459-27,26~Estações~Caminhos de Outono~volume:1~DIGITAL~qtd:3~data:2024-03-03 || 93~Crônicas do Tempo~Os Dias Invertidos~volume:3~FISICO~qtd:2~data:2025-06-20 || 64~Serra Dourada~Os Guardiões do Horizonte~volume:4~DIGITAL~qtd:1~data:2025-11-10 || 14~Marés do Norte~O Último Faroleiro~volume:3~DIGITAL~qtd:3~data:2026-01-15
USR-000460,  RAFAELA TEIXEIRA HENRIQUES  ,80 anos,RG,99.000.460-3,53~Viajantes de Papel~A Estrada de Cristal~volume:3~FISICO~qtd:2~data:2024-06-13 || 68~Cidades de Sal~O Relógio da Praça~volume:2~DIGITAL~qtd:3~data:2025-03-18 || 51~Viajantes de Papel~O Trem das Estrelas~volume:2~FISICO~qtd:3~data:2025-06-06 || 72~Cidades de Sal~A Cidade sem Portas~volume:4~DIGITAL~qtd:2~data:2025-09-04 || 39~Ilhas Errantes~A Travessia das Flores~volume:4~FISICO~qtd:1~data:2025-11-29 || 46~Jardins Secretos~A Casa das Sete Janelas~volume:3~DIGITAL~qtd:3~data:2026-02-08 || 44~Jardins Secretos~As Pontes de Aurora~volume:2~DIGITAL~qtd:1~data:2026-02-24 || 76~Reinos do Bosque~O Bosque Adormecido~volume:2~DIGITAL~qtd:1~data:2026-06-08 || 12~Marés do Norte~Cartas da Cidade Azul~volume:2~DIGITAL~qtd:1~data:2026-07-19 || 95~Crônicas do Tempo~O Último Minuto~volume:4~FISICO~qtd:3~data:2026-08-06
USR-000461,Elisa Barbosa Ribeiro,55,CPF,700.000.461-41,55~Viajantes de Papel~Os Dias do Cometa~volume:4~FISICO~qtd:2~data:2024-01-02 || 16~Marés do Norte~A Ilha Submersa~volume:4~DIGITAL~qtd:3~data:2024-04-06 || 15~Marés do Norte~A Ilha Submersa~volume:4~FISICO~qtd:2~data:2025-05-20 || 72~Cidades de Sal~A Cidade sem Portas~volume:4~DIGITAL~qtd:3~data:2025-08-01 || 23~Arquivos do Céu~A Última Constelação~volume:4~FISICO~qtd:3~data:2025-08-30 || 62~Serra Dourada~Horizontes de Cobre~volume:3~DIGITAL~qtd:1~data:2026-02-28 || 20~Arquivos do Céu~O Mapa de Vidro~volume:2~DIGITAL~qtd:1~data:2026-08-09
462,teresa ferreira gomes,65,rg,99.000.462-7,5~As Torres de Âmbar~A Torre do Amanhecer~volume:3~FISICO~qtd:1~data:2024-03-01 || 35~Ilhas Errantes~Memórias do Rio Claro~volume:2~FISICO~qtd:3~data:2024-04-18 || 3~As Torres de Âmbar~O Vale das Lanternas~volume:2~FISICO~qtd:2~data:2024-06-21 || 79~Reinos do Bosque~O Guardião das Raízes~volume:4~FISICO~qtd:2~data:2024-07-15 || 67~Cidades de Sal~O Relógio da Praça~volume:2~FISICO~qtd:1~data:2024-07-24 || 11~Marés do Norte~Cartas da Cidade Azul~volume:2~FISICO~qtd:1~data:2024-08-27 || 78~Reinos do Bosque~A Coroa de Folhas~volume:3~DIGITAL~qtd:3~data:2025-05-07 || 26~Estações~Caminhos de Outono~volume:1~DIGITAL~qtd:2~data:2025-08-26 || 21~Arquivos do Céu~O Palácio dos Ventos~volume:3~FISICO~qtd:1~data:2025-10-01 || 8~As Torres de Âmbar~O Reino de Cinzas~volume:4~DIGITAL~qtd:2~data:2025-12-07
USR-000463,Caio Gomes Ribeiro,31,CPF,700.000.463-03,38~Ilhas Errantes~O Porto das Histórias~volume:3~DIGITAL~qtd:3~data:2024-07-02 || 31~Estações~A Última Página do Verão~volume:4~FISICO~qtd:2~data:2024-10-06 || 24~Arquivos do Céu~A Última Constelação~volume:4~DIGITAL~qtd:3~data:2025-01-28 || 27~Estações~O Caderno de Inverno~volume:2~FISICO~qtd:1~data:2025-08-31 || 78~Reinos do Bosque~A Coroa de Folhas~volume:3~DIGITAL~qtd:2~data:2025-10-03 || 15~Marés do Norte~A Ilha Submersa~volume:4~FISICO~qtd:3~data:2026-01-27 || 72~Cidades de Sal~A Cidade sem Portas~volume:4~DIGITAL~qtd:3~data:2026-05-20
USR-000464,Isabela Gomes Almeida,42 anos,RG,99.000.464-1,56~Viajantes de Papel~Os Dias do Cometa~volume:4~DIGITAL~qtd:2~data:2024-01-05 || 31~Estações~A Última Página do Verão~volume:4~FISICO~qtd:1~data:2024-11-07 || 25~Estações~Caminhos de Outono~volume:1~FISICO~qtd:1~data:2025-01-23 || 18~Arquivos do Céu~A Biblioteca das Nuvens~volume:1~DIGITAL~qtd:2~data:2025-05-10 || 50~Viajantes de Papel~O Viajante de Papel~volume:1~DIGITAL~qtd:2~data:2025-05-17 || 2~As Torres de Âmbar~A Chave de Âmbar~volume:1~DIGITAL~qtd:1~data:2025-10-16 || 35~Ilhas Errantes~Memórias do Rio Claro~volume:2~FISICO~qtd:3~data:2025-10-19
465,Daniel Ribeiro Moreira,67,CPF,700.000.465-75,19~Arquivos do Céu~O Mapa de Vidro~volume:2~FISICO~qtd:2~data:2025-09-05 || 88~Luzes do Sul~Depois do Horizonte~volume:4~DIGITAL~qtd:1~data:2026-04-10
USR-000466,Hugo Vieira Pereira,47,RG,99.000.466-5,50~Viajantes de Papel~O Viajante de Papel~volume:1~DIGITAL~qtd:3~data:2024-07-06 || 78~Reinos do Bosque~A Coroa de Folhas~volume:3~DIGITAL~qtd:1~data:2024-08-11 || 40~Ilhas Errantes~A Travessia das Flores~volume:4~DIGITAL~qtd:3~data:2024-08-23 || 83~Luzes do Sul~A Estrada do Sul~volume:2~FISICO~qtd:3~data:2024-10-11 || 36~Ilhas Errantes~Memórias do Rio Claro~volume:2~DIGITAL~qtd:2~data:2025-01-29 || 75~Reinos do Bosque~O Bosque Adormecido~volume:2~FISICO~qtd:2~data:2026-09-05
USR-000467,Nuno Almeida Teixeira,27,CPF,700.000.467-37,8~As Torres de Âmbar~O Reino de Cinzas~volume:4~DIGITAL~qtd:3~data:2026-03-29
468,Carla Oliveira Dias,19 anos,rg,99.000.468-9,60~Serra Dourada~A Oficina dos Sonhos~volume:2~DIGITAL~qtd:3~data:2024-07-02 || 74~Reinos do Bosque~A Semente de Prata~volume:1~DIGITAL~qtd:1~data:2025-01-03 || 84~Luzes do Sul~A Estrada do Sul~volume:2~DIGITAL~qtd:3~data:2025-03-22 || 22~Arquivos do Céu~O Palácio dos Ventos~volume:3~DIGITAL~qtd:2~data:2025-08-07 || 80~Reinos do Bosque~O Guardião das Raízes~volume:4~DIGITAL~qtd:2~data:2025-10-15
USR-000469,vitor dias moreira,19,CPF,700.000.469-07,21~Arquivos do Céu~O Palácio dos Ventos~volume:3~FISICO~qtd:2~data:2024-03-08 || 2~As Torres de Âmbar~A Chave de Âmbar~volume:1~DIGITAL~qtd:2~data:2024-05-31 || 22~Arquivos do Céu~O Palácio dos Ventos~volume:3~DIGITAL~qtd:3~data:2026-02-14 || 20~Arquivos do Céu~O Mapa de Vidro~volume:2~DIGITAL~qtd:2~data:2026-03-24 || 67~Cidades de Sal~O Relógio da Praça~volume:2~FISICO~qtd:1~data:2026-04-30 || 25~Estações~Caminhos de Outono~volume:1~FISICO~qtd:3~data:2026-06-05
USR-000470,  VITOR CARDOSO RIBEIRO  ,67,RG,99.000.470-3,51~Viajantes de Papel~O Trem das Estrelas~volume:2~FISICO~qtd:3~data:2024-09-19 || 61~Serra Dourada~Horizontes de Cobre~volume:3~FISICO~qtd:2~data:2025-03-03 || 19~Arquivos do Céu~O Mapa de Vidro~volume:2~FISICO~qtd:2~data:2025-05-16 || 18~Arquivos do Céu~A Biblioteca das Nuvens~volume:1~DIGITAL~qtd:3~data:2025-07-18 || 6~As Torres de Âmbar~A Torre do Amanhecer~volume:3~DIGITAL~qtd:2~data:2026-09-24
471,Samuel Nunes Costa,44,CPF,700.000.471-13,15~Marés do Norte~A Ilha Submersa~volume:4~FISICO~qtd:1~data:2024-01-22 || 38~Ilhas Errantes~O Porto das Histórias~volume:3~DIGITAL~qtd:1~data:2024-03-19 || 77~Reinos do Bosque~A Coroa de Folhas~volume:3~FISICO~qtd:2~data:2024-09-09 || 70~Cidades de Sal~O Mercado das Sombras~volume:3~DIGITAL~qtd:2~data:2024-11-09 || 30~Estações~O Retrato da Primavera~volume:3~DIGITAL~qtd:2~data:2025-01-07 || 45~Jardins Secretos~A Casa das Sete Janelas~volume:3~FISICO~qtd:1~data:2025-06-30 || 39~Ilhas Errantes~A Travessia das Flores~volume:4~FISICO~qtd:3~data:2026-04-13
USR-000472,Ana Souza Almeida,59 anos,RG,99.000.472-7,17~Arquivos do Céu~A Biblioteca das Nuvens~volume:1~FISICO~qtd:3~data:2024-03-23 || 83~Luzes do Sul~A Estrada do Sul~volume:2~FISICO~qtd:3~data:2024-06-21 || 56~Viajantes de Papel~Os Dias do Cometa~volume:4~DIGITAL~qtd:1~data:2024-07-06
USR-000473,Gabriela Teixeira Ferreira,36,CPF,700.000.473-85,7~As Torres de Âmbar~O Reino de Cinzas~volume:4~FISICO~qtd:3~data:2024-10-05 || 88~Luzes do Sul~Depois do Horizonte~volume:4~DIGITAL~qtd:1~data:2025-06-17 || 49~Viajantes de Papel~O Viajante de Papel~volume:1~FISICO~qtd:1~data:2025-11-11
474,Pedro Teixeira Barbosa,77,rg,99.000.474-1,19~Arquivos do Céu~O Mapa de Vidro~volume:2~FISICO~qtd:2~data:2024-05-11 || 42~Jardins Secretos~O Segredo das Acácias~volume:1~DIGITAL~qtd:3~data:2024-05-23 || 54~Viajantes de Papel~A Estrada de Cristal~volume:3~DIGITAL~qtd:1~data:2024-08-01 || 38~Ilhas Errantes~O Porto das Histórias~volume:3~DIGITAL~qtd:3~data:2025-06-04 || 57~Serra Dourada~Crônicas da Serra Dourada~volume:1~FISICO~qtd:1~data:2025-09-27 || 45~Jardins Secretos~A Casa das Sete Janelas~volume:3~FISICO~qtd:1~data:2026-06-11
USR-000475,Lucas Pereira Nunes,52,CPF,700.000.475-47,96~Crônicas do Tempo~O Último Minuto~volume:4~DIGITAL~qtd:3~data:2024-12-09 || 46~Jardins Secretos~A Casa das Sete Janelas~volume:3~DIGITAL~qtd:2~data:2026-01-20 || 91~Crônicas do Tempo~A Hora Esquecida~volume:2~FISICO~qtd:2~data:2026-05-11
USR-000476,débora almeida souza,74 anos,RG,99.000.476-5,64~Serra Dourada~Os Guardiões do Horizonte~volume:4~DIGITAL~qtd:3~data:2024-01-11 || 53~Viajantes de Papel~A Estrada de Cristal~volume:3~FISICO~qtd:3~data:2024-05-17 || 6~As Torres de Âmbar~A Torre do Amanhecer~volume:3~DIGITAL~qtd:3~data:2024-08-02 || 84~Luzes do Sul~A Estrada do Sul~volume:2~DIGITAL~qtd:1~data:2024-10-14 || 59~Serra Dourada~A Oficina dos Sonhos~volume:2~FISICO~qtd:3~data:2025-03-10 || 25~Estações~Caminhos de Outono~volume:1~FISICO~qtd:3~data:2026-04-03 || 48~Jardins Secretos~A Canção dos Pinheiros~volume:4~DIGITAL~qtd:3~data:2026-04-19 || 32~Estações~A Última Página do Verão~volume:4~DIGITAL~qtd:1~data:2026-05-13 || 29~Estações~O Retrato da Primavera~volume:3~FISICO~qtd:2~data:2026-07-09 || 26~Estações~Caminhos de Outono~volume:1~DIGITAL~qtd:1~data:2026-07-28
477,Bruno Vieira Vieira,47,CPF,700.000.477-09,66~Cidades de Sal~O Labirinto de Sal~volume:1~DIGITAL~qtd:3~data:2024-05-21 || 77~Reinos do Bosque~A Coroa de Folhas~volume:3~FISICO~qtd:1~data:2024-11-18 || 41~Jardins Secretos~O Segredo das Acácias~volume:1~FISICO~qtd:2~data:2025-06-08
USR-000478,Teresa Barbosa Esteves,64,RG,99.000.478-9,25~Estações~Caminhos de Outono~volume:1~FISICO~qtd:1~data:2024-04-16 || 96~Crônicas do Tempo~O Último Minuto~volume:4~DIGITAL~qtd:2~data:2025-01-08 || 36~Ilhas Errantes~Memórias do Rio Claro~volume:2~DIGITAL~qtd:3~data:2025-05-01 || 80~Reinos do Bosque~O Guardião das Raízes~volume:4~DIGITAL~qtd:2~data:2025-06-09 || 32~Estações~A Última Página do Verão~volume:4~DIGITAL~qtd:2~data:2025-08-05 || 16~Marés do Norte~A Ilha Submersa~volume:4~DIGITAL~qtd:2~data:2026-01-08 || 87~Luzes do Sul~Depois do Horizonte~volume:4~FISICO~qtd:2~data:2026-02-08 || 55~Viajantes de Papel~Os Dias do Cometa~volume:4~FISICO~qtd:3~data:2026-09-07 || 6~As Torres de Âmbar~A Torre do Amanhecer~volume:3~DIGITAL~qtd:2~data:2026-09-19
USR-000479,Gabriela Dias Henriques,73,CPF,700.000.479-71,80~Reinos do Bosque~O Guardião das Raízes~volume:4~DIGITAL~qtd:2~data:2024-02-23 || 7~As Torres de Âmbar~O Reino de Cinzas~volume:4~FISICO~qtd:1~data:2024-04-29 || 60~Serra Dourada~A Oficina dos Sonhos~volume:2~DIGITAL~qtd:2~data:2024-08-21 || 21~Arquivos do Céu~O Palácio dos Ventos~volume:3~FISICO~qtd:3~data:2024-11-25 || 87~Luzes do Sul~Depois do Horizonte~volume:4~FISICO~qtd:3~data:2025-01-01 || 45~Jardins Secretos~A Casa das Sete Janelas~volume:3~FISICO~qtd:3~data:2025-01-30 || 68~Cidades de Sal~O Relógio da Praça~volume:2~DIGITAL~qtd:3~data:2025-08-14 || 41~Jardins Secretos~O Segredo das Acácias~volume:1~FISICO~qtd:1~data:2026-07-28 || 27~Estações~O Caderno de Inverno~volume:2~FISICO~qtd:2~data:2026-09-01
480,  JOÃO VIEIRA RIBEIRO  ,65 anos,rg,99.000.480-3,30~Estações~O Retrato da Primavera~volume:3~DIGITAL~qtd:3~data:2025-11-15
USR-000481,Gabriela Henriques Costa,43,CPF,700.000.481-95,69~Cidades de Sal~O Mercado das Sombras~volume:3~FISICO~qtd:3~data:2024-01-11 || 41~Jardins Secretos~O Segredo das Acácias~volume:1~FISICO~qtd:2~data:2024-02-05 || 5~As Torres de Âmbar~A Torre do Amanhecer~volume:3~FISICO~qtd:3~data:2024-08-18 || 39~Ilhas Errantes~A Travessia das Flores~volume:4~FISICO~qtd:1~data:2024-10-19 || 28~Estações~O Caderno de Inverno~volume:2~DIGITAL~qtd:2~data:2024-10-24
USR-000482,Carla Henriques Souza,52,RG,99.000.482-7,76~Reinos do Bosque~O Bosque Adormecido~volume:2~DIGITAL~qtd:1~data:2025-08-26
483,isabela ribeiro mendes,84,CPF,700.000.483-57,87~Luzes do Sul~Depois do Horizonte~volume:4~FISICO~qtd:2~data:2024-01-13 || 20~Arquivos do Céu~O Mapa de Vidro~volume:2~DIGITAL~qtd:2~data:2025-01-12 || 46~Jardins Secretos~A Casa das Sete Janelas~volume:3~DIGITAL~qtd:1~data:2025-04-21 || 75~Reinos do Bosque~O Bosque Adormecido~volume:2~FISICO~qtd:2~data:2025-05-08 || 34~Ilhas Errantes~A Ilha dos Ventos~volume:1~DIGITAL~qtd:3~data:2025-12-11 || 56~Viajantes de Papel~Os Dias do Cometa~volume:4~DIGITAL~qtd:2~data:2026-05-17 || 96~Crônicas do Tempo~O Último Minuto~volume:4~DIGITAL~qtd:3~data:2026-07-14
USR-000484,Teresa Martins Costa,60 anos,RG,99.000.484-1,58~Serra Dourada~Crônicas da Serra Dourada~volume:1~DIGITAL~qtd:1~data:2024-03-23 || 8~As Torres de Âmbar~O Reino de Cinzas~volume:4~DIGITAL~qtd:2~data:2024-08-14 || 35~Ilhas Errantes~Memórias do Rio Claro~volume:2~FISICO~qtd:3~data:2024-10-01 || 73~Reinos do Bosque~A Semente de Prata~volume:1~FISICO~qtd:3~data:2025-03-18 || 67~Cidades de Sal~O Relógio da Praça~volume:2~FISICO~qtd:2~data:2025-04-03 || 15~Marés do Norte~A Ilha Submersa~volume:4~FISICO~qtd:2~data:2025-12-19
USR-000485,Carla Souza Barbosa,58,CPF,700.000.485-19,91~Crônicas do Tempo~A Hora Esquecida~volume:2~FISICO~qtd:1~data:2024-02-19 || 72~Cidades de Sal~A Cidade sem Portas~volume:4~DIGITAL~qtd:1~data:2025-03-15 || 93~Crônicas do Tempo~Os Dias Invertidos~volume:3~FISICO~qtd:2~data:2025-08-24 || 35~Ilhas Errantes~Memórias do Rio Claro~volume:2~FISICO~qtd:1~data:2026-02-06 || 77~Reinos do Bosque~A Coroa de Folhas~volume:3~FISICO~qtd:2~data:2026-06-11
486,Carla Ribeiro Mendes,57,rg,99.000.486-5,75~Reinos do Bosque~O Bosque Adormecido~volume:2~FISICO~qtd:2~data:2024-03-12 || 44~Jardins Secretos~As Pontes de Aurora~volume:2~DIGITAL~qtd:3~data:2024-11-26 || 55~Viajantes de Papel~Os Dias do Cometa~volume:4~FISICO~qtd:2~data:2025-04-10 || 89~Crônicas do Tempo~O Relógio Partido~volume:1~FISICO~qtd:1~data:2025-04-18 || 81~Luzes do Sul~A Primeira Luz~volume:1~FISICO~qtd:2~data:2025-05-31 || 9~Marés do Norte~O Jardim das Marés~volume:1~FISICO~qtd:1~data:2026-05-14 || 58~Serra Dourada~Crônicas da Serra Dourada~volume:1~DIGITAL~qtd:1~data:2026-06-06
USR-000487,Marina Barbosa Cardoso,46,CPF,700.000.487-81,38~Ilhas Errantes~O Porto das Histórias~volume:3~DIGITAL~qtd:3~data:2024-09-20 || 69~Cidades de Sal~O Mercado das Sombras~volume:3~FISICO~qtd:3~data:2024-10-14 || 29~Estações~O Retrato da Primavera~volume:3~FISICO~qtd:3~data:2025-12-06 || 70~Cidades de Sal~O Mercado das Sombras~volume:3~DIGITAL~qtd:1~data:2026-05-09 || 39~Ilhas Errantes~A Travessia das Flores~volume:4~FISICO~qtd:3~data:2026-07-06 || 28~Estações~O Caderno de Inverno~volume:2~DIGITAL~qtd:1~data:2026-07-16
USR-000488,Caio Nunes Souza,55 anos,RG,99.000.488-9,27~Estações~O Caderno de Inverno~volume:2~FISICO~qtd:1~data:2025-02-27 || 64~Serra Dourada~Os Guardiões do Horizonte~volume:4~DIGITAL~qtd:2~data:2026-01-29 || 60~Serra Dourada~A Oficina dos Sonhos~volume:2~DIGITAL~qtd:2~data:2026-04-06 || 84~Luzes do Sul~A Estrada do Sul~volume:2~DIGITAL~qtd:3~data:2026-07-06
489,Carla Gomes Vieira,56,CPF,700.000.489-42,51~Viajantes de Papel~O Trem das Estrelas~volume:2~FISICO~qtd:3~data:2024-02-27 || 72~Cidades de Sal~A Cidade sem Portas~volume:4~DIGITAL~qtd:1~data:2025-02-09 || 11~Marés do Norte~Cartas da Cidade Azul~volume:2~FISICO~qtd:2~data:2025-07-12 || 82~Luzes do Sul~A Primeira Luz~volume:1~DIGITAL~qtd:2~data:2025-09-23 || 3~As Torres de Âmbar~O Vale das Lanternas~volume:2~FISICO~qtd:3~data:2025-10-19 || 57~Serra Dourada~Crônicas da Serra Dourada~volume:1~FISICO~qtd:2~data:2026-02-14 || 70~Cidades de Sal~O Mercado das Sombras~volume:3~DIGITAL~qtd:2~data:2026-09-15
USR-000490,  MARINA VIEIRA ALMEIDA  ,76,RG,99.000.490-3,94~Crônicas do Tempo~Os Dias Invertidos~volume:3~DIGITAL~qtd:2~data:2024-07-16 || 29~Estações~O Retrato da Primavera~volume:3~FISICO~qtd:1~data:2025-02-12 || 19~Arquivos do Céu~O Mapa de Vidro~volume:2~FISICO~qtd:1~data:2025-06-27 || 69~Cidades de Sal~O Mercado das Sombras~volume:3~FISICO~qtd:1~data:2025-09-13 || 84~Luzes do Sul~A Estrada do Sul~volume:2~DIGITAL~qtd:1~data:2026-01-04 || 67~Cidades de Sal~O Relógio da Praça~volume:2~FISICO~qtd:2~data:2026-02-07
USR-000491,Rafaela Gomes Esteves,43,CPF,700.000.491-67,37~Ilhas Errantes~O Porto das Histórias~volume:3~FISICO~qtd:2~data:2025-04-05 || 81~Luzes do Sul~A Primeira Luz~volume:1~FISICO~qtd:3~data:2026-04-27 || 89~Crônicas do Tempo~O Relógio Partido~volume:1~FISICO~qtd:3~data:2026-06-29
492,Ana Martins Costa,38 anos,rg,99.000.492-7,42~Jardins Secretos~O Segredo das Acácias~volume:1~DIGITAL~qtd:1~data:2024-02-24 || 78~Reinos do Bosque~A Coroa de Folhas~volume:3~DIGITAL~qtd:2~data:2025-04-15 || 46~Jardins Secretos~A Casa das Sete Janelas~volume:3~DIGITAL~qtd:1~data:2026-03-12 || 33~Ilhas Errantes~A Ilha dos Ventos~volume:1~FISICO~qtd:1~data:2026-04-07
USR-000493,Eduardo Ribeiro Henriques,22,CPF,700.000.493-29,18~Arquivos do Céu~A Biblioteca das Nuvens~volume:1~DIGITAL~qtd:2~data:2024-04-14 || 73~Reinos do Bosque~A Semente de Prata~volume:1~FISICO~qtd:2~data:2024-08-06 || 35~Ilhas Errantes~Memórias do Rio Claro~volume:2~FISICO~qtd:2~data:2024-12-02 || 19~Arquivos do Céu~O Mapa de Vidro~volume:2~FISICO~qtd:1~data:2025-01-23 || 79~Reinos do Bosque~O Guardião das Raízes~volume:4~FISICO~qtd:1~data:2025-12-17 || 13~Marés do Norte~O Último Faroleiro~volume:3~FISICO~qtd:2~data:2026-07-27 || 33~Ilhas Errantes~A Ilha dos Ventos~volume:1~FISICO~qtd:1~data:2026-08-10
USR-000494,Felipe Henriques Pereira,28,RG,99.000.494-1,16~Marés do Norte~A Ilha Submersa~volume:4~DIGITAL~qtd:2~data:2026-04-02
495,Karina Oliveira Oliveira,20,CPF,700.000.495-91,47~Jardins Secretos~A Canção dos Pinheiros~volume:4~FISICO~qtd:3~data:2024-05-04 || 51~Viajantes de Papel~O Trem das Estrelas~volume:2~FISICO~qtd:2~data:2025-04-13
USR-000496,Isabela Lima Rocha,24 anos,RG,99.000.496-5,34~Ilhas Errantes~A Ilha dos Ventos~volume:1~DIGITAL~qtd:2~data:2025-03-02 || 53~Viajantes de Papel~A Estrada de Cristal~volume:3~FISICO~qtd:3~data:2026-01-18 || 29~Estações~O Retrato da Primavera~volume:3~FISICO~qtd:3~data:2026-08-31
USR-000497,carla ferreira barbosa,68,CPF,700.000.497-52,21~Arquivos do Céu~O Palácio dos Ventos~volume:3~FISICO~qtd:1~data:2024-08-10 || 40~Ilhas Errantes~A Travessia das Flores~volume:4~DIGITAL~qtd:1~data:2026-06-21
498,Isabela Esteves Henriques,18,rg,99.000.498-9,29~Estações~O Retrato da Primavera~volume:3~FISICO~qtd:1~data:2026-09-02
USR-000499,Felipe Nunes Ferreira,36,CPF,700.000.499-14,84~Luzes do Sul~A Estrada do Sul~volume:2~DIGITAL~qtd:3~data:2024-03-17 || 90~Crônicas do Tempo~O Relógio Partido~volume:1~DIGITAL~qtd:3~data:2024-12-16 || 54~Viajantes de Papel~A Estrada de Cristal~volume:3~DIGITAL~qtd:2~data:2025-09-10 || 72~Cidades de Sal~A Cidade sem Portas~volume:4~DIGITAL~qtd:3~data:2026-03-01
USR-000500,  FELIPE BARBOSA DIAS  ,70 anos,RG,99.000.500-3,14~Marés do Norte~O Último Faroleiro~volume:3~DIGITAL~qtd:3~data:2024-02-26 || 30~Estações~O Retrato da Primavera~volume:3~DIGITAL~qtd:1~data:2024-03-14 || 12~Marés do Norte~Cartas da Cidade Azul~volume:2~DIGITAL~qtd:1~data:2024-08-26 || 71~Cidades de Sal~A Cidade sem Portas~volume:4~FISICO~qtd:2~data:2024-10-11 || 70~Cidades de Sal~O Mercado das Sombras~volume:3~DIGITAL~qtd:3~data:2024-10-23 || 17~Arquivos do Céu~A Biblioteca das Nuvens~volume:1~FISICO~qtd:2~data:2025-07-23 || 76~Reinos do Bosque~O Bosque Adormecido~volume:2~DIGITAL~qtd:3~data:2025-12-13 || 60~Serra Dourada~A Oficina dos Sonhos~volume:2~DIGITAL~qtd:1~data:2026-04-11 || 77~Reinos do Bosque~A Coroa de Folhas~volume:3~FISICO~qtd:3~data:2026-07-16 || 82~Luzes do Sul~A Primeira Luz~volume:1~DIGITAL~qtd:2~data:2026-08-17
501,Bruno Esteves Costa,79,CPF,700.000.501-73,69~Cidades de Sal~O Mercado das Sombras~volume:3~FISICO~qtd:3~data:2024-07-11 || 44~Jardins Secretos~As Pontes de Aurora~volume:2~DIGITAL~qtd:3~data:2025-02-03 || 5~As Torres de Âmbar~A Torre do Amanhecer~volume:3~FISICO~qtd:2~data:2025-10-28 || 7~As Torres de Âmbar~O Reino de Cinzas~volume:4~FISICO~qtd:2~data:2025-11-26 || 3~As Torres de Âmbar~O Vale das Lanternas~volume:2~FISICO~qtd:2~data:2026-04-11
USR-000502,Karina Rocha Lima,55,RG,99.000.502-7,17~Arquivos do Céu~A Biblioteca das Nuvens~volume:1~FISICO~qtd:3~data:2024-09-20 || 55~Viajantes de Papel~Os Dias do Cometa~volume:4~FISICO~qtd:3~data:2024-12-30 || 46~Jardins Secretos~A Casa das Sete Janelas~volume:3~DIGITAL~qtd:2~data:2025-11-15 || 12~Marés do Norte~Cartas da Cidade Azul~volume:2~DIGITAL~qtd:1~data:2026-07-27
USR-000503,Lucas Ferreira Costa,57,CPF,700.000.503-35,73~Reinos do Bosque~A Semente de Prata~volume:1~FISICO~qtd:3~data:2024-01-06 || 62~Serra Dourada~Horizontes de Cobre~volume:3~DIGITAL~qtd:1~data:2024-04-20 || 18~Arquivos do Céu~A Biblioteca das Nuvens~volume:1~DIGITAL~qtd:3~data:2024-09-16 || 71~Cidades de Sal~A Cidade sem Portas~volume:4~FISICO~qtd:2~data:2024-09-29 || 30~Estações~O Retrato da Primavera~volume:3~DIGITAL~qtd:2~data:2024-10-07 || 55~Viajantes de Papel~Os Dias do Cometa~volume:4~FISICO~qtd:3~data:2024-10-28 || 96~Crônicas do Tempo~O Último Minuto~volume:4~DIGITAL~qtd:3~data:2024-12-04 || 66~Cidades de Sal~O Labirinto de Sal~volume:1~DIGITAL~qtd:2~data:2025-03-08 || 33~Ilhas Errantes~A Ilha dos Ventos~volume:1~FISICO~qtd:3~data:2025-10-13
504,rafaela mendes santos,62 anos,rg,99.000.504-1,58~Serra Dourada~Crônicas da Serra Dourada~volume:1~DIGITAL~qtd:2~data:2025-02-07 || 37~Ilhas Errantes~O Porto das Histórias~volume:3~FISICO~qtd:2~data:2025-06-06 || 11~Marés do Norte~Cartas da Cidade Azul~volume:2~FISICO~qtd:2~data:2025-09-01 || 29~Estações~O Retrato da Primavera~volume:3~FISICO~qtd:2~data:2025-09-24 || 20~Arquivos do Céu~O Mapa de Vidro~volume:2~DIGITAL~qtd:1~data:2026-05-28 || 30~Estações~O Retrato da Primavera~volume:3~DIGITAL~qtd:3~data:2026-09-05
USR-000505,Elisa Cardoso Almeida,73,CPF,700.000.505-05,1~As Torres de Âmbar~A Chave de Âmbar~volume:1~FISICO~qtd:3~data:2024-04-29 || 51~Viajantes de Papel~O Trem das Estrelas~volume:2~FISICO~qtd:3~data:2025-05-01 || 36~Ilhas Errantes~Memórias do Rio Claro~volume:2~DIGITAL~qtd:1~data:2025-08-07 || 43~Jardins Secretos~As Pontes de Aurora~volume:2~FISICO~qtd:1~data:2025-10-31 || 45~Jardins Secretos~A Casa das Sete Janelas~volume:3~FISICO~qtd:3~data:2025-12-05 || 14~Marés do Norte~O Último Faroleiro~volume:3~DIGITAL~qtd:2~data:2026-04-24 || 77~Reinos do Bosque~A Coroa de Folhas~volume:3~FISICO~qtd:2~data:2026-05-20 || 22~Arquivos do Céu~O Palácio dos Ventos~volume:3~DIGITAL~qtd:1~data:2026-05-25 || 81~Luzes do Sul~A Primeira Luz~volume:1~FISICO~qtd:2~data:2026-07-30 || 28~Estações~O Caderno de Inverno~volume:2~DIGITAL~qtd:2~data:2026-09-23
USR-000506,Elisa Souza Pereira,56,RG,99.000.506-5,87~Luzes do Sul~Depois do Horizonte~volume:4~FISICO~qtd:2~data:2024-01-25 || 72~Cidades de Sal~A Cidade sem Portas~volume:4~DIGITAL~qtd:2~data:2024-05-01 || 96~Crônicas do Tempo~O Último Minuto~volume:4~DIGITAL~qtd:1~data:2025-03-14 || 12~Marés do Norte~Cartas da Cidade Azul~volume:2~DIGITAL~qtd:1~data:2026-01-09 || 7~As Torres de Âmbar~O Reino de Cinzas~volume:4~FISICO~qtd:3~data:2026-03-22 || 54~Viajantes de Papel~A Estrada de Cristal~volume:3~DIGITAL~qtd:2~data:2026-07-10
507,Felipe Cardoso Esteves,75,CPF,700.000.507-69,16~Marés do Norte~A Ilha Submersa~volume:4~DIGITAL~qtd:3~data:2024-05-28 || 68~Cidades de Sal~O Relógio da Praça~volume:2~DIGITAL~qtd:3~data:2024-09-12 || 67~Cidades de Sal~O Relógio da Praça~volume:2~FISICO~qtd:1~data:2025-09-25 || 88~Luzes do Sul~Depois do Horizonte~volume:4~DIGITAL~qtd:2~data:2025-11-04 || 4~As Torres de Âmbar~O Vale das Lanternas~volume:2~DIGITAL~qtd:2~data:2025-11-10 || 42~Jardins Secretos~O Segredo das Acácias~volume:1~DIGITAL~qtd:1~data:2026-02-01 || 22~Arquivos do Céu~O Palácio dos Ventos~volume:3~DIGITAL~qtd:2~data:2026-07-12 || 95~Crônicas do Tempo~O Último Minuto~volume:4~FISICO~qtd:1~data:2026-07-19
USR-000508,Vitor Cardoso Santos,18 anos,RG,99.000.508-9,21~Arquivos do Céu~O Palácio dos Ventos~volume:3~FISICO~qtd:2~data:2024-02-21 || 92~Crônicas do Tempo~A Hora Esquecida~volume:2~DIGITAL~qtd:1~data:2024-06-06 || 76~Reinos do Bosque~O Bosque Adormecido~volume:2~DIGITAL~qtd:1~data:2024-08-04 || 59~Serra Dourada~A Oficina dos Sonhos~volume:2~FISICO~qtd:1~data:2025-03-20 || 74~Reinos do Bosque~A Semente de Prata~volume:1~DIGITAL~qtd:1~data:2026-01-09 || 81~Luzes do Sul~A Primeira Luz~volume:1~FISICO~qtd:1~data:2026-03-11 || 10~Marés do Norte~O Jardim das Marés~volume:1~DIGITAL~qtd:3~data:2026-09-19
USR-000509,Daniel Gomes Souza,47,CPF,700.000.509-21,34~Ilhas Errantes~A Ilha dos Ventos~volume:1~DIGITAL~qtd:2~data:2024-01-05 || 49~Viajantes de Papel~O Viajante de Papel~volume:1~FISICO~qtd:1~data:2024-09-06 || 14~Marés do Norte~O Último Faroleiro~volume:3~DIGITAL~qtd:1~data:2024-09-25 || 41~Jardins Secretos~O Segredo das Acácias~volume:1~FISICO~qtd:2~data:2025-01-13 || 43~Jardins Secretos~As Pontes de Aurora~volume:2~FISICO~qtd:3~data:2025-01-15 || 21~Arquivos do Céu~O Palácio dos Ventos~volume:3~FISICO~qtd:2~data:2025-02-03 || 77~Reinos do Bosque~A Coroa de Folhas~volume:3~FISICO~qtd:3~data:2025-04-22 || 6~As Torres de Âmbar~A Torre do Amanhecer~volume:3~DIGITAL~qtd:1~data:2025-12-13 || 13~Marés do Norte~O Último Faroleiro~volume:3~FISICO~qtd:2~data:2026-01-01 || 54~Viajantes de Papel~A Estrada de Cristal~volume:3~DIGITAL~qtd:2~data:2026-04-06
510,  TERESA PEREIRA VIEIRA  ,47,rg,99.000.510-3,83~Luzes do Sul~A Estrada do Sul~volume:2~FISICO~qtd:3~data:2025-06-01
USR-000511,joão vieira santos,85,CPF,700.000.511-45,31~Estações~A Última Página do Verão~volume:4~FISICO~qtd:1~data:2025-02-04 || 46~Jardins Secretos~A Casa das Sete Janelas~volume:3~DIGITAL~qtd:2~data:2025-04-19 || 88~Luzes do Sul~Depois do Horizonte~volume:4~DIGITAL~qtd:1~data:2025-07-02 || 29~Estações~O Retrato da Primavera~volume:3~FISICO~qtd:1~data:2025-09-13
USR-000512,Felipe Ribeiro Lima,31 anos,RG,99.000.512-7,87~Luzes do Sul~Depois do Horizonte~volume:4~FISICO~qtd:1~data:2024-11-27 || 45~Jardins Secretos~A Casa das Sete Janelas~volume:3~FISICO~qtd:1~data:2025-04-13 || 60~Serra Dourada~A Oficina dos Sonhos~volume:2~DIGITAL~qtd:2~data:2025-07-16 || 63~Serra Dourada~Os Guardiões do Horizonte~volume:4~FISICO~qtd:1~data:2025-09-06 || 22~Arquivos do Céu~O Palácio dos Ventos~volume:3~DIGITAL~qtd:2~data:2026-08-04
513,Gabriela Esteves Esteves,70,CPF,700.000.513-07,95~Crônicas do Tempo~O Último Minuto~volume:4~FISICO~qtd:1~data:2026-05-22
USR-000514,Karina Esteves Nunes,54,RG,99.000.514-1,76~Reinos do Bosque~O Bosque Adormecido~volume:2~DIGITAL~qtd:2~data:2024-03-20 || 4~As Torres de Âmbar~O Vale das Lanternas~volume:2~DIGITAL~qtd:1~data:2024-06-07 || 77~Reinos do Bosque~A Coroa de Folhas~volume:3~FISICO~qtd:2~data:2024-12-10 || 6~As Torres de Âmbar~A Torre do Amanhecer~volume:3~DIGITAL~qtd:2~data:2025-05-26 || 24~Arquivos do Céu~A Última Constelação~volume:4~DIGITAL~qtd:2~data:2026-04-20 || 52~Viajantes de Papel~O Trem das Estrelas~volume:2~DIGITAL~qtd:3~data:2026-06-13
USR-000515,Felipe Lima Henriques,83,CPF,700.000.515-79,34~Ilhas Errantes~A Ilha dos Ventos~volume:1~DIGITAL~qtd:1~data:2024-06-28 || 40~Ilhas Errantes~A Travessia das Flores~volume:4~DIGITAL~qtd:1~data:2025-05-26 || 56~Viajantes de Papel~Os Dias do Cometa~volume:4~DIGITAL~qtd:3~data:2025-08-16 || 65~Cidades de Sal~O Labirinto de Sal~volume:1~FISICO~qtd:2~data:2025-11-03 || 43~Jardins Secretos~As Pontes de Aurora~volume:2~FISICO~qtd:1~data:2025-11-22
516,Débora Souza Teixeira,85 anos,rg,99.000.516-5,31~Estações~A Última Página do Verão~volume:4~FISICO~qtd:3~data:2024-10-14 || 1~As Torres de Âmbar~A Chave de Âmbar~volume:1~FISICO~qtd:3~data:2025-06-13 || 44~Jardins Secretos~As Pontes de Aurora~volume:2~DIGITAL~qtd:1~data:2025-07-17 || 68~Cidades de Sal~O Relógio da Praça~volume:2~DIGITAL~qtd:1~data:2026-06-19
USR-000517,Ana Rocha Nunes,62,CPF,700.000.517-31,65~Cidades de Sal~O Labirinto de Sal~volume:1~FISICO~qtd:2~data:2024-10-01
USR-000518,karina cardoso nunes,22,RG,99.000.518-9,61~Serra Dourada~Horizontes de Cobre~volume:3~FISICO~qtd:2~data:2024-02-22 || 32~Estações~A Última Página do Verão~volume:4~DIGITAL~qtd:1~data:2025-02-08 || 40~Ilhas Errantes~A Travessia das Flores~volume:4~DIGITAL~qtd:2~data:2025-09-17 || 93~Crônicas do Tempo~Os Dias Invertidos~volume:3~FISICO~qtd:3~data:2025-11-03 || 7~As Torres de Âmbar~O Reino de Cinzas~volume:4~FISICO~qtd:1~data:2026-02-07 || 60~Serra Dourada~A Oficina dos Sonhos~volume:2~DIGITAL~qtd:2~data:2026-08-08
519,Bruno Henriques Almeida,50,CPF,700.000.519-01,41~Jardins Secretos~O Segredo das Acácias~volume:1~FISICO~qtd:1~data:2024-01-09 || 22~Arquivos do Céu~O Palácio dos Ventos~volume:3~DIGITAL~qtd:2~data:2025-01-12 || 12~Marés do Norte~Cartas da Cidade Azul~volume:2~DIGITAL~qtd:1~data:2025-05-04 || 10~Marés do Norte~O Jardim das Marés~volume:1~DIGITAL~qtd:2~data:2026-04-20 || 79~Reinos do Bosque~O Guardião das Raízes~volume:4~FISICO~qtd:2~data:2026-05-19 || 6~As Torres de Âmbar~A Torre do Amanhecer~volume:3~DIGITAL~qtd:3~data:2026-06-03 || 51~Viajantes de Papel~O Trem das Estrelas~volume:2~FISICO~qtd:1~data:2026-07-25
USR-000520,  SAMUEL MENDES SANTOS  ,21 anos,RG,99.000.520-3,68~Cidades de Sal~O Relógio da Praça~volume:2~DIGITAL~qtd:2~data:2024-10-09 || 78~Reinos do Bosque~A Coroa de Folhas~volume:3~DIGITAL~qtd:1~data:2024-12-02 || 35~Ilhas Errantes~Memórias do Rio Claro~volume:2~FISICO~qtd:2~data:2025-06-07 || 81~Luzes do Sul~A Primeira Luz~volume:1~FISICO~qtd:1~data:2025-06-13 || 45~Jardins Secretos~A Casa das Sete Janelas~volume:3~FISICO~qtd:2~data:2025-10-05 || 21~Arquivos do Céu~O Palácio dos Ventos~volume:3~FISICO~qtd:1~data:2026-07-14
USR-000521,Marina Ferreira Lima,74,CPF,700.000.521-17,68~Cidades de Sal~O Relógio da Praça~volume:2~DIGITAL~qtd:3~data:2024-01-11 || 17~Arquivos do Céu~A Biblioteca das Nuvens~volume:1~FISICO~qtd:3~data:2024-03-10 || 96~Crônicas do Tempo~O Último Minuto~volume:4~DIGITAL~qtd:3~data:2024-07-29 || 94~Crônicas do Tempo~Os Dias Invertidos~volume:3~DIGITAL~qtd:2~data:2025-01-07 || 62~Serra Dourada~Horizontes de Cobre~volume:3~DIGITAL~qtd:2~data:2025-10-20 || 30~Estações~O Retrato da Primavera~volume:3~DIGITAL~qtd:3~data:2025-12-15 || 22~Arquivos do Céu~O Palácio dos Ventos~volume:3~DIGITAL~qtd:3~data:2026-02-04 || 15~Marés do Norte~A Ilha Submersa~volume:4~FISICO~qtd:2~data:2026-05-04 || 53~Viajantes de Papel~A Estrada de Cristal~volume:3~FISICO~qtd:2~data:2026-08-10 || 95~Crônicas do Tempo~O Último Minuto~volume:4~FISICO~qtd:3~data:2026-09-09
522,Bruno Oliveira Martins,53,rg,99.000.522-7,16~Marés do Norte~A Ilha Submersa~volume:4~DIGITAL~qtd:1~data:2024-04-21 || 9~Marés do Norte~O Jardim das Marés~volume:1~FISICO~qtd:1~data:2026-07-20
USR-000523,Débora Santos Oliveira,53,CPF,700.000.523-89,10~Marés do Norte~O Jardim das Marés~volume:1~DIGITAL~qtd:1~data:2024-02-17 || 90~Crônicas do Tempo~O Relógio Partido~volume:1~DIGITAL~qtd:3~data:2024-03-07 || 41~Jardins Secretos~O Segredo das Acácias~volume:1~FISICO~qtd:2~data:2024-04-21 || 39~Ilhas Errantes~A Travessia das Flores~volume:4~FISICO~qtd:3~data:2024-06-18 || 28~Estações~O Caderno de Inverno~volume:2~DIGITAL~qtd:2~data:2025-07-31 || 87~Luzes do Sul~Depois do Horizonte~volume:4~FISICO~qtd:3~data:2026-07-14 || 47~Jardins Secretos~A Canção dos Pinheiros~volume:4~FISICO~qtd:3~data:2026-08-24
USR-000524,Bruno Oliveira Ribeiro,47 anos,RG,99.000.524-1,80~Reinos do Bosque~O Guardião das Raízes~volume:4~DIGITAL~qtd:3~data:2024-01-24 || 48~Jardins Secretos~A Canção dos Pinheiros~volume:4~DIGITAL~qtd:2~data:2024-04-16 || 4~As Torres de Âmbar~O Vale das Lanternas~volume:2~DIGITAL~qtd:3~data:2025-01-08 || 59~Serra Dourada~A Oficina dos Sonhos~volume:2~FISICO~qtd:3~data:2025-02-06 || 32~Estações~A Última Página do Verão~volume:4~DIGITAL~qtd:2~data:2025-03-08 || 29~Estações~O Retrato da Primavera~volume:3~FISICO~qtd:3~data:2026-09-20
525,ana oliveira costa,81,CPF,700.000.525-41,43~Jardins Secretos~As Pontes de Aurora~volume:2~FISICO~qtd:3~data:2024-12-07 || 18~Arquivos do Céu~A Biblioteca das Nuvens~volume:1~DIGITAL~qtd:1~data:2024-12-13 || 20~Arquivos do Céu~O Mapa de Vidro~volume:2~DIGITAL~qtd:3~data:2025-08-15 || 19~Arquivos do Céu~O Mapa de Vidro~volume:2~FISICO~qtd:2~data:2025-08-29 || 92~Crônicas do Tempo~A Hora Esquecida~volume:2~DIGITAL~qtd:1~data:2026-02-01 || 4~As Torres de Âmbar~O Vale das Lanternas~volume:2~DIGITAL~qtd:1~data:2026-08-08 || 77~Reinos do Bosque~A Coroa de Folhas~volume:3~FISICO~qtd:1~data:2026-08-27 || 51~Viajantes de Papel~O Trem das Estrelas~volume:2~FISICO~qtd:1~data:2026-09-05
USR-000526,Teresa Esteves Costa,37,RG,99.000.526-5,61~Serra Dourada~Horizontes de Cobre~volume:3~FISICO~qtd:1~data:2024-05-24 || 32~Estações~A Última Página do Verão~volume:4~DIGITAL~qtd:3~data:2024-08-01 || 68~Cidades de Sal~O Relógio da Praça~volume:2~DIGITAL~qtd:2~data:2024-08-14 || 90~Crônicas do Tempo~O Relógio Partido~volume:1~DIGITAL~qtd:1~data:2024-12-21 || 18~Arquivos do Céu~A Biblioteca das Nuvens~volume:1~DIGITAL~qtd:3~data:2025-11-10 || 89~Crônicas do Tempo~O Relógio Partido~volume:1~FISICO~qtd:2~data:2025-12-01
USR-000527,Nuno Gomes Barbosa,53,CPF,700.000.527-02,66~Cidades de Sal~O Labirinto de Sal~volume:1~DIGITAL~qtd:3~data:2024-04-20 || 52~Viajantes de Papel~O Trem das Estrelas~volume:2~DIGITAL~qtd:3~data:2024-05-30 || 41~Jardins Secretos~O Segredo das Acácias~volume:1~FISICO~qtd:3~data:2024-08-17 || 79~Reinos do Bosque~O Guardião das Raízes~volume:4~FISICO~qtd:3~data:2024-12-07 || 19~Arquivos do Céu~O Mapa de Vidro~volume:2~FISICO~qtd:1~data:2025-04-27 || 11~Marés do Norte~Cartas da Cidade Azul~volume:2~FISICO~qtd:3~data:2025-08-27 || 26~Estações~Caminhos de Outono~volume:1~DIGITAL~qtd:2~data:2026-03-26
528,Caio Vieira Gomes,54 anos,rg,99.000.528-9,27~Estações~O Caderno de Inverno~volume:2~FISICO~qtd:2~data:2024-03-05 || 81~Luzes do Sul~A Primeira Luz~volume:1~FISICO~qtd:2~data:2024-05-15 || 76~Reinos do Bosque~O Bosque Adormecido~volume:2~DIGITAL~qtd:3~data:2024-05-22 || 22~Arquivos do Céu~O Palácio dos Ventos~volume:3~DIGITAL~qtd:1~data:2024-10-16 || 78~Reinos do Bosque~A Coroa de Folhas~volume:3~DIGITAL~qtd:2~data:2025-02-19 || 33~Ilhas Errantes~A Ilha dos Ventos~volume:1~FISICO~qtd:1~data:2025-03-02 || 37~Ilhas Errantes~O Porto das Histórias~volume:3~FISICO~qtd:2~data:2025-09-12 || 8~As Torres de Âmbar~O Reino de Cinzas~volume:4~DIGITAL~qtd:1~data:2025-10-02 || 41~Jardins Secretos~O Segredo das Acácias~volume:1~FISICO~qtd:3~data:2025-11-06 || 17~Arquivos do Céu~A Biblioteca das Nuvens~volume:1~FISICO~qtd:3~data:2026-05-02
USR-000529,Eduardo Henriques Gomes,75,CPF,700.000.529-74,62~Serra Dourada~Horizontes de Cobre~volume:3~DIGITAL~qtd:2~data:2024-03-19 || 93~Crônicas do Tempo~Os Dias Invertidos~volume:3~FISICO~qtd:3~data:2024-08-07 || 10~Marés do Norte~O Jardim das Marés~volume:1~DIGITAL~qtd:1~data:2024-10-22 || 51~Viajantes de Papel~O Trem das Estrelas~volume:2~FISICO~qtd:1~data:2025-05-14 || 5~As Torres de Âmbar~A Torre do Amanhecer~volume:3~FISICO~qtd:2~data:2025-06-06 || 4~As Torres de Âmbar~O Vale das Lanternas~volume:2~DIGITAL~qtd:2~data:2025-11-25
USR-000530,  ALICE ROCHA TEIXEIRA  ,73,RG,99.000.530-3,19~Arquivos do Céu~O Mapa de Vidro~volume:2~FISICO~qtd:1~data:2024-05-10 || 47~Jardins Secretos~A Canção dos Pinheiros~volume:4~FISICO~qtd:3~data:2024-05-11 || 54~Viajantes de Papel~A Estrada de Cristal~volume:3~DIGITAL~qtd:2~data:2024-06-24 || 61~Serra Dourada~Horizontes de Cobre~volume:3~FISICO~qtd:3~data:2024-06-28 || 82~Luzes do Sul~A Primeira Luz~volume:1~DIGITAL~qtd:2~data:2024-08-22 || 66~Cidades de Sal~O Labirinto de Sal~volume:1~DIGITAL~qtd:1~data:2025-02-26 || 40~Ilhas Errantes~A Travessia das Flores~volume:4~DIGITAL~qtd:2~data:2025-07-07
531,Samuel Teixeira Pereira,54,CPF,700.000.531-99,90~Crônicas do Tempo~O Relógio Partido~volume:1~DIGITAL~qtd:3~data:2024-03-12 || 21~Arquivos do Céu~O Palácio dos Ventos~volume:3~FISICO~qtd:1~data:2024-04-17 || 67~Cidades de Sal~O Relógio da Praça~volume:2~FISICO~qtd:2~data:2025-03-18 || 88~Luzes do Sul~Depois do Horizonte~volume:4~DIGITAL~qtd:1~data:2025-08-25
USR-000532,débora mendes rocha,18 anos,RG,99.000.532-7,65~Cidades de Sal~O Labirinto de Sal~volume:1~FISICO~qtd:1~data:2024-01-28 || 44~Jardins Secretos~As Pontes de Aurora~volume:2~DIGITAL~qtd:1~data:2024-08-30 || 31~Estações~A Última Página do Verão~volume:4~FISICO~qtd:2~data:2024-10-17 || 41~Jardins Secretos~O Segredo das Acácias~volume:1~FISICO~qtd:3~data:2025-01-28 || 27~Estações~O Caderno de Inverno~volume:2~FISICO~qtd:2~data:2025-07-31 || 74~Reinos do Bosque~A Semente de Prata~volume:1~DIGITAL~qtd:2~data:2025-09-03 || 82~Luzes do Sul~A Primeira Luz~volume:1~DIGITAL~qtd:3~data:2026-03-12 || 19~Arquivos do Céu~O Mapa de Vidro~volume:2~FISICO~qtd:1~data:2026-05-03 || 14~Marés do Norte~O Último Faroleiro~volume:3~DIGITAL~qtd:2~data:2026-05-30 || 83~Luzes do Sul~A Estrada do Sul~volume:2~FISICO~qtd:1~data:2026-07-20
USR-000533,Vitor Gomes Teixeira,38,CPF,700.000.533-51,61~Serra Dourada~Horizontes de Cobre~volume:3~FISICO~qtd:1~data:2024-05-01 || 21~Arquivos do Céu~O Palácio dos Ventos~volume:3~FISICO~qtd:1~data:2024-10-08 || 28~Estações~O Caderno de Inverno~volume:2~DIGITAL~qtd:2~data:2024-10-27 || 46~Jardins Secretos~A Casa das Sete Janelas~volume:3~DIGITAL~qtd:3~data:2024-12-17 || 53~Viajantes de Papel~A Estrada de Cristal~volume:3~FISICO~qtd:3~data:2025-01-04 || 82~Luzes do Sul~A Primeira Luz~volume:1~DIGITAL~qtd:1~data:2025-03-08 || 56~Viajantes de Papel~Os Dias do Cometa~volume:4~DIGITAL~qtd:2~data:2025-03-16 || 84~Luzes do Sul~A Estrada do Sul~volume:2~DIGITAL~qtd:3~data:2025-06-19 || 69~Cidades de Sal~O Mercado das Sombras~volume:3~FISICO~qtd:3~data:2025-12-08 || 64~Serra Dourada~Os Guardiões do Horizonte~volume:4~DIGITAL~qtd:1~data:2026-01-08
534,Hugo Pereira Vieira,82,rg,99.000.534-1,21~Arquivos do Céu~O Palácio dos Ventos~volume:3~FISICO~qtd:3~data:2024-03-01 || 59~Serra Dourada~A Oficina dos Sonhos~volume:2~FISICO~qtd:2~data:2024-07-21 || 7~As Torres de Âmbar~O Reino de Cinzas~volume:4~FISICO~qtd:1~data:2025-01-25 || 92~Crônicas do Tempo~A Hora Esquecida~volume:2~DIGITAL~qtd:1~data:2025-01-31 || 19~Arquivos do Céu~O Mapa de Vidro~volume:2~FISICO~qtd:2~data:2025-03-28 || 62~Serra Dourada~Horizontes de Cobre~volume:3~DIGITAL~qtd:1~data:2025-08-01 || 14~Marés do Norte~O Último Faroleiro~volume:3~DIGITAL~qtd:1~data:2025-09-23
USR-000535,Rafaela Almeida Ribeiro,36,CPF,700.000.535-12,74~Reinos do Bosque~A Semente de Prata~volume:1~DIGITAL~qtd:2~data:2024-02-17 || 10~Marés do Norte~O Jardim das Marés~volume:1~DIGITAL~qtd:2~data:2024-08-16 || 55~Viajantes de Papel~Os Dias do Cometa~volume:4~FISICO~qtd:2~data:2025-01-15 || 31~Estações~A Última Página do Verão~volume:4~FISICO~qtd:2~data:2025-03-17 || 4~As Torres de Âmbar~O Vale das Lanternas~volume:2~DIGITAL~qtd:3~data:2025-05-13 || 60~Serra Dourada~A Oficina dos Sonhos~volume:2~DIGITAL~qtd:2~data:2025-06-11 || 22~Arquivos do Céu~O Palácio dos Ventos~volume:3~DIGITAL~qtd:3~data:2025-06-29 || 13~Marés do Norte~O Último Faroleiro~volume:3~FISICO~qtd:3~data:2025-09-22 || 9~Marés do Norte~O Jardim das Marés~volume:1~FISICO~qtd:2~data:2026-05-31
USR-000536,João Costa Rocha,34 anos,RG,99.000.536-5,37~Ilhas Errantes~O Porto das Histórias~volume:3~FISICO~qtd:1~data:2024-03-19 || 18~Arquivos do Céu~A Biblioteca das Nuvens~volume:1~DIGITAL~qtd:3~data:2025-04-11 || 91~Crônicas do Tempo~A Hora Esquecida~volume:2~FISICO~qtd:3~data:2025-06-11 || 79~Reinos do Bosque~O Guardião das Raízes~volume:4~FISICO~qtd:3~data:2025-07-01 || 36~Ilhas Errantes~Memórias do Rio Claro~volume:2~DIGITAL~qtd:3~data:2026-02-21 || 95~Crônicas do Tempo~O Último Minuto~volume:4~FISICO~qtd:2~data:2026-02-25 || 55~Viajantes de Papel~Os Dias do Cometa~volume:4~FISICO~qtd:2~data:2026-03-09 || 86~Luzes do Sul~O Farol de Cristal~volume:3~DIGITAL~qtd:3~data:2026-03-23 || 43~Jardins Secretos~As Pontes de Aurora~volume:2~FISICO~qtd:3~data:2026-08-28
537,Elisa Pereira Almeida,80,CPF,700.000.537-84,22~Arquivos do Céu~O Palácio dos Ventos~volume:3~DIGITAL~qtd:2~data:2024-01-11 || 29~Estações~O Retrato da Primavera~volume:3~FISICO~qtd:3~data:2024-03-28 || 12~Marés do Norte~Cartas da Cidade Azul~volume:2~DIGITAL~qtd:2~data:2024-10-19 || 69~Cidades de Sal~O Mercado das Sombras~volume:3~FISICO~qtd:1~data:2024-10-26 || 95~Crônicas do Tempo~O Último Minuto~volume:4~FISICO~qtd:2~data:2025-08-30 || 68~Cidades de Sal~O Relógio da Praça~volume:2~DIGITAL~qtd:2~data:2025-09-27
USR-000538,Olívia Moreira Martins,35,RG,99.000.538-9,11~Marés do Norte~Cartas da Cidade Azul~volume:2~FISICO~qtd:3~data:2024-03-13 || 95~Crônicas do Tempo~O Último Minuto~volume:4~FISICO~qtd:1~data:2024-09-26 || 41~Jardins Secretos~O Segredo das Acácias~volume:1~FISICO~qtd:1~data:2024-11-19 || 52~Viajantes de Papel~O Trem das Estrelas~volume:2~DIGITAL~qtd:1~data:2025-02-20 || 89~Crônicas do Tempo~O Relógio Partido~volume:1~FISICO~qtd:1~data:2025-09-05 || 71~Cidades de Sal~A Cidade sem Portas~volume:4~FISICO~qtd:1~data:2025-12-16 || 28~Estações~O Caderno de Inverno~volume:2~DIGITAL~qtd:3~data:2026-08-02 || 80~Reinos do Bosque~O Guardião das Raízes~volume:4~DIGITAL~qtd:1~data:2026-08-14
USR-000539,bruno almeida ferreira,76,CPF,700.000.539-46,71~Cidades de Sal~A Cidade sem Portas~volume:4~FISICO~qtd:1~data:2024-02-27 || 8~As Torres de Âmbar~O Reino de Cinzas~volume:4~DIGITAL~qtd:3~data:2024-07-10 || 16~Marés do Norte~A Ilha Submersa~volume:4~DIGITAL~qtd:2~data:2024-10-01 || 37~Ilhas Errantes~O Porto das Histórias~volume:3~FISICO~qtd:3~data:2024-10-30 || 27~Estações~O Caderno de Inverno~volume:2~FISICO~qtd:3~data:2025-05-30
540,  DANIEL BARBOSA MARTINS  ,77 anos,rg,99.000.540-3,3~As Torres de Âmbar~O Vale das Lanternas~volume:2~FISICO~qtd:1~data:2024-12-08 || 89~Crônicas do Tempo~O Relógio Partido~volume:1~FISICO~qtd:3~data:2025-12-18 || 35~Ilhas Errantes~Memórias do Rio Claro~volume:2~FISICO~qtd:3~data:2026-03-25
USR-000541,Eduardo Ribeiro Oliveira,23,CPF,700.000.541-61,50~Viajantes de Papel~O Viajante de Papel~volume:1~DIGITAL~qtd:1~data:2024-04-05 || 90~Crônicas do Tempo~O Relógio Partido~volume:1~DIGITAL~qtd:2~data:2024-07-15 || 62~Serra Dourada~Horizontes de Cobre~volume:3~DIGITAL~qtd:1~data:2024-09-11 || 24~Arquivos do Céu~A Última Constelação~volume:4~DIGITAL~qtd:1~data:2024-09-13 || 49~Viajantes de Papel~O Viajante de Papel~volume:1~FISICO~qtd:3~data:2024-11-26 || 47~Jardins Secretos~A Canção dos Pinheiros~volume:4~FISICO~qtd:2~data:2025-12-09 || 18~Arquivos do Céu~A Biblioteca das Nuvens~volume:1~DIGITAL~qtd:2~data:2026-01-03 || 57~Serra Dourada~Crônicas da Serra Dourada~volume:1~FISICO~qtd:2~data:2026-03-17
USR-000542,Bruno Pereira Teixeira,56,RG,99.000.542-7,81~Luzes do Sul~A Primeira Luz~volume:1~FISICO~qtd:2~data:2024-06-28 || 3~As Torres de Âmbar~O Vale das Lanternas~volume:2~FISICO~qtd:2~data:2025-01-05 || 76~Reinos do Bosque~O Bosque Adormecido~volume:2~DIGITAL~qtd:3~data:2025-01-20 || 41~Jardins Secretos~O Segredo das Acácias~volume:1~FISICO~qtd:2~data:2025-05-26 || 58~Serra Dourada~Crônicas da Serra Dourada~volume:1~DIGITAL~qtd:1~data:2025-10-28 || 16~Marés do Norte~A Ilha Submersa~volume:4~DIGITAL~qtd:3~data:2025-11-19
543,Bruno Almeida Cardoso,37,CPF,700.000.543-22,73~Reinos do Bosque~A Semente de Prata~volume:1~FISICO~qtd:2~data:2024-09-12 || 42~Jardins Secretos~O Segredo das Acácias~volume:1~DIGITAL~qtd:3~data:2024-11-02 || 61~Serra Dourada~Horizontes de Cobre~volume:3~FISICO~qtd:2~data:2025-02-21 || 87~Luzes do Sul~Depois do Horizonte~volume:4~FISICO~qtd:3~data:2026-04-16
USR-000544,Daniel Souza Esteves,81 anos,RG,99.000.544-1,31~Estações~A Última Página do Verão~volume:4~FISICO~qtd:3~data:2024-03-25 || 2~As Torres de Âmbar~A Chave de Âmbar~volume:1~DIGITAL~qtd:3~data:2024-06-07 || 40~Ilhas Errantes~A Travessia das Flores~volume:4~DIGITAL~qtd:1~data:2026-05-12
USR-000545,Vitor Esteves Barbosa,29,CPF,700.000.545-94,53~Viajantes de Papel~A Estrada de Cristal~volume:3~FISICO~qtd:3~data:2024-03-14 || 17~Arquivos do Céu~A Biblioteca das Nuvens~volume:1~FISICO~qtd:2~data:2025-07-16 || 85~Luzes do Sul~O Farol de Cristal~volume:3~FISICO~qtd:1~data:2026-06-10
546,nuno rocha moreira,37,rg,99.000.546-5,74~Reinos do Bosque~A Semente de Prata~volume:1~DIGITAL~qtd:1~data:2024-02-08
USR-000547,Hugo Esteves Gomes,57,CPF,700.000.547-56,88~Luzes do Sul~Depois do Horizonte~volume:4~DIGITAL~qtd:1~data:2026-04-16
USR-000548,Rafaela Moreira Costa,83 anos,RG,99.000.548-9,41~Jardins Secretos~O Segredo das Acácias~volume:1~FISICO~qtd:2~data:2024-04-22 || 92~Crônicas do Tempo~A Hora Esquecida~volume:2~DIGITAL~qtd:2~data:2024-05-01 || 18~Arquivos do Céu~A Biblioteca das Nuvens~volume:1~DIGITAL~qtd:2~data:2024-05-19 || 20~Arquivos do Céu~O Mapa de Vidro~volume:2~DIGITAL~qtd:2~data:2024-07-22 || 89~Crônicas do Tempo~O Relógio Partido~volume:1~FISICO~qtd:1~data:2025-04-27 || 1~As Torres de Âmbar~A Chave de Âmbar~volume:1~FISICO~qtd:1~data:2025-10-30 || 57~Serra Dourada~Crônicas da Serra Dourada~volume:1~FISICO~qtd:1~data:2026-03-06 || 38~Ilhas Errantes~O Porto das Histórias~volume:3~DIGITAL~qtd:3~data:2026-05-27 || 66~Cidades de Sal~O Labirinto de Sal~volume:1~DIGITAL~qtd:3~data:2026-08-25 || 3~As Torres de Âmbar~O Vale das Lanternas~volume:2~FISICO~qtd:2~data:2026-09-15
549,Marina Almeida Teixeira,81,CPF,700.000.549-18,85~Luzes do Sul~O Farol de Cristal~volume:3~FISICO~qtd:3~data:2024-07-24 || 14~Marés do Norte~O Último Faroleiro~volume:3~DIGITAL~qtd:2~data:2024-12-29 || 75~Reinos do Bosque~O Bosque Adormecido~volume:2~FISICO~qtd:1~data:2025-04-28 || 39~Ilhas Errantes~A Travessia das Flores~volume:4~FISICO~qtd:3~data:2026-04-26
USR-000550,  CAIO CARDOSO FERREIRA  ,32,RG,99.000.550-3,43~Jardins Secretos~As Pontes de Aurora~volume:2~FISICO~qtd:1~data:2024-03-10 || 68~Cidades de Sal~O Relógio da Praça~volume:2~DIGITAL~qtd:2~data:2024-12-31 || 18~Arquivos do Céu~A Biblioteca das Nuvens~volume:1~DIGITAL~qtd:3~data:2025-07-17 || 29~Estações~O Retrato da Primavera~volume:3~FISICO~qtd:3~data:2025-10-02 || 51~Viajantes de Papel~O Trem das Estrelas~volume:2~FISICO~qtd:2~data:2026-02-12 || 96~Crônicas do Tempo~O Último Minuto~volume:4~DIGITAL~qtd:2~data:2026-08-17 || 80~Reinos do Bosque~O Guardião das Raízes~volume:4~DIGITAL~qtd:2~data:2026-09-18
USR-000551,Daniel Souza Dias,34,CPF,700.000.551-32,43~Jardins Secretos~As Pontes de Aurora~volume:2~FISICO~qtd:1~data:2024-06-02 || 38~Ilhas Errantes~O Porto das Histórias~volume:3~DIGITAL~qtd:2~data:2024-10-13 || 57~Serra Dourada~Crônicas da Serra Dourada~volume:1~FISICO~qtd:3~data:2025-12-31 || 79~Reinos do Bosque~O Guardião das Raízes~volume:4~FISICO~qtd:2~data:2026-05-23 || 37~Ilhas Errantes~O Porto das Histórias~volume:3~FISICO~qtd:1~data:2026-07-23
552,Caio Almeida Santos,77 anos,rg,99.000.552-7,94~Crônicas do Tempo~Os Dias Invertidos~volume:3~DIGITAL~qtd:3~data:2024-02-09 || 80~Reinos do Bosque~O Guardião das Raízes~volume:4~DIGITAL~qtd:2~data:2024-05-25 || 32~Estações~A Última Página do Verão~volume:4~DIGITAL~qtd:3~data:2026-05-05
USR-000553,hugo pereira vieira,46,CPF,700.000.553-02,20~Arquivos do Céu~O Mapa de Vidro~volume:2~DIGITAL~qtd:2~data:2024-01-13 || 85~Luzes do Sul~O Farol de Cristal~volume:3~FISICO~qtd:1~data:2024-05-28 || 23~Arquivos do Céu~A Última Constelação~volume:4~FISICO~qtd:3~data:2024-11-07 || 61~Serra Dourada~Horizontes de Cobre~volume:3~FISICO~qtd:2~data:2024-12-19 || 84~Luzes do Sul~A Estrada do Sul~volume:2~DIGITAL~qtd:2~data:2025-03-14 || 16~Marés do Norte~A Ilha Submersa~volume:4~DIGITAL~qtd:1~data:2025-03-25 || 74~Reinos do Bosque~A Semente de Prata~volume:1~DIGITAL~qtd:2~data:2025-10-19 || 75~Reinos do Bosque~O Bosque Adormecido~volume:2~FISICO~qtd:2~data:2026-06-06
USR-000554,Gabriela Ferreira Souza,58,RG,99.000.554-1,42~Jardins Secretos~O Segredo das Acácias~volume:1~DIGITAL~qtd:3~data:2024-10-01 || 12~Marés do Norte~Cartas da Cidade Azul~volume:2~DIGITAL~qtd:1~data:2025-06-03 || 5~As Torres de Âmbar~A Torre do Amanhecer~volume:3~FISICO~qtd:3~data:2025-08-31
555,Olívia Vieira Barbosa,30,CPF,700.000.555-66,93~Crônicas do Tempo~Os Dias Invertidos~volume:3~FISICO~qtd:3~data:2024-10-10
USR-000556,Nuno Barbosa Teixeira,71 anos,RG,99.000.556-5,40~Ilhas Errantes~A Travessia das Flores~volume:4~DIGITAL~qtd:1~data:2024-07-21 || 21~Arquivos do Céu~O Palácio dos Ventos~volume:3~FISICO~qtd:1~data:2026-01-30
USR-000557,Vitor Santos Gomes,41,CPF,700.000.557-28,70~Cidades de Sal~O Mercado das Sombras~volume:3~DIGITAL~qtd:1~data:2024-10-10 || 9~Marés do Norte~O Jardim das Marés~volume:1~FISICO~qtd:1~data:2024-11-26 || 63~Serra Dourada~Os Guardiões do Horizonte~volume:4~FISICO~qtd:2~data:2024-12-26 || 74~Reinos do Bosque~A Semente de Prata~volume:1~DIGITAL~qtd:3~data:2026-01-15 || 22~Arquivos do Céu~O Palácio dos Ventos~volume:3~DIGITAL~qtd:2~data:2026-04-26 || 25~Estações~Caminhos de Outono~volume:1~FISICO~qtd:3~data:2026-08-28
558,Elisa Barbosa Vieira,49,rg,99.000.558-9,94~Crônicas do Tempo~Os Dias Invertidos~volume:3~DIGITAL~qtd:2~data:2024-07-05 || 73~Reinos do Bosque~A Semente de Prata~volume:1~FISICO~qtd:3~data:2024-08-26 || 56~Viajantes de Papel~Os Dias do Cometa~volume:4~DIGITAL~qtd:2~data:2024-10-27 || 11~Marés do Norte~Cartas da Cidade Azul~volume:2~FISICO~qtd:2~data:2025-03-31 || 30~Estações~O Retrato da Primavera~volume:3~DIGITAL~qtd:2~data:2025-08-13 || 54~Viajantes de Papel~A Estrada de Cristal~volume:3~DIGITAL~qtd:3~data:2025-08-28 || 18~Arquivos do Céu~A Biblioteca das Nuvens~volume:1~DIGITAL~qtd:2~data:2026-02-12 || 79~Reinos do Bosque~O Guardião das Raízes~volume:4~FISICO~qtd:2~data:2026-05-26 || 52~Viajantes de Papel~O Trem das Estrelas~volume:2~DIGITAL~qtd:3~data:2026-07-17 || 23~Arquivos do Céu~A Última Constelação~volume:4~FISICO~qtd:2~data:2026-09-17
USR-000559,Caio Teixeira Teixeira,72,CPF,700.000.559-90,55~Viajantes de Papel~Os Dias do Cometa~volume:4~FISICO~qtd:3~data:2024-11-29 || 39~Ilhas Errantes~A Travessia das Flores~volume:4~FISICO~qtd:1~data:2025-06-28 || 28~Estações~O Caderno de Inverno~volume:2~DIGITAL~qtd:3~data:2025-10-08 || 90~Crônicas do Tempo~O Relógio Partido~volume:1~DIGITAL~qtd:3~data:2025-10-16 || 70~Cidades de Sal~O Mercado das Sombras~volume:3~DIGITAL~qtd:3~data:2025-11-24 || 68~Cidades de Sal~O Relógio da Praça~volume:2~DIGITAL~qtd:2~data:2025-12-11 || 34~Ilhas Errantes~A Ilha dos Ventos~volume:1~DIGITAL~qtd:1~data:2026-02-15
USR-000560,  FELIPE DIAS COSTA  ,77 anos,RG,99.000.560-3,13~Marés do Norte~O Último Faroleiro~volume:3~FISICO~qtd:2~data:2024-04-20 || 5~As Torres de Âmbar~A Torre do Amanhecer~volume:3~FISICO~qtd:3~data:2024-04-23 || 80~Reinos do Bosque~O Guardião das Raízes~volume:4~DIGITAL~qtd:1~data:2024-06-28 || 28~Estações~O Caderno de Inverno~volume:2~DIGITAL~qtd:3~data:2025-04-21
561,Vitor Barbosa Rocha,84,CPF,700.000.561-04,96~Crônicas do Tempo~O Último Minuto~volume:4~DIGITAL~qtd:3~data:2024-08-25 || 31~Estações~A Última Página do Verão~volume:4~FISICO~qtd:2~data:2024-12-03 || 18~Arquivos do Céu~A Biblioteca das Nuvens~volume:1~DIGITAL~qtd:2~data:2025-03-18 || 87~Luzes do Sul~Depois do Horizonte~volume:4~FISICO~qtd:1~data:2025-05-02 || 89~Crônicas do Tempo~O Relógio Partido~volume:1~FISICO~qtd:3~data:2025-06-17 || 3~As Torres de Âmbar~O Vale das Lanternas~volume:2~FISICO~qtd:1~data:2025-11-03
USR-000562,Marina Teixeira Gomes,81,RG,99.000.562-7,39~Ilhas Errantes~A Travessia das Flores~volume:4~FISICO~qtd:1~data:2024-05-25 || 50~Viajantes de Papel~O Viajante de Papel~volume:1~DIGITAL~qtd:2~data:2024-12-08 || 34~Ilhas Errantes~A Ilha dos Ventos~volume:1~DIGITAL~qtd:3~data:2025-12-31 || 15~Marés do Norte~A Ilha Submersa~volume:4~FISICO~qtd:2~data:2026-02-04 || 57~Serra Dourada~Crônicas da Serra Dourada~volume:1~FISICO~qtd:2~data:2026-05-23 || 49~Viajantes de Papel~O Viajante de Papel~volume:1~FISICO~qtd:1~data:2026-07-18 || 53~Viajantes de Papel~A Estrada de Cristal~volume:3~FISICO~qtd:1~data:2026-08-12 || 52~Viajantes de Papel~O Trem das Estrelas~volume:2~DIGITAL~qtd:3~data:2026-09-25
USR-000563,Ana Pereira Barbosa,23,CPF,700.000.563-76,64~Serra Dourada~Os Guardiões do Horizonte~volume:4~DIGITAL~qtd:2~data:2025-06-18
564,Débora Dias Teixeira,39 anos,rg,99.000.564-1,43~Jardins Secretos~As Pontes de Aurora~volume:2~FISICO~qtd:1~data:2024-09-15 || 17~Arquivos do Céu~A Biblioteca das Nuvens~volume:1~FISICO~qtd:1~data:2025-03-07
USR-000565,Samuel Barbosa Dias,82,CPF,700.000.565-38,67~Cidades de Sal~O Relógio da Praça~volume:2~FISICO~qtd:3~data:2024-05-09 || 78~Reinos do Bosque~A Coroa de Folhas~volume:3~DIGITAL~qtd:2~data:2024-12-28 || 53~Viajantes de Papel~A Estrada de Cristal~volume:3~FISICO~qtd:3~data:2025-03-02 || 4~As Torres de Âmbar~O Vale das Lanternas~volume:2~DIGITAL~qtd:2~data:2025-07-17 || 69~Cidades de Sal~O Mercado das Sombras~volume:3~FISICO~qtd:1~data:2025-10-22 || 11~Marés do Norte~Cartas da Cidade Azul~volume:2~FISICO~qtd:3~data:2025-11-07 || 71~Cidades de Sal~A Cidade sem Portas~volume:4~FISICO~qtd:2~data:2025-12-12 || 79~Reinos do Bosque~O Guardião das Raízes~volume:4~FISICO~qtd:3~data:2026-03-30 || 14~Marés do Norte~O Último Faroleiro~volume:3~DIGITAL~qtd:1~data:2026-06-03
USR-000566,Eduardo Henriques Souza,30,RG,99.000.566-5,83~Luzes do Sul~A Estrada do Sul~volume:2~FISICO~qtd:1~data:2024-04-16 || 47~Jardins Secretos~A Canção dos Pinheiros~volume:4~FISICO~qtd:1~data:2024-07-31 || 28~Estações~O Caderno de Inverno~volume:2~DIGITAL~qtd:1~data:2024-12-24 || 54~Viajantes de Papel~A Estrada de Cristal~volume:3~DIGITAL~qtd:3~data:2026-03-08
567,isabela cardoso almeida,21,CPF,700.000.567-08,81~Luzes do Sul~A Primeira Luz~volume:1~FISICO~qtd:2~data:2025-08-19
USR-000568,Elisa Teixeira Oliveira,85 anos,RG,99.000.568-9,94~Crônicas do Tempo~Os Dias Invertidos~volume:3~DIGITAL~qtd:3~data:2024-06-08 || 7~As Torres de Âmbar~O Reino de Cinzas~volume:4~FISICO~qtd:3~data:2024-06-09 || 5~As Torres de Âmbar~A Torre do Amanhecer~volume:3~FISICO~qtd:3~data:2025-04-01 || 70~Cidades de Sal~O Mercado das Sombras~volume:3~DIGITAL~qtd:1~data:2025-11-15 || 45~Jardins Secretos~A Casa das Sete Janelas~volume:3~FISICO~qtd:2~data:2026-04-17 || 9~Marés do Norte~O Jardim das Marés~volume:1~FISICO~qtd:3~data:2026-05-09 || 78~Reinos do Bosque~A Coroa de Folhas~volume:3~DIGITAL~qtd:3~data:2026-05-29 || 85~Luzes do Sul~O Farol de Cristal~volume:3~FISICO~qtd:3~data:2026-09-11
USR-000569,Lucas Vieira Barbosa,29,CPF,700.000.569-61,96~Crônicas do Tempo~O Último Minuto~volume:4~DIGITAL~qtd:1~data:2025-05-05
570,  KARINA BARBOSA GOMES  ,68,rg,99.000.570-3,54~Viajantes de Papel~A Estrada de Cristal~volume:3~DIGITAL~qtd:1~data:2024-04-18 || 43~Jardins Secretos~As Pontes de Aurora~volume:2~FISICO~qtd:3~data:2024-11-03 || 27~Estações~O Caderno de Inverno~volume:2~FISICO~qtd:1~data:2025-11-06 || 39~Ilhas Errantes~A Travessia das Flores~volume:4~FISICO~qtd:3~data:2026-01-23
USR-000571,Teresa Nunes Cardoso,21,CPF,700.000.571-86,89~Crônicas do Tempo~O Relógio Partido~volume:1~FISICO~qtd:1~data:2025-05-13 || 35~Ilhas Errantes~Memórias do Rio Claro~volume:2~FISICO~qtd:3~data:2025-06-05 || 55~Viajantes de Papel~Os Dias do Cometa~volume:4~FISICO~qtd:2~data:2025-08-16 || 36~Ilhas Errantes~Memórias do Rio Claro~volume:2~DIGITAL~qtd:3~data:2026-06-20
USR-000572,Isabela Rocha Costa,76 anos,RG,99.000.572-7,92~Crônicas do Tempo~A Hora Esquecida~volume:2~DIGITAL~qtd:1~data:2024-05-13 || 23~Arquivos do Céu~A Última Constelação~volume:4~FISICO~qtd:3~data:2024-07-18
573,Samuel Henriques Teixeira,65,CPF,700.000.573-48,58~Serra Dourada~Crônicas da Serra Dourada~volume:1~DIGITAL~qtd:1~data:2024-06-02 || 76~Reinos do Bosque~O Bosque Adormecido~volume:2~DIGITAL~qtd:3~data:2024-12-28 || 2~As Torres de Âmbar~A Chave de Âmbar~volume:1~DIGITAL~qtd:3~data:2026-02-01 || 60~Serra Dourada~A Oficina dos Sonhos~volume:2~DIGITAL~qtd:1~data:2026-02-02 || 82~Luzes do Sul~A Primeira Luz~volume:1~DIGITAL~qtd:3~data:2026-05-28 || 29~Estações~O Retrato da Primavera~volume:3~FISICO~qtd:3~data:2026-06-04
USR-000574,marina mendes moreira,51,RG,99.000.574-1,59~Serra Dourada~A Oficina dos Sonhos~volume:2~FISICO~qtd:2~data:2024-04-06 || 79~Reinos do Bosque~O Guardião das Raízes~volume:4~FISICO~qtd:3~data:2024-05-09 || 75~Reinos do Bosque~O Bosque Adormecido~volume:2~FISICO~qtd:1~data:2024-06-18 || 11~Marés do Norte~Cartas da Cidade Azul~volume:2~FISICO~qtd:1~data:2025-03-09 || 54~Viajantes de Papel~A Estrada de Cristal~volume:3~DIGITAL~qtd:3~data:2025-10-25 || 47~Jardins Secretos~A Canção dos Pinheiros~volume:4~FISICO~qtd:2~data:2025-10-27 || 67~Cidades de Sal~O Relógio da Praça~volume:2~FISICO~qtd:3~data:2026-01-19 || 63~Serra Dourada~Os Guardiões do Horizonte~volume:4~FISICO~qtd:1~data:2026-02-17
USR-000575,Eduardo Barbosa Mendes,82,CPF,700.000.575-00,70~Cidades de Sal~O Mercado das Sombras~volume:3~DIGITAL~qtd:2~data:2024-08-17
576,Nuno Almeida Nunes,64 anos,rg,99.000.576-5,46~Jardins Secretos~A Casa das Sete Janelas~volume:3~DIGITAL~qtd:1~data:2024-08-23 || 63~Serra Dourada~Os Guardiões do Horizonte~volume:4~FISICO~qtd:1~data:2025-02-03 || 89~Crônicas do Tempo~O Relógio Partido~volume:1~FISICO~qtd:2~data:2025-02-08 || 66~Cidades de Sal~O Labirinto de Sal~volume:1~DIGITAL~qtd:1~data:2025-05-26 || 27~Estações~O Caderno de Inverno~volume:2~FISICO~qtd:2~data:2025-11-25 || 29~Estações~O Retrato da Primavera~volume:3~FISICO~qtd:1~data:2026-03-25 || 33~Ilhas Errantes~A Ilha dos Ventos~volume:1~FISICO~qtd:2~data:2026-04-08 || 48~Jardins Secretos~A Canção dos Pinheiros~volume:4~DIGITAL~qtd:1~data:2026-04-17 || 8~As Torres de Âmbar~O Reino de Cinzas~volume:4~DIGITAL~qtd:2~data:2026-04-26 || 25~Estações~Caminhos de Outono~volume:1~FISICO~qtd:1~data:2026-09-07
USR-000577,Daniel Dias Nunes,41,CPF,700.000.577-71,57~Serra Dourada~Crônicas da Serra Dourada~volume:1~FISICO~qtd:2~data:2024-03-07 || 44~Jardins Secretos~As Pontes de Aurora~volume:2~DIGITAL~qtd:1~data:2024-07-17 || 28~Estações~O Caderno de Inverno~volume:2~DIGITAL~qtd:1~data:2024-10-14 || 17~Arquivos do Céu~A Biblioteca das Nuvens~volume:1~FISICO~qtd:2~data:2024-11-15 || 50~Viajantes de Papel~O Viajante de Papel~volume:1~DIGITAL~qtd:1~data:2025-01-22 || 3~As Torres de Âmbar~O Vale das Lanternas~volume:2~FISICO~qtd:3~data:2025-02-12 || 11~Marés do Norte~Cartas da Cidade Azul~volume:2~FISICO~qtd:2~data:2026-07-29
USR-000578,Marina Oliveira Ribeiro,62,RG,99.000.578-9,60~Serra Dourada~A Oficina dos Sonhos~volume:2~DIGITAL~qtd:3~data:2024-12-16 || 47~Jardins Secretos~A Canção dos Pinheiros~volume:4~FISICO~qtd:2~data:2025-07-25 || 56~Viajantes de Papel~Os Dias do Cometa~volume:4~DIGITAL~qtd:3~data:2026-01-31 || 26~Estações~Caminhos de Outono~volume:1~DIGITAL~qtd:3~data:2026-02-09
579,Eduardo Moreira Gomes,59,CPF,700.000.579-33,64~Serra Dourada~Os Guardiões do Horizonte~volume:4~DIGITAL~qtd:1~data:2024-01-05 || 47~Jardins Secretos~A Canção dos Pinheiros~volume:4~FISICO~qtd:2~data:2024-04-22 || 9~Marés do Norte~O Jardim das Marés~volume:1~FISICO~qtd:1~data:2024-07-28 || 86~Luzes do Sul~O Farol de Cristal~volume:3~DIGITAL~qtd:1~data:2025-06-12 || 36~Ilhas Errantes~Memórias do Rio Claro~volume:2~DIGITAL~qtd:3~data:2026-01-16 || 44~Jardins Secretos~As Pontes de Aurora~volume:2~DIGITAL~qtd:2~data:2026-03-16 || 32~Estações~A Última Página do Verão~volume:4~DIGITAL~qtd:3~data:2026-04-22 || 79~Reinos do Bosque~O Guardião das Raízes~volume:4~FISICO~qtd:3~data:2026-08-09 || 13~Marés do Norte~O Último Faroleiro~volume:3~FISICO~qtd:2~data:2026-08-24 || 8~As Torres de Âmbar~O Reino de Cinzas~volume:4~DIGITAL~qtd:1~data:2026-09-25
USR-000580,  CARLA DIAS MARTINS  ,49 anos,RG,99.000.580-3,3~As Torres de Âmbar~O Vale das Lanternas~volume:2~FISICO~qtd:1~data:2024-04-24 || 86~Luzes do Sul~O Farol de Cristal~volume:3~DIGITAL~qtd:2~data:2025-03-04 || 5~As Torres de Âmbar~A Torre do Amanhecer~volume:3~FISICO~qtd:3~data:2025-05-05 || 46~Jardins Secretos~A Casa das Sete Janelas~volume:3~DIGITAL~qtd:2~data:2026-04-08
USR-000581,alice dias cardoso,75,CPF,700.000.581-58,29~Estações~O Retrato da Primavera~volume:3~FISICO~qtd:2~data:2025-02-16 || 70~Cidades de Sal~O Mercado das Sombras~volume:3~DIGITAL~qtd:3~data:2025-08-14 || 32~Estações~A Última Página do Verão~volume:4~DIGITAL~qtd:3~data:2025-09-14 || 81~Luzes do Sul~A Primeira Luz~volume:1~FISICO~qtd:3~data:2026-04-16 || 49~Viajantes de Papel~O Viajante de Papel~volume:1~FISICO~qtd:3~data:2026-07-20
582,Teresa Ribeiro Rocha,39,rg,99.000.582-7,34~Ilhas Errantes~A Ilha dos Ventos~volume:1~DIGITAL~qtd:1~data:2024-01-23 || 59~Serra Dourada~A Oficina dos Sonhos~volume:2~FISICO~qtd:1~data:2024-11-14 || 73~Reinos do Bosque~A Semente de Prata~volume:1~FISICO~qtd:2~data:2026-05-19
USR-000583,Olívia Ferreira Almeida,35,CPF,700.000.583-10,53~Viajantes de Papel~A Estrada de Cristal~volume:3~FISICO~qtd:3~data:2025-11-24 || 95~Crônicas do Tempo~O Último Minuto~volume:4~FISICO~qtd:3~data:2026-06-30 || 62~Serra Dourada~Horizontes de Cobre~volume:3~DIGITAL~qtd:3~data:2026-07-31 || 90~Crônicas do Tempo~O Relógio Partido~volume:1~DIGITAL~qtd:1~data:2026-09-07
USR-000584,Daniel Mendes Souza,71 anos,RG,99.000.584-1,40~Ilhas Errantes~A Travessia das Flores~volume:4~DIGITAL~qtd:1~data:2024-07-22 || 75~Reinos do Bosque~O Bosque Adormecido~volume:2~FISICO~qtd:1~data:2025-04-19 || 73~Reinos do Bosque~A Semente de Prata~volume:1~FISICO~qtd:1~data:2025-07-20 || 33~Ilhas Errantes~A Ilha dos Ventos~volume:1~FISICO~qtd:1~data:2025-10-07 || 12~Marés do Norte~Cartas da Cidade Azul~volume:2~DIGITAL~qtd:1~data:2026-02-12 || 29~Estações~O Retrato da Primavera~volume:3~FISICO~qtd:1~data:2026-04-13
585,Vitor Almeida Henriques,69,CPF,700.000.585-81,61~Serra Dourada~Horizontes de Cobre~volume:3~FISICO~qtd:3~data:2024-03-31 || 17~Arquivos do Céu~A Biblioteca das Nuvens~volume:1~FISICO~qtd:2~data:2025-05-14 || 4~As Torres de Âmbar~O Vale das Lanternas~volume:2~DIGITAL~qtd:2~data:2025-05-26 || 47~Jardins Secretos~A Canção dos Pinheiros~volume:4~FISICO~qtd:2~data:2025-08-13 || 66~Cidades de Sal~O Labirinto de Sal~volume:1~DIGITAL~qtd:2~data:2025-11-03 || 44~Jardins Secretos~As Pontes de Aurora~volume:2~DIGITAL~qtd:3~data:2026-04-01 || 78~Reinos do Bosque~A Coroa de Folhas~volume:3~DIGITAL~qtd:1~data:2026-06-27
USR-000586,Bruno Dias Moreira,33,RG,99.000.586-5,69~Cidades de Sal~O Mercado das Sombras~volume:3~FISICO~qtd:2~data:2024-01-18 || 44~Jardins Secretos~As Pontes de Aurora~volume:2~DIGITAL~qtd:1~data:2024-10-03 || 8~As Torres de Âmbar~O Reino de Cinzas~volume:4~DIGITAL~qtd:1~data:2025-04-27 || 19~Arquivos do Céu~O Mapa de Vidro~volume:2~FISICO~qtd:3~data:2025-08-21 || 13~Marés do Norte~O Último Faroleiro~volume:3~FISICO~qtd:3~data:2026-01-31 || 11~Marés do Norte~Cartas da Cidade Azul~volume:2~FISICO~qtd:2~data:2026-04-23 || 21~Arquivos do Céu~O Palácio dos Ventos~volume:3~FISICO~qtd:1~data:2026-05-27 || 84~Luzes do Sul~A Estrada do Sul~volume:2~DIGITAL~qtd:1~data:2026-08-02
USR-000587,Débora Almeida Nunes,36,CPF,700.000.587-43,92~Crônicas do Tempo~A Hora Esquecida~volume:2~DIGITAL~qtd:2~data:2024-04-14
588,caio cardoso ferreira,76 anos,rg,99.000.588-9,4~As Torres de Âmbar~O Vale das Lanternas~volume:2~DIGITAL~qtd:2~data:2024-03-26 || 62~Serra Dourada~Horizontes de Cobre~volume:3~DIGITAL~qtd:1~data:2024-07-08 || 61~Serra Dourada~Horizontes de Cobre~volume:3~FISICO~qtd:3~data:2024-07-19 || 15~Marés do Norte~A Ilha Submersa~volume:4~FISICO~qtd:3~data:2025-06-19 || 17~Arquivos do Céu~A Biblioteca das Nuvens~volume:1~FISICO~qtd:3~data:2026-04-29 || 77~Reinos do Bosque~A Coroa de Folhas~volume:3~FISICO~qtd:2~data:2026-04-30 || 83~Luzes do Sul~A Estrada do Sul~volume:2~FISICO~qtd:3~data:2026-05-12
USR-000589,Karina Costa Souza,52,CPF,700.000.589-05,48~Jardins Secretos~A Canção dos Pinheiros~volume:4~DIGITAL~qtd:3~data:2024-01-08 || 18~Arquivos do Céu~A Biblioteca das Nuvens~volume:1~DIGITAL~qtd:1~data:2025-09-05 || 60~Serra Dourada~A Oficina dos Sonhos~volume:2~DIGITAL~qtd:3~data:2025-11-25
USR-000590,  HUGO VIEIRA DIAS  ,20,RG,99.000.590-3,44~Jardins Secretos~As Pontes de Aurora~volume:2~DIGITAL~qtd:3~data:2025-11-08
591,Hugo Lima Martins,53,CPF,700.000.591-20,95~Crônicas do Tempo~O Último Minuto~volume:4~FISICO~qtd:2~data:2025-06-02 || 37~Ilhas Errantes~O Porto das Histórias~volume:3~FISICO~qtd:2~data:2025-10-01 || 36~Ilhas Errantes~Memórias do Rio Claro~volume:2~DIGITAL~qtd:2~data:2026-09-14
USR-000592,Caio Pereira Gomes,49 anos,RG,99.000.592-7,29~Estações~O Retrato da Primavera~volume:3~FISICO~qtd:1~data:2024-05-25 || 44~Jardins Secretos~As Pontes de Aurora~volume:2~DIGITAL~qtd:2~data:2024-09-07 || 71~Cidades de Sal~A Cidade sem Portas~volume:4~FISICO~qtd:2~data:2024-10-09 || 40~Ilhas Errantes~A Travessia das Flores~volume:4~DIGITAL~qtd:1~data:2025-08-30 || 1~As Torres de Âmbar~A Chave de Âmbar~volume:1~FISICO~qtd:1~data:2025-10-24 || 48~Jardins Secretos~A Canção dos Pinheiros~volume:4~DIGITAL~qtd:2~data:2025-10-25 || 88~Luzes do Sul~Depois do Horizonte~volume:4~DIGITAL~qtd:1~data:2026-06-13
USR-000593,Ana Henriques Henriques,37,CPF,700.000.593-91,95~Crônicas do Tempo~O Último Minuto~volume:4~FISICO~qtd:3~data:2026-08-08
594,Isabela Teixeira Moreira,50,rg,99.000.594-1,51~Viajantes de Papel~O Trem das Estrelas~volume:2~FISICO~qtd:2~data:2024-01-18 || 77~Reinos do Bosque~A Coroa de Folhas~volume:3~FISICO~qtd:2~data:2025-08-21 || 23~Arquivos do Céu~A Última Constelação~volume:4~FISICO~qtd:1~data:2026-06-04
USR-000595,karina vieira nunes,82,CPF,700.000.595-53,16~Marés do Norte~A Ilha Submersa~volume:4~DIGITAL~qtd:1~data:2024-05-18 || 13~Marés do Norte~O Último Faroleiro~volume:3~FISICO~qtd:3~data:2024-08-17 || 38~Ilhas Errantes~O Porto das Histórias~volume:3~DIGITAL~qtd:1~data:2025-02-05 || 18~Arquivos do Céu~A Biblioteca das Nuvens~volume:1~DIGITAL~qtd:2~data:2025-12-28
USR-000596,Carla Cardoso Ribeiro,44 anos,RG,99.000.596-5,35~Ilhas Errantes~Memórias do Rio Claro~volume:2~FISICO~qtd:2~data:2024-09-28 || 13~Marés do Norte~O Último Faroleiro~volume:3~FISICO~qtd:3~data:2025-04-16 || 93~Crônicas do Tempo~Os Dias Invertidos~volume:3~FISICO~qtd:1~data:2025-10-04 || 15~Marés do Norte~A Ilha Submersa~volume:4~FISICO~qtd:2~data:2026-03-28 || 1~As Torres de Âmbar~A Chave de Âmbar~volume:1~FISICO~qtd:1~data:2026-04-17 || 33~Ilhas Errantes~A Ilha dos Ventos~volume:1~FISICO~qtd:2~data:2026-09-02 || 82~Luzes do Sul~A Primeira Luz~volume:1~DIGITAL~qtd:2~data:2026-09-18
597,Karina Costa Martins,60,CPF,700.000.597-15,54~Viajantes de Papel~A Estrada de Cristal~volume:3~DIGITAL~qtd:2~data:2024-04-01 || 71~Cidades de Sal~A Cidade sem Portas~volume:4~FISICO~qtd:3~data:2024-11-15 || 35~Ilhas Errantes~Memórias do Rio Claro~volume:2~FISICO~qtd:2~data:2026-08-09
USR-000598,Teresa Henriques Almeida,36,RG,99.000.598-9,62~Serra Dourada~Horizontes de Cobre~volume:3~DIGITAL~qtd:2~data:2024-01-02 || 54~Viajantes de Papel~A Estrada de Cristal~volume:3~DIGITAL~qtd:2~data:2024-03-15 || 9~Marés do Norte~O Jardim das Marés~volume:1~FISICO~qtd:1~data:2024-04-25 || 21~Arquivos do Céu~O Palácio dos Ventos~volume:3~FISICO~qtd:3~data:2024-05-04 || 46~Jardins Secretos~A Casa das Sete Janelas~volume:3~DIGITAL~qtd:3~data:2024-10-07 || 67~Cidades de Sal~O Relógio da Praça~volume:2~FISICO~qtd:3~data:2024-12-05 || 28~Estações~O Caderno de Inverno~volume:2~DIGITAL~qtd:1~data:2025-03-02 || 44~Jardins Secretos~As Pontes de Aurora~volume:2~DIGITAL~qtd:2~data:2025-09-02 || 79~Reinos do Bosque~O Guardião das Raízes~volume:4~FISICO~qtd:1~data:2026-06-02
USR-000599,Caio Santos Mendes,31,CPF,700.000.599-87,51~Viajantes de Papel~O Trem das Estrelas~volume:2~FISICO~qtd:2~data:2024-04-08 || 10~Marés do Norte~O Jardim das Marés~volume:1~DIGITAL~qtd:2~data:2024-08-28 || 45~Jardins Secretos~A Casa das Sete Janelas~volume:3~FISICO~qtd:3~data:2026-09-22
600,  JOÃO SANTOS VIEIRA  ,20 anos,rg,99.000.600-3,49~Viajantes de Papel~O Viajante de Papel~volume:1~FISICO~qtd:2~data:2024-09-07 || 80~Reinos do Bosque~O Guardião das Raízes~volume:4~DIGITAL~qtd:3~data:2025-08-18 || 1~As Torres de Âmbar~A Chave de Âmbar~volume:1~FISICO~qtd:1~data:2026-09-03
USR-000601,Marina Teixeira Costa,29,CPF,700.000.601-36,8~As Torres de Âmbar~O Reino de Cinzas~volume:4~DIGITAL~qtd:3~data:2024-12-23 || 27~Estações~O Caderno de Inverno~volume:2~FISICO~qtd:3~data:2025-01-23 || 2~As Torres de Âmbar~A Chave de Âmbar~volume:1~DIGITAL~qtd:1~data:2025-02-12 || 17~Arquivos do Céu~A Biblioteca das Nuvens~volume:1~FISICO~qtd:1~data:2025-11-26 || 87~Luzes do Sul~Depois do Horizonte~volume:4~FISICO~qtd:3~data:2025-12-27 || 41~Jardins Secretos~O Segredo das Acácias~volume:1~FISICO~qtd:2~data:2026-09-19
USR-000602,pedro barbosa costa,75,RG,99.000.602-7,61~Serra Dourada~Horizontes de Cobre~volume:3~FISICO~qtd:3~data:2024-08-10 || 26~Estações~Caminhos de Outono~volume:1~DIGITAL~qtd:2~data:2024-11-12 || 20~Arquivos do Céu~O Mapa de Vidro~volume:2~DIGITAL~qtd:2~data:2025-11-07 || 95~Crônicas do Tempo~O Último Minuto~volume:4~FISICO~qtd:1~data:2026-04-22
603,Lucas Santos Mendes,85,CPF,700.000.603-06,80~Reinos do Bosque~O Guardião das Raízes~volume:4~DIGITAL~qtd:1~data:2025-03-26
USR-000604,Caio Dias Mendes,18 anos,RG,99.000.604-1,66~Cidades de Sal~O Labirinto de Sal~volume:1~DIGITAL~qtd:3~data:2024-03-05 || 94~Crônicas do Tempo~Os Dias Invertidos~volume:3~DIGITAL~qtd:2~data:2024-07-02 || 6~As Torres de Âmbar~A Torre do Amanhecer~volume:3~DIGITAL~qtd:1~data:2025-04-13 || 21~Arquivos do Céu~O Palácio dos Ventos~volume:3~FISICO~qtd:2~data:2025-11-07 || 34~Ilhas Errantes~A Ilha dos Ventos~volume:1~DIGITAL~qtd:1~data:2026-01-18 || 29~Estações~O Retrato da Primavera~volume:3~FISICO~qtd:3~data:2026-03-01 || 5~As Torres de Âmbar~A Torre do Amanhecer~volume:3~FISICO~qtd:3~data:2026-03-29 || 55~Viajantes de Papel~Os Dias do Cometa~volume:4~FISICO~qtd:3~data:2026-07-02 || 56~Viajantes de Papel~Os Dias do Cometa~volume:4~DIGITAL~qtd:3~data:2026-09-05
USR-000605,Débora Dias Teixeira,50,CPF,700.000.605-60,67~Cidades de Sal~O Relógio da Praça~volume:2~FISICO~qtd:2~data:2024-07-03 || 9~Marés do Norte~O Jardim das Marés~volume:1~FISICO~qtd:2~data:2024-12-13 || 44~Jardins Secretos~As Pontes de Aurora~volume:2~DIGITAL~qtd:3~data:2025-04-11 || 84~Luzes do Sul~A Estrada do Sul~volume:2~DIGITAL~qtd:3~data:2025-04-23 || 58~Serra Dourada~Crônicas da Serra Dourada~volume:1~DIGITAL~qtd:3~data:2025-05-28 || 91~Crônicas do Tempo~A Hora Esquecida~volume:2~FISICO~qtd:1~data:2025-06-02 || 50~Viajantes de Papel~O Viajante de Papel~volume:1~DIGITAL~qtd:1~data:2026-05-07 || 2~As Torres de Âmbar~A Chave de Âmbar~volume:1~DIGITAL~qtd:2~data:2026-07-12
606,Alice Souza Ferreira,31,rg,99.000.606-5,56~Viajantes de Papel~Os Dias do Cometa~volume:4~DIGITAL~qtd:1~data:2024-06-05 || 51~Viajantes de Papel~O Trem das Estrelas~volume:2~FISICO~qtd:3~data:2025-07-19 || 40~Ilhas Errantes~A Travessia das Flores~volume:4~DIGITAL~qtd:3~data:2025-12-03 || 36~Ilhas Errantes~Memórias do Rio Claro~volume:2~DIGITAL~qtd:3~data:2026-02-24 || 19~Arquivos do Céu~O Mapa de Vidro~volume:2~FISICO~qtd:1~data:2026-06-20 || 43~Jardins Secretos~As Pontes de Aurora~volume:2~FISICO~qtd:1~data:2026-06-29 || 69~Cidades de Sal~O Mercado das Sombras~volume:3~FISICO~qtd:2~data:2026-08-04
USR-000607,Eduardo Pereira Barbosa,54,CPF,700.000.607-21,68~Cidades de Sal~O Relógio da Praça~volume:2~DIGITAL~qtd:3~data:2024-03-08 || 69~Cidades de Sal~O Mercado das Sombras~volume:3~FISICO~qtd:2~data:2024-08-14 || 29~Estações~O Retrato da Primavera~volume:3~FISICO~qtd:3~data:2024-11-19 || 22~Arquivos do Céu~O Palácio dos Ventos~volume:3~DIGITAL~qtd:2~data:2025-01-19 || 36~Ilhas Errantes~Memórias do Rio Claro~volume:2~DIGITAL~qtd:1~data:2025-09-21 || 35~Ilhas Errantes~Memórias do Rio Claro~volume:2~FISICO~qtd:1~data:2025-11-07 || 67~Cidades de Sal~O Relógio da Praça~volume:2~FISICO~qtd:3~data:2025-12-14
USR-000608,Vitor Henriques Moreira,68 anos,RG,99.000.608-9,74~Reinos do Bosque~A Semente de Prata~volume:1~DIGITAL~qtd:3~data:2024-11-12 || 71~Cidades de Sal~A Cidade sem Portas~volume:4~FISICO~qtd:1~data:2025-02-28 || 18~Arquivos do Céu~A Biblioteca das Nuvens~volume:1~DIGITAL~qtd:1~data:2025-06-27 || 36~Ilhas Errantes~Memórias do Rio Claro~volume:2~DIGITAL~qtd:1~data:2026-05-31 || 17~Arquivos do Céu~A Biblioteca das Nuvens~volume:1~FISICO~qtd:1~data:2026-06-28
609,daniel henriques nunes,36,CPF,700.000.609-93,47~Jardins Secretos~A Canção dos Pinheiros~volume:4~FISICO~qtd:3~data:2024-01-26 || 85~Luzes do Sul~O Farol de Cristal~volume:3~FISICO~qtd:1~data:2024-02-04 || 37~Ilhas Errantes~O Porto das Histórias~volume:3~FISICO~qtd:2~data:2024-07-08 || 42~Jardins Secretos~O Segredo das Acácias~volume:1~DIGITAL~qtd:3~data:2025-04-07 || 70~Cidades de Sal~O Mercado das Sombras~volume:3~DIGITAL~qtd:3~data:2026-02-15 || 71~Cidades de Sal~A Cidade sem Portas~volume:4~FISICO~qtd:3~data:2026-03-23 || 77~Reinos do Bosque~A Coroa de Folhas~volume:3~FISICO~qtd:1~data:2026-07-04
USR-000610,  RAFAELA LIMA GOMES  ,80,RG,99.000.610-3,24~Arquivos do Céu~A Última Constelação~volume:4~DIGITAL~qtd:3~data:2024-02-06 || 81~Luzes do Sul~A Primeira Luz~volume:1~FISICO~qtd:1~data:2025-03-16 || 1~As Torres de Âmbar~A Chave de Âmbar~volume:1~FISICO~qtd:3~data:2025-06-14 || 3~As Torres de Âmbar~O Vale das Lanternas~volume:2~FISICO~qtd:2~data:2025-07-31 || 21~Arquivos do Céu~O Palácio dos Ventos~volume:3~FISICO~qtd:1~data:2025-09-22 || 50~Viajantes de Papel~O Viajante de Papel~volume:1~DIGITAL~qtd:1~data:2025-09-23 || 30~Estações~O Retrato da Primavera~volume:3~DIGITAL~qtd:3~data:2025-11-21 || 52~Viajantes de Papel~O Trem das Estrelas~volume:2~DIGITAL~qtd:3~data:2026-01-19 || 33~Ilhas Errantes~A Ilha dos Ventos~volume:1~FISICO~qtd:1~data:2026-02-24 || 65~Cidades de Sal~O Labirinto de Sal~volume:1~FISICO~qtd:2~data:2026-07-09
USR-000611,Rafaela Ribeiro Cardoso,68,CPF,700.000.611-08,30~Estações~O Retrato da Primavera~volume:3~DIGITAL~qtd:1~data:2024-12-06 || 2~As Torres de Âmbar~A Chave de Âmbar~volume:1~DIGITAL~qtd:1~data:2026-03-29 || 91~Crônicas do Tempo~A Hora Esquecida~volume:2~FISICO~qtd:3~data:2026-09-02
612,Hugo Vieira Costa,51 anos,rg,99.000.612-7,48~Jardins Secretos~A Canção dos Pinheiros~volume:4~DIGITAL~qtd:1~data:2024-02-11 || 4~As Torres de Âmbar~O Vale das Lanternas~volume:2~DIGITAL~qtd:3~data:2024-03-17 || 17~Arquivos do Céu~A Biblioteca das Nuvens~volume:1~FISICO~qtd:3~data:2025-04-11 || 2~As Torres de Âmbar~A Chave de Âmbar~volume:1~DIGITAL~qtd:1~data:2025-05-31 || 72~Cidades de Sal~A Cidade sem Portas~volume:4~DIGITAL~qtd:1~data:2025-07-29 || 9~Marés do Norte~O Jardim das Marés~volume:1~FISICO~qtd:1~data:2025-10-27 || 91~Crônicas do Tempo~A Hora Esquecida~volume:2~FISICO~qtd:1~data:2026-03-05
USR-000613,João Henriques Teixeira,42,CPF,700.000.613-70,50~Viajantes de Papel~O Viajante de Papel~volume:1~DIGITAL~qtd:2~data:2025-04-03 || 17~Arquivos do Céu~A Biblioteca das Nuvens~volume:1~FISICO~qtd:3~data:2025-05-04 || 38~Ilhas Errantes~O Porto das Histórias~volume:3~DIGITAL~qtd:3~data:2025-08-07 || 6~As Torres de Âmbar~A Torre do Amanhecer~volume:3~DIGITAL~qtd:3~data:2025-09-06 || 14~Marés do Norte~O Último Faroleiro~volume:3~DIGITAL~qtd:1~data:2025-10-07 || 51~Viajantes de Papel~O Trem das Estrelas~volume:2~FISICO~qtd:1~data:2025-12-03 || 64~Serra Dourada~Os Guardiões do Horizonte~volume:4~DIGITAL~qtd:2~data:2026-03-15 || 4~As Torres de Âmbar~O Vale das Lanternas~volume:2~DIGITAL~qtd:3~data:2026-03-18 || 68~Cidades de Sal~O Relógio da Praça~volume:2~DIGITAL~qtd:3~data:2026-05-05 || 72~Cidades de Sal~A Cidade sem Portas~volume:4~DIGITAL~qtd:1~data:2026-08-21
USR-000614,Vitor Lima Vieira,68,RG,99.000.614-1,13~Marés do Norte~O Último Faroleiro~volume:3~FISICO~qtd:2~data:2024-06-10 || 66~Cidades de Sal~O Labirinto de Sal~volume:1~DIGITAL~qtd:3~data:2025-01-23 || 82~Luzes do Sul~A Primeira Luz~volume:1~DIGITAL~qtd:2~data:2025-11-27 || 73~Reinos do Bosque~A Semente de Prata~volume:1~FISICO~qtd:2~data:2026-02-08 || 77~Reinos do Bosque~A Coroa de Folhas~volume:3~FISICO~qtd:2~data:2026-04-24
615,Pedro Ferreira Esteves,83,CPF,700.000.615-31,47~Jardins Secretos~A Canção dos Pinheiros~volume:4~FISICO~qtd:3~data:2024-03-01 || 79~Reinos do Bosque~O Guardião das Raízes~volume:4~FISICO~qtd:2~data:2024-07-15 || 63~Serra Dourada~Os Guardiões do Horizonte~volume:4~FISICO~qtd:1~data:2025-01-08 || 3~As Torres de Âmbar~O Vale das Lanternas~volume:2~FISICO~qtd:1~data:2025-02-07 || 7~As Torres de Âmbar~O Reino de Cinzas~volume:4~FISICO~qtd:2~data:2025-04-23 || 53~Viajantes de Papel~A Estrada de Cristal~volume:3~FISICO~qtd:1~data:2025-09-07 || 54~Viajantes de Papel~A Estrada de Cristal~volume:3~DIGITAL~qtd:1~data:2026-09-19
USR-000616,rafaela santos barbosa,82 anos,RG,99.000.616-5,25~Estações~Caminhos de Outono~volume:1~FISICO~qtd:3~data:2025-02-23 || 77~Reinos do Bosque~A Coroa de Folhas~volume:3~FISICO~qtd:2~data:2025-05-29 || 7~As Torres de Âmbar~O Reino de Cinzas~volume:4~FISICO~qtd:1~data:2025-09-02
USR-000617,Lucas Costa Mendes,67,CPF,700.000.617-01,80~Reinos do Bosque~O Guardião das Raízes~volume:4~DIGITAL~qtd:3~data:2024-03-06 || 28~Estações~O Caderno de Inverno~volume:2~DIGITAL~qtd:2~data:2025-07-30
618,Elisa Oliveira Henriques,29,rg,99.000.618-9,87~Luzes do Sul~Depois do Horizonte~volume:4~FISICO~qtd:1~data:2024-07-26 || 79~Reinos do Bosque~O Guardião das Raízes~volume:4~FISICO~qtd:2~data:2025-03-23 || 25~Estações~Caminhos de Outono~volume:1~FISICO~qtd:2~data:2025-08-21 || 20~Arquivos do Céu~O Mapa de Vidro~volume:2~DIGITAL~qtd:3~data:2025-08-25 || 11~Marés do Norte~Cartas da Cidade Azul~volume:2~FISICO~qtd:2~data:2026-06-11
USR-000619,Marina Oliveira Ferreira,59,CPF,700.000.619-65,67~Cidades de Sal~O Relógio da Praça~volume:2~FISICO~qtd:3~data:2024-06-02 || 17~Arquivos do Céu~A Biblioteca das Nuvens~volume:1~FISICO~qtd:1~data:2025-01-02 || 31~Estações~A Última Página do Verão~volume:4~FISICO~qtd:3~data:2025-07-05 || 51~Viajantes de Papel~O Trem das Estrelas~volume:2~FISICO~qtd:3~data:2026-04-30 || 61~Serra Dourada~Horizontes de Cobre~volume:3~FISICO~qtd:3~data:2026-09-15
USR-000620,  GABRIELA ROCHA HENRIQUES  ,52 anos,RG,99.000.620-3,36~Ilhas Errantes~Memórias do Rio Claro~volume:2~DIGITAL~qtd:1~data:2024-08-01 || 78~Reinos do Bosque~A Coroa de Folhas~volume:3~DIGITAL~qtd:3~data:2024-08-05 || 61~Serra Dourada~Horizontes de Cobre~volume:3~FISICO~qtd:1~data:2025-01-26 || 12~Marés do Norte~Cartas da Cidade Azul~volume:2~DIGITAL~qtd:1~data:2025-02-06 || 24~Arquivos do Céu~A Última Constelação~volume:4~DIGITAL~qtd:1~data:2025-08-11 || 81~Luzes do Sul~A Primeira Luz~volume:1~FISICO~qtd:2~data:2025-09-08 || 59~Serra Dourada~A Oficina dos Sonhos~volume:2~FISICO~qtd:2~data:2025-10-28 || 73~Reinos do Bosque~A Semente de Prata~volume:1~FISICO~qtd:2~data:2026-01-03 || 75~Reinos do Bosque~O Bosque Adormecido~volume:2~FISICO~qtd:1~data:2026-05-14
621,Vitor Rocha Teixeira,39,CPF,700.000.621-80,53~Viajantes de Papel~A Estrada de Cristal~volume:3~FISICO~qtd:3~data:2024-05-06 || 68~Cidades de Sal~O Relógio da Praça~volume:2~DIGITAL~qtd:1~data:2024-06-10 || 65~Cidades de Sal~O Labirinto de Sal~volume:1~FISICO~qtd:2~data:2024-07-28 || 88~Luzes do Sul~Depois do Horizonte~volume:4~DIGITAL~qtd:1~data:2024-09-16 || 22~Arquivos do Céu~O Palácio dos Ventos~volume:3~DIGITAL~qtd:1~data:2025-01-31 || 75~Reinos do Bosque~O Bosque Adormecido~volume:2~FISICO~qtd:3~data:2025-02-11 || 72~Cidades de Sal~A Cidade sem Portas~volume:4~DIGITAL~qtd:2~data:2025-03-26 || 10~Marés do Norte~O Jardim das Marés~volume:1~DIGITAL~qtd:2~data:2025-08-16 || 93~Crônicas do Tempo~Os Dias Invertidos~volume:3~FISICO~qtd:2~data:2025-09-10 || 49~Viajantes de Papel~O Viajante de Papel~volume:1~FISICO~qtd:1~data:2026-05-28
USR-000622,João Moreira Moreira,33,RG,99.000.622-7,20~Arquivos do Céu~O Mapa de Vidro~volume:2~DIGITAL~qtd:1~data:2025-06-15
USR-000623,vitor vieira teixeira,33,CPF,700.000.623-41,76~Reinos do Bosque~O Bosque Adormecido~volume:2~DIGITAL~qtd:1~data:2024-02-14 || 95~Crônicas do Tempo~O Último Minuto~volume:4~FISICO~qtd:2~data:2024-05-18 || 53~Viajantes de Papel~A Estrada de Cristal~volume:3~FISICO~qtd:1~data:2025-02-24 || 9~Marés do Norte~O Jardim das Marés~volume:1~FISICO~qtd:1~data:2025-03-17 || 45~Jardins Secretos~A Casa das Sete Janelas~volume:3~FISICO~qtd:1~data:2025-06-02 || 88~Luzes do Sul~Depois do Horizonte~volume:4~DIGITAL~qtd:2~data:2026-01-06
624,João Souza Oliveira,37 anos,rg,99.000.624-1,57~Serra Dourada~Crônicas da Serra Dourada~volume:1~FISICO~qtd:1~data:2026-06-29
USR-000625,Eduardo Lima Oliveira,24,CPF,700.000.625-03,49~Viajantes de Papel~O Viajante de Papel~volume:1~FISICO~qtd:3~data:2024-03-07 || 26~Estações~Caminhos de Outono~volume:1~DIGITAL~qtd:1~data:2024-03-11 || 55~Viajantes de Papel~Os Dias do Cometa~volume:4~FISICO~qtd:3~data:2025-03-14 || 28~Estações~O Caderno de Inverno~volume:2~DIGITAL~qtd:2~data:2025-06-23 || 24~Arquivos do Céu~A Última Constelação~volume:4~DIGITAL~qtd:1~data:2026-08-18
USR-000626,Felipe Ferreira Martins,20,RG,99.000.626-5,49~Viajantes de Papel~O Viajante de Papel~volume:1~FISICO~qtd:3~data:2024-08-17 || 82~Luzes do Sul~A Primeira Luz~volume:1~DIGITAL~qtd:3~data:2026-05-29
627,Débora Henriques Pereira,64,CPF,700.000.627-75,18~Arquivos do Céu~A Biblioteca das Nuvens~volume:1~DIGITAL~qtd:1~data:2024-07-13 || 14~Marés do Norte~O Último Faroleiro~volume:3~DIGITAL~qtd:1~data:2024-12-27 || 24~Arquivos do Céu~A Última Constelação~volume:4~DIGITAL~qtd:1~data:2025-10-24
USR-000628,Nuno Ribeiro Esteves,35 anos,RG,99.000.628-9,72~Cidades de Sal~A Cidade sem Portas~volume:4~DIGITAL~qtd:3~data:2024-04-23 || 91~Crônicas do Tempo~A Hora Esquecida~volume:2~FISICO~qtd:2~data:2024-04-24 || 9~Marés do Norte~O Jardim das Marés~volume:1~FISICO~qtd:2~data:2025-07-06 || 90~Crônicas do Tempo~O Relógio Partido~volume:1~DIGITAL~qtd:2~data:2025-07-28 || 33~Ilhas Errantes~A Ilha dos Ventos~volume:1~FISICO~qtd:1~data:2026-04-15
USR-000629,Felipe Nunes Nunes,70,CPF,700.000.629-37,17~Arquivos do Céu~A Biblioteca das Nuvens~volume:1~FISICO~qtd:3~data:2024-01-05 || 48~Jardins Secretos~A Canção dos Pinheiros~volume:4~DIGITAL~qtd:2~data:2024-05-08 || 77~Reinos do Bosque~A Coroa de Folhas~volume:3~FISICO~qtd:2~data:2024-05-11 || 57~Serra Dourada~Crônicas da Serra Dourada~volume:1~FISICO~qtd:1~data:2025-04-05 || 62~Serra Dourada~Horizontes de Cobre~volume:3~DIGITAL~qtd:1~data:2025-04-08 || 75~Reinos do Bosque~O Bosque Adormecido~volume:2~FISICO~qtd:2~data:2025-05-24 || 45~Jardins Secretos~A Casa das Sete Janelas~volume:3~FISICO~qtd:1~data:2025-09-30 || 71~Cidades de Sal~A Cidade sem Portas~volume:4~FISICO~qtd:3~data:2026-02-23
630,  LUCAS MENDES OLIVEIRA  ,35,rg,99.000.630-3,43~Jardins Secretos~As Pontes de Aurora~volume:2~FISICO~qtd:3~data:2025-09-22 || 73~Reinos do Bosque~A Semente de Prata~volume:1~FISICO~qtd:2~data:2026-07-19
USR-000631,Felipe Pereira Barbosa,29,CPF,700.000.631-51,52~Viajantes de Papel~O Trem das Estrelas~volume:2~DIGITAL~qtd:2~data:2024-03-18 || 11~Marés do Norte~Cartas da Cidade Azul~volume:2~FISICO~qtd:1~data:2024-05-12 || 60~Serra Dourada~A Oficina dos Sonhos~volume:2~DIGITAL~qtd:1~data:2024-08-26 || 73~Reinos do Bosque~A Semente de Prata~volume:1~FISICO~qtd:3~data:2025-03-13 || 49~Viajantes de Papel~O Viajante de Papel~volume:1~FISICO~qtd:3~data:2025-03-16 || 44~Jardins Secretos~As Pontes de Aurora~volume:2~DIGITAL~qtd:1~data:2025-06-25 || 41~Jardins Secretos~O Segredo das Acácias~volume:1~FISICO~qtd:1~data:2025-09-21 || 46~Jardins Secretos~A Casa das Sete Janelas~volume:3~DIGITAL~qtd:3~data:2026-01-11
USR-000632,Ana Pereira Barbosa,47 anos,RG,99.000.632-7,90~Crônicas do Tempo~O Relógio Partido~volume:1~DIGITAL~qtd:1~data:2024-08-24
633,Felipe Souza Dias,27,CPF,700.000.633-13,77~Reinos do Bosque~A Coroa de Folhas~volume:3~FISICO~qtd:3~data:2024-11-17 || 27~Estações~O Caderno de Inverno~volume:2~FISICO~qtd:3~data:2025-03-19 || 71~Cidades de Sal~A Cidade sem Portas~volume:4~FISICO~qtd:2~data:2025-05-30 || 53~Viajantes de Papel~A Estrada de Cristal~volume:3~FISICO~qtd:2~data:2025-11-25 || 72~Cidades de Sal~A Cidade sem Portas~volume:4~DIGITAL~qtd:2~data:2026-04-30 || 13~Marés do Norte~O Último Faroleiro~volume:3~FISICO~qtd:3~data:2026-05-06 || 31~Estações~A Última Página do Verão~volume:4~FISICO~qtd:2~data:2026-09-01
USR-000634,Olívia Barbosa Almeida,29,RG,99.000.634-1,62~Serra Dourada~Horizontes de Cobre~volume:3~DIGITAL~qtd:3~data:2024-05-19 || 67~Cidades de Sal~O Relógio da Praça~volume:2~FISICO~qtd:2~data:2025-08-31 || 26~Estações~Caminhos de Outono~volume:1~DIGITAL~qtd:2~data:2025-09-08 || 42~Jardins Secretos~O Segredo das Acácias~volume:1~DIGITAL~qtd:2~data:2025-10-07 || 33~Ilhas Errantes~A Ilha dos Ventos~volume:1~FISICO~qtd:3~data:2026-02-23 || 96~Crônicas do Tempo~O Último Minuto~volume:4~DIGITAL~qtd:1~data:2026-03-18 || 95~Crônicas do Tempo~O Último Minuto~volume:4~FISICO~qtd:3~data:2026-03-29 || 19~Arquivos do Céu~O Mapa de Vidro~volume:2~FISICO~qtd:3~data:2026-07-17 || 55~Viajantes de Papel~Os Dias do Cometa~volume:4~FISICO~qtd:1~data:2026-08-31
USR-000635,Ana Costa Nunes,53,CPF,700.000.635-85,58~Serra Dourada~Crônicas da Serra Dourada~volume:1~DIGITAL~qtd:2~data:2024-08-24 || 79~Reinos do Bosque~O Guardião das Raízes~volume:4~FISICO~qtd:3~data:2025-04-09 || 9~Marés do Norte~O Jardim das Marés~volume:1~FISICO~qtd:1~data:2025-10-14 || 87~Luzes do Sul~Depois do Horizonte~volume:4~FISICO~qtd:3~data:2026-03-24 || 37~Ilhas Errantes~O Porto das Histórias~volume:3~FISICO~qtd:2~data:2026-07-31
636,Daniel Gomes Teixeira,57 anos,rg,99.000.636-5,71~Cidades de Sal~A Cidade sem Portas~volume:4~FISICO~qtd:2~data:2024-04-28 || 32~Estações~A Última Página do Verão~volume:4~DIGITAL~qtd:3~data:2024-05-31 || 9~Marés do Norte~O Jardim das Marés~volume:1~FISICO~qtd:1~data:2024-06-30 || 60~Serra Dourada~A Oficina dos Sonhos~volume:2~DIGITAL~qtd:3~data:2024-07-05 || 77~Reinos do Bosque~A Coroa de Folhas~volume:3~FISICO~qtd:3~data:2025-10-05 || 76~Reinos do Bosque~O Bosque Adormecido~volume:2~DIGITAL~qtd:3~data:2026-01-24 || 88~Luzes do Sul~Depois do Horizonte~volume:4~DIGITAL~qtd:1~data:2026-08-30
USR-000637,vitor santos lima,59,CPF,700.000.637-47,1~As Torres de Âmbar~A Chave de Âmbar~volume:1~FISICO~qtd:1~data:2024-01-16 || 66~Cidades de Sal~O Labirinto de Sal~volume:1~DIGITAL~qtd:1~data:2024-01-17 || 26~Estações~Caminhos de Outono~volume:1~DIGITAL~qtd:2~data:2025-04-13 || 82~Luzes do Sul~A Primeira Luz~volume:1~DIGITAL~qtd:3~data:2025-04-13 || 34~Ilhas Errantes~A Ilha dos Ventos~volume:1~DIGITAL~qtd:1~data:2025-04-25 || 38~Ilhas Errantes~O Porto das Histórias~volume:3~DIGITAL~qtd:3~data:2025-05-08 || 5~As Torres de Âmbar~A Torre do Amanhecer~volume:3~FISICO~qtd:2~data:2025-11-02 || 4~As Torres de Âmbar~O Vale das Lanternas~volume:2~DIGITAL~qtd:1~data:2025-11-18 || 21~Arquivos do Céu~O Palácio dos Ventos~volume:3~FISICO~qtd:1~data:2026-07-29
USR-000638,Teresa Gomes Oliveira,18,RG,99.000.638-9,11~Marés do Norte~Cartas da Cidade Azul~volume:2~FISICO~qtd:1~data:2024-02-04 || 9~Marés do Norte~O Jardim das Marés~volume:1~FISICO~qtd:1~data:2024-12-04 || 48~Jardins Secretos~A Canção dos Pinheiros~volume:4~DIGITAL~qtd:1~data:2024-12-10 || 76~Reinos do Bosque~O Bosque Adormecido~volume:2~DIGITAL~qtd:3~data:2025-02-05 || 13~Marés do Norte~O Último Faroleiro~volume:3~FISICO~qtd:3~data:2025-08-01 || 66~Cidades de Sal~O Labirinto de Sal~volume:1~DIGITAL~qtd:3~data:2025-12-16 || 69~Cidades de Sal~O Mercado das Sombras~volume:3~FISICO~qtd:2~data:2026-01-22 || 1~As Torres de Âmbar~A Chave de Âmbar~volume:1~FISICO~qtd:3~data:2026-04-06 || 18~Arquivos do Céu~A Biblioteca das Nuvens~volume:1~DIGITAL~qtd:2~data:2026-05-16
639,Caio Ribeiro Mendes,60,CPF,700.000.639-09,42~Jardins Secretos~O Segredo das Acácias~volume:1~DIGITAL~qtd:3~data:2024-06-15 || 6~As Torres de Âmbar~A Torre do Amanhecer~volume:3~DIGITAL~qtd:2~data:2025-04-21 || 62~Serra Dourada~Horizontes de Cobre~volume:3~DIGITAL~qtd:2~data:2025-10-09 || 12~Marés do Norte~Cartas da Cidade Azul~volume:2~DIGITAL~qtd:2~data:2026-01-20 || 58~Serra Dourada~Crônicas da Serra Dourada~volume:1~DIGITAL~qtd:3~data:2026-03-17 || 30~Estações~O Retrato da Primavera~volume:3~DIGITAL~qtd:3~data:2026-08-14
USR-000640,  RAFAELA MENDES GOMES  ,80 anos,RG,99.000.640-3,80~Reinos do Bosque~O Guardião das Raízes~volume:4~DIGITAL~qtd:2~data:2025-05-12 || 53~Viajantes de Papel~A Estrada de Cristal~volume:3~FISICO~qtd:1~data:2026-01-15 || 76~Reinos do Bosque~O Bosque Adormecido~volume:2~DIGITAL~qtd:3~data:2026-03-10 || 13~Marés do Norte~O Último Faroleiro~volume:3~FISICO~qtd:2~data:2026-06-24 || 56~Viajantes de Papel~Os Dias do Cometa~volume:4~DIGITAL~qtd:2~data:2026-06-24
USR-000641,João Lima Santos,28,CPF,700.000.641-23,96~Crônicas do Tempo~O Último Minuto~volume:4~DIGITAL~qtd:3~data:2024-03-24 || 51~Viajantes de Papel~O Trem das Estrelas~volume:2~FISICO~qtd:3~data:2024-12-12 || 13~Marés do Norte~O Último Faroleiro~volume:3~FISICO~qtd:3~data:2025-01-21 || 58~Serra Dourada~Crônicas da Serra Dourada~volume:1~DIGITAL~qtd:2~data:2025-04-24 || 11~Marés do Norte~Cartas da Cidade Azul~volume:2~FISICO~qtd:3~data:2025-05-02 || 60~Serra Dourada~A Oficina dos Sonhos~volume:2~DIGITAL~qtd:3~data:2025-10-04 || 5~As Torres de Âmbar~A Torre do Amanhecer~volume:3~FISICO~qtd:2~data:2025-10-30 || 25~Estações~Caminhos de Outono~volume:1~FISICO~qtd:1~data:2025-12-22 || 4~As Torres de Âmbar~O Vale das Lanternas~volume:2~DIGITAL~qtd:1~data:2026-01-23 || 28~Estações~O Caderno de Inverno~volume:2~DIGITAL~qtd:2~data:2026-08-28
642,Hugo Nunes Rocha,66,rg,99.000.642-7,31~Estações~A Última Página do Verão~volume:4~FISICO~qtd:1~data:2024-06-15 || 68~Cidades de Sal~O Relógio da Praça~volume:2~DIGITAL~qtd:1~data:2025-09-21 || 28~Estações~O Caderno de Inverno~volume:2~DIGITAL~qtd:3~data:2026-07-06 || 63~Serra Dourada~Os Guardiões do Horizonte~volume:4~FISICO~qtd:1~data:2026-08-21
USR-000643,Caio Henriques Ferreira,25,CPF,700.000.643-95,54~Viajantes de Papel~A Estrada de Cristal~volume:3~DIGITAL~qtd:2~data:2024-01-14 || 82~Luzes do Sul~A Primeira Luz~volume:1~DIGITAL~qtd:3~data:2024-01-28 || 58~Serra Dourada~Crônicas da Serra Dourada~volume:1~DIGITAL~qtd:3~data:2024-03-01 || 45~Jardins Secretos~A Casa das Sete Janelas~volume:3~FISICO~qtd:2~data:2024-03-17 || 85~Luzes do Sul~O Farol de Cristal~volume:3~FISICO~qtd:3~data:2024-06-11 || 64~Serra Dourada~Os Guardiões do Horizonte~volume:4~DIGITAL~qtd:3~data:2024-06-25 || 63~Serra Dourada~Os Guardiões do Horizonte~volume:4~FISICO~qtd:3~data:2025-03-13 || 94~Crônicas do Tempo~Os Dias Invertidos~volume:3~DIGITAL~qtd:2~data:2025-10-29 || 44~Jardins Secretos~As Pontes de Aurora~volume:2~DIGITAL~qtd:3~data:2026-03-25
USR-000644,teresa dias rocha,19 anos,RG,99.000.644-1,35~Ilhas Errantes~Memórias do Rio Claro~volume:2~FISICO~qtd:2~data:2024-05-31 || 8~As Torres de Âmbar~O Reino de Cinzas~volume:4~DIGITAL~qtd:2~data:2025-02-01 || 69~Cidades de Sal~O Mercado das Sombras~volume:3~FISICO~qtd:3~data:2026-01-23 || 21~Arquivos do Céu~O Palácio dos Ventos~volume:3~FISICO~qtd:3~data:2026-02-07 || 58~Serra Dourada~Crônicas da Serra Dourada~volume:1~DIGITAL~qtd:3~data:2026-02-14
645,Hugo Oliveira Ribeiro,81,CPF,700.000.645-57,64~Serra Dourada~Os Guardiões do Horizonte~volume:4~DIGITAL~qtd:1~data:2024-05-30 || 14~Marés do Norte~O Último Faroleiro~volume:3~DIGITAL~qtd:2~data:2024-08-22 || 69~Cidades de Sal~O Mercado das Sombras~volume:3~FISICO~qtd:2~data:2025-03-05 || 53~Viajantes de Papel~A Estrada de Cristal~volume:3~FISICO~qtd:3~data:2025-04-09 || 15~Marés do Norte~A Ilha Submersa~volume:4~FISICO~qtd:1~data:2025-11-24 || 62~Serra Dourada~Horizontes de Cobre~volume:3~DIGITAL~qtd:1~data:2026-01-09 || 45~Jardins Secretos~A Casa das Sete Janelas~volume:3~FISICO~qtd:3~data:2026-04-29 || 2~As Torres de Âmbar~A Chave de Âmbar~volume:1~DIGITAL~qtd:2~data:2026-06-15
USR-000646,Débora Ribeiro Pereira,84,RG,99.000.646-5,92~Crônicas do Tempo~A Hora Esquecida~volume:2~DIGITAL~qtd:1~data:2024-02-13 || 11~Marés do Norte~Cartas da Cidade Azul~volume:2~FISICO~qtd:2~data:2024-06-09 || 1~As Torres de Âmbar~A Chave de Âmbar~volume:1~FISICO~qtd:2~data:2024-09-04 || 14~Marés do Norte~O Último Faroleiro~volume:3~DIGITAL~qtd:2~data:2025-06-21 || 3~As Torres de Âmbar~O Vale das Lanternas~volume:2~FISICO~qtd:1~data:2025-11-03 || 63~Serra Dourada~Os Guardiões do Horizonte~volume:4~FISICO~qtd:3~data:2025-11-09 || 44~Jardins Secretos~As Pontes de Aurora~volume:2~DIGITAL~qtd:1~data:2026-03-08
USR-000647,Débora Cardoso Rocha,33,CPF,700.000.647-19,39~Ilhas Errantes~A Travessia das Flores~volume:4~FISICO~qtd:1~data:2024-02-25 || 30~Estações~O Retrato da Primavera~volume:3~DIGITAL~qtd:2~data:2026-05-31 || 36~Ilhas Errantes~Memórias do Rio Claro~volume:2~DIGITAL~qtd:2~data:2026-06-03
648,Felipe Almeida Costa,52 anos,rg,99.000.648-9,81~Luzes do Sul~A Primeira Luz~volume:1~FISICO~qtd:1~data:2024-05-06 || 40~Ilhas Errantes~A Travessia das Flores~volume:4~DIGITAL~qtd:2~data:2026-05-22 || 82~Luzes do Sul~A Primeira Luz~volume:1~DIGITAL~qtd:3~data:2026-07-05
USR-000649,Bruno Gomes Moreira,74,CPF,700.000.649-81,42~Jardins Secretos~O Segredo das Acácias~volume:1~DIGITAL~qtd:3~data:2024-07-10 || 13~Marés do Norte~O Último Faroleiro~volume:3~FISICO~qtd:3~data:2024-07-28 || 37~Ilhas Errantes~O Porto das Histórias~volume:3~FISICO~qtd:1~data:2024-08-04 || 16~Marés do Norte~A Ilha Submersa~volume:4~DIGITAL~qtd:1~data:2025-07-03 || 32~Estações~A Última Página do Verão~volume:4~DIGITAL~qtd:1~data:2026-05-19 || 21~Arquivos do Céu~O Palácio dos Ventos~volume:3~FISICO~qtd:3~data:2026-07-24 || 4~As Torres de Âmbar~O Vale das Lanternas~volume:2~DIGITAL~qtd:3~data:2026-07-27
USR-000650,  SAMUEL MARTINS MOREIRA  ,54,RG,99.000.650-3,61~Serra Dourada~Horizontes de Cobre~volume:3~FISICO~qtd:2~data:2024-03-25 || 82~Luzes do Sul~A Primeira Luz~volume:1~DIGITAL~qtd:2~data:2025-02-03 || 43~Jardins Secretos~As Pontes de Aurora~volume:2~FISICO~qtd:1~data:2025-03-29 || 70~Cidades de Sal~O Mercado das Sombras~volume:3~DIGITAL~qtd:2~data:2025-04-21 || 27~Estações~O Caderno de Inverno~volume:2~FISICO~qtd:3~data:2025-05-03 || 14~Marés do Norte~O Último Faroleiro~volume:3~DIGITAL~qtd:1~data:2025-05-27 || 6~As Torres de Âmbar~A Torre do Amanhecer~volume:3~DIGITAL~qtd:2~data:2025-09-10 || 51~Viajantes de Papel~O Trem das Estrelas~volume:2~FISICO~qtd:2~data:2025-10-13 || 91~Crônicas do Tempo~A Hora Esquecida~volume:2~FISICO~qtd:3~data:2026-01-04
651,vitor nunes gomes,41,CPF,700.000.651-03,11~Marés do Norte~Cartas da Cidade Azul~volume:2~FISICO~qtd:2~data:2024-04-06 || 75~Reinos do Bosque~O Bosque Adormecido~volume:2~FISICO~qtd:3~data:2024-06-12 || 81~Luzes do Sul~A Primeira Luz~volume:1~FISICO~qtd:1~data:2024-07-12 || 95~Crônicas do Tempo~O Último Minuto~volume:4~FISICO~qtd:3~data:2024-08-24 || 1~As Torres de Âmbar~A Chave de Âmbar~volume:1~FISICO~qtd:1~data:2026-06-19
USR-000652,Débora Barbosa Ribeiro,75 anos,RG,99.000.652-7,49~Viajantes de Papel~O Viajante de Papel~volume:1~FISICO~qtd:2~data:2024-01-28 || 26~Estações~Caminhos de Outono~volume:1~DIGITAL~qtd:2~data:2024-08-20 || 95~Crônicas do Tempo~O Último Minuto~volume:4~FISICO~qtd:3~data:2025-02-12 || 2~As Torres de Âmbar~A Chave de Âmbar~volume:1~DIGITAL~qtd:2~data:2025-07-28 || 67~Cidades de Sal~O Relógio da Praça~volume:2~FISICO~qtd:2~data:2025-08-14 || 1~As Torres de Âmbar~A Chave de Âmbar~volume:1~FISICO~qtd:2~data:2025-09-04 || 8~As Torres de Âmbar~O Reino de Cinzas~volume:4~DIGITAL~qtd:2~data:2026-01-03 || 20~Arquivos do Céu~O Mapa de Vidro~volume:2~DIGITAL~qtd:3~data:2026-05-21 || 3~As Torres de Âmbar~O Vale das Lanternas~volume:2~FISICO~qtd:3~data:2026-07-07
USR-000653,Débora Cardoso Martins,21,CPF,700.000.653-67,44~Jardins Secretos~As Pontes de Aurora~volume:2~DIGITAL~qtd:1~data:2024-01-10 || 42~Jardins Secretos~O Segredo das Acácias~volume:1~DIGITAL~qtd:3~data:2024-08-31 || 61~Serra Dourada~Horizontes de Cobre~volume:3~FISICO~qtd:3~data:2024-09-04
654,Lucas Gomes Gomes,36,rg,99.000.654-1,74~Reinos do Bosque~A Semente de Prata~volume:1~DIGITAL~qtd:2~data:2024-08-19 || 40~Ilhas Errantes~A Travessia das Flores~volume:4~DIGITAL~qtd:2~data:2025-12-08
USR-000655,Isabela Barbosa Souza,73,CPF,700.000.655-29,18~Arquivos do Céu~A Biblioteca das Nuvens~volume:1~DIGITAL~qtd:2~data:2024-07-11 || 62~Serra Dourada~Horizontes de Cobre~volume:3~DIGITAL~qtd:3~data:2024-10-08 || 32~Estações~A Última Página do Verão~volume:4~DIGITAL~qtd:3~data:2026-02-24 || 63~Serra Dourada~Os Guardiões do Horizonte~volume:4~FISICO~qtd:3~data:2026-02-26 || 64~Serra Dourada~Os Guardiões do Horizonte~volume:4~DIGITAL~qtd:3~data:2026-05-28 || 48~Jardins Secretos~A Canção dos Pinheiros~volume:4~DIGITAL~qtd:1~data:2026-07-08
USR-000656,Lucas Moreira Teixeira,67 anos,RG,99.000.656-5,73~Reinos do Bosque~A Semente de Prata~volume:1~FISICO~qtd:3~data:2024-01-07 || 82~Luzes do Sul~A Primeira Luz~volume:1~DIGITAL~qtd:3~data:2024-06-09 || 83~Luzes do Sul~A Estrada do Sul~volume:2~FISICO~qtd:3~data:2024-08-07 || 47~Jardins Secretos~A Canção dos Pinheiros~volume:4~FISICO~qtd:1~data:2024-09-03 || 51~Viajantes de Papel~O Trem das Estrelas~volume:2~FISICO~qtd:2~data:2024-09-19 || 22~Arquivos do Céu~O Palácio dos Ventos~volume:3~DIGITAL~qtd:1~data:2024-11-30 || 92~Crônicas do Tempo~A Hora Esquecida~volume:2~DIGITAL~qtd:2~data:2025-04-03 || 80~Reinos do Bosque~O Guardião das Raízes~volume:4~DIGITAL~qtd:3~data:2026-04-21
657,Isabela Costa Ferreira,33,CPF,700.000.657-91,52~Viajantes de Papel~O Trem das Estrelas~volume:2~DIGITAL~qtd:2~data:2024-09-17 || 13~Marés do Norte~O Último Faroleiro~volume:3~FISICO~qtd:2~data:2024-12-25 || 38~Ilhas Errantes~O Porto das Histórias~volume:3~DIGITAL~qtd:2~data:2025-01-12
USR-000658,bruno martins esteves,33,RG,99.000.658-9,38~Ilhas Errantes~O Porto das Histórias~volume:3~DIGITAL~qtd:1~data:2024-02-02 || 82~Luzes do Sul~A Primeira Luz~volume:1~DIGITAL~qtd:2~data:2024-10-23 || 36~Ilhas Errantes~Memórias do Rio Claro~volume:2~DIGITAL~qtd:1~data:2024-11-21 || 58~Serra Dourada~Crônicas da Serra Dourada~volume:1~DIGITAL~qtd:3~data:2025-01-28 || 55~Viajantes de Papel~Os Dias do Cometa~volume:4~FISICO~qtd:3~data:2025-11-12 || 74~Reinos do Bosque~A Semente de Prata~volume:1~DIGITAL~qtd:2~data:2026-02-01
USR-000659,Isabela Dias Barbosa,52,CPF,700.000.659-52,37~Ilhas Errantes~O Porto das Histórias~volume:3~FISICO~qtd:2~data:2024-05-28 || 90~Crônicas do Tempo~O Relógio Partido~volume:1~DIGITAL~qtd:3~data:2024-09-21 || 24~Arquivos do Céu~A Última Constelação~volume:4~DIGITAL~qtd:1~data:2024-10-27 || 73~Reinos do Bosque~A Semente de Prata~volume:1~FISICO~qtd:1~data:2026-04-13 || 49~Viajantes de Papel~O Viajante de Papel~volume:1~FISICO~qtd:3~data:2026-06-10
660,  ISABELA CARDOSO MENDES  ,76 anos,rg,99.000.660-3,33~Ilhas Errantes~A Ilha dos Ventos~volume:1~FISICO~qtd:2~data:2026-08-14
USR-000661,Eduardo Almeida Lima,61,CPF,700.000.661-77,64~Serra Dourada~Os Guardiões do Horizonte~volume:4~DIGITAL~qtd:3~data:2024-02-06 || 10~Marés do Norte~O Jardim das Marés~volume:1~DIGITAL~qtd:2~data:2024-05-31 || 91~Crônicas do Tempo~A Hora Esquecida~volume:2~FISICO~qtd:3~data:2024-06-14 || 17~Arquivos do Céu~A Biblioteca das Nuvens~volume:1~FISICO~qtd:1~data:2025-03-10 || 86~Luzes do Sul~O Farol de Cristal~volume:3~DIGITAL~qtd:1~data:2025-08-22
USR-000662,Marina Rocha Esteves,29,RG,99.000.662-7,12~Marés do Norte~Cartas da Cidade Azul~volume:2~DIGITAL~qtd:1~data:2024-01-29 || 70~Cidades de Sal~O Mercado das Sombras~volume:3~DIGITAL~qtd:3~data:2024-05-15 || 9~Marés do Norte~O Jardim das Marés~volume:1~FISICO~qtd:3~data:2024-06-21 || 76~Reinos do Bosque~O Bosque Adormecido~volume:2~DIGITAL~qtd:3~data:2024-06-24 || 64~Serra Dourada~Os Guardiões do Horizonte~volume:4~DIGITAL~qtd:3~data:2024-09-08 || 96~Crônicas do Tempo~O Último Minuto~volume:4~DIGITAL~qtd:1~data:2025-04-01 || 45~Jardins Secretos~A Casa das Sete Janelas~volume:3~FISICO~qtd:1~data:2025-08-11 || 87~Luzes do Sul~Depois do Horizonte~volume:4~FISICO~qtd:1~data:2026-02-16 || 68~Cidades de Sal~O Relógio da Praça~volume:2~DIGITAL~qtd:3~data:2026-04-02
663,Ana Mendes Lima,73,CPF,700.000.663-39,23~Arquivos do Céu~A Última Constelação~volume:4~FISICO~qtd:1~data:2025-02-01 || 43~Jardins Secretos~As Pontes de Aurora~volume:2~FISICO~qtd:2~data:2025-02-10 || 64~Serra Dourada~Os Guardiões do Horizonte~volume:4~DIGITAL~qtd:3~data:2025-05-01 || 21~Arquivos do Céu~O Palácio dos Ventos~volume:3~FISICO~qtd:1~data:2026-07-09
USR-000664,Rafaela Ferreira Almeida,76 anos,RG,99.000.664-1,79~Reinos do Bosque~O Guardião das Raízes~volume:4~FISICO~qtd:3~data:2024-01-31 || 12~Marés do Norte~Cartas da Cidade Azul~volume:2~DIGITAL~qtd:1~data:2024-02-19 || 24~Arquivos do Céu~A Última Constelação~volume:4~DIGITAL~qtd:3~data:2024-04-30 || 16~Marés do Norte~A Ilha Submersa~volume:4~DIGITAL~qtd:2~data:2024-06-30 || 26~Estações~Caminhos de Outono~volume:1~DIGITAL~qtd:1~data:2024-08-27 || 57~Serra Dourada~Crônicas da Serra Dourada~volume:1~FISICO~qtd:2~data:2024-09-19 || 11~Marés do Norte~Cartas da Cidade Azul~volume:2~FISICO~qtd:2~data:2025-06-01 || 15~Marés do Norte~A Ilha Submersa~volume:4~FISICO~qtd:3~data:2025-08-18 || 32~Estações~A Última Página do Verão~volume:4~DIGITAL~qtd:3~data:2026-01-20 || 39~Ilhas Errantes~A Travessia das Flores~volume:4~FISICO~qtd:3~data:2026-08-30
USR-000665,vitor esteves santos,40,CPF,700.000.665-09,66~Cidades de Sal~O Labirinto de Sal~volume:1~DIGITAL~qtd:1~data:2024-05-10 || 68~Cidades de Sal~O Relógio da Praça~volume:2~DIGITAL~qtd:1~data:2024-10-04 || 75~Reinos do Bosque~O Bosque Adormecido~volume:2~FISICO~qtd:3~data:2025-01-06 || 43~Jardins Secretos~As Pontes de Aurora~volume:2~FISICO~qtd:1~data:2025-11-03 || 36~Ilhas Errantes~Memórias do Rio Claro~volume:2~DIGITAL~qtd:3~data:2025-12-20 || 37~Ilhas Errantes~O Porto das Histórias~volume:3~FISICO~qtd:3~data:2026-05-20
666,Marina Rocha Esteves,81,rg,99.000.666-5,31~Estações~A Última Página do Verão~volume:4~FISICO~qtd:1~data:2024-01-19 || 28~Estações~O Caderno de Inverno~volume:2~DIGITAL~qtd:2~data:2024-04-13 || 93~Crônicas do Tempo~Os Dias Invertidos~volume:3~FISICO~qtd:1~data:2024-11-01 || 60~Serra Dourada~A Oficina dos Sonhos~volume:2~DIGITAL~qtd:2~data:2024-12-22 || 21~Arquivos do Céu~O Palácio dos Ventos~volume:3~FISICO~qtd:3~data:2025-03-12 || 72~Cidades de Sal~A Cidade sem Portas~volume:4~DIGITAL~qtd:1~data:2025-05-24 || 51~Viajantes de Papel~O Trem das Estrelas~volume:2~FISICO~qtd:3~data:2025-06-25
USR-000667,Pedro Souza Rocha,25,CPF,700.000.667-62,91~Crônicas do Tempo~A Hora Esquecida~volume:2~FISICO~qtd:3~data:2025-12-05
USR-000668,Daniel Rocha Gomes,46 anos,RG,99.000.668-9,43~Jardins Secretos~As Pontes de Aurora~volume:2~FISICO~qtd:2~data:2024-10-26 || 5~As Torres de Âmbar~A Torre do Amanhecer~volume:3~FISICO~qtd:2~data:2025-02-17 || 71~Cidades de Sal~A Cidade sem Portas~volume:4~FISICO~qtd:2~data:2025-09-02 || 38~Ilhas Errantes~O Porto das Histórias~volume:3~DIGITAL~qtd:2~data:2026-09-19
669,Samuel Oliveira Lima,81,CPF,700.000.669-24,73~Reinos do Bosque~A Semente de Prata~volume:1~FISICO~qtd:2~data:2025-07-05 || 54~Viajantes de Papel~A Estrada de Cristal~volume:3~DIGITAL~qtd:2~data:2026-01-19
USR-000670,  SAMUEL MARTINS OLIVEIRA  ,43,RG,99.000.670-3,30~Estações~O Retrato da Primavera~volume:3~DIGITAL~qtd:3~data:2024-05-23 || 55~Viajantes de Papel~Os Dias do Cometa~volume:4~FISICO~qtd:1~data:2024-06-20 || 19~Arquivos do Céu~O Mapa de Vidro~volume:2~FISICO~qtd:1~data:2025-04-26 || 89~Crônicas do Tempo~O Relógio Partido~volume:1~FISICO~qtd:3~data:2025-06-05 || 88~Luzes do Sul~Depois do Horizonte~volume:4~DIGITAL~qtd:1~data:2025-07-30 || 58~Serra Dourada~Crônicas da Serra Dourada~volume:1~DIGITAL~qtd:3~data:2025-10-29 || 3~As Torres de Âmbar~O Vale das Lanternas~volume:2~FISICO~qtd:1~data:2026-06-30 || 31~Estações~A Última Página do Verão~volume:4~FISICO~qtd:3~data:2026-08-08 || 67~Cidades de Sal~O Relógio da Praça~volume:2~FISICO~qtd:3~data:2026-08-12
USR-000671,Vitor Almeida Gomes,64,CPF,700.000.671-49,73~Reinos do Bosque~A Semente de Prata~volume:1~FISICO~qtd:1~data:2024-07-03 || 74~Reinos do Bosque~A Semente de Prata~volume:1~DIGITAL~qtd:1~data:2024-09-10 || 81~Luzes do Sul~A Primeira Luz~volume:1~FISICO~qtd:2~data:2024-09-11 || 80~Reinos do Bosque~O Guardião das Raízes~volume:4~DIGITAL~qtd:2~data:2025-10-28 || 19~Arquivos do Céu~O Mapa de Vidro~volume:2~FISICO~qtd:1~data:2025-12-16 || 68~Cidades de Sal~O Relógio da Praça~volume:2~DIGITAL~qtd:2~data:2026-02-03
672,olívia costa santos,85 anos,rg,99.000.672-7,82~Luzes do Sul~A Primeira Luz~volume:1~DIGITAL~qtd:3~data:2024-08-25 || 19~Arquivos do Céu~O Mapa de Vidro~volume:2~FISICO~qtd:3~data:2024-10-12 || 80~Reinos do Bosque~O Guardião das Raízes~volume:4~DIGITAL~qtd:1~data:2025-05-18 || 13~Marés do Norte~O Último Faroleiro~volume:3~FISICO~qtd:1~data:2026-07-21
USR-000673,Isabela Henriques Mendes,65,CPF,700.000.673-01,22~Arquivos do Céu~O Palácio dos Ventos~volume:3~DIGITAL~qtd:3~data:2024-11-02 || 69~Cidades de Sal~O Mercado das Sombras~volume:3~FISICO~qtd:1~data:2025-03-04 || 1~As Torres de Âmbar~A Chave de Âmbar~volume:1~FISICO~qtd:3~data:2025-05-12 || 7~As Torres de Âmbar~O Reino de Cinzas~volume:4~FISICO~qtd:2~data:2025-12-12 || 31~Estações~A Última Página do Verão~volume:4~FISICO~qtd:1~data:2026-09-01
USR-000674,Ana Mendes Gomes,25,RG,99.000.674-1,14~Marés do Norte~O Último Faroleiro~volume:3~DIGITAL~qtd:2~data:2025-02-19 || 90~Crônicas do Tempo~O Relógio Partido~volume:1~DIGITAL~qtd:1~data:2025-03-22 || 65~Cidades de Sal~O Labirinto de Sal~volume:1~FISICO~qtd:1~data:2025-05-22 || 33~Ilhas Errantes~A Ilha dos Ventos~volume:1~FISICO~qtd:3~data:2025-06-09 || 13~Marés do Norte~O Último Faroleiro~volume:3~FISICO~qtd:3~data:2026-02-04
675,Eduardo Ribeiro Costa,73,CPF,700.000.675-72,71~Cidades de Sal~A Cidade sem Portas~volume:4~FISICO~qtd:1~data:2024-03-14 || 29~Estações~O Retrato da Primavera~volume:3~FISICO~qtd:3~data:2024-08-18 || 40~Ilhas Errantes~A Travessia das Flores~volume:4~DIGITAL~qtd:3~data:2025-07-19 || 86~Luzes do Sul~O Farol de Cristal~volume:3~DIGITAL~qtd:2~data:2025-08-30 || 8~As Torres de Âmbar~O Reino de Cinzas~volume:4~DIGITAL~qtd:2~data:2025-12-13 || 55~Viajantes de Papel~Os Dias do Cometa~volume:4~FISICO~qtd:1~data:2026-01-26 || 63~Serra Dourada~Os Guardiões do Horizonte~volume:4~FISICO~qtd:1~data:2026-04-15 || 13~Marés do Norte~O Último Faroleiro~volume:3~FISICO~qtd:2~data:2026-06-09
USR-000676,Marina Santos Lima,70 anos,RG,99.000.676-5,34~Ilhas Errantes~A Ilha dos Ventos~volume:1~DIGITAL~qtd:3~data:2025-07-03
USR-000677,Daniel Martins Teixeira,53,CPF,700.000.677-34,88~Luzes do Sul~Depois do Horizonte~volume:4~DIGITAL~qtd:2~data:2024-01-13 || 50~Viajantes de Papel~O Viajante de Papel~volume:1~DIGITAL~qtd:3~data:2024-04-25 || 13~Marés do Norte~O Último Faroleiro~volume:3~FISICO~qtd:2~data:2025-01-29 || 23~Arquivos do Céu~A Última Constelação~volume:4~FISICO~qtd:3~data:2025-08-06 || 76~Reinos do Bosque~O Bosque Adormecido~volume:2~DIGITAL~qtd:2~data:2025-12-28 || 46~Jardins Secretos~A Casa das Sete Janelas~volume:3~DIGITAL~qtd:3~data:2026-01-10 || 62~Serra Dourada~Horizontes de Cobre~volume:3~DIGITAL~qtd:3~data:2026-01-16
678,Elisa Lima Souza,35,rg,99.000.678-9,18~Arquivos do Céu~A Biblioteca das Nuvens~volume:1~DIGITAL~qtd:2~data:2024-01-01 || 80~Reinos do Bosque~O Guardião das Raízes~volume:4~DIGITAL~qtd:3~data:2024-01-24 || 33~Ilhas Errantes~A Ilha dos Ventos~volume:1~FISICO~qtd:2~data:2024-01-26 || 37~Ilhas Errantes~O Porto das Histórias~volume:3~FISICO~qtd:3~data:2025-12-02 || 35~Ilhas Errantes~Memórias do Rio Claro~volume:2~FISICO~qtd:1~data:2026-03-21 || 20~Arquivos do Céu~O Mapa de Vidro~volume:2~DIGITAL~qtd:2~data:2026-06-05 || 40~Ilhas Errantes~A Travessia das Flores~volume:4~DIGITAL~qtd:1~data:2026-08-23
USR-000679,joão dias mendes,76,CPF,700.000.679-04,52~Viajantes de Papel~O Trem das Estrelas~volume:2~DIGITAL~qtd:1~data:2024-01-16 || 50~Viajantes de Papel~O Viajante de Papel~volume:1~DIGITAL~qtd:2~data:2024-08-12 || 64~Serra Dourada~Os Guardiões do Horizonte~volume:4~DIGITAL~qtd:1~data:2026-01-23 || 78~Reinos do Bosque~A Coroa de Folhas~volume:3~DIGITAL~qtd:1~data:2026-05-28 || 4~As Torres de Âmbar~O Vale das Lanternas~volume:2~DIGITAL~qtd:3~data:2026-09-19
USR-000680,  CARLA DIAS PEREIRA  ,31 anos,RG,99.000.680-3,74~Reinos do Bosque~A Semente de Prata~volume:1~DIGITAL~qtd:1~data:2024-06-14 || 12~Marés do Norte~Cartas da Cidade Azul~volume:2~DIGITAL~qtd:3~data:2024-12-07 || 33~Ilhas Errantes~A Ilha dos Ventos~volume:1~FISICO~qtd:1~data:2025-01-17 || 19~Arquivos do Céu~O Mapa de Vidro~volume:2~FISICO~qtd:1~data:2025-10-06 || 11~Marés do Norte~Cartas da Cidade Azul~volume:2~FISICO~qtd:2~data:2025-10-27 || 18~Arquivos do Céu~A Biblioteca das Nuvens~volume:1~DIGITAL~qtd:2~data:2026-05-04
681,Lucas Nunes Henriques,70,CPF,700.000.681-11,47~Jardins Secretos~A Canção dos Pinheiros~volume:4~FISICO~qtd:2~data:2024-07-19 || 58~Serra Dourada~Crônicas da Serra Dourada~volume:1~DIGITAL~qtd:3~data:2024-09-04 || 69~Cidades de Sal~O Mercado das Sombras~volume:3~FISICO~qtd:1~data:2025-06-12 || 20~Arquivos do Céu~O Mapa de Vidro~volume:2~DIGITAL~qtd:1~data:2026-02-10 || 5~As Torres de Âmbar~A Torre do Amanhecer~volume:3~FISICO~qtd:2~data:2026-05-28
USR-000682,Samuel Santos Martins,47,RG,99.000.682-7,67~Cidades de Sal~O Relógio da Praça~volume:2~FISICO~qtd:3~data:2025-03-03 || 89~Crônicas do Tempo~O Relógio Partido~volume:1~FISICO~qtd:2~data:2025-07-05
USR-000683,Teresa Barbosa Henriques,84,CPF,700.000.683-82,13~Marés do Norte~O Último Faroleiro~volume:3~FISICO~qtd:2~data:2024-04-21 || 80~Reinos do Bosque~O Guardião das Raízes~volume:4~DIGITAL~qtd:3~data:2024-11-08 || 30~Estações~O Retrato da Primavera~volume:3~DIGITAL~qtd:2~data:2026-08-22
684,Isabela Costa Vieira,80 anos,rg,99.000.684-1,88~Luzes do Sul~Depois do Horizonte~volume:4~DIGITAL~qtd:3~data:2025-01-24 || 60~Serra Dourada~A Oficina dos Sonhos~volume:2~DIGITAL~qtd:2~data:2025-04-06 || 23~Arquivos do Céu~A Última Constelação~volume:4~FISICO~qtd:1~data:2025-09-16 || 14~Marés do Norte~O Último Faroleiro~volume:3~DIGITAL~qtd:1~data:2026-01-16 || 31~Estações~A Última Página do Verão~volume:4~FISICO~qtd:2~data:2026-03-07 || 90~Crônicas do Tempo~O Relógio Partido~volume:1~DIGITAL~qtd:3~data:2026-05-16 || 30~Estações~O Retrato da Primavera~volume:3~DIGITAL~qtd:1~data:2026-05-29 || 8~As Torres de Âmbar~O Reino de Cinzas~volume:4~DIGITAL~qtd:2~data:2026-07-01
USR-000685,Daniel Gomes Moreira,54,CPF,700.000.685-44,1~As Torres de Âmbar~A Chave de Âmbar~volume:1~FISICO~qtd:3~data:2024-11-20 || 80~Reinos do Bosque~O Guardião das Raízes~volume:4~DIGITAL~qtd:3~data:2025-07-04 || 32~Estações~A Última Página do Verão~volume:4~DIGITAL~qtd:1~data:2025-08-01 || 14~Marés do Norte~O Último Faroleiro~volume:3~DIGITAL~qtd:3~data:2025-08-21 || 78~Reinos do Bosque~A Coroa de Folhas~volume:3~DIGITAL~qtd:2~data:2026-01-07 || 24~Arquivos do Céu~A Última Constelação~volume:4~DIGITAL~qtd:1~data:2026-07-06 || 83~Luzes do Sul~A Estrada do Sul~volume:2~FISICO~qtd:3~data:2026-07-19 || 86~Luzes do Sul~O Farol de Cristal~volume:3~DIGITAL~qtd:3~data:2026-07-29
USR-000686,karina henriques rocha,58,RG,99.000.686-5,29~Estações~O Retrato da Primavera~volume:3~FISICO~qtd:2~data:2024-02-08 || 84~Luzes do Sul~A Estrada do Sul~volume:2~DIGITAL~qtd:1~data:2024-04-22 || 24~Arquivos do Céu~A Última Constelação~volume:4~DIGITAL~qtd:1~data:2024-05-08 || 30~Estações~O Retrato da Primavera~volume:3~DIGITAL~qtd:2~data:2024-05-25 || 43~Jardins Secretos~As Pontes de Aurora~volume:2~FISICO~qtd:1~data:2024-07-20 || 90~Crônicas do Tempo~O Relógio Partido~volume:1~DIGITAL~qtd:2~data:2024-08-21 || 58~Serra Dourada~Crônicas da Serra Dourada~volume:1~DIGITAL~qtd:2~data:2025-04-27 || 57~Serra Dourada~Crônicas da Serra Dourada~volume:1~FISICO~qtd:1~data:2025-07-02 || 39~Ilhas Errantes~A Travessia das Flores~volume:4~FISICO~qtd:2~data:2026-03-05 || 76~Reinos do Bosque~O Bosque Adormecido~volume:2~DIGITAL~qtd:1~data:2026-08-26
687,Samuel Lima Almeida,75,CPF,700.000.687-06,72~Cidades de Sal~A Cidade sem Portas~volume:4~DIGITAL~qtd:2~data:2024-10-26 || 13~Marés do Norte~O Último Faroleiro~volume:3~FISICO~qtd:2~data:2025-10-30 || 55~Viajantes de Papel~Os Dias do Cometa~volume:4~FISICO~qtd:1~data:2026-07-04 || 41~Jardins Secretos~O Segredo das Acácias~volume:1~FISICO~qtd:2~data:2026-08-22
USR-000688,Gabriela Barbosa Barbosa,28 anos,RG,99.000.688-9,74~Reinos do Bosque~A Semente de Prata~volume:1~DIGITAL~qtd:2~data:2024-03-18 || 13~Marés do Norte~O Último Faroleiro~volume:3~FISICO~qtd:3~data:2024-08-05 || 25~Estações~Caminhos de Outono~volume:1~FISICO~qtd:3~data:2024-10-01 || 60~Serra Dourada~A Oficina dos Sonhos~volume:2~DIGITAL~qtd:2~data:2025-05-31 || 39~Ilhas Errantes~A Travessia das Flores~volume:4~FISICO~qtd:3~data:2025-09-03 || 52~Viajantes de Papel~O Trem das Estrelas~volume:2~DIGITAL~qtd:3~data:2025-12-13 || 88~Luzes do Sul~Depois do Horizonte~volume:4~DIGITAL~qtd:1~data:2026-01-08
USR-000689,Bruno Nunes Oliveira,55,CPF,700.000.689-78,74~Reinos do Bosque~A Semente de Prata~volume:1~DIGITAL~qtd:1~data:2024-07-24 || 17~Arquivos do Céu~A Biblioteca das Nuvens~volume:1~FISICO~qtd:3~data:2024-09-07 || 50~Viajantes de Papel~O Viajante de Papel~volume:1~DIGITAL~qtd:1~data:2024-11-19 || 44~Jardins Secretos~As Pontes de Aurora~volume:2~DIGITAL~qtd:1~data:2025-02-04 || 53~Viajantes de Papel~A Estrada de Cristal~volume:3~FISICO~qtd:2~data:2026-04-18 || 34~Ilhas Errantes~A Ilha dos Ventos~volume:1~DIGITAL~qtd:1~data:2026-09-19
690,  GABRIELA ALMEIDA VIEIRA  ,58,rg,99.000.690-3,45~Jardins Secretos~A Casa das Sete Janelas~volume:3~FISICO~qtd:3~data:2024-07-16 || 67~Cidades de Sal~O Relógio da Praça~volume:2~FISICO~qtd:1~data:2024-09-28 || 96~Crônicas do Tempo~O Último Minuto~volume:4~DIGITAL~qtd:3~data:2024-10-30 || 1~As Torres de Âmbar~A Chave de Âmbar~volume:1~FISICO~qtd:2~data:2024-12-21 || 12~Marés do Norte~Cartas da Cidade Azul~volume:2~DIGITAL~qtd:1~data:2025-01-10 || 9~Marés do Norte~O Jardim das Marés~volume:1~FISICO~qtd:1~data:2025-04-13 || 18~Arquivos do Céu~A Biblioteca das Nuvens~volume:1~DIGITAL~qtd:3~data:2025-11-02 || 31~Estações~A Última Página do Verão~volume:4~FISICO~qtd:2~data:2026-07-31
USR-000691,Pedro Martins Lima,81,CPF,700.000.691-92,77~Reinos do Bosque~A Coroa de Folhas~volume:3~FISICO~qtd:2~data:2024-07-23 || 80~Reinos do Bosque~O Guardião das Raízes~volume:4~DIGITAL~qtd:3~data:2024-08-30 || 86~Luzes do Sul~O Farol de Cristal~volume:3~DIGITAL~qtd:2~data:2024-12-31 || 40~Ilhas Errantes~A Travessia das Flores~volume:4~DIGITAL~qtd:2~data:2025-06-29 || 44~Jardins Secretos~As Pontes de Aurora~volume:2~DIGITAL~qtd:1~data:2025-11-10 || 84~Luzes do Sul~A Estrada do Sul~volume:2~DIGITAL~qtd:3~data:2025-11-17 || 45~Jardins Secretos~A Casa das Sete Janelas~volume:3~FISICO~qtd:3~data:2026-01-26 || 55~Viajantes de Papel~Os Dias do Cometa~volume:4~FISICO~qtd:2~data:2026-07-21 || 48~Jardins Secretos~A Canção dos Pinheiros~volume:4~DIGITAL~qtd:2~data:2026-08-26 || 19~Arquivos do Céu~O Mapa de Vidro~volume:2~FISICO~qtd:3~data:2026-09-03
USR-000692,Rafaela Barbosa Henriques,57 anos,RG,99.000.692-7,42~Jardins Secretos~O Segredo das Acácias~volume:1~DIGITAL~qtd:1~data:2024-07-05 || 76~Reinos do Bosque~O Bosque Adormecido~volume:2~DIGITAL~qtd:1~data:2024-12-02 || 56~Viajantes de Papel~Os Dias do Cometa~volume:4~DIGITAL~qtd:1~data:2025-07-08 || 13~Marés do Norte~O Último Faroleiro~volume:3~FISICO~qtd:2~data:2025-09-16 || 14~Marés do Norte~O Último Faroleiro~volume:3~DIGITAL~qtd:1~data:2025-10-05 || 87~Luzes do Sul~Depois do Horizonte~volume:4~FISICO~qtd:3~data:2025-11-04 || 79~Reinos do Bosque~O Guardião das Raízes~volume:4~FISICO~qtd:3~data:2026-02-14 || 11~Marés do Norte~Cartas da Cidade Azul~volume:2~FISICO~qtd:1~data:2026-03-03 || 84~Luzes do Sul~A Estrada do Sul~volume:2~DIGITAL~qtd:2~data:2026-09-20
693,samuel costa oliveira,69,CPF,700.000.693-54,73~Reinos do Bosque~A Semente de Prata~volume:1~FISICO~qtd:1~data:2024-04-28 || 13~Marés do Norte~O Último Faroleiro~volume:3~FISICO~qtd:3~data:2025-01-18 || 95~Crônicas do Tempo~O Último Minuto~volume:4~FISICO~qtd:2~data:2025-02-04 || 39~Ilhas Errantes~A Travessia das Flores~volume:4~FISICO~qtd:3~data:2025-04-01 || 18~Arquivos do Céu~A Biblioteca das Nuvens~volume:1~DIGITAL~qtd:3~data:2025-04-21 || 35~Ilhas Errantes~Memórias do Rio Claro~volume:2~FISICO~qtd:1~data:2025-09-09
USR-000694,Caio Barbosa Moreira,54,RG,99.000.694-1,90~Crônicas do Tempo~O Relógio Partido~volume:1~DIGITAL~qtd:2~data:2025-03-23 || 11~Marés do Norte~Cartas da Cidade Azul~volume:2~FISICO~qtd:3~data:2025-04-07 || 4~As Torres de Âmbar~O Vale das Lanternas~volume:2~DIGITAL~qtd:1~data:2025-12-08 || 43~Jardins Secretos~As Pontes de Aurora~volume:2~FISICO~qtd:1~data:2025-12-12 || 33~Ilhas Errantes~A Ilha dos Ventos~volume:1~FISICO~qtd:1~data:2026-01-02 || 6~As Torres de Âmbar~A Torre do Amanhecer~volume:3~DIGITAL~qtd:2~data:2026-05-14
USR-000695,Eduardo Dias Ferreira,37,CPF,700.000.695-16,4~As Torres de Âmbar~O Vale das Lanternas~volume:2~DIGITAL~qtd:1~data:2024-01-29 || 15~Marés do Norte~A Ilha Submersa~volume:4~FISICO~qtd:2~data:2024-11-11 || 17~Arquivos do Céu~A Biblioteca das Nuvens~volume:1~FISICO~qtd:1~data:2025-05-06 || 44~Jardins Secretos~As Pontes de Aurora~volume:2~DIGITAL~qtd:3~data:2025-05-07 || 33~Ilhas Errantes~A Ilha dos Ventos~volume:1~FISICO~qtd:3~data:2025-10-09 || 36~Ilhas Errantes~Memórias do Rio Claro~volume:2~DIGITAL~qtd:2~data:2025-12-29 || 96~Crônicas do Tempo~O Último Minuto~volume:4~DIGITAL~qtd:1~data:2026-03-10 || 56~Viajantes de Papel~Os Dias do Cometa~volume:4~DIGITAL~qtd:3~data:2026-07-01 || 85~Luzes do Sul~O Farol de Cristal~volume:3~FISICO~qtd:2~data:2026-08-31
696,Felipe Santos Nunes,78 anos,rg,99.000.696-5,76~Reinos do Bosque~O Bosque Adormecido~volume:2~DIGITAL~qtd:2~data:2024-06-20 || 58~Serra Dourada~Crônicas da Serra Dourada~volume:1~DIGITAL~qtd:1~data:2024-08-26 || 33~Ilhas Errantes~A Ilha dos Ventos~volume:1~FISICO~qtd:2~data:2024-10-06 || 46~Jardins Secretos~A Casa das Sete Janelas~volume:3~DIGITAL~qtd:3~data:2025-01-09 || 41~Jardins Secretos~O Segredo das Acácias~volume:1~FISICO~qtd:2~data:2025-04-12 || 6~As Torres de Âmbar~A Torre do Amanhecer~volume:3~DIGITAL~qtd:3~data:2026-05-18
USR-000697,Caio Souza Costa,54,CPF,700.000.697-88,12~Marés do Norte~Cartas da Cidade Azul~volume:2~DIGITAL~qtd:2~data:2024-02-28 || 60~Serra Dourada~A Oficina dos Sonhos~volume:2~DIGITAL~qtd:2~data:2024-04-04 || 2~As Torres de Âmbar~A Chave de Âmbar~volume:1~DIGITAL~qtd:3~data:2024-06-13 || 64~Serra Dourada~Os Guardiões do Horizonte~volume:4~DIGITAL~qtd:1~data:2024-07-21 || 57~Serra Dourada~Crônicas da Serra Dourada~volume:1~FISICO~qtd:1~data:2025-02-07 || 69~Cidades de Sal~O Mercado das Sombras~volume:3~FISICO~qtd:1~data:2026-01-02 || 63~Serra Dourada~Os Guardiões do Horizonte~volume:4~FISICO~qtd:1~data:2026-03-21 || 90~Crônicas do Tempo~O Relógio Partido~volume:1~DIGITAL~qtd:2~data:2026-08-31
USR-000698,Teresa Moreira Pereira,50,RG,99.000.698-9,64~Serra Dourada~Os Guardiões do Horizonte~volume:4~DIGITAL~qtd:1~data:2024-08-18 || 78~Reinos do Bosque~A Coroa de Folhas~volume:3~DIGITAL~qtd:3~data:2025-02-27 || 90~Crônicas do Tempo~O Relógio Partido~volume:1~DIGITAL~qtd:3~data:2025-11-04
699,Lucas Oliveira Cardoso,46,CPF,700.000.699-40,78~Reinos do Bosque~A Coroa de Folhas~volume:3~DIGITAL~qtd:2~data:2024-04-27 || 70~Cidades de Sal~O Mercado das Sombras~volume:3~DIGITAL~qtd:3~data:2024-08-27 || 10~Marés do Norte~O Jardim das Marés~volume:1~DIGITAL~qtd:1~data:2024-12-19
USR-000700,  PEDRO LIMA BARBOSA  ,65 anos,RG,99.000.700-3,8~As Torres de Âmbar~O Reino de Cinzas~volume:4~DIGITAL~qtd:1~data:2024-04-29 || 48~Jardins Secretos~A Canção dos Pinheiros~volume:4~DIGITAL~qtd:2~data:2024-09-21 || 43~Jardins Secretos~As Pontes de Aurora~volume:2~FISICO~qtd:2~data:2025-03-01 || 53~Viajantes de Papel~A Estrada de Cristal~volume:3~FISICO~qtd:2~data:2026-03-31
USR-000701,Eduardo Almeida Dias,33,CPF,700.000.701-07,50~Viajantes de Papel~O Viajante de Papel~volume:1~DIGITAL~qtd:3~data:2025-11-28
702,Isabela Vieira Barbosa,53,rg,99.000.702-7,11~Marés do Norte~Cartas da Cidade Azul~volume:2~FISICO~qtd:3~data:2024-01-23 || 96~Crônicas do Tempo~O Último Minuto~volume:4~DIGITAL~qtd:2~data:2024-04-28 || 88~Luzes do Sul~Depois do Horizonte~volume:4~DIGITAL~qtd:1~data:2026-01-13
USR-000703,Karina Lima Martins,50,CPF,700.000.703-61,91~Crônicas do Tempo~A Hora Esquecida~volume:2~FISICO~qtd:1~data:2024-01-08 || 18~Arquivos do Céu~A Biblioteca das Nuvens~volume:1~DIGITAL~qtd:1~data:2024-11-20 || 23~Arquivos do Céu~A Última Constelação~volume:4~FISICO~qtd:3~data:2026-02-17 || 68~Cidades de Sal~O Relógio da Praça~volume:2~DIGITAL~qtd:1~data:2026-07-24 || 74~Reinos do Bosque~A Semente de Prata~volume:1~DIGITAL~qtd:1~data:2026-08-11 || 65~Cidades de Sal~O Labirinto de Sal~volume:1~FISICO~qtd:1~data:2026-09-24
USR-000704,Teresa Pereira Martins,41 anos,RG,99.000.704-1,63~Serra Dourada~Os Guardiões do Horizonte~volume:4~FISICO~qtd:3~data:2024-02-04 || 91~Crônicas do Tempo~A Hora Esquecida~volume:2~FISICO~qtd:3~data:2024-10-06 || 32~Estações~A Última Página do Verão~volume:4~DIGITAL~qtd:2~data:2024-10-19 || 23~Arquivos do Céu~A Última Constelação~volume:4~FISICO~qtd:1~data:2025-05-21 || 87~Luzes do Sul~Depois do Horizonte~volume:4~FISICO~qtd:2~data:2025-08-08 || 68~Cidades de Sal~O Relógio da Praça~volume:2~DIGITAL~qtd:3~data:2026-01-12 || 55~Viajantes de Papel~Os Dias do Cometa~volume:4~FISICO~qtd:1~data:2026-03-19
705,Lucas Esteves Vieira,61,CPF,700.000.705-22,59~Serra Dourada~A Oficina dos Sonhos~volume:2~FISICO~qtd:2~data:2024-11-11 || 47~Jardins Secretos~A Canção dos Pinheiros~volume:4~FISICO~qtd:3~data:2025-12-02 || 41~Jardins Secretos~O Segredo das Acácias~volume:1~FISICO~qtd:2~data:2026-05-05 || 73~Reinos do Bosque~A Semente de Prata~volume:1~FISICO~qtd:2~data:2026-06-18
USR-000706,Marina Cardoso Henriques,47,RG,99.000.706-5,65~Cidades de Sal~O Labirinto de Sal~volume:1~FISICO~qtd:2~data:2024-01-26 || 55~Viajantes de Papel~Os Dias do Cometa~volume:4~FISICO~qtd:3~data:2024-03-25 || 29~Estações~O Retrato da Primavera~volume:3~FISICO~qtd:3~data:2024-04-22 || 94~Crônicas do Tempo~Os Dias Invertidos~volume:3~DIGITAL~qtd:3~data:2024-11-12 || 14~Marés do Norte~O Último Faroleiro~volume:3~DIGITAL~qtd:1~data:2025-01-30 || 34~Ilhas Errantes~A Ilha dos Ventos~volume:1~DIGITAL~qtd:2~data:2025-03-26 || 95~Crônicas do Tempo~O Último Minuto~volume:4~FISICO~qtd:1~data:2025-06-17 || 20~Arquivos do Céu~O Mapa de Vidro~volume:2~DIGITAL~qtd:2~data:2026-02-13 || 82~Luzes do Sul~A Primeira Luz~volume:1~DIGITAL~qtd:2~data:2026-02-23
USR-000707,joão ribeiro lima,82,CPF,700.000.707-94,9~Marés do Norte~O Jardim das Marés~volume:1~FISICO~qtd:2~data:2024-05-26 || 11~Marés do Norte~Cartas da Cidade Azul~volume:2~FISICO~qtd:2~data:2026-05-02
708,João Oliveira Teixeira,40 anos,rg,99.000.708-9,53~Viajantes de Papel~A Estrada de Cristal~volume:3~FISICO~qtd:2~data:2024-02-10 || 20~Arquivos do Céu~O Mapa de Vidro~volume:2~DIGITAL~qtd:2~data:2024-09-25 || 66~Cidades de Sal~O Labirinto de Sal~volume:1~DIGITAL~qtd:3~data:2024-11-07 || 89~Crônicas do Tempo~O Relógio Partido~volume:1~FISICO~qtd:3~data:2025-04-04 || 88~Luzes do Sul~Depois do Horizonte~volume:4~DIGITAL~qtd:3~data:2025-04-28 || 15~Marés do Norte~A Ilha Submersa~volume:4~FISICO~qtd:2~data:2025-09-07 || 70~Cidades de Sal~O Mercado das Sombras~volume:3~DIGITAL~qtd:1~data:2025-10-12 || 46~Jardins Secretos~A Casa das Sete Janelas~volume:3~DIGITAL~qtd:2~data:2025-12-16 || 44~Jardins Secretos~As Pontes de Aurora~volume:2~DIGITAL~qtd:2~data:2026-01-13
USR-000709,Marina Cardoso Almeida,68,CPF,700.000.709-56,15~Marés do Norte~A Ilha Submersa~volume:4~FISICO~qtd:2~data:2024-04-01 || 5~As Torres de Âmbar~A Torre do Amanhecer~volume:3~FISICO~qtd:2~data:2024-05-01 || 44~Jardins Secretos~As Pontes de Aurora~volume:2~DIGITAL~qtd:3~data:2024-07-19 || 59~Serra Dourada~A Oficina dos Sonhos~volume:2~FISICO~qtd:1~data:2024-07-27 || 68~Cidades de Sal~O Relógio da Praça~volume:2~DIGITAL~qtd:1~data:2024-07-28 || 16~Marés do Norte~A Ilha Submersa~volume:4~DIGITAL~qtd:2~data:2024-11-01 || 43~Jardins Secretos~As Pontes de Aurora~volume:2~FISICO~qtd:2~data:2024-11-24 || 46~Jardins Secretos~A Casa das Sete Janelas~volume:3~DIGITAL~qtd:1~data:2024-12-13 || 11~Marés do Norte~Cartas da Cidade Azul~volume:2~FISICO~qtd:2~data:2025-10-20
USR-000710,  JOÃO MOREIRA SOUZA  ,65,RG,99.000.710-3,45~Jardins Secretos~A Casa das Sete Janelas~volume:3~FISICO~qtd:2~data:2024-08-16 || 61~Serra Dourada~Horizontes de Cobre~volume:3~FISICO~qtd:1~data:2025-03-24 || 84~Luzes do Sul~A Estrada do Sul~volume:2~DIGITAL~qtd:1~data:2026-02-18
711,Alice Nunes Santos,31,CPF,700.000.711-71,56~Viajantes de Papel~Os Dias do Cometa~volume:4~DIGITAL~qtd:2~data:2024-01-18 || 7~As Torres de Âmbar~O Reino de Cinzas~volume:4~FISICO~qtd:1~data:2024-03-08 || 73~Reinos do Bosque~A Semente de Prata~volume:1~FISICO~qtd:3~data:2024-08-29 || 48~Jardins Secretos~A Canção dos Pinheiros~volume:4~DIGITAL~qtd:2~data:2024-11-10 || 68~Cidades de Sal~O Relógio da Praça~volume:2~DIGITAL~qtd:3~data:2025-07-10 || 5~As Torres de Âmbar~A Torre do Amanhecer~volume:3~FISICO~qtd:3~data:2025-08-07 || 57~Serra Dourada~Crônicas da Serra Dourada~volume:1~FISICO~qtd:1~data:2025-10-03 || 88~Luzes do Sul~Depois do Horizonte~volume:4~DIGITAL~qtd:2~data:2025-12-27 || 94~Crônicas do Tempo~Os Dias Invertidos~volume:3~DIGITAL~qtd:1~data:2026-07-04 || 47~Jardins Secretos~A Canção dos Pinheiros~volume:4~FISICO~qtd:2~data:2026-08-22
USR-000712,Daniel Costa Cardoso,69 anos,RG,99.000.712-7,55~Viajantes de Papel~Os Dias do Cometa~volume:4~FISICO~qtd:3~data:2024-05-24 || 89~Crônicas do Tempo~O Relógio Partido~volume:1~FISICO~qtd:1~data:2024-09-28 || 84~Luzes do Sul~A Estrada do Sul~volume:2~DIGITAL~qtd:3~data:2025-03-16 || 38~Ilhas Errantes~O Porto das Histórias~volume:3~DIGITAL~qtd:3~data:2025-04-03 || 87~Luzes do Sul~Depois do Horizonte~volume:4~FISICO~qtd:3~data:2025-07-27 || 78~Reinos do Bosque~A Coroa de Folhas~volume:3~DIGITAL~qtd:3~data:2025-08-09 || 86~Luzes do Sul~O Farol de Cristal~volume:3~DIGITAL~qtd:2~data:2025-12-04 || 59~Serra Dourada~A Oficina dos Sonhos~volume:2~FISICO~qtd:1~data:2026-04-02 || 19~Arquivos do Céu~O Mapa de Vidro~volume:2~FISICO~qtd:1~data:2026-06-08 || 61~Serra Dourada~Horizontes de Cobre~volume:3~FISICO~qtd:1~data:2026-08-26
USR-000713,Olívia Ferreira Nunes,41,CPF,700.000.713-32,9~Marés do Norte~O Jardim das Marés~volume:1~FISICO~qtd:2~data:2025-03-31 || 86~Luzes do Sul~O Farol de Cristal~volume:3~DIGITAL~qtd:3~data:2025-05-31 || 77~Reinos do Bosque~A Coroa de Folhas~volume:3~FISICO~qtd:1~data:2026-04-22
714,karina henriques moreira,81,rg,99.000.714-1,27~Estações~O Caderno de Inverno~volume:2~FISICO~qtd:1~data:2024-01-15 || 20~Arquivos do Céu~O Mapa de Vidro~volume:2~DIGITAL~qtd:3~data:2024-08-01 || 78~Reinos do Bosque~A Coroa de Folhas~volume:3~DIGITAL~qtd:3~data:2024-11-18 || 52~Viajantes de Papel~O Trem das Estrelas~volume:2~DIGITAL~qtd:3~data:2025-01-01 || 46~Jardins Secretos~A Casa das Sete Janelas~volume:3~DIGITAL~qtd:2~data:2025-02-13 || 62~Serra Dourada~Horizontes de Cobre~volume:3~DIGITAL~qtd:2~data:2026-08-23 || 47~Jardins Secretos~A Canção dos Pinheiros~volume:4~FISICO~qtd:2~data:2026-09-11
USR-000715,Alice Nunes Esteves,57,CPF,700.000.715-02,40~Ilhas Errantes~A Travessia das Flores~volume:4~DIGITAL~qtd:2~data:2024-11-09 || 37~Ilhas Errantes~O Porto das Histórias~volume:3~FISICO~qtd:2~data:2025-01-30 || 5~As Torres de Âmbar~A Torre do Amanhecer~volume:3~FISICO~qtd:1~data:2026-02-10
USR-000716,Olívia Moreira Ribeiro,33 anos,RG,99.000.716-5,23~Arquivos do Céu~A Última Constelação~volume:4~FISICO~qtd:2~data:2024-01-01 || 52~Viajantes de Papel~O Trem das Estrelas~volume:2~DIGITAL~qtd:3~data:2024-01-25 || 78~Reinos do Bosque~A Coroa de Folhas~volume:3~DIGITAL~qtd:1~data:2024-04-23 || 34~Ilhas Errantes~A Ilha dos Ventos~volume:1~DIGITAL~qtd:3~data:2024-08-15 || 48~Jardins Secretos~A Canção dos Pinheiros~volume:4~DIGITAL~qtd:1~data:2025-06-13 || 90~Crônicas do Tempo~O Relógio Partido~volume:1~DIGITAL~qtd:2~data:2026-01-31
717,Hugo Costa Mendes,37,CPF,700.000.717-66,61~Serra Dourada~Horizontes de Cobre~volume:3~FISICO~qtd:2~data:2024-05-17 || 43~Jardins Secretos~As Pontes de Aurora~volume:2~FISICO~qtd:2~data:2024-12-14 || 60~Serra Dourada~A Oficina dos Sonhos~volume:2~DIGITAL~qtd:3~data:2025-12-10 || 3~As Torres de Âmbar~O Vale das Lanternas~volume:2~FISICO~qtd:1~data:2026-01-06
USR-000718,Débora Santos Ribeiro,80,RG,99.000.718-9,91~Crônicas do Tempo~A Hora Esquecida~volume:2~FISICO~qtd:2~data:2024-05-28 || 26~Estações~Caminhos de Outono~volume:1~DIGITAL~qtd:2~data:2025-03-30 || 28~Estações~O Caderno de Inverno~volume:2~DIGITAL~qtd:1~data:2025-05-20 || 4~As Torres de Âmbar~O Vale das Lanternas~volume:2~DIGITAL~qtd:1~data:2025-10-21 || 31~Estações~A Última Página do Verão~volume:4~FISICO~qtd:3~data:2026-02-25
USR-000719,Elisa Dias Santos,59,CPF,700.000.719-28,93~Crônicas do Tempo~Os Dias Invertidos~volume:3~FISICO~qtd:3~data:2024-05-07 || 2~As Torres de Âmbar~A Chave de Âmbar~volume:1~DIGITAL~qtd:2~data:2024-06-28 || 26~Estações~Caminhos de Outono~volume:1~DIGITAL~qtd:1~data:2024-09-27 || 74~Reinos do Bosque~A Semente de Prata~volume:1~DIGITAL~qtd:2~data:2025-07-16 || 85~Luzes do Sul~O Farol de Cristal~volume:3~FISICO~qtd:2~data:2025-11-05 || 37~Ilhas Errantes~O Porto das Histórias~volume:3~FISICO~qtd:2~data:2026-01-05 || 50~Viajantes de Papel~O Viajante de Papel~volume:1~DIGITAL~qtd:1~data:2026-04-18 || 28~Estações~O Caderno de Inverno~volume:2~DIGITAL~qtd:2~data:2026-06-07 || 33~Ilhas Errantes~A Ilha dos Ventos~volume:1~FISICO~qtd:2~data:2026-06-13 || 8~As Torres de Âmbar~O Reino de Cinzas~volume:4~DIGITAL~qtd:2~data:2026-07-24
720,  SAMUEL VIEIRA MOREIRA  ,79 anos,rg,99.000.720-3,30~Estações~O Retrato da Primavera~volume:3~DIGITAL~qtd:1~data:2024-03-07 || 37~Ilhas Errantes~O Porto das Histórias~volume:3~FISICO~qtd:1~data:2024-05-07 || 87~Luzes do Sul~Depois do Horizonte~volume:4~FISICO~qtd:3~data:2024-08-20 || 45~Jardins Secretos~A Casa das Sete Janelas~volume:3~FISICO~qtd:3~data:2024-09-12 || 85~Luzes do Sul~O Farol de Cristal~volume:3~FISICO~qtd:1~data:2024-10-10 || 58~Serra Dourada~Crônicas da Serra Dourada~volume:1~DIGITAL~qtd:3~data:2025-03-17 || 81~Luzes do Sul~A Primeira Luz~volume:1~FISICO~qtd:1~data:2025-10-13 || 90~Crônicas do Tempo~O Relógio Partido~volume:1~DIGITAL~qtd:2~data:2025-11-09
USR-000721,alice barbosa mendes,38,CPF,700.000.721-42,49~Viajantes de Papel~O Viajante de Papel~volume:1~FISICO~qtd:1~data:2024-02-18 || 86~Luzes do Sul~O Farol de Cristal~volume:3~DIGITAL~qtd:2~data:2024-03-13 || 68~Cidades de Sal~O Relógio da Praça~volume:2~DIGITAL~qtd:2~data:2024-11-12 || 48~Jardins Secretos~A Canção dos Pinheiros~volume:4~DIGITAL~qtd:2~data:2025-03-01 || 76~Reinos do Bosque~O Bosque Adormecido~volume:2~DIGITAL~qtd:2~data:2025-07-27 || 5~As Torres de Âmbar~A Torre do Amanhecer~volume:3~FISICO~qtd:2~data:2025-10-16 || 12~Marés do Norte~Cartas da Cidade Azul~volume:2~DIGITAL~qtd:2~data:2026-09-21
USR-000722,Ana Martins Souza,20,RG,99.000.722-7,90~Crônicas do Tempo~O Relógio Partido~volume:1~DIGITAL~qtd:3~data:2024-01-04 || 64~Serra Dourada~Os Guardiões do Horizonte~volume:4~DIGITAL~qtd:2~data:2024-02-04 || 51~Viajantes de Papel~O Trem das Estrelas~volume:2~FISICO~qtd:3~data:2024-05-19 || 17~Arquivos do Céu~A Biblioteca das Nuvens~volume:1~FISICO~qtd:3~data:2024-11-18 || 37~Ilhas Errantes~O Porto das Histórias~volume:3~FISICO~qtd:2~data:2025-06-08 || 31~Estações~A Última Página do Verão~volume:4~FISICO~qtd:3~data:2026-04-29 || 87~Luzes do Sul~Depois do Horizonte~volume:4~FISICO~qtd:3~data:2026-07-07
723,Pedro Almeida Oliveira,67,CPF,700.000.723-04,9~Marés do Norte~O Jardim das Marés~volume:1~FISICO~qtd:1~data:2025-06-17 || 5~As Torres de Âmbar~A Torre do Amanhecer~volume:3~FISICO~qtd:3~data:2025-12-06 || 86~Luzes do Sul~O Farol de Cristal~volume:3~DIGITAL~qtd:3~data:2026-05-12 || 16~Marés do Norte~A Ilha Submersa~volume:4~DIGITAL~qtd:2~data:2026-07-24
USR-000724,Felipe Henriques Moreira,37 anos,RG,99.000.724-1,8~As Torres de Âmbar~O Reino de Cinzas~volume:4~DIGITAL~qtd:1~data:2024-03-12 || 5~As Torres de Âmbar~A Torre do Amanhecer~volume:3~FISICO~qtd:1~data:2024-08-18 || 39~Ilhas Errantes~A Travessia das Flores~volume:4~FISICO~qtd:1~data:2026-04-13 || 7~As Torres de Âmbar~O Reino de Cinzas~volume:4~FISICO~qtd:1~data:2026-09-09
USR-000725,Ana Gomes Oliveira,38,CPF,700.000.725-76,55~Viajantes de Papel~Os Dias do Cometa~volume:4~FISICO~qtd:3~data:2024-01-17 || 18~Arquivos do Céu~A Biblioteca das Nuvens~volume:1~DIGITAL~qtd:3~data:2024-12-19 || 24~Arquivos do Céu~A Última Constelação~volume:4~DIGITAL~qtd:2~data:2025-03-06 || 63~Serra Dourada~Os Guardiões do Horizonte~volume:4~FISICO~qtd:1~data:2025-05-18
726,Elisa Pereira Ferreira,44,rg,99.000.726-5,16~Marés do Norte~A Ilha Submersa~volume:4~DIGITAL~qtd:2~data:2025-04-02 || 18~Arquivos do Céu~A Biblioteca das Nuvens~volume:1~DIGITAL~qtd:3~data:2026-07-27
USR-000727,Carla Lima Nunes,18,CPF,700.000.727-38,59~Serra Dourada~A Oficina dos Sonhos~volume:2~FISICO~qtd:1~data:2024-04-14 || 87~Luzes do Sul~Depois do Horizonte~volume:4~FISICO~qtd:2~data:2024-09-09 || 57~Serra Dourada~Crônicas da Serra Dourada~volume:1~FISICO~qtd:3~data:2024-10-20 || 88~Luzes do Sul~Depois do Horizonte~volume:4~DIGITAL~qtd:2~data:2025-07-21 || 24~Arquivos do Céu~A Última Constelação~volume:4~DIGITAL~qtd:3~data:2025-08-19 || 36~Ilhas Errantes~Memórias do Rio Claro~volume:2~DIGITAL~qtd:2~data:2025-09-23 || 61~Serra Dourada~Horizontes de Cobre~volume:3~FISICO~qtd:3~data:2025-09-28 || 70~Cidades de Sal~O Mercado das Sombras~volume:3~DIGITAL~qtd:1~data:2025-11-27 || 62~Serra Dourada~Horizontes de Cobre~volume:3~DIGITAL~qtd:2~data:2026-05-27
USR-000728,caio ferreira costa,39 anos,RG,99.000.728-9,95~Crônicas do Tempo~O Último Minuto~volume:4~FISICO~qtd:3~data:2025-09-15 || 89~Crônicas do Tempo~O Relógio Partido~volume:1~FISICO~qtd:1~data:2025-12-24 || 84~Luzes do Sul~A Estrada do Sul~volume:2~DIGITAL~qtd:1~data:2026-06-23
729,Rafaela Barbosa Martins,73,CPF,700.000.729-08,94~Crônicas do Tempo~Os Dias Invertidos~volume:3~DIGITAL~qtd:3~data:2025-12-18 || 51~Viajantes de Papel~O Trem das Estrelas~volume:2~FISICO~qtd:1~data:2026-02-19 || 40~Ilhas Errantes~A Travessia das Flores~volume:4~DIGITAL~qtd:1~data:2026-04-06
USR-000730,  ALICE HENRIQUES DIAS  ,19,RG,99.000.730-3,25~Estações~Caminhos de Outono~volume:1~FISICO~qtd:3~data:2024-05-11 || 40~Ilhas Errantes~A Travessia das Flores~volume:4~DIGITAL~qtd:3~data:2024-10-02 || 9~Marés do Norte~O Jardim das Marés~volume:1~FISICO~qtd:2~data:2025-01-15 || 57~Serra Dourada~Crônicas da Serra Dourada~volume:1~FISICO~qtd:1~data:2025-04-04 || 42~Jardins Secretos~O Segredo das Acácias~volume:1~DIGITAL~qtd:2~data:2025-07-26 || 89~Crônicas do Tempo~O Relógio Partido~volume:1~FISICO~qtd:3~data:2025-09-24 || 44~Jardins Secretos~As Pontes de Aurora~volume:2~DIGITAL~qtd:2~data:2026-01-08 || 34~Ilhas Errantes~A Ilha dos Ventos~volume:1~DIGITAL~qtd:3~data:2026-06-06
USR-000731,Caio Mendes Costa,66,CPF,700.000.731-14,31~Estações~A Última Página do Verão~volume:4~FISICO~qtd:2~data:2024-02-12 || 89~Crônicas do Tempo~O Relógio Partido~volume:1~FISICO~qtd:1~data:2024-03-24 || 68~Cidades de Sal~O Relógio da Praça~volume:2~DIGITAL~qtd:3~data:2024-05-15 || 54~Viajantes de Papel~A Estrada de Cristal~volume:3~DIGITAL~qtd:3~data:2025-12-14 || 12~Marés do Norte~Cartas da Cidade Azul~volume:2~DIGITAL~qtd:2~data:2026-01-03 || 87~Luzes do Sul~Depois do Horizonte~volume:4~FISICO~qtd:3~data:2026-08-04 || 51~Viajantes de Papel~O Trem das Estrelas~volume:2~FISICO~qtd:2~data:2026-09-23
732,Vitor Rocha Mendes,64 anos,rg,99.000.732-7,66~Cidades de Sal~O Labirinto de Sal~volume:1~DIGITAL~qtd:1~data:2024-04-10 || 91~Crônicas do Tempo~A Hora Esquecida~volume:2~FISICO~qtd:3~data:2024-07-22 || 72~Cidades de Sal~A Cidade sem Portas~volume:4~DIGITAL~qtd:3~data:2025-05-20 || 23~Arquivos do Céu~A Última Constelação~volume:4~FISICO~qtd:2~data:2025-05-22 || 10~Marés do Norte~O Jardim das Marés~volume:1~DIGITAL~qtd:1~data:2025-12-30 || 21~Arquivos do Céu~O Palácio dos Ventos~volume:3~FISICO~qtd:3~data:2026-01-09 || 93~Crônicas do Tempo~Os Dias Invertidos~volume:3~FISICO~qtd:3~data:2026-04-27 || 5~As Torres de Âmbar~A Torre do Amanhecer~volume:3~FISICO~qtd:3~data:2026-07-07
USR-000733,Alice Henriques Mendes,31,CPF,700.000.733-86,96~Crônicas do Tempo~O Último Minuto~volume:4~DIGITAL~qtd:1~data:2026-03-02 || 48~Jardins Secretos~A Canção dos Pinheiros~volume:4~DIGITAL~qtd:3~data:2026-04-26
USR-000734,Gabriela Almeida Esteves,77,RG,99.000.734-1,47~Jardins Secretos~A Canção dos Pinheiros~volume:4~FISICO~qtd:1~data:2024-09-06
735,alice lima moreira,30,CPF,700.000.735-48,81~Luzes do Sul~A Primeira Luz~volume:1~FISICO~qtd:3~data:2024-01-21
USR-000736,Daniel Oliveira Barbosa,81 anos,RG,99.000.736-5,79~Reinos do Bosque~O Guardião das Raízes~volume:4~FISICO~qtd:1~data:2024-01-24 || 33~Ilhas Errantes~A Ilha dos Ventos~volume:1~FISICO~qtd:2~data:2024-05-22 || 15~Marés do Norte~A Ilha Submersa~volume:4~FISICO~qtd:3~data:2024-09-17 || 96~Crônicas do Tempo~O Último Minuto~volume:4~DIGITAL~qtd:1~data:2024-11-02 || 95~Crônicas do Tempo~O Último Minuto~volume:4~FISICO~qtd:1~data:2025-06-24 || 50~Viajantes de Papel~O Viajante de Papel~volume:1~DIGITAL~qtd:1~data:2025-06-27 || 24~Arquivos do Céu~A Última Constelação~volume:4~DIGITAL~qtd:2~data:2026-02-15 || 78~Reinos do Bosque~A Coroa de Folhas~volume:3~DIGITAL~qtd:2~data:2026-06-11
USR-000737,Carla Moreira Vieira,36,CPF,700.000.737-00,92~Crônicas do Tempo~A Hora Esquecida~volume:2~DIGITAL~qtd:1~data:2024-03-23 || 1~As Torres de Âmbar~A Chave de Âmbar~volume:1~FISICO~qtd:2~data:2024-12-04 || 60~Serra Dourada~A Oficina dos Sonhos~volume:2~DIGITAL~qtd:3~data:2025-05-08 || 33~Ilhas Errantes~A Ilha dos Ventos~volume:1~FISICO~qtd:2~data:2025-10-01 || 94~Crônicas do Tempo~Os Dias Invertidos~volume:3~DIGITAL~qtd:2~data:2026-08-25
738,Eduardo Martins Lima,32,rg,99.000.738-9,54~Viajantes de Papel~A Estrada de Cristal~volume:3~DIGITAL~qtd:2~data:2024-02-29 || 84~Luzes do Sul~A Estrada do Sul~volume:2~DIGITAL~qtd:2~data:2024-07-07 || 81~Luzes do Sul~A Primeira Luz~volume:1~FISICO~qtd:3~data:2025-02-27 || 58~Serra Dourada~Crônicas da Serra Dourada~volume:1~DIGITAL~qtd:3~data:2025-04-20 || 88~Luzes do Sul~Depois do Horizonte~volume:4~DIGITAL~qtd:1~data:2025-07-02 || 63~Serra Dourada~Os Guardiões do Horizonte~volume:4~FISICO~qtd:2~data:2026-04-24 || 30~Estações~O Retrato da Primavera~volume:3~DIGITAL~qtd:3~data:2026-08-29
USR-000739,Isabela Gomes Teixeira,55,CPF,700.000.739-71,79~Reinos do Bosque~O Guardião das Raízes~volume:4~FISICO~qtd:1~data:2024-03-27 || 54~Viajantes de Papel~A Estrada de Cristal~volume:3~DIGITAL~qtd:2~data:2024-12-24 || 40~Ilhas Errantes~A Travessia das Flores~volume:4~DIGITAL~qtd:2~data:2026-07-25
USR-000740,  HUGO BARBOSA FERREIRA  ,53 anos,RG,99.000.740-3,52~Viajantes de Papel~O Trem das Estrelas~volume:2~DIGITAL~qtd:2~data:2024-12-09
741,Felipe Ferreira Pereira,82,CPF,700.000.741-96,8~As Torres de Âmbar~O Reino de Cinzas~volume:4~DIGITAL~qtd:1~data:2024-05-22 || 58~Serra Dourada~Crônicas da Serra Dourada~volume:1~DIGITAL~qtd:1~data:2024-10-06 || 91~Crônicas do Tempo~A Hora Esquecida~volume:2~FISICO~qtd:3~data:2025-01-16 || 89~Crônicas do Tempo~O Relógio Partido~volume:1~FISICO~qtd:1~data:2025-03-04 || 78~Reinos do Bosque~A Coroa de Folhas~volume:3~DIGITAL~qtd:3~data:2025-03-09 || 19~Arquivos do Céu~O Mapa de Vidro~volume:2~FISICO~qtd:2~data:2025-06-03 || 70~Cidades de Sal~O Mercado das Sombras~volume:3~DIGITAL~qtd:2~data:2025-07-05 || 93~Crônicas do Tempo~Os Dias Invertidos~volume:3~FISICO~qtd:3~data:2026-05-14 || 32~Estações~A Última Página do Verão~volume:4~DIGITAL~qtd:1~data:2026-08-23 || 95~Crônicas do Tempo~O Último Minuto~volume:4~FISICO~qtd:2~data:2026-09-08
USR-000742,samuel nunes vieira,44,RG,99.000.742-7,6~As Torres de Âmbar~A Torre do Amanhecer~volume:3~DIGITAL~qtd:2~data:2024-02-12 || 20~Arquivos do Céu~O Mapa de Vidro~volume:2~DIGITAL~qtd:3~data:2024-08-15 || 90~Crônicas do Tempo~O Relógio Partido~volume:1~DIGITAL~qtd:2~data:2025-08-18 || 93~Crônicas do Tempo~Os Dias Invertidos~volume:3~FISICO~qtd:1~data:2025-11-21 || 56~Viajantes de Papel~Os Dias do Cometa~volume:4~DIGITAL~qtd:2~data:2026-08-23
USR-000743,Lucas Ribeiro Teixeira,60,CPF,700.000.743-58,78~Reinos do Bosque~A Coroa de Folhas~volume:3~DIGITAL~qtd:1~data:2024-08-14 || 22~Arquivos do Céu~O Palácio dos Ventos~volume:3~DIGITAL~qtd:3~data:2025-05-29 || 9~Marés do Norte~O Jardim das Marés~volume:1~FISICO~qtd:2~data:2025-06-30 || 71~Cidades de Sal~A Cidade sem Portas~volume:4~FISICO~qtd:1~data:2026-09-16
744,Débora Almeida Dias,48 anos,rg,99.000.744-1,75~Reinos do Bosque~O Bosque Adormecido~volume:2~FISICO~qtd:3~data:2024-05-22 || 25~Estações~Caminhos de Outono~volume:1~FISICO~qtd:1~data:2024-07-05 || 51~Viajantes de Papel~O Trem das Estrelas~volume:2~FISICO~qtd:1~data:2024-12-12 || 59~Serra Dourada~A Oficina dos Sonhos~volume:2~FISICO~qtd:2~data:2025-02-21 || 12~Marés do Norte~Cartas da Cidade Azul~volume:2~DIGITAL~qtd:3~data:2025-04-02 || 31~Estações~A Última Página do Verão~volume:4~FISICO~qtd:2~data:2025-12-27 || 71~Cidades de Sal~A Cidade sem Portas~volume:4~FISICO~qtd:2~data:2026-01-02 || 2~As Torres de Âmbar~A Chave de Âmbar~volume:1~DIGITAL~qtd:2~data:2026-09-19
USR-000745,Ana Teixeira Nunes,50,CPF,700.000.745-10,32~Estações~A Última Página do Verão~volume:4~DIGITAL~qtd:3~data:2026-07-18
USR-000746,Olívia Nunes Lima,66,RG,99.000.746-5,44~Jardins Secretos~As Pontes de Aurora~volume:2~DIGITAL~qtd:3~data:2024-01-16 || 64~Serra Dourada~Os Guardiões do Horizonte~volume:4~DIGITAL~qtd:3~data:2024-02-01 || 86~Luzes do Sul~O Farol de Cristal~volume:3~DIGITAL~qtd:2~data:2024-07-28 || 33~Ilhas Errantes~A Ilha dos Ventos~volume:1~FISICO~qtd:2~data:2024-09-19 || 17~Arquivos do Céu~A Biblioteca das Nuvens~volume:1~FISICO~qtd:3~data:2025-01-08 || 89~Crônicas do Tempo~O Relógio Partido~volume:1~FISICO~qtd:3~data:2025-02-08 || 93~Crônicas do Tempo~Os Dias Invertidos~volume:3~FISICO~qtd:1~data:2025-02-26 || 29~Estações~O Retrato da Primavera~volume:3~FISICO~qtd:1~data:2025-09-30 || 23~Arquivos do Céu~A Última Constelação~volume:4~FISICO~qtd:2~data:2026-03-16
747,Alice Santos Lima,35,CPF,700.000.747-81,17~Arquivos do Céu~A Biblioteca das Nuvens~volume:1~FISICO~qtd:3~data:2024-05-08 || 52~Viajantes de Papel~O Trem das Estrelas~volume:2~DIGITAL~qtd:3~data:2024-11-17 || 1~As Torres de Âmbar~A Chave de Âmbar~volume:1~FISICO~qtd:3~data:2025-01-26 || 51~Viajantes de Papel~O Trem das Estrelas~volume:2~FISICO~qtd:2~data:2025-04-04 || 65~Cidades de Sal~O Labirinto de Sal~volume:1~FISICO~qtd:3~data:2025-07-27 || 37~Ilhas Errantes~O Porto das Histórias~volume:3~FISICO~qtd:1~data:2025-09-21 || 8~As Torres de Âmbar~O Reino de Cinzas~volume:4~DIGITAL~qtd:3~data:2026-01-13
USR-000748,Eduardo Dias Esteves,32 anos,RG,99.000.748-9,27~Estações~O Caderno de Inverno~volume:2~FISICO~qtd:3~data:2024-12-23 || 19~Arquivos do Céu~O Mapa de Vidro~volume:2~FISICO~qtd:1~data:2025-08-18
USR-000749,marina pereira cardoso,63,CPF,700.000.749-43,74~Reinos do Bosque~A Semente de Prata~volume:1~DIGITAL~qtd:3~data:2024-08-23 || 88~Luzes do Sul~Depois do Horizonte~volume:4~DIGITAL~qtd:3~data:2024-11-08 || 1~As Torres de Âmbar~A Chave de Âmbar~volume:1~FISICO~qtd:1~data:2025-04-01 || 51~Viajantes de Papel~O Trem das Estrelas~volume:2~FISICO~qtd:1~data:2025-06-12 || 91~Crônicas do Tempo~A Hora Esquecida~volume:2~FISICO~qtd:3~data:2026-04-29 || 81~Luzes do Sul~A Primeira Luz~volume:1~FISICO~qtd:1~data:2026-09-26
750,  OLÍVIA COSTA COSTA  ,42,rg,99.000.750-3,52~Viajantes de Papel~O Trem das Estrelas~volume:2~DIGITAL~qtd:3~data:2024-01-13 || 57~Serra Dourada~Crônicas da Serra Dourada~volume:1~FISICO~qtd:2~data:2024-04-03 || 50~Viajantes de Papel~O Viajante de Papel~volume:1~DIGITAL~qtd:2~data:2024-08-27 || 53~Viajantes de Papel~A Estrada de Cristal~volume:3~FISICO~qtd:1~data:2024-09-01 || 90~Crônicas do Tempo~O Relógio Partido~volume:1~DIGITAL~qtd:3~data:2025-02-27 || 67~Cidades de Sal~O Relógio da Praça~volume:2~FISICO~qtd:1~data:2025-06-08 || 47~Jardins Secretos~A Canção dos Pinheiros~volume:4~FISICO~qtd:1~data:2025-10-22 || 75~Reinos do Bosque~O Bosque Adormecido~volume:2~FISICO~qtd:1~data:2025-11-18 || 78~Reinos do Bosque~A Coroa de Folhas~volume:3~DIGITAL~qtd:2~data:2026-01-29 || 96~Crônicas do Tempo~O Último Minuto~volume:4~DIGITAL~qtd:2~data:2026-08-28
USR-000751,Bruno Rocha Henriques,36,CPF,700.000.751-68,12~Marés do Norte~Cartas da Cidade Azul~volume:2~DIGITAL~qtd:2~data:2024-09-13 || 71~Cidades de Sal~A Cidade sem Portas~volume:4~FISICO~qtd:1~data:2024-12-22 || 15~Marés do Norte~A Ilha Submersa~volume:4~FISICO~qtd:3~data:2025-01-15 || 93~Crônicas do Tempo~Os Dias Invertidos~volume:3~FISICO~qtd:3~data:2025-02-21 || 1~As Torres de Âmbar~A Chave de Âmbar~volume:1~FISICO~qtd:3~data:2025-08-18 || 36~Ilhas Errantes~Memórias do Rio Claro~volume:2~DIGITAL~qtd:1~data:2026-05-24 || 61~Serra Dourada~Horizontes de Cobre~volume:3~FISICO~qtd:3~data:2026-07-03
USR-000752,Alice Martins Nunes,20 anos,RG,99.000.752-7,46~Jardins Secretos~A Casa das Sete Janelas~volume:3~DIGITAL~qtd:3~data:2024-06-25
753,Alice Barbosa Henriques,84,CPF,700.000.753-20,15~Marés do Norte~A Ilha Submersa~volume:4~FISICO~qtd:2~data:2024-02-06 || 16~Marés do Norte~A Ilha Submersa~volume:4~DIGITAL~qtd:1~data:2024-02-09 || 50~Viajantes de Papel~O Viajante de Papel~volume:1~DIGITAL~qtd:1~data:2024-10-15 || 48~Jardins Secretos~A Canção dos Pinheiros~volume:4~DIGITAL~qtd:3~data:2025-04-03 || 71~Cidades de Sal~A Cidade sem Portas~volume:4~FISICO~qtd:2~data:2025-07-22 || 2~As Torres de Âmbar~A Chave de Âmbar~volume:1~DIGITAL~qtd:2~data:2025-10-01 || 82~Luzes do Sul~A Primeira Luz~volume:1~DIGITAL~qtd:3~data:2026-02-22 || 94~Crônicas do Tempo~Os Dias Invertidos~volume:3~DIGITAL~qtd:3~data:2026-03-27
USR-000754,Lucas Ribeiro Rocha,26,RG,99.000.754-1,22~Arquivos do Céu~O Palácio dos Ventos~volume:3~DIGITAL~qtd:2~data:2024-01-05 || 42~Jardins Secretos~O Segredo das Acácias~volume:1~DIGITAL~qtd:3~data:2024-04-24 || 52~Viajantes de Papel~O Trem das Estrelas~volume:2~DIGITAL~qtd:2~data:2024-06-19 || 81~Luzes do Sul~A Primeira Luz~volume:1~FISICO~qtd:3~data:2024-11-18 || 92~Crônicas do Tempo~A Hora Esquecida~volume:2~DIGITAL~qtd:3~data:2025-03-09 || 46~Jardins Secretos~A Casa das Sete Janelas~volume:3~DIGITAL~qtd:1~data:2025-12-10 || 76~Reinos do Bosque~O Bosque Adormecido~volume:2~DIGITAL~qtd:3~data:2026-06-29
USR-000755,Ana Almeida Almeida,81,CPF,700.000.755-91,74~Reinos do Bosque~A Semente de Prata~volume:1~DIGITAL~qtd:3~data:2024-02-18 || 54~Viajantes de Papel~A Estrada de Cristal~volume:3~DIGITAL~qtd:2~data:2024-03-26 || 29~Estações~O Retrato da Primavera~volume:3~FISICO~qtd:3~data:2024-06-27 || 81~Luzes do Sul~A Primeira Luz~volume:1~FISICO~qtd:2~data:2024-07-23 || 72~Cidades de Sal~A Cidade sem Portas~volume:4~DIGITAL~qtd:3~data:2024-12-15 || 13~Marés do Norte~O Último Faroleiro~volume:3~FISICO~qtd:3~data:2025-01-30 || 24~Arquivos do Céu~A Última Constelação~volume:4~DIGITAL~qtd:1~data:2025-03-06 || 61~Serra Dourada~Horizontes de Cobre~volume:3~FISICO~qtd:3~data:2025-03-18 || 32~Estações~A Última Página do Verão~volume:4~DIGITAL~qtd:2~data:2025-07-17 || 15~Marés do Norte~A Ilha Submersa~volume:4~FISICO~qtd:2~data:2026-09-16
756,marina rocha santos,74 anos,rg,99.000.756-5,52~Viajantes de Papel~O Trem das Estrelas~volume:2~DIGITAL~qtd:1~data:2024-06-04 || 90~Crônicas do Tempo~O Relógio Partido~volume:1~DIGITAL~qtd:3~data:2024-09-07 || 47~Jardins Secretos~A Canção dos Pinheiros~volume:4~FISICO~qtd:1~data:2026-04-10
USR-000757,Teresa Rocha Gomes,63,CPF,700.000.757-53,28~Estações~O Caderno de Inverno~volume:2~DIGITAL~qtd:2~data:2024-05-06 || 42~Jardins Secretos~O Segredo das Acácias~volume:1~DIGITAL~qtd:1~data:2024-06-19 || 95~Crônicas do Tempo~O Último Minuto~volume:4~FISICO~qtd:2~data:2025-03-03 || 50~Viajantes de Papel~O Viajante de Papel~volume:1~DIGITAL~qtd:2~data:2025-03-12 || 94~Crônicas do Tempo~Os Dias Invertidos~volume:3~DIGITAL~qtd:2~data:2025-04-13 || 29~Estações~O Retrato da Primavera~volume:3~FISICO~qtd:3~data:2025-06-18 || 30~Estações~O Retrato da Primavera~volume:3~DIGITAL~qtd:3~data:2025-08-01 || 22~Arquivos do Céu~O Palácio dos Ventos~volume:3~DIGITAL~qtd:1~data:2026-04-25 || 8~As Torres de Âmbar~O Reino de Cinzas~volume:4~DIGITAL~qtd:1~data:2026-08-14
USR-000758,Elisa Ferreira Pereira,68,RG,99.000.758-9,61~Serra Dourada~Horizontes de Cobre~volume:3~FISICO~qtd:1~data:2025-04-29
759,Pedro Cardoso Dias,71,CPF,700.000.759-15,39~Ilhas Errantes~A Travessia das Flores~volume:4~FISICO~qtd:2~data:2024-07-28 || 63~Serra Dourada~Os Guardiões do Horizonte~volume:4~FISICO~qtd:1~data:2024-11-13 || 22~Arquivos do Céu~O Palácio dos Ventos~volume:3~DIGITAL~qtd:2~data:2024-12-09 || 26~Estações~Caminhos de Outono~volume:1~DIGITAL~qtd:3~data:2025-01-27 || 79~Reinos do Bosque~O Guardião das Raízes~volume:4~FISICO~qtd:3~data:2025-07-12 || 94~Crônicas do Tempo~Os Dias Invertidos~volume:3~DIGITAL~qtd:2~data:2025-10-04 || 46~Jardins Secretos~A Casa das Sete Janelas~volume:3~DIGITAL~qtd:2~data:2025-10-26 || 4~As Torres de Âmbar~O Vale das Lanternas~volume:2~DIGITAL~qtd:1~data:2026-05-22
USR-000760,  DÉBORA SANTOS SANTOS  ,61 anos,RG,99.000.760-3,49~Viajantes de Papel~O Viajante de Papel~volume:1~FISICO~qtd:3~data:2024-04-21 || 30~Estações~O Retrato da Primavera~volume:3~DIGITAL~qtd:2~data:2024-07-27 || 19~Arquivos do Céu~O Mapa de Vidro~volume:2~FISICO~qtd:2~data:2025-01-30
USR-000761,João Lima Rocha,53,CPF,700.000.761-30,23~Arquivos do Céu~A Última Constelação~volume:4~FISICO~qtd:3~data:2024-01-21 || 10~Marés do Norte~O Jardim das Marés~volume:1~DIGITAL~qtd:1~data:2024-09-12 || 44~Jardins Secretos~As Pontes de Aurora~volume:2~DIGITAL~qtd:1~data:2024-11-06 || 19~Arquivos do Céu~O Mapa de Vidro~volume:2~FISICO~qtd:3~data:2024-12-01 || 36~Ilhas Errantes~Memórias do Rio Claro~volume:2~DIGITAL~qtd:3~data:2025-02-20 || 11~Marés do Norte~Cartas da Cidade Azul~volume:2~FISICO~qtd:1~data:2025-03-31 || 4~As Torres de Âmbar~O Vale das Lanternas~volume:2~DIGITAL~qtd:2~data:2025-04-01 || 20~Arquivos do Céu~O Mapa de Vidro~volume:2~DIGITAL~qtd:3~data:2025-09-26 || 7~As Torres de Âmbar~O Reino de Cinzas~volume:4~FISICO~qtd:2~data:2026-06-27 || 40~Ilhas Errantes~A Travessia das Flores~volume:4~DIGITAL~qtd:3~data:2026-08-28
762,Eduardo Martins Gomes,71,rg,99.000.762-7,54~Viajantes de Papel~A Estrada de Cristal~volume:3~DIGITAL~qtd:3~data:2024-04-06 || 33~Ilhas Errantes~A Ilha dos Ventos~volume:1~FISICO~qtd:2~data:2024-07-30 || 82~Luzes do Sul~A Primeira Luz~volume:1~DIGITAL~qtd:3~data:2025-01-05 || 2~As Torres de Âmbar~A Chave de Âmbar~volume:1~DIGITAL~qtd:1~data:2025-01-29 || 42~Jardins Secretos~O Segredo das Acácias~volume:1~DIGITAL~qtd:3~data:2025-06-27 || 19~Arquivos do Céu~O Mapa de Vidro~volume:2~FISICO~qtd:2~data:2025-12-07 || 30~Estações~O Retrato da Primavera~volume:3~DIGITAL~qtd:2~data:2026-03-20
USR-000763,caio gomes oliveira,18,CPF,700.000.763-00,34~Ilhas Errantes~A Ilha dos Ventos~volume:1~DIGITAL~qtd:2~data:2024-05-07 || 37~Ilhas Errantes~O Porto das Histórias~volume:3~FISICO~qtd:1~data:2025-05-03 || 69~Cidades de Sal~O Mercado das Sombras~volume:3~FISICO~qtd:1~data:2025-12-26 || 10~Marés do Norte~O Jardim das Marés~volume:1~DIGITAL~qtd:1~data:2026-08-08
USR-000764,Nuno Esteves Martins,58 anos,RG,99.000.764-1,62~Serra Dourada~Horizontes de Cobre~volume:3~DIGITAL~qtd:2~data:2024-04-05 || 82~Luzes do Sul~A Primeira Luz~volume:1~DIGITAL~qtd:2~data:2024-08-18 || 11~Marés do Norte~Cartas da Cidade Azul~volume:2~FISICO~qtd:2~data:2024-11-08 || 42~Jardins Secretos~O Segredo das Acácias~volume:1~DIGITAL~qtd:2~data:2025-03-31 || 12~Marés do Norte~Cartas da Cidade Azul~volume:2~DIGITAL~qtd:3~data:2025-06-02 || 36~Ilhas Errantes~Memórias do Rio Claro~volume:2~DIGITAL~qtd:3~data:2025-11-13 || 78~Reinos do Bosque~A Coroa de Folhas~volume:3~DIGITAL~qtd:1~data:2025-12-09 || 72~Cidades de Sal~A Cidade sem Portas~volume:4~DIGITAL~qtd:3~data:2026-06-15
765,Ana Teixeira Souza,18,CPF,700.000.765-63,30~Estações~O Retrato da Primavera~volume:3~DIGITAL~qtd:1~data:2024-03-10 || 62~Serra Dourada~Horizontes de Cobre~volume:3~DIGITAL~qtd:2~data:2024-05-19 || 15~Marés do Norte~A Ilha Submersa~volume:4~FISICO~qtd:1~data:2024-12-06 || 12~Marés do Norte~Cartas da Cidade Azul~volume:2~DIGITAL~qtd:2~data:2025-01-16 || 93~Crônicas do Tempo~Os Dias Invertidos~volume:3~FISICO~qtd:1~data:2025-11-24
USR-000766,Marina Almeida Vieira,74,RG,99.000.766-5,42~Jardins Secretos~O Segredo das Acácias~volume:1~DIGITAL~qtd:1~data:2024-04-11 || 62~Serra Dourada~Horizontes de Cobre~volume:3~DIGITAL~qtd:1~data:2024-07-26 || 58~Serra Dourada~Crônicas da Serra Dourada~volume:1~DIGITAL~qtd:2~data:2024-10-30 || 66~Cidades de Sal~O Labirinto de Sal~volume:1~DIGITAL~qtd:1~data:2025-03-15 || 77~Reinos do Bosque~A Coroa de Folhas~volume:3~FISICO~qtd:2~data:2025-04-23 || 56~Viajantes de Papel~Os Dias do Cometa~volume:4~DIGITAL~qtd:2~data:2025-05-27 || 47~Jardins Secretos~A Canção dos Pinheiros~volume:4~FISICO~qtd:2~data:2025-08-20 || 10~Marés do Norte~O Jardim das Marés~volume:1~DIGITAL~qtd:3~data:2026-02-20 || 53~Viajantes de Papel~A Estrada de Cristal~volume:3~FISICO~qtd:1~data:2026-05-30
USR-000767,Teresa Nunes Vieira,26,CPF,700.000.767-25,93~Crônicas do Tempo~Os Dias Invertidos~volume:3~FISICO~qtd:3~data:2024-01-09 || 81~Luzes do Sul~A Primeira Luz~volume:1~FISICO~qtd:1~data:2024-01-20 || 38~Ilhas Errantes~O Porto das Histórias~volume:3~DIGITAL~qtd:2~data:2024-04-11 || 79~Reinos do Bosque~O Guardião das Raízes~volume:4~FISICO~qtd:2~data:2024-08-23 || 77~Reinos do Bosque~A Coroa de Folhas~volume:3~FISICO~qtd:2~data:2024-11-01 || 1~As Torres de Âmbar~A Chave de Âmbar~volume:1~FISICO~qtd:1~data:2025-02-23 || 92~Crônicas do Tempo~A Hora Esquecida~volume:2~DIGITAL~qtd:3~data:2025-03-27 || 45~Jardins Secretos~A Casa das Sete Janelas~volume:3~FISICO~qtd:1~data:2025-07-21 || 64~Serra Dourada~Os Guardiões do Horizonte~volume:4~DIGITAL~qtd:3~data:2025-08-12 || 71~Cidades de Sal~A Cidade sem Portas~volume:4~FISICO~qtd:3~data:2026-04-08
768,Bruno Ribeiro Ribeiro,47 anos,rg,99.000.768-9,87~Luzes do Sul~Depois do Horizonte~volume:4~FISICO~qtd:3~data:2025-02-04 || 61~Serra Dourada~Horizontes de Cobre~volume:3~FISICO~qtd:2~data:2026-08-08
USR-000769,Ana Teixeira Ferreira,30,CPF,700.000.769-97,15~Marés do Norte~A Ilha Submersa~volume:4~FISICO~qtd:1~data:2025-12-22 || 5~As Torres de Âmbar~A Torre do Amanhecer~volume:3~FISICO~qtd:1~data:2026-09-12
USR-000770,  NUNO SOUZA MENDES  ,63,RG,99.000.770-3,56~Viajantes de Papel~Os Dias do Cometa~volume:4~DIGITAL~qtd:3~data:2025-11-21
771,Rafaela Teixeira Lima,84,CPF,700.000.771-01,87~Luzes do Sul~Depois do Horizonte~volume:4~FISICO~qtd:3~data:2024-12-13 || 64~Serra Dourada~Os Guardiões do Horizonte~volume:4~DIGITAL~qtd:3~data:2026-08-01
USR-000772,Eduardo Costa Nunes,51 anos,RG,99.000.772-7,86~Luzes do Sul~O Farol de Cristal~volume:3~DIGITAL~qtd:3~data:2024-07-09 || 72~Cidades de Sal~A Cidade sem Portas~volume:4~DIGITAL~qtd:2~data:2024-12-19 || 49~Viajantes de Papel~O Viajante de Papel~volume:1~FISICO~qtd:3~data:2025-03-13 || 38~Ilhas Errantes~O Porto das Histórias~volume:3~DIGITAL~qtd:1~data:2025-05-01 || 56~Viajantes de Papel~Os Dias do Cometa~volume:4~DIGITAL~qtd:2~data:2026-05-03 || 96~Crônicas do Tempo~O Último Minuto~volume:4~DIGITAL~qtd:3~data:2026-06-10 || 80~Reinos do Bosque~O Guardião das Raízes~volume:4~DIGITAL~qtd:1~data:2026-07-08 || 76~Reinos do Bosque~O Bosque Adormecido~volume:2~DIGITAL~qtd:1~data:2026-08-10 || 51~Viajantes de Papel~O Trem das Estrelas~volume:2~FISICO~qtd:2~data:2026-09-22
USR-000773,Karina Souza Gomes,69,CPF,700.000.773-73,62~Serra Dourada~Horizontes de Cobre~volume:3~DIGITAL~qtd:3~data:2024-05-10 || 84~Luzes do Sul~A Estrada do Sul~volume:2~DIGITAL~qtd:1~data:2025-09-11 || 86~Luzes do Sul~O Farol de Cristal~volume:3~DIGITAL~qtd:3~data:2025-10-27 || 6~As Torres de Âmbar~A Torre do Amanhecer~volume:3~DIGITAL~qtd:2~data:2025-11-29 || 26~Estações~Caminhos de Outono~volume:1~DIGITAL~qtd:1~data:2026-03-20 || 75~Reinos do Bosque~O Bosque Adormecido~volume:2~FISICO~qtd:1~data:2026-06-02 || 29~Estações~O Retrato da Primavera~volume:3~FISICO~qtd:3~data:2026-08-13
774,Débora Rocha Almeida,37,rg,99.000.774-1,64~Serra Dourada~Os Guardiões do Horizonte~volume:4~DIGITAL~qtd:1~data:2025-02-23 || 44~Jardins Secretos~As Pontes de Aurora~volume:2~DIGITAL~qtd:2~data:2025-04-07
USR-000775,Olívia Santos Teixeira,49,CPF,700.000.775-35,62~Serra Dourada~Horizontes de Cobre~volume:3~DIGITAL~qtd:2~data:2024-09-02 || 45~Jardins Secretos~A Casa das Sete Janelas~volume:3~FISICO~qtd:1~data:2024-10-27 || 12~Marés do Norte~Cartas da Cidade Azul~volume:2~DIGITAL~qtd:1~data:2024-11-07 || 59~Serra Dourada~A Oficina dos Sonhos~volume:2~FISICO~qtd:2~data:2025-06-05 || 84~Luzes do Sul~A Estrada do Sul~volume:2~DIGITAL~qtd:1~data:2025-08-01 || 23~Arquivos do Céu~A Última Constelação~volume:4~FISICO~qtd:2~data:2025-11-20
USR-000776,Bruno Souza Almeida,35 anos,RG,99.000.776-5,17~Arquivos do Céu~A Biblioteca das Nuvens~volume:1~FISICO~qtd:2~data:2024-03-23 || 4~As Torres de Âmbar~O Vale das Lanternas~volume:2~DIGITAL~qtd:3~data:2024-06-24 || 26~Estações~Caminhos de Outono~volume:1~DIGITAL~qtd:1~data:2024-08-27 || 9~Marés do Norte~O Jardim das Marés~volume:1~FISICO~qtd:1~data:2024-10-23 || 5~As Torres de Âmbar~A Torre do Amanhecer~volume:3~FISICO~qtd:2~data:2024-11-13 || 40~Ilhas Errantes~A Travessia das Flores~volume:4~DIGITAL~qtd:1~data:2025-01-20 || 92~Crônicas do Tempo~A Hora Esquecida~volume:2~DIGITAL~qtd:1~data:2025-04-07 || 35~Ilhas Errantes~Memórias do Rio Claro~volume:2~FISICO~qtd:1~data:2026-02-01 || 96~Crônicas do Tempo~O Último Minuto~volume:4~DIGITAL~qtd:3~data:2026-04-18 || 79~Reinos do Bosque~O Guardião das Raízes~volume:4~FISICO~qtd:2~data:2026-09-26
777,carla souza esteves,22,CPF,700.000.777-05,53~Viajantes de Papel~A Estrada de Cristal~volume:3~FISICO~qtd:3~data:2024-05-16 || 28~Estações~O Caderno de Inverno~volume:2~DIGITAL~qtd:1~data:2024-07-26 || 81~Luzes do Sul~A Primeira Luz~volume:1~FISICO~qtd:3~data:2024-11-04 || 11~Marés do Norte~Cartas da Cidade Azul~volume:2~FISICO~qtd:3~data:2025-01-11 || 39~Ilhas Errantes~A Travessia das Flores~volume:4~FISICO~qtd:3~data:2025-02-03 || 45~Jardins Secretos~A Casa das Sete Janelas~volume:3~FISICO~qtd:3~data:2025-05-18 || 5~As Torres de Âmbar~A Torre do Amanhecer~volume:3~FISICO~qtd:2~data:2025-08-12 || 79~Reinos do Bosque~O Guardião das Raízes~volume:4~FISICO~qtd:1~data:2025-10-06 || 21~Arquivos do Céu~O Palácio dos Ventos~volume:3~FISICO~qtd:2~data:2026-01-16
USR-000778,Vitor Pereira Mendes,72,RG,99.000.778-9,73~Reinos do Bosque~A Semente de Prata~volume:1~FISICO~qtd:2~data:2024-01-16 || 23~Arquivos do Céu~A Última Constelação~volume:4~FISICO~qtd:3~data:2024-01-23 || 75~Reinos do Bosque~O Bosque Adormecido~volume:2~FISICO~qtd:1~data:2024-05-06 || 5~As Torres de Âmbar~A Torre do Amanhecer~volume:3~FISICO~qtd:1~data:2025-01-10 || 81~Luzes do Sul~A Primeira Luz~volume:1~FISICO~qtd:3~data:2026-02-28 || 48~Jardins Secretos~A Canção dos Pinheiros~volume:4~DIGITAL~qtd:2~data:2026-04-14 || 22~Arquivos do Céu~O Palácio dos Ventos~volume:3~DIGITAL~qtd:3~data:2026-07-19
USR-000779,Vitor Henriques Lima,39,CPF,700.000.779-69,78~Reinos do Bosque~A Coroa de Folhas~volume:3~DIGITAL~qtd:3~data:2024-05-16 || 89~Crônicas do Tempo~O Relógio Partido~volume:1~FISICO~qtd:3~data:2024-07-22 || 96~Crônicas do Tempo~O Último Minuto~volume:4~DIGITAL~qtd:3~data:2025-04-15 || 23~Arquivos do Céu~A Última Constelação~volume:4~FISICO~qtd:3~data:2025-04-23 || 28~Estações~O Caderno de Inverno~volume:2~DIGITAL~qtd:2~data:2025-07-19 || 27~Estações~O Caderno de Inverno~volume:2~FISICO~qtd:2~data:2025-11-28
780,  GABRIELA SANTOS SOUZA  ,74 anos,rg,99.000.780-3,91~Crônicas do Tempo~A Hora Esquecida~volume:2~FISICO~qtd:2~data:2024-06-09 || 27~Estações~O Caderno de Inverno~volume:2~FISICO~qtd:3~data:2024-06-26 || 6~As Torres de Âmbar~A Torre do Amanhecer~volume:3~DIGITAL~qtd:2~data:2025-02-10 || 30~Estações~O Retrato da Primavera~volume:3~DIGITAL~qtd:2~data:2025-05-18 || 33~Ilhas Errantes~A Ilha dos Ventos~volume:1~FISICO~qtd:1~data:2025-08-25 || 95~Crônicas do Tempo~O Último Minuto~volume:4~FISICO~qtd:1~data:2025-10-18 || 17~Arquivos do Céu~A Biblioteca das Nuvens~volume:1~FISICO~qtd:2~data:2026-04-07 || 29~Estações~O Retrato da Primavera~volume:3~FISICO~qtd:1~data:2026-05-13 || 93~Crônicas do Tempo~Os Dias Invertidos~volume:3~FISICO~qtd:1~data:2026-05-19 || 54~Viajantes de Papel~A Estrada de Cristal~volume:3~DIGITAL~qtd:2~data:2026-06-28
USR-000781,Alice Gomes Ribeiro,73,CPF,700.000.781-83,41~Jardins Secretos~O Segredo das Acácias~volume:1~FISICO~qtd:1~data:2024-03-28 || 9~Marés do Norte~O Jardim das Marés~volume:1~FISICO~qtd:1~data:2024-06-22 || 61~Serra Dourada~Horizontes de Cobre~volume:3~FISICO~qtd:1~data:2024-07-15 || 54~Viajantes de Papel~A Estrada de Cristal~volume:3~DIGITAL~qtd:3~data:2024-10-24 || 27~Estações~O Caderno de Inverno~volume:2~FISICO~qtd:3~data:2025-01-03 || 11~Marés do Norte~Cartas da Cidade Azul~volume:2~FISICO~qtd:3~data:2025-03-15
USR-000782,Bruno Ribeiro Henriques,30,RG,99.000.782-7,69~Cidades de Sal~O Mercado das Sombras~volume:3~FISICO~qtd:2~data:2024-07-29 || 12~Marés do Norte~Cartas da Cidade Azul~volume:2~DIGITAL~qtd:1~data:2024-07-30 || 41~Jardins Secretos~O Segredo das Acácias~volume:1~FISICO~qtd:3~data:2024-11-06 || 36~Ilhas Errantes~Memórias do Rio Claro~volume:2~DIGITAL~qtd:1~data:2025-03-27 || 85~Luzes do Sul~O Farol de Cristal~volume:3~FISICO~qtd:3~data:2025-07-28 || 83~Luzes do Sul~A Estrada do Sul~volume:2~FISICO~qtd:2~data:2026-08-16
783,João Ribeiro Santos,32,CPF,700.000.783-45,4~As Torres de Âmbar~O Vale das Lanternas~volume:2~DIGITAL~qtd:1~data:2024-09-26 || 82~Luzes do Sul~A Primeira Luz~volume:1~DIGITAL~qtd:3~data:2025-02-20
USR-000784,teresa lima barbosa,43 anos,RG,99.000.784-1,67~Cidades de Sal~O Relógio da Praça~volume:2~FISICO~qtd:2~data:2024-02-15 || 1~As Torres de Âmbar~A Chave de Âmbar~volume:1~FISICO~qtd:2~data:2024-03-02 || 42~Jardins Secretos~O Segredo das Acácias~volume:1~DIGITAL~qtd:1~data:2024-07-12 || 83~Luzes do Sul~A Estrada do Sul~volume:2~FISICO~qtd:2~data:2024-07-22 || 12~Marés do Norte~Cartas da Cidade Azul~volume:2~DIGITAL~qtd:2~data:2024-09-07 || 66~Cidades de Sal~O Labirinto de Sal~volume:1~DIGITAL~qtd:3~data:2025-11-24 || 68~Cidades de Sal~O Relógio da Praça~volume:2~DIGITAL~qtd:2~data:2026-02-24 || 81~Luzes do Sul~A Primeira Luz~volume:1~FISICO~qtd:2~data:2026-09-15
USR-000785,Marina Cardoso Souza,64,CPF,700.000.785-07,51~Viajantes de Papel~O Trem das Estrelas~volume:2~FISICO~qtd:2~data:2024-02-26 || 31~Estações~A Última Página do Verão~volume:4~FISICO~qtd:2~data:2024-02-27 || 95~Crônicas do Tempo~O Último Minuto~volume:4~FISICO~qtd:3~data:2024-10-26 || 41~Jardins Secretos~O Segredo das Acácias~volume:1~FISICO~qtd:1~data:2024-11-04 || 26~Estações~Caminhos de Outono~volume:1~DIGITAL~qtd:1~data:2025-06-11 || 92~Crônicas do Tempo~A Hora Esquecida~volume:2~DIGITAL~qtd:2~data:2026-04-30 || 71~Cidades de Sal~A Cidade sem Portas~volume:4~FISICO~qtd:1~data:2026-05-18 || 59~Serra Dourada~A Oficina dos Sonhos~volume:2~FISICO~qtd:1~data:2026-08-31
786,Vitor Teixeira Costa,43,rg,99.000.786-5,37~Ilhas Errantes~O Porto das Histórias~volume:3~FISICO~qtd:3~data:2024-02-23 || 73~Reinos do Bosque~A Semente de Prata~volume:1~FISICO~qtd:2~data:2026-05-07 || 18~Arquivos do Céu~A Biblioteca das Nuvens~volume:1~DIGITAL~qtd:1~data:2026-05-30 || 94~Crônicas do Tempo~Os Dias Invertidos~volume:3~DIGITAL~qtd:2~data:2026-07-05
USR-000787,Pedro Martins Teixeira,46,CPF,700.000.787-79,42~Jardins Secretos~O Segredo das Acácias~volume:1~DIGITAL~qtd:3~data:2025-04-27 || 7~As Torres de Âmbar~O Reino de Cinzas~volume:4~FISICO~qtd:2~data:2026-02-25
USR-000788,Bruno Santos Cardoso,69 anos,RG,99.000.788-9,84~Luzes do Sul~A Estrada do Sul~volume:2~DIGITAL~qtd:1~data:2024-11-28 || 28~Estações~O Caderno de Inverno~volume:2~DIGITAL~qtd:2~data:2026-09-09
789,Caio Esteves Esteves,28,CPF,700.000.789-31,4~As Torres de Âmbar~O Vale das Lanternas~volume:2~DIGITAL~qtd:2~data:2025-02-14
USR-000790,  TERESA MARTINS ROCHA  ,29,RG,99.000.790-3,16~Marés do Norte~A Ilha Submersa~volume:4~DIGITAL~qtd:1~data:2024-07-16 || 91~Crônicas do Tempo~A Hora Esquecida~volume:2~FISICO~qtd:3~data:2024-08-11 || 95~Crônicas do Tempo~O Último Minuto~volume:4~FISICO~qtd:2~data:2024-10-02 || 14~Marés do Norte~O Último Faroleiro~volume:3~DIGITAL~qtd:1~data:2024-10-30 || 67~Cidades de Sal~O Relógio da Praça~volume:2~FISICO~qtd:2~data:2025-01-18 || 64~Serra Dourada~Os Guardiões do Horizonte~volume:4~DIGITAL~qtd:1~data:2025-07-24 || 54~Viajantes de Papel~A Estrada de Cristal~volume:3~DIGITAL~qtd:3~data:2025-09-10 || 40~Ilhas Errantes~A Travessia das Flores~volume:4~DIGITAL~qtd:1~data:2025-11-14 || 71~Cidades de Sal~A Cidade sem Portas~volume:4~FISICO~qtd:3~data:2026-05-14
USR-000791,isabela vieira ribeiro,30,CPF,700.000.791-55,41~Jardins Secretos~O Segredo das Acácias~volume:1~FISICO~qtd:1~data:2024-06-22 || 40~Ilhas Errantes~A Travessia das Flores~volume:4~DIGITAL~qtd:3~data:2024-11-18 || 25~Estações~Caminhos de Outono~volume:1~FISICO~qtd:1~data:2025-03-08 || 20~Arquivos do Céu~O Mapa de Vidro~volume:2~DIGITAL~qtd:2~data:2025-04-08 || 43~Jardins Secretos~As Pontes de Aurora~volume:2~FISICO~qtd:1~data:2025-06-03 || 62~Serra Dourada~Horizontes de Cobre~volume:3~DIGITAL~qtd:2~data:2025-09-26 || 81~Luzes do Sul~A Primeira Luz~volume:1~FISICO~qtd:3~data:2025-12-30 || 30~Estações~O Retrato da Primavera~volume:3~DIGITAL~qtd:1~data:2026-01-16 || 48~Jardins Secretos~A Canção dos Pinheiros~volume:4~DIGITAL~qtd:1~data:2026-02-17 || 84~Luzes do Sul~A Estrada do Sul~volume:2~DIGITAL~qtd:3~data:2026-02-19
792,Vitor Henriques Ferreira,38 anos,rg,99.000.792-7,76~Reinos do Bosque~O Bosque Adormecido~volume:2~DIGITAL~qtd:3~data:2024-02-03 || 53~Viajantes de Papel~A Estrada de Cristal~volume:3~FISICO~qtd:3~data:2024-05-15 || 93~Crônicas do Tempo~Os Dias Invertidos~volume:3~FISICO~qtd:3~data:2024-06-03 || 3~As Torres de Âmbar~O Vale das Lanternas~volume:2~FISICO~qtd:3~data:2024-07-14 || 16~Marés do Norte~A Ilha Submersa~volume:4~DIGITAL~qtd:3~data:2024-09-06 || 89~Crônicas do Tempo~O Relógio Partido~volume:1~FISICO~qtd:2~data:2024-09-29 || 87~Luzes do Sul~Depois do Horizonte~volume:4~FISICO~qtd:3~data:2025-01-18 || 30~Estações~O Retrato da Primavera~volume:3~DIGITAL~qtd:1~data:2026-04-17 || 54~Viajantes de Papel~A Estrada de Cristal~volume:3~DIGITAL~qtd:3~data:2026-08-26
USR-000793,Caio Rocha Esteves,38,CPF,700.000.793-17,56~Viajantes de Papel~Os Dias do Cometa~volume:4~DIGITAL~qtd:1~data:2024-01-11 || 47~Jardins Secretos~A Canção dos Pinheiros~volume:4~FISICO~qtd:1~data:2024-03-28 || 84~Luzes do Sul~A Estrada do Sul~volume:2~DIGITAL~qtd:3~data:2026-05-17
USR-000794,Gabriela Dias Teixeira,56,RG,99.000.794-1,93~Crônicas do Tempo~Os Dias Invertidos~volume:3~FISICO~qtd:2~data:2024-09-13 || 28~Estações~O Caderno de Inverno~volume:2~DIGITAL~qtd:1~data:2025-02-16 || 86~Luzes do Sul~O Farol de Cristal~volume:3~DIGITAL~qtd:1~data:2025-06-21 || 89~Crônicas do Tempo~O Relógio Partido~volume:1~FISICO~qtd:3~data:2025-09-03 || 53~Viajantes de Papel~A Estrada de Cristal~volume:3~FISICO~qtd:1~data:2026-03-15 || 44~Jardins Secretos~As Pontes de Aurora~volume:2~DIGITAL~qtd:2~data:2026-07-06 || 16~Marés do Norte~A Ilha Submersa~volume:4~DIGITAL~qtd:2~data:2026-07-26
795,Nuno Martins Cardoso,74,CPF,700.000.795-89,28~Estações~O Caderno de Inverno~volume:2~DIGITAL~qtd:2~data:2025-02-19 || 47~Jardins Secretos~A Canção dos Pinheiros~volume:4~FISICO~qtd:1~data:2025-08-10 || 71~Cidades de Sal~A Cidade sem Portas~volume:4~FISICO~qtd:2~data:2026-07-04 || 6~As Torres de Âmbar~A Torre do Amanhecer~volume:3~DIGITAL~qtd:1~data:2026-08-01
USR-000796,Bruno Rocha Henriques,56 anos,RG,99.000.796-5,65~Cidades de Sal~O Labirinto de Sal~volume:1~FISICO~qtd:2~data:2024-03-11 || 48~Jardins Secretos~A Canção dos Pinheiros~volume:4~DIGITAL~qtd:3~data:2024-05-14 || 3~As Torres de Âmbar~O Vale das Lanternas~volume:2~FISICO~qtd:2~data:2025-08-18 || 31~Estações~A Última Página do Verão~volume:4~FISICO~qtd:1~data:2026-06-19 || 57~Serra Dourada~Crônicas da Serra Dourada~volume:1~FISICO~qtd:2~data:2026-07-14
USR-000797,Gabriela Santos Vieira,21,CPF,700.000.797-41,95~Crônicas do Tempo~O Último Minuto~volume:4~FISICO~qtd:3~data:2024-02-17 || 26~Estações~Caminhos de Outono~volume:1~DIGITAL~qtd:2~data:2024-11-14 || 68~Cidades de Sal~O Relógio da Praça~volume:2~DIGITAL~qtd:3~data:2024-11-30 || 15~Marés do Norte~A Ilha Submersa~volume:4~FISICO~qtd:3~data:2025-01-17 || 50~Viajantes de Papel~O Viajante de Papel~volume:1~DIGITAL~qtd:2~data:2025-06-06 || 4~As Torres de Âmbar~O Vale das Lanternas~volume:2~DIGITAL~qtd:3~data:2026-08-09
798,olívia nunes moreira,48,rg,99.000.798-9,42~Jardins Secretos~O Segredo das Acácias~volume:1~DIGITAL~qtd:2~data:2024-07-12 || 63~Serra Dourada~Os Guardiões do Horizonte~volume:4~FISICO~qtd:3~data:2024-08-15 || 51~Viajantes de Papel~O Trem das Estrelas~volume:2~FISICO~qtd:3~data:2024-09-17 || 16~Marés do Norte~A Ilha Submersa~volume:4~DIGITAL~qtd:1~data:2024-10-14 || 4~As Torres de Âmbar~O Vale das Lanternas~volume:2~DIGITAL~qtd:2~data:2024-11-04 || 17~Arquivos do Céu~A Biblioteca das Nuvens~volume:1~FISICO~qtd:3~data:2025-02-13 || 40~Ilhas Errantes~A Travessia das Flores~volume:4~DIGITAL~qtd:1~data:2025-03-11 || 33~Ilhas Errantes~A Ilha dos Ventos~volume:1~FISICO~qtd:1~data:2025-05-30 || 65~Cidades de Sal~O Labirinto de Sal~volume:1~FISICO~qtd:1~data:2025-07-29 || 68~Cidades de Sal~O Relógio da Praça~volume:2~DIGITAL~qtd:2~data:2026-07-23
USR-000799,Marina Henriques Rocha,77,CPF,700.000.799-02,72~Cidades de Sal~A Cidade sem Portas~volume:4~DIGITAL~qtd:2~data:2024-05-09 || 67~Cidades de Sal~O Relógio da Praça~volume:2~FISICO~qtd:2~data:2024-05-18 || 63~Serra Dourada~Os Guardiões do Horizonte~volume:4~FISICO~qtd:2~data:2025-03-14 || 22~Arquivos do Céu~O Palácio dos Ventos~volume:3~DIGITAL~qtd:2~data:2025-09-14 || 32~Estações~A Última Página do Verão~volume:4~DIGITAL~qtd:1~data:2026-08-27
USR-000800,  DANIEL RIBEIRO ROCHA  ,80 anos,RG,99.000.800-3,83~Luzes do Sul~A Estrada do Sul~volume:2~FISICO~qtd:2~data:2024-06-13 || 60~Serra Dourada~A Oficina dos Sonhos~volume:2~DIGITAL~qtd:3~data:2024-10-24 || 71~Cidades de Sal~A Cidade sem Portas~volume:4~FISICO~qtd:3~data:2025-03-06
801,João Rocha Ribeiro,72,CPF,700.000.801-61,31~Estações~A Última Página do Verão~volume:4~FISICO~qtd:3~data:2024-09-27 || 38~Ilhas Errantes~O Porto das Histórias~volume:3~DIGITAL~qtd:2~data:2024-12-22 || 24~Arquivos do Céu~A Última Constelação~volume:4~DIGITAL~qtd:3~data:2025-01-23 || 6~As Torres de Âmbar~A Torre do Amanhecer~volume:3~DIGITAL~qtd:1~data:2025-02-10 || 5~As Torres de Âmbar~A Torre do Amanhecer~volume:3~FISICO~qtd:2~data:2025-04-29 || 94~Crônicas do Tempo~Os Dias Invertidos~volume:3~DIGITAL~qtd:3~data:2025-08-20 || 27~Estações~O Caderno de Inverno~volume:2~FISICO~qtd:3~data:2025-08-30 || 21~Arquivos do Céu~O Palácio dos Ventos~volume:3~FISICO~qtd:1~data:2025-11-12 || 33~Ilhas Errantes~A Ilha dos Ventos~volume:1~FISICO~qtd:3~data:2026-04-01 || 64~Serra Dourada~Os Guardiões do Horizonte~volume:4~DIGITAL~qtd:1~data:2026-04-09
USR-000802,Elisa Henriques Almeida,58,RG,99.000.802-7,6~As Torres de Âmbar~A Torre do Amanhecer~volume:3~DIGITAL~qtd:1~data:2025-02-14
USR-000803,Vitor Moreira Lima,73,CPF,700.000.803-23,92~Crônicas do Tempo~A Hora Esquecida~volume:2~DIGITAL~qtd:2~data:2025-03-02
804,João Moreira Dias,70 anos,rg,99.000.804-1,3~As Torres de Âmbar~O Vale das Lanternas~volume:2~FISICO~qtd:2~data:2024-10-09 || 92~Crônicas do Tempo~A Hora Esquecida~volume:2~DIGITAL~qtd:3~data:2025-02-02 || 86~Luzes do Sul~O Farol de Cristal~volume:3~DIGITAL~qtd:2~data:2025-03-03 || 90~Crônicas do Tempo~O Relógio Partido~volume:1~DIGITAL~qtd:3~data:2025-04-06
USR-000805,carla martins rocha,22,CPF,700.000.805-95,72~Cidades de Sal~A Cidade sem Portas~volume:4~DIGITAL~qtd:2~data:2024-02-08 || 43~Jardins Secretos~As Pontes de Aurora~volume:2~FISICO~qtd:3~data:2024-03-18 || 27~Estações~O Caderno de Inverno~volume:2~FISICO~qtd:2~data:2024-04-07 || 35~Ilhas Errantes~Memórias do Rio Claro~volume:2~FISICO~qtd:2~data:2024-04-23 || 70~Cidades de Sal~O Mercado das Sombras~volume:3~DIGITAL~qtd:1~data:2025-08-13
USR-000806,Alice Vieira Pereira,18,RG,99.000.806-5,39~Ilhas Errantes~A Travessia das Flores~volume:4~FISICO~qtd:3~data:2025-04-16 || 52~Viajantes de Papel~O Trem das Estrelas~volume:2~DIGITAL~qtd:1~data:2025-09-13 || 30~Estações~O Retrato da Primavera~volume:3~DIGITAL~qtd:3~data:2026-01-30
807,Vitor Mendes Oliveira,26,CPF,700.000.807-57,54~Viajantes de Papel~A Estrada de Cristal~volume:3~DIGITAL~qtd:2~data:2024-04-17 || 38~Ilhas Errantes~O Porto das Histórias~volume:3~DIGITAL~qtd:2~data:2024-12-20 || 70~Cidades de Sal~O Mercado das Sombras~volume:3~DIGITAL~qtd:2~data:2025-01-01 || 12~Marés do Norte~Cartas da Cidade Azul~volume:2~DIGITAL~qtd:2~data:2025-01-25 || 22~Arquivos do Céu~O Palácio dos Ventos~volume:3~DIGITAL~qtd:2~data:2025-08-19 || 53~Viajantes de Papel~A Estrada de Cristal~volume:3~FISICO~qtd:2~data:2025-10-09 || 8~As Torres de Âmbar~O Reino de Cinzas~volume:4~DIGITAL~qtd:2~data:2026-06-20 || 58~Serra Dourada~Crônicas da Serra Dourada~volume:1~DIGITAL~qtd:2~data:2026-06-23
USR-000808,João Vieira Esteves,19 anos,RG,99.000.808-9,58~Serra Dourada~Crônicas da Serra Dourada~volume:1~DIGITAL~qtd:1~data:2024-01-21 || 7~As Torres de Âmbar~O Reino de Cinzas~volume:4~FISICO~qtd:2~data:2024-10-07 || 30~Estações~O Retrato da Primavera~volume:3~DIGITAL~qtd:2~data:2024-10-19 || 43~Jardins Secretos~As Pontes de Aurora~volume:2~FISICO~qtd:1~data:2025-09-20 || 10~Marés do Norte~O Jardim das Marés~volume:1~DIGITAL~qtd:1~data:2026-05-31
USR-000809,Isabela Almeida Lima,28,CPF,700.000.809-19,94~Crônicas do Tempo~Os Dias Invertidos~volume:3~DIGITAL~qtd:1~data:2024-11-03 || 19~Arquivos do Céu~O Mapa de Vidro~volume:2~FISICO~qtd:3~data:2025-01-28 || 69~Cidades de Sal~O Mercado das Sombras~volume:3~FISICO~qtd:1~data:2025-04-06 || 17~Arquivos do Céu~A Biblioteca das Nuvens~volume:1~FISICO~qtd:2~data:2025-10-19 || 24~Arquivos do Céu~A Última Constelação~volume:4~DIGITAL~qtd:1~data:2026-09-19
810,  ALICE FERREIRA GOMES  ,75,rg,99.000.810-3,67~Cidades de Sal~O Relógio da Praça~volume:2~FISICO~qtd:2~data:2024-04-28 || 56~Viajantes de Papel~Os Dias do Cometa~volume:4~DIGITAL~qtd:3~data:2025-02-22 || 10~Marés do Norte~O Jardim das Marés~volume:1~DIGITAL~qtd:2~data:2025-07-05 || 94~Crônicas do Tempo~Os Dias Invertidos~volume:3~DIGITAL~qtd:3~data:2025-07-18 || 35~Ilhas Errantes~Memórias do Rio Claro~volume:2~FISICO~qtd:3~data:2025-09-10 || 29~Estações~O Retrato da Primavera~volume:3~FISICO~qtd:2~data:2025-12-11 || 88~Luzes do Sul~Depois do Horizonte~volume:4~DIGITAL~qtd:1~data:2026-06-13 || 39~Ilhas Errantes~A Travessia das Flores~volume:4~FISICO~qtd:1~data:2026-07-10 || 62~Serra Dourada~Horizontes de Cobre~volume:3~DIGITAL~qtd:1~data:2026-08-12 || 7~As Torres de Âmbar~O Reino de Cinzas~volume:4~FISICO~qtd:2~data:2026-08-23
USR-000811,Bruno Santos Almeida,21,CPF,700.000.811-33,53~Viajantes de Papel~A Estrada de Cristal~volume:3~FISICO~qtd:1~data:2024-06-09 || 69~Cidades de Sal~O Mercado das Sombras~volume:3~FISICO~qtd:2~data:2024-09-12 || 83~Luzes do Sul~A Estrada do Sul~volume:2~FISICO~qtd:2~data:2025-11-03 || 26~Estações~Caminhos de Outono~volume:1~DIGITAL~qtd:2~data:2025-11-13 || 46~Jardins Secretos~A Casa das Sete Janelas~volume:3~DIGITAL~qtd:2~data:2026-08-14 || 87~Luzes do Sul~Depois do Horizonte~volume:4~FISICO~qtd:3~data:2026-09-08
USR-000812,nuno esteves esteves,30 anos,RG,99.000.812-7,2~As Torres de Âmbar~A Chave de Âmbar~volume:1~DIGITAL~qtd:3~data:2024-09-18 || 11~Marés do Norte~Cartas da Cidade Azul~volume:2~FISICO~qtd:1~data:2025-02-22 || 22~Arquivos do Céu~O Palácio dos Ventos~volume:3~DIGITAL~qtd:1~data:2025-04-01 || 16~Marés do Norte~A Ilha Submersa~volume:4~DIGITAL~qtd:3~data:2025-05-01 || 42~Jardins Secretos~O Segredo das Acácias~volume:1~DIGITAL~qtd:2~data:2025-09-11 || 6~As Torres de Âmbar~A Torre do Amanhecer~volume:3~DIGITAL~qtd:3~data:2025-11-12 || 41~Jardins Secretos~O Segredo das Acácias~volume:1~FISICO~qtd:2~data:2026-01-04 || 35~Ilhas Errantes~Memórias do Rio Claro~volume:2~FISICO~qtd:2~data:2026-03-09 || 89~Crônicas do Tempo~O Relógio Partido~volume:1~FISICO~qtd:2~data:2026-08-02 || 40~Ilhas Errantes~A Travessia das Flores~volume:4~DIGITAL~qtd:3~data:2026-08-06
813,Elisa Souza Gomes,44,CPF,700.000.813-03,28~Estações~O Caderno de Inverno~volume:2~DIGITAL~qtd:2~data:2025-03-11
USR-000814,Vitor Mendes Oliveira,26,RG,99.000.814-1,22~Arquivos do Céu~O Palácio dos Ventos~volume:3~DIGITAL~qtd:3~data:2024-09-04 || 46~Jardins Secretos~A Casa das Sete Janelas~volume:3~DIGITAL~qtd:3~data:2025-04-02 || 54~Viajantes de Papel~A Estrada de Cristal~volume:3~DIGITAL~qtd:3~data:2025-07-16 || 7~As Torres de Âmbar~O Reino de Cinzas~volume:4~FISICO~qtd:1~data:2025-08-12 || 13~Marés do Norte~O Último Faroleiro~volume:3~FISICO~qtd:3~data:2026-01-09
USR-000815,Ana Santos Teixeira,22,CPF,700.000.815-67,14~Marés do Norte~O Último Faroleiro~volume:3~DIGITAL~qtd:1~data:2024-02-13 || 1~As Torres de Âmbar~A Chave de Âmbar~volume:1~FISICO~qtd:3~data:2024-03-08 || 20~Arquivos do Céu~O Mapa de Vidro~volume:2~DIGITAL~qtd:1~data:2024-08-05 || 10~Marés do Norte~O Jardim das Marés~volume:1~DIGITAL~qtd:3~data:2024-12-27 || 79~Reinos do Bosque~O Guardião das Raízes~volume:4~FISICO~qtd:2~data:2025-03-15 || 96~Crônicas do Tempo~O Último Minuto~volume:4~DIGITAL~qtd:2~data:2025-05-21 || 8~As Torres de Âmbar~O Reino de Cinzas~volume:4~DIGITAL~qtd:3~data:2025-09-05 || 37~Ilhas Errantes~O Porto das Histórias~volume:3~FISICO~qtd:3~data:2026-01-01 || 38~Ilhas Errantes~O Porto das Histórias~volume:3~DIGITAL~qtd:3~data:2026-06-17
816,Marina Henriques Cardoso,82 anos,rg,99.000.816-5,23~Arquivos do Céu~A Última Constelação~volume:4~FISICO~qtd:3~data:2024-06-28 || 69~Cidades de Sal~O Mercado das Sombras~volume:3~FISICO~qtd:2~data:2024-07-15 || 31~Estações~A Última Página do Verão~volume:4~FISICO~qtd:2~data:2024-11-12 || 27~Estações~O Caderno de Inverno~volume:2~FISICO~qtd:1~data:2025-02-27 || 68~Cidades de Sal~O Relógio da Praça~volume:2~DIGITAL~qtd:3~data:2025-05-02 || 32~Estações~A Última Página do Verão~volume:4~DIGITAL~qtd:1~data:2025-05-12 || 95~Crônicas do Tempo~O Último Minuto~volume:4~FISICO~qtd:2~data:2026-09-05 || 84~Luzes do Sul~A Estrada do Sul~volume:2~DIGITAL~qtd:1~data:2026-09-16
USR-000817,Samuel Rocha Barbosa,40,CPF,700.000.817-29,26~Estações~Caminhos de Outono~volume:1~DIGITAL~qtd:2~data:2024-01-03 || 81~Luzes do Sul~A Primeira Luz~volume:1~FISICO~qtd:3~data:2024-11-08 || 10~Marés do Norte~O Jardim das Marés~volume:1~DIGITAL~qtd:1~data:2025-11-13 || 34~Ilhas Errantes~A Ilha dos Ventos~volume:1~DIGITAL~qtd:2~data:2026-02-04 || 96~Crônicas do Tempo~O Último Minuto~volume:4~DIGITAL~qtd:3~data:2026-07-17
USR-000818,Lucas Dias Lima,76,RG,99.000.818-9,19~Arquivos do Céu~O Mapa de Vidro~volume:2~FISICO~qtd:3~data:2024-12-24 || 94~Crônicas do Tempo~Os Dias Invertidos~volume:3~DIGITAL~qtd:2~data:2025-01-04 || 57~Serra Dourada~Crônicas da Serra Dourada~volume:1~FISICO~qtd:2~data:2025-07-16 || 18~Arquivos do Céu~A Biblioteca das Nuvens~volume:1~DIGITAL~qtd:2~data:2025-10-30 || 44~Jardins Secretos~As Pontes de Aurora~volume:2~DIGITAL~qtd:2~data:2026-03-20 || 96~Crônicas do Tempo~O Último Minuto~volume:4~DIGITAL~qtd:1~data:2026-04-21 || 42~Jardins Secretos~O Segredo das Acácias~volume:1~DIGITAL~qtd:2~data:2026-09-01
819,marina moreira lima,29,CPF,700.000.819-91,45~Jardins Secretos~A Casa das Sete Janelas~volume:3~FISICO~qtd:1~data:2024-02-05 || 78~Reinos do Bosque~A Coroa de Folhas~volume:3~DIGITAL~qtd:1~data:2024-06-07 || 76~Reinos do Bosque~O Bosque Adormecido~volume:2~DIGITAL~qtd:2~data:2024-07-03 || 24~Arquivos do Céu~A Última Constelação~volume:4~DIGITAL~qtd:1~data:2024-07-16 || 31~Estações~A Última Página do Verão~volume:4~FISICO~qtd:2~data:2025-12-05 || 51~Viajantes de Papel~O Trem das Estrelas~volume:2~FISICO~qtd:2~data:2026-09-13
USR-000820,  HUGO BARBOSA PEREIRA  ,77 anos,RG,99.000.820-3,78~Reinos do Bosque~A Coroa de Folhas~volume:3~DIGITAL~qtd:2~data:2024-10-01 || 84~Luzes do Sul~A Estrada do Sul~volume:2~DIGITAL~qtd:1~data:2025-02-01 || 86~Luzes do Sul~O Farol de Cristal~volume:3~DIGITAL~qtd:3~data:2026-08-01
USR-000821,Rafaela Rocha Lima,43,CPF,700.000.821-05,41~Jardins Secretos~O Segredo das Acácias~volume:1~FISICO~qtd:3~data:2024-03-17 || 47~Jardins Secretos~A Canção dos Pinheiros~volume:4~FISICO~qtd:3~data:2024-03-27 || 74~Reinos do Bosque~A Semente de Prata~volume:1~DIGITAL~qtd:2~data:2024-07-07 || 20~Arquivos do Céu~O Mapa de Vidro~volume:2~DIGITAL~qtd:1~data:2024-11-05 || 42~Jardins Secretos~O Segredo das Acácias~volume:1~DIGITAL~qtd:2~data:2026-02-12 || 71~Cidades de Sal~A Cidade sem Portas~volume:4~FISICO~qtd:1~data:2026-03-19 || 80~Reinos do Bosque~O Guardião das Raízes~volume:4~DIGITAL~qtd:3~data:2026-05-23
822,João Mendes Teixeira,31,rg,99.000.822-7,38~Ilhas Errantes~O Porto das Histórias~volume:3~DIGITAL~qtd:1~data:2024-09-09 || 32~Estações~A Última Página do Verão~volume:4~DIGITAL~qtd:1~data:2025-01-21
USR-000823,Nuno Moreira Vieira,55,CPF,700.000.823-77,93~Crônicas do Tempo~Os Dias Invertidos~volume:3~FISICO~qtd:1~data:2024-01-20 || 92~Crônicas do Tempo~A Hora Esquecida~volume:2~DIGITAL~qtd:3~data:2024-06-10 || 94~Crônicas do Tempo~Os Dias Invertidos~volume:3~DIGITAL~qtd:1~data:2024-07-30 || 43~Jardins Secretos~As Pontes de Aurora~volume:2~FISICO~qtd:1~data:2024-08-31 || 59~Serra Dourada~A Oficina dos Sonhos~volume:2~FISICO~qtd:1~data:2025-02-06 || 36~Ilhas Errantes~Memórias do Rio Claro~volume:2~DIGITAL~qtd:2~data:2025-07-24 || 12~Marés do Norte~Cartas da Cidade Azul~volume:2~DIGITAL~qtd:1~data:2026-03-10 || 14~Marés do Norte~O Último Faroleiro~volume:3~DIGITAL~qtd:1~data:2026-06-07 || 58~Serra Dourada~Crônicas da Serra Dourada~volume:1~DIGITAL~qtd:2~data:2026-08-28
USR-000824,Isabela Henriques Moreira,55 anos,RG,99.000.824-1,51~Viajantes de Papel~O Trem das Estrelas~volume:2~FISICO~qtd:3~data:2024-01-18
825,Karina Esteves Pereira,71,CPF,700.000.825-39,35~Ilhas Errantes~Memórias do Rio Claro~volume:2~FISICO~qtd:2~data:2024-02-26 || 42~Jardins Secretos~O Segredo das Acácias~volume:1~DIGITAL~qtd:2~data:2024-09-14 || 37~Ilhas Errantes~O Porto das Histórias~volume:3~FISICO~qtd:2~data:2024-10-28 || 6~As Torres de Âmbar~A Torre do Amanhecer~volume:3~DIGITAL~qtd:3~data:2025-02-16 || 89~Crônicas do Tempo~O Relógio Partido~volume:1~FISICO~qtd:3~data:2025-03-09 || 16~Marés do Norte~A Ilha Submersa~volume:4~DIGITAL~qtd:3~data:2025-04-03 || 67~Cidades de Sal~O Relógio da Praça~volume:2~FISICO~qtd:1~data:2025-06-01 || 10~Marés do Norte~O Jardim das Marés~volume:1~DIGITAL~qtd:3~data:2025-07-20 || 22~Arquivos do Céu~O Palácio dos Ventos~volume:3~DIGITAL~qtd:3~data:2026-05-27 || 66~Cidades de Sal~O Labirinto de Sal~volume:1~DIGITAL~qtd:1~data:2026-08-09
USR-000826,hugo ferreira rocha,29,RG,99.000.826-5,54~Viajantes de Papel~A Estrada de Cristal~volume:3~DIGITAL~qtd:1~data:2024-02-29 || 37~Ilhas Errantes~O Porto das Histórias~volume:3~FISICO~qtd:1~data:2024-03-20 || 87~Luzes do Sul~Depois do Horizonte~volume:4~FISICO~qtd:2~data:2024-08-30 || 76~Reinos do Bosque~O Bosque Adormecido~volume:2~DIGITAL~qtd:3~data:2024-11-16 || 8~As Torres de Âmbar~O Reino de Cinzas~volume:4~DIGITAL~qtd:1~data:2025-02-18 || 78~Reinos do Bosque~A Coroa de Folhas~volume:3~DIGITAL~qtd:1~data:2025-08-18 || 61~Serra Dourada~Horizontes de Cobre~volume:3~FISICO~qtd:3~data:2025-12-02 || 44~Jardins Secretos~As Pontes de Aurora~volume:2~DIGITAL~qtd:1~data:2025-12-23 || 65~Cidades de Sal~O Labirinto de Sal~volume:1~FISICO~qtd:3~data:2026-01-29
USR-000827,Vitor Barbosa Almeida,30,CPF,700.000.827-09,23~Arquivos do Céu~A Última Constelação~volume:4~FISICO~qtd:2~data:2024-08-02 || 67~Cidades de Sal~O Relógio da Praça~volume:2~FISICO~qtd:1~data:2025-01-24 || 55~Viajantes de Papel~Os Dias do Cometa~volume:4~FISICO~qtd:1~data:2025-08-23 || 20~Arquivos do Céu~O Mapa de Vidro~volume:2~DIGITAL~qtd:2~data:2026-06-19 || 46~Jardins Secretos~A Casa das Sete Janelas~volume:3~DIGITAL~qtd:1~data:2026-09-13
828,Débora Cardoso Vieira,72 anos,rg,99.000.828-9,45~Jardins Secretos~A Casa das Sete Janelas~volume:3~FISICO~qtd:3~data:2024-01-10 || 73~Reinos do Bosque~A Semente de Prata~volume:1~FISICO~qtd:3~data:2025-09-02 || 38~Ilhas Errantes~O Porto das Histórias~volume:3~DIGITAL~qtd:2~data:2025-09-25 || 59~Serra Dourada~A Oficina dos Sonhos~volume:2~FISICO~qtd:1~data:2025-11-27 || 50~Viajantes de Papel~O Viajante de Papel~volume:1~DIGITAL~qtd:2~data:2026-01-25 || 60~Serra Dourada~A Oficina dos Sonhos~volume:2~DIGITAL~qtd:2~data:2026-05-30 || 54~Viajantes de Papel~A Estrada de Cristal~volume:3~DIGITAL~qtd:2~data:2026-05-31 || 79~Reinos do Bosque~O Guardião das Raízes~volume:4~FISICO~qtd:3~data:2026-09-14
USR-000829,Vitor Martins Lima,72,CPF,700.000.829-62,46~Jardins Secretos~A Casa das Sete Janelas~volume:3~DIGITAL~qtd:1~data:2025-02-21 || 38~Ilhas Errantes~O Porto das Histórias~volume:3~DIGITAL~qtd:1~data:2025-03-29 || 1~As Torres de Âmbar~A Chave de Âmbar~volume:1~FISICO~qtd:1~data:2025-04-30 || 53~Viajantes de Papel~A Estrada de Cristal~volume:3~FISICO~qtd:1~data:2025-08-11 || 90~Crônicas do Tempo~O Relógio Partido~volume:1~DIGITAL~qtd:3~data:2025-12-05 || 89~Crônicas do Tempo~O Relógio Partido~volume:1~FISICO~qtd:3~data:2025-12-17 || 49~Viajantes de Papel~O Viajante de Papel~volume:1~FISICO~qtd:3~data:2026-08-26
USR-000830,  DANIEL MARTINS VIEIRA  ,61,RG,99.000.830-3,11~Marés do Norte~Cartas da Cidade Azul~volume:2~FISICO~qtd:2~data:2024-01-18 || 85~Luzes do Sul~O Farol de Cristal~volume:3~FISICO~qtd:3~data:2024-02-10 || 33~Ilhas Errantes~A Ilha dos Ventos~volume:1~FISICO~qtd:3~data:2024-02-25 || 68~Cidades de Sal~O Relógio da Praça~volume:2~DIGITAL~qtd:3~data:2024-11-08 || 37~Ilhas Errantes~O Porto das Histórias~volume:3~FISICO~qtd:3~data:2024-12-26 || 90~Crônicas do Tempo~O Relógio Partido~volume:1~DIGITAL~qtd:1~data:2025-10-06 || 23~Arquivos do Céu~A Última Constelação~volume:4~FISICO~qtd:2~data:2025-10-13 || 93~Crônicas do Tempo~Os Dias Invertidos~volume:3~FISICO~qtd:2~data:2025-11-28 || 63~Serra Dourada~Os Guardiões do Horizonte~volume:4~FISICO~qtd:3~data:2026-01-02 || 35~Ilhas Errantes~Memórias do Rio Claro~volume:2~FISICO~qtd:1~data:2026-04-21
831,Gabriela Oliveira Gomes,50,CPF,700.000.831-87,3~As Torres de Âmbar~O Vale das Lanternas~volume:2~FISICO~qtd:1~data:2024-01-09 || 48~Jardins Secretos~A Canção dos Pinheiros~volume:4~DIGITAL~qtd:2~data:2024-06-24 || 54~Viajantes de Papel~A Estrada de Cristal~volume:3~DIGITAL~qtd:1~data:2025-01-22 || 92~Crônicas do Tempo~A Hora Esquecida~volume:2~DIGITAL~qtd:1~data:2025-02-09 || 36~Ilhas Errantes~Memórias do Rio Claro~volume:2~DIGITAL~qtd:2~data:2025-06-28 || 69~Cidades de Sal~O Mercado das Sombras~volume:3~FISICO~qtd:3~data:2025-08-16 || 47~Jardins Secretos~A Canção dos Pinheiros~volume:4~FISICO~qtd:3~data:2025-09-26 || 93~Crônicas do Tempo~Os Dias Invertidos~volume:3~FISICO~qtd:1~data:2026-01-08 || 44~Jardins Secretos~As Pontes de Aurora~volume:2~DIGITAL~qtd:2~data:2026-01-25 || 58~Serra Dourada~Crônicas da Serra Dourada~volume:1~DIGITAL~qtd:1~data:2026-05-01
USR-000832,Alice Moreira Oliveira,60 anos,RG,99.000.832-7,6~As Torres de Âmbar~A Torre do Amanhecer~volume:3~DIGITAL~qtd:3~data:2024-12-24 || 4~As Torres de Âmbar~O Vale das Lanternas~volume:2~DIGITAL~qtd:2~data:2025-01-15 || 28~Estações~O Caderno de Inverno~volume:2~DIGITAL~qtd:2~data:2025-03-13 || 40~Ilhas Errantes~A Travessia das Flores~volume:4~DIGITAL~qtd:3~data:2025-04-30 || 50~Viajantes de Papel~O Viajante de Papel~volume:1~DIGITAL~qtd:3~data:2025-05-28 || 10~Marés do Norte~O Jardim das Marés~volume:1~DIGITAL~qtd:3~data:2025-07-13 || 34~Ilhas Errantes~A Ilha dos Ventos~volume:1~DIGITAL~qtd:2~data:2025-11-08 || 45~Jardins Secretos~A Casa das Sete Janelas~volume:3~FISICO~qtd:3~data:2026-03-19
USR-000833,débora cardoso dias,63,CPF,700.000.833-49,84~Luzes do Sul~A Estrada do Sul~volume:2~DIGITAL~qtd:2~data:2024-01-25 || 73~Reinos do Bosque~A Semente de Prata~volume:1~FISICO~qtd:2~data:2024-04-25 || 91~Crônicas do Tempo~A Hora Esquecida~volume:2~FISICO~qtd:3~data:2025-09-09 || 57~Serra Dourada~Crônicas da Serra Dourada~volume:1~FISICO~qtd:3~data:2026-09-11
834,Teresa Cardoso Lima,53,rg,99.000.834-1,43~Jardins Secretos~As Pontes de Aurora~volume:2~FISICO~qtd:2~data:2024-05-20 || 42~Jardins Secretos~O Segredo das Acácias~volume:1~DIGITAL~qtd:3~data:2024-07-13 || 79~Reinos do Bosque~O Guardião das Raízes~volume:4~FISICO~qtd:1~data:2025-04-11 || 78~Reinos do Bosque~A Coroa de Folhas~volume:3~DIGITAL~qtd:2~data:2026-03-30 || 53~Viajantes de Papel~A Estrada de Cristal~volume:3~FISICO~qtd:2~data:2026-04-07
USR-000835,Carla Almeida Nunes,19,CPF,700.000.835-01,68~Cidades de Sal~O Relógio da Praça~volume:2~DIGITAL~qtd:2~data:2024-05-15 || 47~Jardins Secretos~A Canção dos Pinheiros~volume:4~FISICO~qtd:1~data:2024-12-03 || 22~Arquivos do Céu~O Palácio dos Ventos~volume:3~DIGITAL~qtd:3~data:2025-04-13 || 1~As Torres de Âmbar~A Chave de Âmbar~volume:1~FISICO~qtd:2~data:2025-07-27 || 70~Cidades de Sal~O Mercado das Sombras~volume:3~DIGITAL~qtd:1~data:2025-10-24 || 4~As Torres de Âmbar~O Vale das Lanternas~volume:2~DIGITAL~qtd:2~data:2025-12-23 || 61~Serra Dourada~Horizontes de Cobre~volume:3~FISICO~qtd:2~data:2026-05-13 || 88~Luzes do Sul~Depois do Horizonte~volume:4~DIGITAL~qtd:1~data:2026-05-21 || 55~Viajantes de Papel~Os Dias do Cometa~volume:4~FISICO~qtd:2~data:2026-09-22
USR-000836,Lucas Nunes Lima,32 anos,RG,99.000.836-5,80~Reinos do Bosque~O Guardião das Raízes~volume:4~DIGITAL~qtd:2~data:2024-03-14 || 28~Estações~O Caderno de Inverno~volume:2~DIGITAL~qtd:1~data:2025-03-26 || 11~Marés do Norte~Cartas da Cidade Azul~volume:2~FISICO~qtd:3~data:2025-03-27 || 88~Luzes do Sul~Depois do Horizonte~volume:4~DIGITAL~qtd:1~data:2025-05-18 || 20~Arquivos do Céu~O Mapa de Vidro~volume:2~DIGITAL~qtd:1~data:2025-08-05 || 4~As Torres de Âmbar~O Vale das Lanternas~volume:2~DIGITAL~qtd:2~data:2025-11-30 || 94~Crônicas do Tempo~Os Dias Invertidos~volume:3~DIGITAL~qtd:2~data:2026-08-23
837,Vitor Vieira Souza,66,CPF,700.000.837-72,62~Serra Dourada~Horizontes de Cobre~volume:3~DIGITAL~qtd:2~data:2024-10-14
USR-000838,Bruno Almeida Ferreira,54,RG,99.000.838-9,88~Luzes do Sul~Depois do Horizonte~volume:4~DIGITAL~qtd:3~data:2024-04-10 || 26~Estações~Caminhos de Outono~volume:1~DIGITAL~qtd:2~data:2024-09-14
USR-000839,Lucas Dias Gomes,37,CPF,700.000.839-34,51~Viajantes de Papel~O Trem das Estrelas~volume:2~FISICO~qtd:1~data:2024-02-18 || 34~Ilhas Errantes~A Ilha dos Ventos~volume:1~DIGITAL~qtd:3~data:2024-02-23 || 50~Viajantes de Papel~O Viajante de Papel~volume:1~DIGITAL~qtd:1~data:2024-05-20 || 42~Jardins Secretos~O Segredo das Acácias~volume:1~DIGITAL~qtd:2~data:2024-06-08 || 83~Luzes do Sul~A Estrada do Sul~volume:2~FISICO~qtd:3~data:2024-08-10 || 22~Arquivos do Céu~O Palácio dos Ventos~volume:3~DIGITAL~qtd:2~data:2024-10-26 || 13~Marés do Norte~O Último Faroleiro~volume:3~FISICO~qtd:2~data:2025-01-09 || 7~As Torres de Âmbar~O Reino de Cinzas~volume:4~FISICO~qtd:2~data:2025-03-27 || 77~Reinos do Bosque~A Coroa de Folhas~volume:3~FISICO~qtd:2~data:2025-08-05 || 10~Marés do Norte~O Jardim das Marés~volume:1~DIGITAL~qtd:1~data:2026-08-17
840,  NUNO MARTINS MOREIRA  ,83 anos,rg,99.000.840-3,86~Luzes do Sul~O Farol de Cristal~volume:3~DIGITAL~qtd:3~data:2024-04-17 || 20~Arquivos do Céu~O Mapa de Vidro~volume:2~DIGITAL~qtd:1~data:2024-09-04 || 91~Crônicas do Tempo~A Hora Esquecida~volume:2~FISICO~qtd:1~data:2024-09-13 || 31~Estações~A Última Página do Verão~volume:4~FISICO~qtd:3~data:2026-02-07 || 49~Viajantes de Papel~O Viajante de Papel~volume:1~FISICO~qtd:3~data:2026-02-16 || 6~As Torres de Âmbar~A Torre do Amanhecer~volume:3~DIGITAL~qtd:1~data:2026-03-25
USR-000841,Elisa Santos Rocha,30,CPF,700.000.841-59,17~Arquivos do Céu~A Biblioteca das Nuvens~volume:1~FISICO~qtd:3~data:2024-04-01 || 48~Jardins Secretos~A Canção dos Pinheiros~volume:4~DIGITAL~qtd:1~data:2024-05-30 || 57~Serra Dourada~Crônicas da Serra Dourada~volume:1~FISICO~qtd:1~data:2024-12-27 || 4~As Torres de Âmbar~O Vale das Lanternas~volume:2~DIGITAL~qtd:3~data:2026-02-02 || 80~Reinos do Bosque~O Guardião das Raízes~volume:4~DIGITAL~qtd:3~data:2026-08-06
USR-000842,Carla Gomes Dias,26,RG,99.000.842-7,30~Estações~O Retrato da Primavera~volume:3~DIGITAL~qtd:3~data:2024-02-27 || 6~As Torres de Âmbar~A Torre do Amanhecer~volume:3~DIGITAL~qtd:3~data:2024-12-05 || 80~Reinos do Bosque~O Guardião das Raízes~volume:4~DIGITAL~qtd:1~data:2025-02-25 || 79~Reinos do Bosque~O Guardião das Raízes~volume:4~FISICO~qtd:3~data:2025-05-25 || 45~Jardins Secretos~A Casa das Sete Janelas~volume:3~FISICO~qtd:1~data:2025-08-11 || 48~Jardins Secretos~A Canção dos Pinheiros~volume:4~DIGITAL~qtd:2~data:2025-11-13 || 24~Arquivos do Céu~A Última Constelação~volume:4~DIGITAL~qtd:3~data:2025-11-27 || 57~Serra Dourada~Crônicas da Serra Dourada~volume:1~FISICO~qtd:2~data:2026-05-27
843,Felipe Gomes Gomes,62,CPF,700.000.843-11,70~Cidades de Sal~O Mercado das Sombras~volume:3~DIGITAL~qtd:1~data:2024-01-22 || 54~Viajantes de Papel~A Estrada de Cristal~volume:3~DIGITAL~qtd:1~data:2024-01-23 || 8~As Torres de Âmbar~O Reino de Cinzas~volume:4~DIGITAL~qtd:1~data:2025-05-20 || 3~As Torres de Âmbar~O Vale das Lanternas~volume:2~FISICO~qtd:2~data:2025-06-28 || 77~Reinos do Bosque~A Coroa de Folhas~volume:3~FISICO~qtd:1~data:2026-03-11 || 11~Marés do Norte~Cartas da Cidade Azul~volume:2~FISICO~qtd:1~data:2026-05-31 || 83~Luzes do Sul~A Estrada do Sul~volume:2~FISICO~qtd:2~data:2026-09-26
USR-000844,Alice Barbosa Vieira,26 anos,RG,99.000.844-1,67~Cidades de Sal~O Relógio da Praça~volume:2~FISICO~qtd:1~data:2025-09-22 || 17~Arquivos do Céu~A Biblioteca das Nuvens~volume:1~FISICO~qtd:3~data:2026-02-01
USR-000845,Vitor Ribeiro Barbosa,38,CPF,700.000.845-82,22~Arquivos do Céu~O Palácio dos Ventos~volume:3~DIGITAL~qtd:2~data:2024-05-21 || 96~Crônicas do Tempo~O Último Minuto~volume:4~DIGITAL~qtd:1~data:2024-06-12 || 51~Viajantes de Papel~O Trem das Estrelas~volume:2~FISICO~qtd:2~data:2024-11-22 || 81~Luzes do Sul~A Primeira Luz~volume:1~FISICO~qtd:3~data:2024-12-15 || 70~Cidades de Sal~O Mercado das Sombras~volume:3~DIGITAL~qtd:1~data:2025-01-09 || 83~Luzes do Sul~A Estrada do Sul~volume:2~FISICO~qtd:1~data:2025-03-09 || 14~Marés do Norte~O Último Faroleiro~volume:3~DIGITAL~qtd:1~data:2025-04-19 || 2~As Torres de Âmbar~A Chave de Âmbar~volume:1~DIGITAL~qtd:3~data:2025-11-09 || 17~Arquivos do Céu~A Biblioteca das Nuvens~volume:1~FISICO~qtd:2~data:2025-12-28 || 95~Crônicas do Tempo~O Último Minuto~volume:4~FISICO~qtd:1~data:2026-02-16
846,Alice Vieira Cardoso,69,rg,99.000.846-5,56~Viajantes de Papel~Os Dias do Cometa~volume:4~DIGITAL~qtd:1~data:2024-05-30 || 91~Crônicas do Tempo~A Hora Esquecida~volume:2~FISICO~qtd:3~data:2025-10-05 || 62~Serra Dourada~Horizontes de Cobre~volume:3~DIGITAL~qtd:2~data:2026-09-13
USR-000847,joão gomes vieira,64,CPF,700.000.847-44,68~Cidades de Sal~O Relógio da Praça~volume:2~DIGITAL~qtd:3~data:2024-12-21 || 65~Cidades de Sal~O Labirinto de Sal~volume:1~FISICO~qtd:3~data:2025-10-06 || 18~Arquivos do Céu~A Biblioteca das Nuvens~volume:1~DIGITAL~qtd:3~data:2025-12-20
USR-000848,Pedro Souza Mendes,38 anos,RG,99.000.848-9,42~Jardins Secretos~O Segredo das Acácias~volume:1~DIGITAL~qtd:3~data:2024-03-18 || 59~Serra Dourada~A Oficina dos Sonhos~volume:2~FISICO~qtd:3~data:2024-08-22 || 31~Estações~A Última Página do Verão~volume:4~FISICO~qtd:2~data:2024-09-08 || 76~Reinos do Bosque~O Bosque Adormecido~volume:2~DIGITAL~qtd:3~data:2024-12-02 || 61~Serra Dourada~Horizontes de Cobre~volume:3~FISICO~qtd:3~data:2025-01-15 || 1~As Torres de Âmbar~A Chave de Âmbar~volume:1~FISICO~qtd:1~data:2025-06-01 || 14~Marés do Norte~O Último Faroleiro~volume:3~DIGITAL~qtd:2~data:2026-03-16 || 65~Cidades de Sal~O Labirinto de Sal~volume:1~FISICO~qtd:3~data:2026-07-12 || 84~Luzes do Sul~A Estrada do Sul~volume:2~DIGITAL~qtd:1~data:2026-08-18 || 47~Jardins Secretos~A Canção dos Pinheiros~volume:4~FISICO~qtd:1~data:2026-09-21
849,João Santos Teixeira,47,CPF,700.000.849-06,75~Reinos do Bosque~O Bosque Adormecido~volume:2~FISICO~qtd:2~data:2024-03-10 || 4~As Torres de Âmbar~O Vale das Lanternas~volume:2~DIGITAL~qtd:1~data:2025-03-02 || 8~As Torres de Âmbar~O Reino de Cinzas~volume:4~DIGITAL~qtd:1~data:2025-12-28 || 2~As Torres de Âmbar~A Chave de Âmbar~volume:1~DIGITAL~qtd:2~data:2026-01-11 || 92~Crônicas do Tempo~A Hora Esquecida~volume:2~DIGITAL~qtd:1~data:2026-01-22 || 27~Estações~O Caderno de Inverno~volume:2~FISICO~qtd:2~data:2026-02-17 || 45~Jardins Secretos~A Casa das Sete Janelas~volume:3~FISICO~qtd:2~data:2026-04-26 || 88~Luzes do Sul~Depois do Horizonte~volume:4~DIGITAL~qtd:2~data:2026-05-10
USR-000850,  CARLA TEIXEIRA TEIXEIRA  ,19,RG,99.000.850-3,3~As Torres de Âmbar~O Vale das Lanternas~volume:2~FISICO~qtd:3~data:2024-03-15
USR-000851,Bruno Rocha Cardoso,21,CPF,700.000.851-21,46~Jardins Secretos~A Casa das Sete Janelas~volume:3~DIGITAL~qtd:2~data:2024-03-24 || 32~Estações~A Última Página do Verão~volume:4~DIGITAL~qtd:2~data:2025-03-13 || 36~Ilhas Errantes~Memórias do Rio Claro~volume:2~DIGITAL~qtd:3~data:2025-07-04 || 75~Reinos do Bosque~O Bosque Adormecido~volume:2~FISICO~qtd:3~data:2025-07-11 || 77~Reinos do Bosque~A Coroa de Folhas~volume:3~FISICO~qtd:1~data:2025-07-29 || 27~Estações~O Caderno de Inverno~volume:2~FISICO~qtd:1~data:2025-11-27 || 71~Cidades de Sal~A Cidade sem Portas~volume:4~FISICO~qtd:2~data:2026-07-02 || 55~Viajantes de Papel~Os Dias do Cometa~volume:4~FISICO~qtd:3~data:2026-07-13
852,Hugo Barbosa Ribeiro,57 anos,rg,99.000.852-7,29~Estações~O Retrato da Primavera~volume:3~FISICO~qtd:3~data:2024-01-09 || 71~Cidades de Sal~A Cidade sem Portas~volume:4~FISICO~qtd:3~data:2024-03-15 || 12~Marés do Norte~Cartas da Cidade Azul~volume:2~DIGITAL~qtd:2~data:2024-07-26 || 55~Viajantes de Papel~Os Dias do Cometa~volume:4~FISICO~qtd:2~data:2024-08-11 || 39~Ilhas Errantes~A Travessia das Flores~volume:4~FISICO~qtd:1~data:2024-12-06 || 82~Luzes do Sul~A Primeira Luz~volume:1~DIGITAL~qtd:1~data:2025-12-17 || 51~Viajantes de Papel~O Trem das Estrelas~volume:2~FISICO~qtd:1~data:2026-01-06 || 60~Serra Dourada~A Oficina dos Sonhos~volume:2~DIGITAL~qtd:3~data:2026-09-05
USR-000853,Felipe Rocha Dias,72,CPF,700.000.853-92,84~Luzes do Sul~A Estrada do Sul~volume:2~DIGITAL~qtd:3~data:2024-02-25 || 51~Viajantes de Papel~O Trem das Estrelas~volume:2~FISICO~qtd:3~data:2024-03-20 || 46~Jardins Secretos~A Casa das Sete Janelas~volume:3~DIGITAL~qtd:3~data:2024-09-26 || 11~Marés do Norte~Cartas da Cidade Azul~volume:2~FISICO~qtd:1~data:2024-11-08 || 26~Estações~Caminhos de Outono~volume:1~DIGITAL~qtd:3~data:2025-04-06 || 18~Arquivos do Céu~A Biblioteca das Nuvens~volume:1~DIGITAL~qtd:3~data:2025-10-05 || 23~Arquivos do Céu~A Última Constelação~volume:4~FISICO~qtd:2~data:2025-12-18 || 56~Viajantes de Papel~Os Dias do Cometa~volume:4~DIGITAL~qtd:1~data:2026-01-25
USR-000854,bruno lima ribeiro,21,RG,99.000.854-1,15~Marés do Norte~A Ilha Submersa~volume:4~FISICO~qtd:3~data:2025-11-15
855,Carla Dias Lima,68,CPF,700.000.855-54,94~Crônicas do Tempo~Os Dias Invertidos~volume:3~DIGITAL~qtd:1~data:2024-03-15 || 64~Serra Dourada~Os Guardiões do Horizonte~volume:4~DIGITAL~qtd:2~data:2024-03-19 || 20~Arquivos do Céu~O Mapa de Vidro~volume:2~DIGITAL~qtd:3~data:2024-11-06 || 78~Reinos do Bosque~A Coroa de Folhas~volume:3~DIGITAL~qtd:3~data:2024-11-29 || 93~Crônicas do Tempo~Os Dias Invertidos~volume:3~FISICO~qtd:3~data:2025-06-06 || 8~As Torres de Âmbar~O Reino de Cinzas~volume:4~DIGITAL~qtd:2~data:2025-09-23 || 3~As Torres de Âmbar~O Vale das Lanternas~volume:2~FISICO~qtd:2~data:2026-01-04 || 59~Serra Dourada~A Oficina dos Sonhos~volume:2~FISICO~qtd:3~data:2026-02-01
USR-000856,Olívia Souza Gomes,47 anos,RG,99.000.856-5,2~As Torres de Âmbar~A Chave de Âmbar~volume:1~DIGITAL~qtd:2~data:2024-04-28 || 41~Jardins Secretos~O Segredo das Acácias~volume:1~FISICO~qtd:2~data:2024-05-14 || 84~Luzes do Sul~A Estrada do Sul~volume:2~DIGITAL~qtd:2~data:2024-08-15 || 88~Luzes do Sul~Depois do Horizonte~volume:4~DIGITAL~qtd:2~data:2025-08-04 || 76~Reinos do Bosque~O Bosque Adormecido~volume:2~DIGITAL~qtd:3~data:2025-08-16 || 16~Marés do Norte~A Ilha Submersa~volume:4~DIGITAL~qtd:1~data:2025-11-05 || 15~Marés do Norte~A Ilha Submersa~volume:4~FISICO~qtd:2~data:2026-02-10 || 51~Viajantes de Papel~O Trem das Estrelas~volume:2~FISICO~qtd:1~data:2026-06-26 || 56~Viajantes de Papel~Os Dias do Cometa~volume:4~DIGITAL~qtd:2~data:2026-07-06
USR-000857,Bruno Ribeiro Rocha,80,CPF,700.000.857-16,79~Reinos do Bosque~O Guardião das Raízes~volume:4~FISICO~qtd:1~data:2024-03-21 || 47~Jardins Secretos~A Canção dos Pinheiros~volume:4~FISICO~qtd:3~data:2024-06-25 || 41~Jardins Secretos~O Segredo das Acácias~volume:1~FISICO~qtd:1~data:2026-04-30 || 3~As Torres de Âmbar~O Vale das Lanternas~volume:2~FISICO~qtd:2~data:2026-05-02 || 54~Viajantes de Papel~A Estrada de Cristal~volume:3~DIGITAL~qtd:3~data:2026-08-11
858,Caio Cardoso Rocha,49,rg,99.000.858-9,64~Serra Dourada~Os Guardiões do Horizonte~volume:4~DIGITAL~qtd:3~data:2024-02-27 || 63~Serra Dourada~Os Guardiões do Horizonte~volume:4~FISICO~qtd:1~data:2024-10-22 || 44~Jardins Secretos~As Pontes de Aurora~volume:2~DIGITAL~qtd:2~data:2025-01-05 || 10~Marés do Norte~O Jardim das Marés~volume:1~DIGITAL~qtd:2~data:2025-07-10 || 43~Jardins Secretos~As Pontes de Aurora~volume:2~FISICO~qtd:3~data:2026-08-24
USR-000859,Pedro Almeida Rocha,60,CPF,700.000.859-88,79~Reinos do Bosque~O Guardião das Raízes~volume:4~FISICO~qtd:2~data:2026-01-15
USR-000860,  BRUNO OLIVEIRA CARDOSO  ,52 anos,RG,99.000.860-3,64~Serra Dourada~Os Guardiões do Horizonte~volume:4~DIGITAL~qtd:3~data:2025-10-09
861,eduardo vieira esteves,32,CPF,700.000.861-01,25~Estações~Caminhos de Outono~volume:1~FISICO~qtd:1~data:2024-01-13 || 42~Jardins Secretos~O Segredo das Acácias~volume:1~DIGITAL~qtd:1~data:2024-07-28 || 92~Crônicas do Tempo~A Hora Esquecida~volume:2~DIGITAL~qtd:1~data:2024-10-11 || 89~Crônicas do Tempo~O Relógio Partido~volume:1~FISICO~qtd:2~data:2025-03-27 || 15~Marés do Norte~A Ilha Submersa~volume:4~FISICO~qtd:1~data:2025-05-31 || 54~Viajantes de Papel~A Estrada de Cristal~volume:3~DIGITAL~qtd:1~data:2026-02-12 || 29~Estações~O Retrato da Primavera~volume:3~FISICO~qtd:2~data:2026-06-01 || 19~Arquivos do Céu~O Mapa de Vidro~volume:2~FISICO~qtd:2~data:2026-06-04 || 85~Luzes do Sul~O Farol de Cristal~volume:3~FISICO~qtd:3~data:2026-08-07 || 67~Cidades de Sal~O Relógio da Praça~volume:2~FISICO~qtd:2~data:2026-09-03
USR-000862,Caio Pereira Pereira,32,RG,99.000.862-7,20~Arquivos do Céu~O Mapa de Vidro~volume:2~DIGITAL~qtd:2~data:2024-01-29 || 7~As Torres de Âmbar~O Reino de Cinzas~volume:4~FISICO~qtd:1~data:2024-02-29 || 84~Luzes do Sul~A Estrada do Sul~volume:2~DIGITAL~qtd:3~data:2024-06-04 || 19~Arquivos do Céu~O Mapa de Vidro~volume:2~FISICO~qtd:3~data:2024-12-21 || 54~Viajantes de Papel~A Estrada de Cristal~volume:3~DIGITAL~qtd:1~data:2024-12-27 || 1~As Torres de Âmbar~A Chave de Âmbar~volume:1~FISICO~qtd:3~data:2025-04-09 || 23~Arquivos do Céu~A Última Constelação~volume:4~FISICO~qtd:1~data:2025-07-28 || 27~Estações~O Caderno de Inverno~volume:2~FISICO~qtd:2~data:2025-10-30 || 41~Jardins Secretos~O Segredo das Acácias~volume:1~FISICO~qtd:1~data:2026-01-05 || 34~Ilhas Errantes~A Ilha dos Ventos~volume:1~DIGITAL~qtd:1~data:2026-01-28
USR-000863,Daniel Teixeira Martins,80,CPF,700.000.863-64,14~Marés do Norte~O Último Faroleiro~volume:3~DIGITAL~qtd:2~data:2024-01-19 || 82~Luzes do Sul~A Primeira Luz~volume:1~DIGITAL~qtd:1~data:2024-02-20 || 45~Jardins Secretos~A Casa das Sete Janelas~volume:3~FISICO~qtd:1~data:2024-10-07 || 12~Marés do Norte~Cartas da Cidade Azul~volume:2~DIGITAL~qtd:3~data:2024-11-22 || 51~Viajantes de Papel~O Trem das Estrelas~volume:2~FISICO~qtd:2~data:2025-06-29 || 73~Reinos do Bosque~A Semente de Prata~volume:1~FISICO~qtd:1~data:2025-09-24 || 1~As Torres de Âmbar~A Chave de Âmbar~volume:1~FISICO~qtd:3~data:2025-11-29
864,Rafaela Vieira Costa,79 anos,rg,99.000.864-1,74~Reinos do Bosque~A Semente de Prata~volume:1~DIGITAL~qtd:1~data:2024-11-11 || 86~Luzes do Sul~O Farol de Cristal~volume:3~DIGITAL~qtd:3~data:2025-01-06 || 58~Serra Dourada~Crônicas da Serra Dourada~volume:1~DIGITAL~qtd:3~data:2026-04-09 || 60~Serra Dourada~A Oficina dos Sonhos~volume:2~DIGITAL~qtd:2~data:2026-04-09 || 11~Marés do Norte~Cartas da Cidade Azul~volume:2~FISICO~qtd:1~data:2026-04-20 || 5~As Torres de Âmbar~A Torre do Amanhecer~volume:3~FISICO~qtd:3~data:2026-05-25 || 4~As Torres de Âmbar~O Vale das Lanternas~volume:2~DIGITAL~qtd:3~data:2026-07-16
USR-000865,Felipe Almeida Martins,62,CPF,700.000.865-26,39~Ilhas Errantes~A Travessia das Flores~volume:4~FISICO~qtd:1~data:2024-10-09 || 66~Cidades de Sal~O Labirinto de Sal~volume:1~DIGITAL~qtd:3~data:2024-11-14 || 14~Marés do Norte~O Último Faroleiro~volume:3~DIGITAL~qtd:1~data:2025-03-04 || 18~Arquivos do Céu~A Biblioteca das Nuvens~volume:1~DIGITAL~qtd:3~data:2025-05-20
USR-000866,Rafaela Santos Esteves,43,RG,99.000.866-5,1~As Torres de Âmbar~A Chave de Âmbar~volume:1~FISICO~qtd:3~data:2024-05-23 || 34~Ilhas Errantes~A Ilha dos Ventos~volume:1~DIGITAL~qtd:1~data:2025-05-08 || 43~Jardins Secretos~As Pontes de Aurora~volume:2~FISICO~qtd:3~data:2025-08-18 || 17~Arquivos do Céu~A Biblioteca das Nuvens~volume:1~FISICO~qtd:3~data:2025-09-13 || 20~Arquivos do Céu~O Mapa de Vidro~volume:2~DIGITAL~qtd:1~data:2025-11-21 || 93~Crônicas do Tempo~Os Dias Invertidos~volume:3~FISICO~qtd:3~data:2026-02-05 || 51~Viajantes de Papel~O Trem das Estrelas~volume:2~FISICO~qtd:3~data:2026-06-06
867,Isabela Moreira Teixeira,27,CPF,700.000.867-98,35~Ilhas Errantes~Memórias do Rio Claro~volume:2~FISICO~qtd:3~data:2024-01-30 || 41~Jardins Secretos~O Segredo das Acácias~volume:1~FISICO~qtd:3~data:2024-03-21 || 75~Reinos do Bosque~O Bosque Adormecido~volume:2~FISICO~qtd:2~data:2025-10-16 || 59~Serra Dourada~A Oficina dos Sonhos~volume:2~FISICO~qtd:1~data:2025-12-23 || 60~Serra Dourada~A Oficina dos Sonhos~volume:2~DIGITAL~qtd:2~data:2026-01-03 || 61~Serra Dourada~Horizontes de Cobre~volume:3~FISICO~qtd:1~data:2026-04-20 || 51~Viajantes de Papel~O Trem das Estrelas~volume:2~FISICO~qtd:1~data:2026-07-01
USR-000868,karina cardoso rocha,85 anos,RG,99.000.868-9,10~Marés do Norte~O Jardim das Marés~volume:1~DIGITAL~qtd:1~data:2024-05-17 || 30~Estações~O Retrato da Primavera~volume:3~DIGITAL~qtd:3~data:2024-10-23 || 74~Reinos do Bosque~A Semente de Prata~volume:1~DIGITAL~qtd:2~data:2025-06-08 || 67~Cidades de Sal~O Relógio da Praça~volume:2~FISICO~qtd:2~data:2025-06-19 || 22~Arquivos do Céu~O Palácio dos Ventos~volume:3~DIGITAL~qtd:2~data:2025-12-26 || 5~As Torres de Âmbar~A Torre do Amanhecer~volume:3~FISICO~qtd:1~data:2026-07-12 || 73~Reinos do Bosque~A Semente de Prata~volume:1~FISICO~qtd:3~data:2026-09-23
USR-000869,Caio Almeida Mendes,32,CPF,700.000.869-50,53~Viajantes de Papel~A Estrada de Cristal~volume:3~FISICO~qtd:3~data:2024-09-14 || 33~Ilhas Errantes~A Ilha dos Ventos~volume:1~FISICO~qtd:1~data:2025-03-31
870,  ALICE LIMA VIEIRA  ,20,rg,99.000.870-3,15~Marés do Norte~A Ilha Submersa~volume:4~FISICO~qtd:3~data:2024-08-01 || 83~Luzes do Sul~A Estrada do Sul~volume:2~FISICO~qtd:2~data:2025-09-07 || 62~Serra Dourada~Horizontes de Cobre~volume:3~DIGITAL~qtd:1~data:2025-10-18
USR-000871,Marina Almeida Vieira,85,CPF,700.000.871-74,45~Jardins Secretos~A Casa das Sete Janelas~volume:3~FISICO~qtd:1~data:2024-03-13 || 67~Cidades de Sal~O Relógio da Praça~volume:2~FISICO~qtd:3~data:2024-07-03 || 92~Crônicas do Tempo~A Hora Esquecida~volume:2~DIGITAL~qtd:1~data:2024-11-17 || 13~Marés do Norte~O Último Faroleiro~volume:3~FISICO~qtd:1~data:2025-10-23 || 52~Viajantes de Papel~O Trem das Estrelas~volume:2~DIGITAL~qtd:3~data:2026-02-27 || 26~Estações~Caminhos de Outono~volume:1~DIGITAL~qtd:1~data:2026-09-01 || 72~Cidades de Sal~A Cidade sem Portas~volume:4~DIGITAL~qtd:1~data:2026-09-26
USR-000872,Vitor Cardoso Moreira,46 anos,RG,99.000.872-7,24~Arquivos do Céu~A Última Constelação~volume:4~DIGITAL~qtd:2~data:2024-12-14
873,Teresa Moreira Barbosa,85,CPF,700.000.873-36,50~Viajantes de Papel~O Viajante de Papel~volume:1~DIGITAL~qtd:3~data:2024-02-25 || 56~Viajantes de Papel~Os Dias do Cometa~volume:4~DIGITAL~qtd:2~data:2024-08-26 || 78~Reinos do Bosque~A Coroa de Folhas~volume:3~DIGITAL~qtd:3~data:2025-02-06 || 43~Jardins Secretos~As Pontes de Aurora~volume:2~FISICO~qtd:1~data:2026-04-15
USR-000874,Hugo Moreira Ferreira,84,RG,99.000.874-1,42~Jardins Secretos~O Segredo das Acácias~volume:1~DIGITAL~qtd:1~data:2024-04-21 || 57~Serra Dourada~Crônicas da Serra Dourada~volume:1~FISICO~qtd:2~data:2024-05-10 || 37~Ilhas Errantes~O Porto das Histórias~volume:3~FISICO~qtd:3~data:2024-10-08 || 2~As Torres de Âmbar~A Chave de Âmbar~volume:1~DIGITAL~qtd:3~data:2025-01-18 || 94~Crônicas do Tempo~Os Dias Invertidos~volume:3~DIGITAL~qtd:2~data:2025-03-24 || 64~Serra Dourada~Os Guardiões do Horizonte~volume:4~DIGITAL~qtd:2~data:2025-11-19
USR-000875,lucas ferreira oliveira,67,CPF,700.000.875-06,2~As Torres de Âmbar~A Chave de Âmbar~volume:1~DIGITAL~qtd:2~data:2024-03-24 || 44~Jardins Secretos~As Pontes de Aurora~volume:2~DIGITAL~qtd:2~data:2024-04-04 || 4~As Torres de Âmbar~O Vale das Lanternas~volume:2~DIGITAL~qtd:2~data:2024-05-04 || 93~Crônicas do Tempo~Os Dias Invertidos~volume:3~FISICO~qtd:3~data:2024-08-07 || 84~Luzes do Sul~A Estrada do Sul~volume:2~DIGITAL~qtd:3~data:2024-12-17 || 67~Cidades de Sal~O Relógio da Praça~volume:2~FISICO~qtd:2~data:2025-04-15 || 50~Viajantes de Papel~O Viajante de Papel~volume:1~DIGITAL~qtd:3~data:2025-07-01 || 83~Luzes do Sul~A Estrada do Sul~volume:2~FISICO~qtd:3~data:2026-08-06
876,Eduardo Nunes Ribeiro,44 anos,rg,99.000.876-5,32~Estações~A Última Página do Verão~volume:4~DIGITAL~qtd:3~data:2024-03-30 || 17~Arquivos do Céu~A Biblioteca das Nuvens~volume:1~FISICO~qtd:3~data:2024-04-19 || 48~Jardins Secretos~A Canção dos Pinheiros~volume:4~DIGITAL~qtd:2~data:2024-06-24 || 4~As Torres de Âmbar~O Vale das Lanternas~volume:2~DIGITAL~qtd:3~data:2025-05-23 || 47~Jardins Secretos~A Canção dos Pinheiros~volume:4~FISICO~qtd:2~data:2025-06-06 || 84~Luzes do Sul~A Estrada do Sul~volume:2~DIGITAL~qtd:3~data:2025-06-19 || 83~Luzes do Sul~A Estrada do Sul~volume:2~FISICO~qtd:2~data:2025-08-29 || 68~Cidades de Sal~O Relógio da Praça~volume:2~DIGITAL~qtd:1~data:2025-09-10 || 53~Viajantes de Papel~A Estrada de Cristal~volume:3~FISICO~qtd:3~data:2026-04-29
USR-000877,Isabela Mendes Mendes,85,CPF,700.000.877-60,15~Marés do Norte~A Ilha Submersa~volume:4~FISICO~qtd:3~data:2024-04-09 || 21~Arquivos do Céu~O Palácio dos Ventos~volume:3~FISICO~qtd:2~data:2024-09-26 || 35~Ilhas Errantes~Memórias do Rio Claro~volume:2~FISICO~qtd:1~data:2025-02-12 || 65~Cidades de Sal~O Labirinto de Sal~volume:1~FISICO~qtd:1~data:2025-06-30 || 13~Marés do Norte~O Último Faroleiro~volume:3~FISICO~qtd:2~data:2025-10-31 || 87~Luzes do Sul~Depois do Horizonte~volume:4~FISICO~qtd:2~data:2026-04-09 || 63~Serra Dourada~Os Guardiões do Horizonte~volume:4~FISICO~qtd:3~data:2026-06-21 || 46~Jardins Secretos~A Casa das Sete Janelas~volume:3~DIGITAL~qtd:1~data:2026-08-24 || 44~Jardins Secretos~As Pontes de Aurora~volume:2~DIGITAL~qtd:2~data:2026-09-16
USR-000878,Alice Santos Costa,42,RG,99.000.878-9,13~Marés do Norte~O Último Faroleiro~volume:3~FISICO~qtd:2~data:2026-05-25
879,Lucas Nunes Pereira,69,CPF,700.000.879-21,92~Crônicas do Tempo~A Hora Esquecida~volume:2~DIGITAL~qtd:2~data:2024-05-22 || 76~Reinos do Bosque~O Bosque Adormecido~volume:2~DIGITAL~qtd:3~data:2024-07-01 || 3~As Torres de Âmbar~O Vale das Lanternas~volume:2~FISICO~qtd:1~data:2025-11-16 || 1~As Torres de Âmbar~A Chave de Âmbar~volume:1~FISICO~qtd:3~data:2026-03-23 || 4~As Torres de Âmbar~O Vale das Lanternas~volume:2~DIGITAL~qtd:1~data:2026-06-19 || 87~Luzes do Sul~Depois do Horizonte~volume:4~FISICO~qtd:1~data:2026-07-16
USR-000880,  SAMUEL DIAS SOUZA  ,63 anos,RG,99.000.880-3,5~As Torres de Âmbar~A Torre do Amanhecer~volume:3~FISICO~qtd:2~data:2024-08-16 || 28~Estações~O Caderno de Inverno~volume:2~DIGITAL~qtd:2~data:2024-08-28 || 32~Estações~A Última Página do Verão~volume:4~DIGITAL~qtd:1~data:2025-04-12 || 7~As Torres de Âmbar~O Reino de Cinzas~volume:4~FISICO~qtd:1~data:2026-05-30 || 10~Marés do Norte~O Jardim das Marés~volume:1~DIGITAL~qtd:1~data:2026-09-14
USR-000881,Eduardo Ribeiro Henriques,35,CPF,700.000.881-46,8~As Torres de Âmbar~O Reino de Cinzas~volume:4~DIGITAL~qtd:3~data:2024-01-28 || 26~Estações~Caminhos de Outono~volume:1~DIGITAL~qtd:2~data:2024-03-09 || 13~Marés do Norte~O Último Faroleiro~volume:3~FISICO~qtd:3~data:2024-07-12 || 56~Viajantes de Papel~Os Dias do Cometa~volume:4~DIGITAL~qtd:3~data:2025-01-05 || 88~Luzes do Sul~Depois do Horizonte~volume:4~DIGITAL~qtd:2~data:2025-02-20 || 42~Jardins Secretos~O Segredo das Acácias~volume:1~DIGITAL~qtd:1~data:2025-04-28 || 59~Serra Dourada~A Oficina dos Sonhos~volume:2~FISICO~qtd:1~data:2025-05-19 || 72~Cidades de Sal~A Cidade sem Portas~volume:4~DIGITAL~qtd:2~data:2025-10-22 || 66~Cidades de Sal~O Labirinto de Sal~volume:1~DIGITAL~qtd:1~data:2025-11-27 || 28~Estações~O Caderno de Inverno~volume:2~DIGITAL~qtd:2~data:2026-09-22
882,isabela ribeiro souza,46,rg,99.000.882-7,64~Serra Dourada~Os Guardiões do Horizonte~volume:4~DIGITAL~qtd:3~data:2024-04-09 || 20~Arquivos do Céu~O Mapa de Vidro~volume:2~DIGITAL~qtd:1~data:2024-05-28 || 93~Crônicas do Tempo~Os Dias Invertidos~volume:3~FISICO~qtd:3~data:2024-07-26 || 44~Jardins Secretos~As Pontes de Aurora~volume:2~DIGITAL~qtd:1~data:2024-09-10 || 37~Ilhas Errantes~O Porto das Histórias~volume:3~FISICO~qtd:1~data:2024-11-15 || 87~Luzes do Sul~Depois do Horizonte~volume:4~FISICO~qtd:1~data:2025-01-22 || 91~Crônicas do Tempo~A Hora Esquecida~volume:2~FISICO~qtd:3~data:2025-12-12 || 42~Jardins Secretos~O Segredo das Acácias~volume:1~DIGITAL~qtd:2~data:2026-04-23
USR-000883,Alice Pereira Teixeira,27,CPF,700.000.883-08,11~Marés do Norte~Cartas da Cidade Azul~volume:2~FISICO~qtd:1~data:2024-05-06 || 7~As Torres de Âmbar~O Reino de Cinzas~volume:4~FISICO~qtd:1~data:2024-11-24 || 30~Estações~O Retrato da Primavera~volume:3~DIGITAL~qtd:1~data:2024-11-29 || 12~Marés do Norte~Cartas da Cidade Azul~volume:2~DIGITAL~qtd:3~data:2024-12-17 || 28~Estações~O Caderno de Inverno~volume:2~DIGITAL~qtd:3~data:2025-03-11 || 46~Jardins Secretos~A Casa das Sete Janelas~volume:3~DIGITAL~qtd:2~data:2025-06-24 || 32~Estações~A Última Página do Verão~volume:4~DIGITAL~qtd:2~data:2026-02-15 || 70~Cidades de Sal~O Mercado das Sombras~volume:3~DIGITAL~qtd:2~data:2026-03-03
USR-000884,Karina Ribeiro Esteves,31 anos,RG,99.000.884-1,61~Serra Dourada~Horizontes de Cobre~volume:3~FISICO~qtd:3~data:2024-08-29 || 37~Ilhas Errantes~O Porto das Histórias~volume:3~FISICO~qtd:2~data:2025-04-06
885,Felipe Ferreira Costa,55,CPF,700.000.885-70,64~Serra Dourada~Os Guardiões do Horizonte~volume:4~DIGITAL~qtd:3~data:2024-06-21 || 31~Estações~A Última Página do Verão~volume:4~FISICO~qtd:2~data:2024-07-16 || 96~Crônicas do Tempo~O Último Minuto~volume:4~DIGITAL~qtd:2~data:2025-01-30 || 62~Serra Dourada~Horizontes de Cobre~volume:3~DIGITAL~qtd:2~data:2025-03-20 || 53~Viajantes de Papel~A Estrada de Cristal~volume:3~FISICO~qtd:1~data:2025-10-26
USR-000886,Samuel Ribeiro Henriques,27,RG,99.000.886-5,92~Crônicas do Tempo~A Hora Esquecida~volume:2~DIGITAL~qtd:2~data:2024-01-03 || 93~Crônicas do Tempo~Os Dias Invertidos~volume:3~FISICO~qtd:1~data:2024-04-03 || 47~Jardins Secretos~A Canção dos Pinheiros~volume:4~FISICO~qtd:1~data:2024-08-25 || 5~As Torres de Âmbar~A Torre do Amanhecer~volume:3~FISICO~qtd:3~data:2024-10-13 || 25~Estações~Caminhos de Outono~volume:1~FISICO~qtd:2~data:2025-02-24 || 78~Reinos do Bosque~A Coroa de Folhas~volume:3~DIGITAL~qtd:1~data:2025-06-03 || 20~Arquivos do Céu~O Mapa de Vidro~volume:2~DIGITAL~qtd:3~data:2025-07-20 || 90~Crônicas do Tempo~O Relógio Partido~volume:1~DIGITAL~qtd:3~data:2026-02-08 || 81~Luzes do Sul~A Primeira Luz~volume:1~FISICO~qtd:3~data:2026-04-27
USR-000887,Teresa Gomes Barbosa,80,CPF,700.000.887-31,6~As Torres de Âmbar~A Torre do Amanhecer~volume:3~DIGITAL~qtd:2~data:2024-04-28 || 93~Crônicas do Tempo~Os Dias Invertidos~volume:3~FISICO~qtd:2~data:2024-05-04 || 8~As Torres de Âmbar~O Reino de Cinzas~volume:4~DIGITAL~qtd:3~data:2025-09-01 || 88~Luzes do Sul~Depois do Horizonte~volume:4~DIGITAL~qtd:1~data:2025-10-13 || 33~Ilhas Errantes~A Ilha dos Ventos~volume:1~FISICO~qtd:2~data:2025-12-01 || 57~Serra Dourada~Crônicas da Serra Dourada~volume:1~FISICO~qtd:2~data:2026-04-14 || 76~Reinos do Bosque~O Bosque Adormecido~volume:2~DIGITAL~qtd:3~data:2026-04-29 || 49~Viajantes de Papel~O Viajante de Papel~volume:1~FISICO~qtd:2~data:2026-08-27
888,João Mendes Pereira,63 anos,rg,99.000.888-9,79~Reinos do Bosque~O Guardião das Raízes~volume:4~FISICO~qtd:3~data:2024-05-02 || 28~Estações~O Caderno de Inverno~volume:2~DIGITAL~qtd:1~data:2024-05-20 || 10~Marés do Norte~O Jardim das Marés~volume:1~DIGITAL~qtd:2~data:2024-08-09 || 52~Viajantes de Papel~O Trem das Estrelas~volume:2~DIGITAL~qtd:1~data:2024-11-05 || 59~Serra Dourada~A Oficina dos Sonhos~volume:2~FISICO~qtd:2~data:2025-03-11 || 19~Arquivos do Céu~O Mapa de Vidro~volume:2~FISICO~qtd:3~data:2025-04-11 || 77~Reinos do Bosque~A Coroa de Folhas~volume:3~FISICO~qtd:3~data:2026-01-10 || 54~Viajantes de Papel~A Estrada de Cristal~volume:3~DIGITAL~qtd:3~data:2026-03-28 || 21~Arquivos do Céu~O Palácio dos Ventos~volume:3~FISICO~qtd:2~data:2026-07-05
USR-000889,alice lima esteves,48,CPF,700.000.889-01,22~Arquivos do Céu~O Palácio dos Ventos~volume:3~DIGITAL~qtd:3~data:2024-02-12 || 47~Jardins Secretos~A Canção dos Pinheiros~volume:4~FISICO~qtd:3~data:2024-12-27 || 54~Viajantes de Papel~A Estrada de Cristal~volume:3~DIGITAL~qtd:2~data:2025-06-19 || 35~Ilhas Errantes~Memórias do Rio Claro~volume:2~FISICO~qtd:2~data:2026-01-28 || 27~Estações~O Caderno de Inverno~volume:2~FISICO~qtd:2~data:2026-04-14
USR-000890,  RAFAELA BARBOSA HENRIQUES  ,29,RG,99.000.890-3,90~Crônicas do Tempo~O Relógio Partido~volume:1~DIGITAL~qtd:1~data:2024-12-04 || 92~Crônicas do Tempo~A Hora Esquecida~volume:2~DIGITAL~qtd:1~data:2025-10-30
891,Daniel Souza Nunes,22,CPF,700.000.891-18,40~Ilhas Errantes~A Travessia das Flores~volume:4~DIGITAL~qtd:3~data:2024-01-17 || 78~Reinos do Bosque~A Coroa de Folhas~volume:3~DIGITAL~qtd:3~data:2024-07-29 || 95~Crônicas do Tempo~O Último Minuto~volume:4~FISICO~qtd:3~data:2024-08-15 || 2~As Torres de Âmbar~A Chave de Âmbar~volume:1~DIGITAL~qtd:1~data:2025-03-12 || 28~Estações~O Caderno de Inverno~volume:2~DIGITAL~qtd:1~data:2025-08-13 || 13~Marés do Norte~O Último Faroleiro~volume:3~FISICO~qtd:3~data:2025-09-11 || 39~Ilhas Errantes~A Travessia das Flores~volume:4~FISICO~qtd:3~data:2025-09-16 || 93~Crônicas do Tempo~Os Dias Invertidos~volume:3~FISICO~qtd:2~data:2026-07-11 || 43~Jardins Secretos~As Pontes de Aurora~volume:2~FISICO~qtd:1~data:2026-08-17
USR-000892,Alice Santos Nunes,74 anos,RG,99.000.892-7,40~Ilhas Errantes~A Travessia das Flores~volume:4~DIGITAL~qtd:3~data:2024-04-14 || 2~As Torres de Âmbar~A Chave de Âmbar~volume:1~DIGITAL~qtd:3~data:2024-06-22 || 59~Serra Dourada~A Oficina dos Sonhos~volume:2~FISICO~qtd:1~data:2024-12-19 || 18~Arquivos do Céu~A Biblioteca das Nuvens~volume:1~DIGITAL~qtd:1~data:2025-01-12 || 16~Marés do Norte~A Ilha Submersa~volume:4~DIGITAL~qtd:3~data:2025-06-12 || 34~Ilhas Errantes~A Ilha dos Ventos~volume:1~DIGITAL~qtd:2~data:2025-08-06 || 45~Jardins Secretos~A Casa das Sete Janelas~volume:3~FISICO~qtd:1~data:2026-04-29 || 55~Viajantes de Papel~Os Dias do Cometa~volume:4~FISICO~qtd:2~data:2026-08-19 || 35~Ilhas Errantes~Memórias do Rio Claro~volume:2~FISICO~qtd:1~data:2026-08-26 || 53~Viajantes de Papel~A Estrada de Cristal~volume:3~FISICO~qtd:1~data:2026-09-11
USR-000893,Pedro Esteves Barbosa,78,CPF,700.000.893-80,62~Serra Dourada~Horizontes de Cobre~volume:3~DIGITAL~qtd:2~data:2024-02-29 || 27~Estações~O Caderno de Inverno~volume:2~FISICO~qtd:2~data:2024-04-06 || 50~Viajantes de Papel~O Viajante de Papel~volume:1~DIGITAL~qtd:2~data:2024-04-25 || 49~Viajantes de Papel~O Viajante de Papel~volume:1~FISICO~qtd:3~data:2024-07-04 || 95~Crônicas do Tempo~O Último Minuto~volume:4~FISICO~qtd:2~data:2025-01-07 || 72~Cidades de Sal~A Cidade sem Portas~volume:4~DIGITAL~qtd:1~data:2025-03-15 || 80~Reinos do Bosque~O Guardião das Raízes~volume:4~DIGITAL~qtd:1~data:2025-05-14 || 89~Crônicas do Tempo~O Relógio Partido~volume:1~FISICO~qtd:3~data:2025-07-15 || 86~Luzes do Sul~O Farol de Cristal~volume:3~DIGITAL~qtd:1~data:2026-02-04 || 15~Marés do Norte~A Ilha Submersa~volume:4~FISICO~qtd:1~data:2026-09-06
894,Pedro Souza Mendes,67,rg,99.000.894-1,59~Serra Dourada~A Oficina dos Sonhos~volume:2~FISICO~qtd:1~data:2024-08-04 || 69~Cidades de Sal~O Mercado das Sombras~volume:3~FISICO~qtd:2~data:2025-06-07 || 24~Arquivos do Céu~A Última Constelação~volume:4~DIGITAL~qtd:3~data:2025-06-11 || 43~Jardins Secretos~As Pontes de Aurora~volume:2~FISICO~qtd:3~data:2025-12-23 || 29~Estações~O Retrato da Primavera~volume:3~FISICO~qtd:1~data:2026-06-13 || 32~Estações~A Última Página do Verão~volume:4~DIGITAL~qtd:2~data:2026-07-13 || 95~Crônicas do Tempo~O Último Minuto~volume:4~FISICO~qtd:3~data:2026-07-15
USR-000895,Gabriela Oliveira Gomes,54,CPF,700.000.895-41,68~Cidades de Sal~O Relógio da Praça~volume:2~DIGITAL~qtd:2~data:2025-03-12
USR-000896,caio nunes esteves,24 anos,RG,99.000.896-5,15~Marés do Norte~A Ilha Submersa~volume:4~FISICO~qtd:1~data:2024-04-07 || 78~Reinos do Bosque~A Coroa de Folhas~volume:3~DIGITAL~qtd:1~data:2024-10-03 || 17~Arquivos do Céu~A Biblioteca das Nuvens~volume:1~FISICO~qtd:1~data:2024-10-27 || 51~Viajantes de Papel~O Trem das Estrelas~volume:2~FISICO~qtd:2~data:2024-10-27 || 54~Viajantes de Papel~A Estrada de Cristal~volume:3~DIGITAL~qtd:1~data:2025-08-15 || 21~Arquivos do Céu~O Palácio dos Ventos~volume:3~FISICO~qtd:1~data:2025-12-13 || 92~Crônicas do Tempo~A Hora Esquecida~volume:2~DIGITAL~qtd:1~data:2026-02-01 || 94~Crônicas do Tempo~Os Dias Invertidos~volume:3~DIGITAL~qtd:3~data:2026-02-08 || 22~Arquivos do Céu~O Palácio dos Ventos~volume:3~DIGITAL~qtd:2~data:2026-02-24
897,Carla Martins Almeida,71,CPF,700.000.897-03,14~Marés do Norte~O Último Faroleiro~volume:3~DIGITAL~qtd:3~data:2024-03-06 || 77~Reinos do Bosque~A Coroa de Folhas~volume:3~FISICO~qtd:2~data:2024-06-09 || 35~Ilhas Errantes~Memórias do Rio Claro~volume:2~FISICO~qtd:3~data:2024-07-15 || 76~Reinos do Bosque~O Bosque Adormecido~volume:2~DIGITAL~qtd:3~data:2024-07-25 || 40~Ilhas Errantes~A Travessia das Flores~volume:4~DIGITAL~qtd:2~data:2024-08-31 || 32~Estações~A Última Página do Verão~volume:4~DIGITAL~qtd:2~data:2024-11-11 || 54~Viajantes de Papel~A Estrada de Cristal~volume:3~DIGITAL~qtd:2~data:2024-12-31 || 37~Ilhas Errantes~O Porto das Histórias~volume:3~FISICO~qtd:1~data:2025-05-30 || 62~Serra Dourada~Horizontes de Cobre~volume:3~DIGITAL~qtd:3~data:2026-02-03 || 16~Marés do Norte~A Ilha Submersa~volume:4~DIGITAL~qtd:2~data:2026-09-02
USR-000898,Débora Ferreira Mendes,72,RG,99.000.898-9,95~Crônicas do Tempo~O Último Minuto~volume:4~FISICO~qtd:1~data:2024-02-29 || 6~As Torres de Âmbar~A Torre do Amanhecer~volume:3~DIGITAL~qtd:1~data:2024-05-06 || 44~Jardins Secretos~As Pontes de Aurora~volume:2~DIGITAL~qtd:3~data:2025-01-09 || 29~Estações~O Retrato da Primavera~volume:3~FISICO~qtd:1~data:2025-02-02 || 58~Serra Dourada~Crônicas da Serra Dourada~volume:1~DIGITAL~qtd:3~data:2025-04-20 || 43~Jardins Secretos~As Pontes de Aurora~volume:2~FISICO~qtd:3~data:2025-05-04
USR-000899,Eduardo Oliveira Vieira,80,CPF,700.000.899-75,38~Ilhas Errantes~O Porto das Histórias~volume:3~DIGITAL~qtd:1~data:2024-02-07 || 13~Marés do Norte~O Último Faroleiro~volume:3~FISICO~qtd:2~data:2024-07-02 || 69~Cidades de Sal~O Mercado das Sombras~volume:3~FISICO~qtd:3~data:2024-07-31 || 64~Serra Dourada~Os Guardiões do Horizonte~volume:4~DIGITAL~qtd:1~data:2024-10-23 || 53~Viajantes de Papel~A Estrada de Cristal~volume:3~FISICO~qtd:3~data:2024-10-28 || 95~Crônicas do Tempo~O Último Minuto~volume:4~FISICO~qtd:1~data:2026-04-22 || 51~Viajantes de Papel~O Trem das Estrelas~volume:2~FISICO~qtd:1~data:2026-06-01
900,  DÉBORA SOUZA MOREIRA  ,83 anos,rg,99.000.900-3,94~Crônicas do Tempo~Os Dias Invertidos~volume:3~DIGITAL~qtd:1~data:2025-02-07 || 90~Crônicas do Tempo~O Relógio Partido~volume:1~DIGITAL~qtd:1~data:2025-05-27 || 72~Cidades de Sal~A Cidade sem Portas~volume:4~DIGITAL~qtd:2~data:2025-10-13 || 87~Luzes do Sul~Depois do Horizonte~volume:4~FISICO~qtd:3~data:2025-11-10 || 60~Serra Dourada~A Oficina dos Sonhos~volume:2~DIGITAL~qtd:3~data:2026-04-29 || 88~Luzes do Sul~Depois do Horizonte~volume:4~DIGITAL~qtd:1~data:2026-08-30
USR-000901,Felipe Esteves Henriques,73,CPF,700.000.901-24,59~Serra Dourada~A Oficina dos Sonhos~volume:2~FISICO~qtd:3~data:2024-05-10 || 84~Luzes do Sul~A Estrada do Sul~volume:2~DIGITAL~qtd:3~data:2024-11-02 || 47~Jardins Secretos~A Canção dos Pinheiros~volume:4~FISICO~qtd:3~data:2024-12-12 || 92~Crônicas do Tempo~A Hora Esquecida~volume:2~DIGITAL~qtd:1~data:2025-04-17 || 57~Serra Dourada~Crônicas da Serra Dourada~volume:1~FISICO~qtd:3~data:2025-06-14 || 51~Viajantes de Papel~O Trem das Estrelas~volume:2~FISICO~qtd:2~data:2025-11-15 || 10~Marés do Norte~O Jardim das Marés~volume:1~DIGITAL~qtd:3~data:2025-12-22 || 35~Ilhas Errantes~Memórias do Rio Claro~volume:2~FISICO~qtd:1~data:2026-03-19 || 78~Reinos do Bosque~A Coroa de Folhas~volume:3~DIGITAL~qtd:3~data:2026-06-08
USR-000902,Olívia Mendes Esteves,36,RG,99.000.902-7,12~Marés do Norte~Cartas da Cidade Azul~volume:2~DIGITAL~qtd:2~data:2024-01-13 || 85~Luzes do Sul~O Farol de Cristal~volume:3~FISICO~qtd:1~data:2024-03-30 || 2~As Torres de Âmbar~A Chave de Âmbar~volume:1~DIGITAL~qtd:3~data:2024-05-15 || 71~Cidades de Sal~A Cidade sem Portas~volume:4~FISICO~qtd:1~data:2025-05-20 || 67~Cidades de Sal~O Relógio da Praça~volume:2~FISICO~qtd:3~data:2025-06-20 || 18~Arquivos do Céu~A Biblioteca das Nuvens~volume:1~DIGITAL~qtd:2~data:2025-07-03 || 69~Cidades de Sal~O Mercado das Sombras~volume:3~FISICO~qtd:3~data:2025-09-05 || 72~Cidades de Sal~A Cidade sem Portas~volume:4~DIGITAL~qtd:2~data:2026-01-01 || 62~Serra Dourada~Horizontes de Cobre~volume:3~DIGITAL~qtd:1~data:2026-06-28 || 1~As Torres de Âmbar~A Chave de Âmbar~volume:1~FISICO~qtd:3~data:2026-07-11
903,lucas moreira vieira,68,CPF,700.000.903-96,13~Marés do Norte~O Último Faroleiro~volume:3~FISICO~qtd:3~data:2024-03-17 || 67~Cidades de Sal~O Relógio da Praça~volume:2~FISICO~qtd:1~data:2025-11-24
USR-000904,Alice Dias Gomes,19 anos,RG,99.000.904-1,91~Crônicas do Tempo~A Hora Esquecida~volume:2~FISICO~qtd:2~data:2024-04-01 || 50~Viajantes de Papel~O Viajante de Papel~volume:1~DIGITAL~qtd:2~data:2024-08-14 || 94~Crônicas do Tempo~Os Dias Invertidos~volume:3~DIGITAL~qtd:1~data:2024-10-24 || 61~Serra Dourada~Horizontes de Cobre~volume:3~FISICO~qtd:1~data:2026-03-14 || 52~Viajantes de Papel~O Trem das Estrelas~volume:2~DIGITAL~qtd:2~data:2026-07-21 || 67~Cidades de Sal~O Relógio da Praça~volume:2~FISICO~qtd:2~data:2026-09-15
USR-000905,Carla Santos Almeida,24,CPF,700.000.905-58,60~Serra Dourada~A Oficina dos Sonhos~volume:2~DIGITAL~qtd:2~data:2024-01-15 || 73~Reinos do Bosque~A Semente de Prata~volume:1~FISICO~qtd:2~data:2024-06-11 || 94~Crônicas do Tempo~Os Dias Invertidos~volume:3~DIGITAL~qtd:1~data:2024-12-11 || 5~As Torres de Âmbar~A Torre do Amanhecer~volume:3~FISICO~qtd:3~data:2025-01-06 || 34~Ilhas Errantes~A Ilha dos Ventos~volume:1~DIGITAL~qtd:2~data:2025-05-07 || 92~Crônicas do Tempo~A Hora Esquecida~volume:2~DIGITAL~qtd:3~data:2025-12-10 || 56~Viajantes de Papel~Os Dias do Cometa~volume:4~DIGITAL~qtd:1~data:2026-09-22
906,Caio Santos Pereira,61,rg,99.000.906-5,81~Luzes do Sul~A Primeira Luz~volume:1~FISICO~qtd:1~data:2024-12-15 || 3~As Torres de Âmbar~O Vale das Lanternas~volume:2~FISICO~qtd:1~data:2025-09-03 || 86~Luzes do Sul~O Farol de Cristal~volume:3~DIGITAL~qtd:3~data:2025-10-26 || 19~Arquivos do Céu~O Mapa de Vidro~volume:2~FISICO~qtd:1~data:2026-01-07 || 34~Ilhas Errantes~A Ilha dos Ventos~volume:1~DIGITAL~qtd:2~data:2026-02-25 || 38~Ilhas Errantes~O Porto das Histórias~volume:3~DIGITAL~qtd:2~data:2026-09-22
USR-000907,Alice Nunes Costa,82,CPF,700.000.907-10,93~Crônicas do Tempo~Os Dias Invertidos~volume:3~FISICO~qtd:1~data:2024-03-08 || 19~Arquivos do Céu~O Mapa de Vidro~volume:2~FISICO~qtd:3~data:2025-03-15 || 88~Luzes do Sul~Depois do Horizonte~volume:4~DIGITAL~qtd:1~data:2025-04-18 || 34~Ilhas Errantes~A Ilha dos Ventos~volume:1~DIGITAL~qtd:1~data:2025-08-15
USR-000908,Hugo Teixeira Rocha,35 anos,RG,99.000.908-9,54~Viajantes de Papel~A Estrada de Cristal~volume:3~DIGITAL~qtd:1~data:2024-07-17 || 10~Marés do Norte~O Jardim das Marés~volume:1~DIGITAL~qtd:3~data:2024-07-18 || 44~Jardins Secretos~As Pontes de Aurora~volume:2~DIGITAL~qtd:2~data:2024-08-02 || 70~Cidades de Sal~O Mercado das Sombras~volume:3~DIGITAL~qtd:3~data:2025-01-27 || 15~Marés do Norte~A Ilha Submersa~volume:4~FISICO~qtd:1~data:2025-10-17 || 55~Viajantes de Papel~Os Dias do Cometa~volume:4~FISICO~qtd:3~data:2025-12-10 || 77~Reinos do Bosque~A Coroa de Folhas~volume:3~FISICO~qtd:2~data:2026-01-19 || 24~Arquivos do Céu~A Última Constelação~volume:4~DIGITAL~qtd:1~data:2026-01-25
909,Karina Mendes Martins,62,CPF,700.000.909-81,27~Estações~O Caderno de Inverno~volume:2~FISICO~qtd:1~data:2024-02-27 || 84~Luzes do Sul~A Estrada do Sul~volume:2~DIGITAL~qtd:1~data:2025-07-05
USR-000910,  JOÃO ROCHA MENDES  ,29,RG,99.000.910-3,80~Reinos do Bosque~O Guardião das Raízes~volume:4~DIGITAL~qtd:2~data:2024-01-22 || 94~Crônicas do Tempo~Os Dias Invertidos~volume:3~DIGITAL~qtd:3~data:2026-01-04
USR-000911,Olívia Ribeiro Gomes,22,CPF,700.000.911-04,44~Jardins Secretos~As Pontes de Aurora~volume:2~DIGITAL~qtd:1~data:2024-03-26 || 38~Ilhas Errantes~O Porto das Histórias~volume:3~DIGITAL~qtd:2~data:2024-11-15 || 24~Arquivos do Céu~A Última Constelação~volume:4~DIGITAL~qtd:2~data:2025-11-16 || 39~Ilhas Errantes~A Travessia das Flores~volume:4~FISICO~qtd:1~data:2026-01-28
912,Alice Almeida Santos,73 anos,rg,99.000.912-7,59~Serra Dourada~A Oficina dos Sonhos~volume:2~FISICO~qtd:1~data:2024-01-30 || 37~Ilhas Errantes~O Porto das Histórias~volume:3~FISICO~qtd:3~data:2024-03-19 || 96~Crônicas do Tempo~O Último Minuto~volume:4~DIGITAL~qtd:2~data:2024-12-25 || 20~Arquivos do Céu~O Mapa de Vidro~volume:2~DIGITAL~qtd:1~data:2026-04-27
USR-000913,Isabela Almeida Almeida,71,CPF,700.000.913-68,53~Viajantes de Papel~A Estrada de Cristal~volume:3~FISICO~qtd:3~data:2024-11-21 || 5~As Torres de Âmbar~A Torre do Amanhecer~volume:3~FISICO~qtd:3~data:2025-06-19 || 75~Reinos do Bosque~O Bosque Adormecido~volume:2~FISICO~qtd:3~data:2025-12-16 || 62~Serra Dourada~Horizontes de Cobre~volume:3~DIGITAL~qtd:3~data:2026-01-25 || 44~Jardins Secretos~As Pontes de Aurora~volume:2~DIGITAL~qtd:3~data:2026-03-17 || 80~Reinos do Bosque~O Guardião das Raízes~volume:4~DIGITAL~qtd:3~data:2026-07-20 || 25~Estações~Caminhos de Outono~volume:1~FISICO~qtd:1~data:2026-07-24
USR-000914,Vitor Costa Santos,63,RG,99.000.914-1,77~Reinos do Bosque~A Coroa de Folhas~volume:3~FISICO~qtd:2~data:2024-03-12 || 44~Jardins Secretos~As Pontes de Aurora~volume:2~DIGITAL~qtd:1~data:2024-10-29 || 37~Ilhas Errantes~O Porto das Histórias~volume:3~FISICO~qtd:1~data:2025-10-11 || 11~Marés do Norte~Cartas da Cidade Azul~volume:2~FISICO~qtd:3~data:2025-11-29 || 69~Cidades de Sal~O Mercado das Sombras~volume:3~FISICO~qtd:2~data:2026-02-05 || 30~Estações~O Retrato da Primavera~volume:3~DIGITAL~qtd:3~data:2026-06-11 || 61~Serra Dourada~Horizontes de Cobre~volume:3~FISICO~qtd:1~data:2026-08-22
915,Marina Henriques Esteves,23,CPF,700.000.915-20,29~Estações~O Retrato da Primavera~volume:3~FISICO~qtd:1~data:2024-02-05 || 28~Estações~O Caderno de Inverno~volume:2~DIGITAL~qtd:2~data:2024-03-14 || 63~Serra Dourada~Os Guardiões do Horizonte~volume:4~FISICO~qtd:2~data:2024-09-29 || 77~Reinos do Bosque~A Coroa de Folhas~volume:3~FISICO~qtd:3~data:2025-01-10 || 96~Crônicas do Tempo~O Último Minuto~volume:4~DIGITAL~qtd:2~data:2025-03-27 || 7~As Torres de Âmbar~O Reino de Cinzas~volume:4~FISICO~qtd:1~data:2025-05-21 || 66~Cidades de Sal~O Labirinto de Sal~volume:1~DIGITAL~qtd:3~data:2025-05-24 || 76~Reinos do Bosque~O Bosque Adormecido~volume:2~DIGITAL~qtd:2~data:2025-06-04 || 83~Luzes do Sul~A Estrada do Sul~volume:2~FISICO~qtd:1~data:2025-06-11
USR-000916,Karina Almeida Oliveira,75 anos,RG,99.000.916-5,3~As Torres de Âmbar~O Vale das Lanternas~volume:2~FISICO~qtd:1~data:2024-05-02 || 90~Crônicas do Tempo~O Relógio Partido~volume:1~DIGITAL~qtd:3~data:2024-07-18 || 12~Marés do Norte~Cartas da Cidade Azul~volume:2~DIGITAL~qtd:1~data:2026-06-21
USR-000917,elisa costa almeida,83,CPF,700.000.917-91,47~Jardins Secretos~A Canção dos Pinheiros~volume:4~FISICO~qtd:1~data:2024-04-12 || 85~Luzes do Sul~O Farol de Cristal~volume:3~FISICO~qtd:1~data:2024-11-11 || 46~Jardins Secretos~A Casa das Sete Janelas~volume:3~DIGITAL~qtd:3~data:2025-01-14 || 79~Reinos do Bosque~O Guardião das Raízes~volume:4~FISICO~qtd:2~data:2025-05-12 || 43~Jardins Secretos~As Pontes de Aurora~volume:2~FISICO~qtd:2~data:2025-08-12 || 41~Jardins Secretos~O Segredo das Acácias~volume:1~FISICO~qtd:3~data:2025-11-04 || 75~Reinos do Bosque~O Bosque Adormecido~volume:2~FISICO~qtd:2~data:2026-04-21 || 38~Ilhas Errantes~O Porto das Histórias~volume:3~DIGITAL~qtd:2~data:2026-04-23 || 23~Arquivos do Céu~A Última Constelação~volume:4~FISICO~qtd:3~data:2026-05-14 || 63~Serra Dourada~Os Guardiões do Horizonte~volume:4~FISICO~qtd:1~data:2026-08-22
918,Bruno Almeida Pereira,80,rg,99.000.918-9,37~Ilhas Errantes~O Porto das Histórias~volume:3~FISICO~qtd:3~data:2025-12-07
USR-000919,Gabriela Pereira Ferreira,32,CPF,700.000.919-53,25~Estações~Caminhos de Outono~volume:1~FISICO~qtd:3~data:2024-11-22 || 5~As Torres de Âmbar~A Torre do Amanhecer~volume:3~FISICO~qtd:1~data:2025-04-06 || 2~As Torres de Âmbar~A Chave de Âmbar~volume:1~DIGITAL~qtd:2~data:2025-09-09 || 56~Viajantes de Papel~Os Dias do Cometa~volume:4~DIGITAL~qtd:3~data:2026-04-21
USR-000920,  FELIPE LIMA CARDOSO  ,70 anos,RG,99.000.920-3,7~As Torres de Âmbar~O Reino de Cinzas~volume:4~FISICO~qtd:2~data:2024-01-20 || 50~Viajantes de Papel~O Viajante de Papel~volume:1~DIGITAL~qtd:2~data:2024-07-05 || 92~Crônicas do Tempo~A Hora Esquecida~volume:2~DIGITAL~qtd:2~data:2026-08-22
921,Carla Moreira Barbosa,47,CPF,700.000.921-78,44~Jardins Secretos~As Pontes de Aurora~volume:2~DIGITAL~qtd:1~data:2024-07-15 || 80~Reinos do Bosque~O Guardião das Raízes~volume:4~DIGITAL~qtd:1~data:2025-04-28 || 79~Reinos do Bosque~O Guardião das Raízes~volume:4~FISICO~qtd:1~data:2025-05-05 || 53~Viajantes de Papel~A Estrada de Cristal~volume:3~FISICO~qtd:2~data:2025-08-18 || 93~Crônicas do Tempo~Os Dias Invertidos~volume:3~FISICO~qtd:2~data:2025-10-01 || 24~Arquivos do Céu~A Última Constelação~volume:4~DIGITAL~qtd:3~data:2025-11-14 || 84~Luzes do Sul~A Estrada do Sul~volume:2~DIGITAL~qtd:3~data:2026-01-15 || 57~Serra Dourada~Crônicas da Serra Dourada~volume:1~FISICO~qtd:3~data:2026-02-26
USR-000922,Gabriela Nunes Teixeira,25,RG,99.000.922-7,35~Ilhas Errantes~Memórias do Rio Claro~volume:2~FISICO~qtd:1~data:2024-01-04 || 15~Marés do Norte~A Ilha Submersa~volume:4~FISICO~qtd:2~data:2025-05-24 || 70~Cidades de Sal~O Mercado das Sombras~volume:3~DIGITAL~qtd:2~data:2026-01-28 || 79~Reinos do Bosque~O Guardião das Raízes~volume:4~FISICO~qtd:1~data:2026-03-17 || 66~Cidades de Sal~O Labirinto de Sal~volume:1~DIGITAL~qtd:1~data:2026-05-24
USR-000923,Gabriela Ferreira Souza,42,CPF,700.000.923-30,92~Crônicas do Tempo~A Hora Esquecida~volume:2~DIGITAL~qtd:2~data:2024-07-05 || 75~Reinos do Bosque~O Bosque Adormecido~volume:2~FISICO~qtd:2~data:2024-07-26 || 30~Estações~O Retrato da Primavera~volume:3~DIGITAL~qtd:3~data:2025-03-17 || 85~Luzes do Sul~O Farol de Cristal~volume:3~FISICO~qtd:1~data:2025-07-03 || 88~Luzes do Sul~Depois do Horizonte~volume:4~DIGITAL~qtd:3~data:2025-08-10 || 84~Luzes do Sul~A Estrada do Sul~volume:2~DIGITAL~qtd:2~data:2026-06-02 || 36~Ilhas Errantes~Memórias do Rio Claro~volume:2~DIGITAL~qtd:3~data:2026-06-21 || 70~Cidades de Sal~O Mercado das Sombras~volume:3~DIGITAL~qtd:1~data:2026-06-30
924,ana santos almeida,58 anos,rg,99.000.924-1,19~Arquivos do Céu~O Mapa de Vidro~volume:2~FISICO~qtd:2~data:2026-02-19 || 35~Ilhas Errantes~Memórias do Rio Claro~volume:2~FISICO~qtd:1~data:2026-06-04 || 41~Jardins Secretos~O Segredo das Acácias~volume:1~FISICO~qtd:1~data:2026-09-17
USR-000925,Eduardo Teixeira Rocha,65,CPF,700.000.925-00,90~Crônicas do Tempo~O Relógio Partido~volume:1~DIGITAL~qtd:3~data:2024-07-03 || 52~Viajantes de Papel~O Trem das Estrelas~volume:2~DIGITAL~qtd:1~data:2025-10-23 || 9~Marés do Norte~O Jardim das Marés~volume:1~FISICO~qtd:1~data:2026-06-18
USR-000926,Vitor Ribeiro Ferreira,58,RG,99.000.926-5,63~Serra Dourada~Os Guardiões do Horizonte~volume:4~FISICO~qtd:1~data:2024-04-27 || 44~Jardins Secretos~As Pontes de Aurora~volume:2~DIGITAL~qtd:1~data:2024-09-17 || 58~Serra Dourada~Crônicas da Serra Dourada~volume:1~DIGITAL~qtd:1~data:2025-03-22 || 75~Reinos do Bosque~O Bosque Adormecido~volume:2~FISICO~qtd:2~data:2025-10-08 || 93~Crônicas do Tempo~Os Dias Invertidos~volume:3~FISICO~qtd:1~data:2025-12-17 || 37~Ilhas Errantes~O Porto das Histórias~volume:3~FISICO~qtd:1~data:2026-01-22 || 11~Marés do Norte~Cartas da Cidade Azul~volume:2~FISICO~qtd:3~data:2026-04-18 || 64~Serra Dourada~Os Guardiões do Horizonte~volume:4~DIGITAL~qtd:3~data:2026-04-30
927,Nuno Ferreira Dias,80,CPF,700.000.927-63,1~As Torres de Âmbar~A Chave de Âmbar~volume:1~FISICO~qtd:3~data:2024-01-27 || 25~Estações~Caminhos de Outono~volume:1~FISICO~qtd:1~data:2024-04-07 || 37~Ilhas Errantes~O Porto das Histórias~volume:3~FISICO~qtd:1~data:2024-08-07 || 55~Viajantes de Papel~Os Dias do Cometa~volume:4~FISICO~qtd:2~data:2025-01-12 || 8~As Torres de Âmbar~O Reino de Cinzas~volume:4~DIGITAL~qtd:3~data:2025-02-02 || 77~Reinos do Bosque~A Coroa de Folhas~volume:3~FISICO~qtd:3~data:2025-03-08 || 4~As Torres de Âmbar~O Vale das Lanternas~volume:2~DIGITAL~qtd:3~data:2025-10-26 || 67~Cidades de Sal~O Relógio da Praça~volume:2~FISICO~qtd:1~data:2025-10-31 || 75~Reinos do Bosque~O Bosque Adormecido~volume:2~FISICO~qtd:3~data:2026-05-04
USR-000928,Hugo Esteves Martins,65 anos,RG,99.000.928-9,72~Cidades de Sal~A Cidade sem Portas~volume:4~DIGITAL~qtd:2~data:2024-01-25 || 50~Viajantes de Papel~O Viajante de Papel~volume:1~DIGITAL~qtd:3~data:2024-08-25 || 85~Luzes do Sul~O Farol de Cristal~volume:3~FISICO~qtd:3~data:2024-11-13 || 91~Crônicas do Tempo~A Hora Esquecida~volume:2~FISICO~qtd:1~data:2024-11-20 || 23~Arquivos do Céu~A Última Constelação~volume:4~FISICO~qtd:3~data:2025-01-25 || 88~Luzes do Sul~Depois do Horizonte~volume:4~DIGITAL~qtd:3~data:2025-04-02 || 63~Serra Dourada~Os Guardiões do Horizonte~volume:4~FISICO~qtd:1~data:2025-09-06 || 36~Ilhas Errantes~Memórias do Rio Claro~volume:2~DIGITAL~qtd:1~data:2026-01-12 || 28~Estações~O Caderno de Inverno~volume:2~DIGITAL~qtd:3~data:2026-02-03
USR-000929,Caio Moreira Moreira,23,CPF,700.000.929-25,86~Luzes do Sul~O Farol de Cristal~volume:3~DIGITAL~qtd:3~data:2024-09-06 || 26~Estações~Caminhos de Outono~volume:1~DIGITAL~qtd:2~data:2024-11-13 || 23~Arquivos do Céu~A Última Constelação~volume:4~FISICO~qtd:1~data:2025-12-27 || 63~Serra Dourada~Os Guardiões do Horizonte~volume:4~FISICO~qtd:2~data:2026-05-30
930,  ANA CARDOSO MOREIRA  ,64,rg,99.000.930-3,56~Viajantes de Papel~Os Dias do Cometa~volume:4~DIGITAL~qtd:2~data:2024-08-25 || 14~Marés do Norte~O Último Faroleiro~volume:3~DIGITAL~qtd:2~data:2025-03-10 || 96~Crônicas do Tempo~O Último Minuto~volume:4~DIGITAL~qtd:1~data:2025-03-30 || 74~Reinos do Bosque~A Semente de Prata~volume:1~DIGITAL~qtd:3~data:2025-09-10 || 72~Cidades de Sal~A Cidade sem Portas~volume:4~DIGITAL~qtd:3~data:2026-03-24 || 8~As Torres de Âmbar~O Reino de Cinzas~volume:4~DIGITAL~qtd:2~data:2026-05-27
USR-000931,olívia almeida cardoso,45,CPF,700.000.931-40,92~Crônicas do Tempo~A Hora Esquecida~volume:2~DIGITAL~qtd:3~data:2024-01-18 || 18~Arquivos do Céu~A Biblioteca das Nuvens~volume:1~DIGITAL~qtd:2~data:2024-08-25 || 43~Jardins Secretos~As Pontes de Aurora~volume:2~FISICO~qtd:1~data:2024-08-27 || 45~Jardins Secretos~A Casa das Sete Janelas~volume:3~FISICO~qtd:1~data:2024-10-16 || 12~Marés do Norte~Cartas da Cidade Azul~volume:2~DIGITAL~qtd:1~data:2025-10-05 || 39~Ilhas Errantes~A Travessia das Flores~volume:4~FISICO~qtd:2~data:2025-12-22 || 61~Serra Dourada~Horizontes de Cobre~volume:3~FISICO~qtd:3~data:2026-09-05 || 28~Estações~O Caderno de Inverno~volume:2~DIGITAL~qtd:3~data:2026-09-06 || 46~Jardins Secretos~A Casa das Sete Janelas~volume:3~DIGITAL~qtd:2~data:2026-09-19
USR-000932,Daniel Martins Vieira,84 anos,RG,99.000.932-7,83~Luzes do Sul~A Estrada do Sul~volume:2~FISICO~qtd:3~data:2024-01-17 || 65~Cidades de Sal~O Labirinto de Sal~volume:1~FISICO~qtd:1~data:2024-08-11 || 88~Luzes do Sul~Depois do Horizonte~volume:4~DIGITAL~qtd:1~data:2025-05-30 || 41~Jardins Secretos~O Segredo das Acácias~volume:1~FISICO~qtd:3~data:2026-04-02
933,Elisa Cardoso Esteves,45,CPF,700.000.933-01,40~Ilhas Errantes~A Travessia das Flores~volume:4~DIGITAL~qtd:1~data:2024-03-10 || 50~Viajantes de Papel~O Viajante de Papel~volume:1~DIGITAL~qtd:2~data:2025-03-19 || 9~Marés do Norte~O Jardim das Marés~volume:1~FISICO~qtd:2~data:2025-08-27 || 54~Viajantes de Papel~A Estrada de Cristal~volume:3~DIGITAL~qtd:3~data:2025-10-17 || 14~Marés do Norte~O Último Faroleiro~volume:3~DIGITAL~qtd:1~data:2026-04-19
USR-000934,João Rocha Gomes,73,RG,99.000.934-1,46~Jardins Secretos~A Casa das Sete Janelas~volume:3~DIGITAL~qtd:1~data:2026-09-13
USR-000935,Daniel Mendes Costa,73,CPF,700.000.935-73,44~Jardins Secretos~As Pontes de Aurora~volume:2~DIGITAL~qtd:1~data:2025-02-28 || 71~Cidades de Sal~A Cidade sem Portas~volume:4~FISICO~qtd:2~data:2025-04-08
936,Samuel Vieira Henriques,51 anos,rg,99.000.936-5,85~Luzes do Sul~O Farol de Cristal~volume:3~FISICO~qtd:3~data:2024-12-14
USR-000937,Caio Costa Moreira,68,CPF,700.000.937-35,39~Ilhas Errantes~A Travessia das Flores~volume:4~FISICO~qtd:1~data:2024-07-13 || 16~Marés do Norte~A Ilha Submersa~volume:4~DIGITAL~qtd:3~data:2024-08-28 || 94~Crônicas do Tempo~Os Dias Invertidos~volume:3~DIGITAL~qtd:3~data:2024-10-19 || 10~Marés do Norte~O Jardim das Marés~volume:1~DIGITAL~qtd:1~data:2025-07-15 || 84~Luzes do Sul~A Estrada do Sul~volume:2~DIGITAL~qtd:1~data:2026-02-04 || 25~Estações~Caminhos de Outono~volume:1~FISICO~qtd:3~data:2026-02-27 || 65~Cidades de Sal~O Labirinto de Sal~volume:1~FISICO~qtd:2~data:2026-04-02 || 81~Luzes do Sul~A Primeira Luz~volume:1~FISICO~qtd:1~data:2026-04-24 || 42~Jardins Secretos~O Segredo das Acácias~volume:1~DIGITAL~qtd:3~data:2026-04-29 || 53~Viajantes de Papel~A Estrada de Cristal~volume:3~FISICO~qtd:1~data:2026-05-12
USR-000938,lucas lima moreira,79,RG,99.000.938-9,96~Crônicas do Tempo~O Último Minuto~volume:4~DIGITAL~qtd:1~data:2024-11-02 || 60~Serra Dourada~A Oficina dos Sonhos~volume:2~DIGITAL~qtd:1~data:2025-04-23 || 79~Reinos do Bosque~O Guardião das Raízes~volume:4~FISICO~qtd:2~data:2025-09-09
939,Isabela Gomes Vieira,39,CPF,700.000.939-05,57~Serra Dourada~Crônicas da Serra Dourada~volume:1~FISICO~qtd:2~data:2026-02-05
USR-000940,  CAIO SANTOS DIAS  ,60 anos,RG,99.000.940-3,24~Arquivos do Céu~A Última Constelação~volume:4~DIGITAL~qtd:1~data:2024-08-04 || 89~Crônicas do Tempo~O Relógio Partido~volume:1~FISICO~qtd:2~data:2025-03-19 || 49~Viajantes de Papel~O Viajante de Papel~volume:1~FISICO~qtd:3~data:2025-05-07 || 52~Viajantes de Papel~O Trem das Estrelas~volume:2~DIGITAL~qtd:1~data:2026-04-10 || 65~Cidades de Sal~O Labirinto de Sal~volume:1~FISICO~qtd:2~data:2026-05-07
USR-000941,Carla Mendes Ribeiro,75,CPF,700.000.941-11,28~Estações~O Caderno de Inverno~volume:2~DIGITAL~qtd:3~data:2024-03-02 || 60~Serra Dourada~A Oficina dos Sonhos~volume:2~DIGITAL~qtd:2~data:2024-12-19 || 13~Marés do Norte~O Último Faroleiro~volume:3~FISICO~qtd:1~data:2025-06-12 || 87~Luzes do Sul~Depois do Horizonte~volume:4~FISICO~qtd:3~data:2025-06-29 || 24~Arquivos do Céu~A Última Constelação~volume:4~DIGITAL~qtd:1~data:2025-09-01 || 70~Cidades de Sal~O Mercado das Sombras~volume:3~DIGITAL~qtd:1~data:2025-12-03 || 71~Cidades de Sal~A Cidade sem Portas~volume:4~FISICO~qtd:2~data:2026-05-08
942,Felipe Ferreira Henriques,26,rg,99.000.942-7,66~Cidades de Sal~O Labirinto de Sal~volume:1~DIGITAL~qtd:3~data:2025-12-22 || 38~Ilhas Errantes~O Porto das Histórias~volume:3~DIGITAL~qtd:1~data:2026-06-15
USR-000943,Samuel Henriques Vieira,59,CPF,700.000.943-83,85~Luzes do Sul~O Farol de Cristal~volume:3~FISICO~qtd:1~data:2025-02-01 || 96~Crônicas do Tempo~O Último Minuto~volume:4~DIGITAL~qtd:1~data:2025-08-03 || 73~Reinos do Bosque~A Semente de Prata~volume:1~FISICO~qtd:2~data:2026-01-14 || 50~Viajantes de Papel~O Viajante de Papel~volume:1~DIGITAL~qtd:1~data:2026-07-08
USR-000944,Olívia Santos Costa,24 anos,RG,99.000.944-1,33~Ilhas Errantes~A Ilha dos Ventos~volume:1~FISICO~qtd:3~data:2024-04-01 || 42~Jardins Secretos~O Segredo das Acácias~volume:1~DIGITAL~qtd:2~data:2024-07-02 || 3~As Torres de Âmbar~O Vale das Lanternas~volume:2~FISICO~qtd:3~data:2025-07-08 || 46~Jardins Secretos~A Casa das Sete Janelas~volume:3~DIGITAL~qtd:1~data:2026-03-31 || 36~Ilhas Errantes~Memórias do Rio Claro~volume:2~DIGITAL~qtd:1~data:2026-09-17
945,débora henriques almeida,76,CPF,700.000.945-45,56~Viajantes de Papel~Os Dias do Cometa~volume:4~DIGITAL~qtd:1~data:2025-05-05 || 23~Arquivos do Céu~A Última Constelação~volume:4~FISICO~qtd:3~data:2026-07-22
USR-000946,Caio Moreira Pereira,20,RG,99.000.946-5,43~Jardins Secretos~As Pontes de Aurora~volume:2~FISICO~qtd:2~data:2024-04-19 || 11~Marés do Norte~Cartas da Cidade Azul~volume:2~FISICO~qtd:1~data:2024-06-06 || 62~Serra Dourada~Horizontes de Cobre~volume:3~DIGITAL~qtd:3~data:2024-09-01 || 19~Arquivos do Céu~O Mapa de Vidro~volume:2~FISICO~qtd:1~data:2024-12-01 || 94~Crônicas do Tempo~Os Dias Invertidos~volume:3~DIGITAL~qtd:2~data:2025-02-24 || 10~Marés do Norte~O Jardim das Marés~volume:1~DIGITAL~qtd:2~data:2025-04-12 || 77~Reinos do Bosque~A Coroa de Folhas~volume:3~FISICO~qtd:3~data:2025-04-15 || 66~Cidades de Sal~O Labirinto de Sal~volume:1~DIGITAL~qtd:1~data:2026-04-16
USR-000947,Felipe Dias Teixeira,81,CPF,700.000.947-07,21~Arquivos do Céu~O Palácio dos Ventos~volume:3~FISICO~qtd:3~data:2024-04-24
948,Nuno Oliveira Ferreira,51 anos,rg,99.000.948-9,33~Ilhas Errantes~A Ilha dos Ventos~volume:1~FISICO~qtd:1~data:2024-01-12 || 93~Crônicas do Tempo~Os Dias Invertidos~volume:3~FISICO~qtd:3~data:2024-10-21 || 75~Reinos do Bosque~O Bosque Adormecido~volume:2~FISICO~qtd:2~data:2025-08-17 || 14~Marés do Norte~O Último Faroleiro~volume:3~DIGITAL~qtd:2~data:2025-12-17 || 1~As Torres de Âmbar~A Chave de Âmbar~volume:1~FISICO~qtd:3~data:2025-12-26 || 90~Crônicas do Tempo~O Relógio Partido~volume:1~DIGITAL~qtd:1~data:2026-08-06 || 50~Viajantes de Papel~O Viajante de Papel~volume:1~DIGITAL~qtd:2~data:2026-09-14
USR-000949,Teresa Ferreira Henriques,85,CPF,700.000.949-79,81~Luzes do Sul~A Primeira Luz~volume:1~FISICO~qtd:1~data:2024-03-29 || 40~Ilhas Errantes~A Travessia das Flores~volume:4~DIGITAL~qtd:3~data:2024-07-03 || 38~Ilhas Errantes~O Porto das Histórias~volume:3~DIGITAL~qtd:3~data:2024-08-29 || 89~Crônicas do Tempo~O Relógio Partido~volume:1~FISICO~qtd:3~data:2025-01-03 || 39~Ilhas Errantes~A Travessia das Flores~volume:4~FISICO~qtd:3~data:2025-05-11 || 5~As Torres de Âmbar~A Torre do Amanhecer~volume:3~FISICO~qtd:3~data:2025-09-15 || 93~Crônicas do Tempo~Os Dias Invertidos~volume:3~FISICO~qtd:1~data:2025-12-19
USR-000950,  ALICE ALMEIDA MENDES  ,40,RG,99.000.950-3,32~Estações~A Última Página do Verão~volume:4~DIGITAL~qtd:3~data:2024-03-21 || 22~Arquivos do Céu~O Palácio dos Ventos~volume:3~DIGITAL~qtd:2~data:2025-07-07 || 48~Jardins Secretos~A Canção dos Pinheiros~volume:4~DIGITAL~qtd:2~data:2025-08-04 || 81~Luzes do Sul~A Primeira Luz~volume:1~FISICO~qtd:2~data:2025-08-16 || 52~Viajantes de Papel~O Trem das Estrelas~volume:2~DIGITAL~qtd:3~data:2025-09-26 || 53~Viajantes de Papel~A Estrada de Cristal~volume:3~FISICO~qtd:3~data:2026-05-17 || 17~Arquivos do Céu~A Biblioteca das Nuvens~volume:1~FISICO~qtd:3~data:2026-06-03 || 41~Jardins Secretos~O Segredo das Acácias~volume:1~FISICO~qtd:3~data:2026-06-20 || 85~Luzes do Sul~O Farol de Cristal~volume:3~FISICO~qtd:3~data:2026-07-17 || 2~As Torres de Âmbar~A Chave de Âmbar~volume:1~DIGITAL~qtd:2~data:2026-08-19
951,Felipe Rocha Vieira,79,CPF,700.000.951-93,59~Serra Dourada~A Oficina dos Sonhos~volume:2~FISICO~qtd:3~data:2024-02-15 || 21~Arquivos do Céu~O Palácio dos Ventos~volume:3~FISICO~qtd:2~data:2024-10-18 || 35~Ilhas Errantes~Memórias do Rio Claro~volume:2~FISICO~qtd:1~data:2024-11-22 || 50~Viajantes de Papel~O Viajante de Papel~volume:1~DIGITAL~qtd:3~data:2026-02-09 || 67~Cidades de Sal~O Relógio da Praça~volume:2~FISICO~qtd:1~data:2026-05-14 || 43~Jardins Secretos~As Pontes de Aurora~volume:2~FISICO~qtd:1~data:2026-09-16
USR-000952,ana santos souza,31 anos,RG,99.000.952-7,53~Viajantes de Papel~A Estrada de Cristal~volume:3~FISICO~qtd:3~data:2024-05-21 || 34~Ilhas Errantes~A Ilha dos Ventos~volume:1~DIGITAL~qtd:2~data:2024-11-23 || 87~Luzes do Sul~Depois do Horizonte~volume:4~FISICO~qtd:2~data:2025-01-22 || 63~Serra Dourada~Os Guardiões do Horizonte~volume:4~FISICO~qtd:3~data:2025-04-27 || 71~Cidades de Sal~A Cidade sem Portas~volume:4~FISICO~qtd:3~data:2025-05-01 || 26~Estações~Caminhos de Outono~volume:1~DIGITAL~qtd:3~data:2025-09-05 || 65~Cidades de Sal~O Labirinto de Sal~volume:1~FISICO~qtd:1~data:2025-09-25 || 32~Estações~A Última Página do Verão~volume:4~DIGITAL~qtd:3~data:2025-11-03 || 75~Reinos do Bosque~O Bosque Adormecido~volume:2~FISICO~qtd:1~data:2025-11-10 || 60~Serra Dourada~A Oficina dos Sonhos~volume:2~DIGITAL~qtd:3~data:2026-01-30
USR-000953,Carla Ferreira Ribeiro,44,CPF,700.000.953-55,65~Cidades de Sal~O Labirinto de Sal~volume:1~FISICO~qtd:2~data:2025-02-20 || 56~Viajantes de Papel~Os Dias do Cometa~volume:4~DIGITAL~qtd:2~data:2026-07-21
954,Pedro Teixeira Costa,26,rg,99.000.954-1,53~Viajantes de Papel~A Estrada de Cristal~volume:3~FISICO~qtd:2~data:2024-10-26 || 51~Viajantes de Papel~O Trem das Estrelas~volume:2~FISICO~qtd:1~data:2024-11-25 || 28~Estações~O Caderno de Inverno~volume:2~DIGITAL~qtd:3~data:2025-08-05 || 88~Luzes do Sul~Depois do Horizonte~volume:4~DIGITAL~qtd:2~data:2025-09-04 || 40~Ilhas Errantes~A Travessia das Flores~volume:4~DIGITAL~qtd:2~data:2026-07-13 || 45~Jardins Secretos~A Casa das Sete Janelas~volume:3~FISICO~qtd:3~data:2026-08-12
USR-000955,Débora Costa Souza,18,CPF,700.000.955-17,69~Cidades de Sal~O Mercado das Sombras~volume:3~FISICO~qtd:2~data:2024-03-21 || 50~Viajantes de Papel~O Viajante de Papel~volume:1~DIGITAL~qtd:2~data:2024-12-15 || 90~Crônicas do Tempo~O Relógio Partido~volume:1~DIGITAL~qtd:3~data:2025-06-23 || 22~Arquivos do Céu~O Palácio dos Ventos~volume:3~DIGITAL~qtd:1~data:2025-09-26 || 18~Arquivos do Céu~A Biblioteca das Nuvens~volume:1~DIGITAL~qtd:2~data:2026-03-06
USR-000956,Carla Ribeiro Lima,70 anos,RG,99.000.956-5,20~Arquivos do Céu~O Mapa de Vidro~volume:2~DIGITAL~qtd:2~data:2025-06-29 || 27~Estações~O Caderno de Inverno~volume:2~FISICO~qtd:2~data:2026-03-18
957,Teresa Mendes Ferreira,75,CPF,700.000.957-89,26~Estações~Caminhos de Outono~volume:1~DIGITAL~qtd:1~data:2024-02-21 || 63~Serra Dourada~Os Guardiões do Horizonte~volume:4~FISICO~qtd:2~data:2024-08-26
USR-000958,Carla Cardoso Moreira,29,RG,99.000.958-9,65~Cidades de Sal~O Labirinto de Sal~volume:1~FISICO~qtd:2~data:2024-07-30 || 30~Estações~O Retrato da Primavera~volume:3~DIGITAL~qtd:1~data:2025-01-29 || 38~Ilhas Errantes~O Porto das Histórias~volume:3~DIGITAL~qtd:1~data:2026-02-20
USR-000959,vitor vieira moreira,59,CPF,700.000.959-41,46~Jardins Secretos~A Casa das Sete Janelas~volume:3~DIGITAL~qtd:2~data:2024-05-27 || 81~Luzes do Sul~A Primeira Luz~volume:1~FISICO~qtd:3~data:2024-07-02 || 44~Jardins Secretos~As Pontes de Aurora~volume:2~DIGITAL~qtd:2~data:2024-10-21 || 41~Jardins Secretos~O Segredo das Acácias~volume:1~FISICO~qtd:1~data:2025-01-09 || 45~Jardins Secretos~A Casa das Sete Janelas~volume:3~FISICO~qtd:1~data:2025-03-21 || 55~Viajantes de Papel~Os Dias do Cometa~volume:4~FISICO~qtd:3~data:2025-07-19 || 61~Serra Dourada~Horizontes de Cobre~volume:3~FISICO~qtd:1~data:2025-07-22 || 84~Luzes do Sul~A Estrada do Sul~volume:2~DIGITAL~qtd:2~data:2026-01-07 || 71~Cidades de Sal~A Cidade sem Portas~volume:4~FISICO~qtd:2~data:2026-02-12 || 21~Arquivos do Céu~O Palácio dos Ventos~volume:3~FISICO~qtd:1~data:2026-02-26
960,  RAFAELA DIAS HENRIQUES  ,48 anos,rg,99.000.960-3,28~Estações~O Caderno de Inverno~volume:2~DIGITAL~qtd:2~data:2024-04-06 || 40~Ilhas Errantes~A Travessia das Flores~volume:4~DIGITAL~qtd:3~data:2024-07-14 || 68~Cidades de Sal~O Relógio da Praça~volume:2~DIGITAL~qtd:1~data:2025-10-09 || 35~Ilhas Errantes~Memórias do Rio Claro~volume:2~FISICO~qtd:3~data:2025-11-28 || 4~As Torres de Âmbar~O Vale das Lanternas~volume:2~DIGITAL~qtd:3~data:2026-04-10 || 82~Luzes do Sul~A Primeira Luz~volume:1~DIGITAL~qtd:3~data:2026-04-24 || 13~Marés do Norte~O Último Faroleiro~volume:3~FISICO~qtd:1~data:2026-05-16 || 61~Serra Dourada~Horizontes de Cobre~volume:3~FISICO~qtd:1~data:2026-07-13
USR-000961,Ana Ribeiro Vieira,28,CPF,700.000.961-65,40~Ilhas Errantes~A Travessia das Flores~volume:4~DIGITAL~qtd:1~data:2024-01-18 || 26~Estações~Caminhos de Outono~volume:1~DIGITAL~qtd:1~data:2024-09-20 || 30~Estações~O Retrato da Primavera~volume:3~DIGITAL~qtd:3~data:2024-09-26 || 38~Ilhas Errantes~O Porto das Histórias~volume:3~DIGITAL~qtd:2~data:2026-03-11 || 78~Reinos do Bosque~A Coroa de Folhas~volume:3~DIGITAL~qtd:3~data:2026-05-07 || 92~Crônicas do Tempo~A Hora Esquecida~volume:2~DIGITAL~qtd:2~data:2026-07-30 || 84~Luzes do Sul~A Estrada do Sul~volume:2~DIGITAL~qtd:2~data:2026-08-31
USR-000962,Bruno Dias Pereira,23,RG,99.000.962-7,5~As Torres de Âmbar~A Torre do Amanhecer~volume:3~FISICO~qtd:2~data:2024-04-26 || 55~Viajantes de Papel~Os Dias do Cometa~volume:4~FISICO~qtd:1~data:2025-05-26 || 68~Cidades de Sal~O Relógio da Praça~volume:2~DIGITAL~qtd:1~data:2026-09-01
963,Felipe Nunes Henriques,32,CPF,700.000.963-27,96~Crônicas do Tempo~O Último Minuto~volume:4~DIGITAL~qtd:1~data:2024-02-14 || 16~Marés do Norte~A Ilha Submersa~volume:4~DIGITAL~qtd:2~data:2024-03-20 || 80~Reinos do Bosque~O Guardião das Raízes~volume:4~DIGITAL~qtd:2~data:2024-08-05 || 41~Jardins Secretos~O Segredo das Acácias~volume:1~FISICO~qtd:2~data:2025-01-15 || 2~As Torres de Âmbar~A Chave de Âmbar~volume:1~DIGITAL~qtd:1~data:2025-02-13 || 60~Serra Dourada~A Oficina dos Sonhos~volume:2~DIGITAL~qtd:1~data:2025-02-27 || 5~As Torres de Âmbar~A Torre do Amanhecer~volume:3~FISICO~qtd:3~data:2026-01-01 || 32~Estações~A Última Página do Verão~volume:4~DIGITAL~qtd:1~data:2026-09-21
USR-000964,Eduardo Gomes Gomes,60 anos,RG,99.000.964-1,47~Jardins Secretos~A Canção dos Pinheiros~volume:4~FISICO~qtd:1~data:2024-11-06 || 93~Crônicas do Tempo~Os Dias Invertidos~volume:3~FISICO~qtd:1~data:2024-12-08 || 71~Cidades de Sal~A Cidade sem Portas~volume:4~FISICO~qtd:3~data:2025-02-19 || 21~Arquivos do Céu~O Palácio dos Ventos~volume:3~FISICO~qtd:2~data:2025-03-31 || 33~Ilhas Errantes~A Ilha dos Ventos~volume:1~FISICO~qtd:2~data:2025-10-11 || 2~As Torres de Âmbar~A Chave de Âmbar~volume:1~DIGITAL~qtd:2~data:2025-12-31 || 92~Crônicas do Tempo~A Hora Esquecida~volume:2~DIGITAL~qtd:2~data:2026-01-17 || 60~Serra Dourada~A Oficina dos Sonhos~volume:2~DIGITAL~qtd:3~data:2026-07-26
USR-000965,Nuno Ribeiro Nunes,54,CPF,700.000.965-99,53~Viajantes de Papel~A Estrada de Cristal~volume:3~FISICO~qtd:1~data:2024-01-03 || 25~Estações~Caminhos de Outono~volume:1~FISICO~qtd:1~data:2025-04-19 || 3~As Torres de Âmbar~O Vale das Lanternas~volume:2~FISICO~qtd:2~data:2025-08-22
966,olívia souza henriques,56,rg,99.000.966-5,87~Luzes do Sul~Depois do Horizonte~volume:4~FISICO~qtd:3~data:2024-01-11 || 84~Luzes do Sul~A Estrada do Sul~volume:2~DIGITAL~qtd:1~data:2024-04-05 || 12~Marés do Norte~Cartas da Cidade Azul~volume:2~DIGITAL~qtd:1~data:2024-12-12 || 57~Serra Dourada~Crônicas da Serra Dourada~volume:1~FISICO~qtd:2~data:2025-02-24 || 28~Estações~O Caderno de Inverno~volume:2~DIGITAL~qtd:2~data:2025-05-05 || 9~Marés do Norte~O Jardim das Marés~volume:1~FISICO~qtd:1~data:2026-04-16
USR-000967,Gabriela Almeida Souza,48,CPF,700.000.967-51,42~Jardins Secretos~O Segredo das Acácias~volume:1~DIGITAL~qtd:1~data:2024-02-26 || 81~Luzes do Sul~A Primeira Luz~volume:1~FISICO~qtd:1~data:2024-06-28 || 66~Cidades de Sal~O Labirinto de Sal~volume:1~DIGITAL~qtd:2~data:2025-05-20 || 87~Luzes do Sul~Depois do Horizonte~volume:4~FISICO~qtd:3~data:2025-07-25 || 44~Jardins Secretos~As Pontes de Aurora~volume:2~DIGITAL~qtd:1~data:2026-02-01 || 40~Ilhas Errantes~A Travessia das Flores~volume:4~DIGITAL~qtd:3~data:2026-05-15 || 59~Serra Dourada~A Oficina dos Sonhos~volume:2~FISICO~qtd:1~data:2026-08-23
USR-000968,Olívia Ribeiro Gomes,73 anos,RG,99.000.968-9,37~Ilhas Errantes~O Porto das Histórias~volume:3~FISICO~qtd:2~data:2024-01-26 || 73~Reinos do Bosque~A Semente de Prata~volume:1~FISICO~qtd:3~data:2024-03-19 || 46~Jardins Secretos~A Casa das Sete Janelas~volume:3~DIGITAL~qtd:3~data:2024-12-08 || 17~Arquivos do Céu~A Biblioteca das Nuvens~volume:1~FISICO~qtd:3~data:2025-01-01 || 87~Luzes do Sul~Depois do Horizonte~volume:4~FISICO~qtd:3~data:2025-03-17 || 24~Arquivos do Céu~A Última Constelação~volume:4~DIGITAL~qtd:3~data:2025-06-25 || 63~Serra Dourada~Os Guardiões do Horizonte~volume:4~FISICO~qtd:2~data:2026-05-19 || 64~Serra Dourada~Os Guardiões do Horizonte~volume:4~DIGITAL~qtd:2~data:2026-05-23
969,Daniel Mendes Nunes,28,CPF,700.000.969-12,54~Viajantes de Papel~A Estrada de Cristal~volume:3~DIGITAL~qtd:2~data:2024-08-25 || 32~Estações~A Última Página do Verão~volume:4~DIGITAL~qtd:1~data:2024-10-13 || 1~As Torres de Âmbar~A Chave de Âmbar~volume:1~FISICO~qtd:2~data:2024-11-17 || 23~Arquivos do Céu~A Última Constelação~volume:4~FISICO~qtd:3~data:2024-12-14 || 8~As Torres de Âmbar~O Reino de Cinzas~volume:4~DIGITAL~qtd:1~data:2025-06-30 || 29~Estações~O Retrato da Primavera~volume:3~FISICO~qtd:1~data:2025-07-13 || 20~Arquivos do Céu~O Mapa de Vidro~volume:2~DIGITAL~qtd:3~data:2025-08-04 || 31~Estações~A Última Página do Verão~volume:4~FISICO~qtd:3~data:2026-04-13 || 36~Ilhas Errantes~Memórias do Rio Claro~volume:2~DIGITAL~qtd:1~data:2026-09-13
USR-000970,  LUCAS ALMEIDA LIMA  ,66,RG,99.000.970-3,12~Marés do Norte~Cartas da Cidade Azul~volume:2~DIGITAL~qtd:3~data:2024-10-10 || 56~Viajantes de Papel~Os Dias do Cometa~volume:4~DIGITAL~qtd:2~data:2024-12-12 || 7~As Torres de Âmbar~O Reino de Cinzas~volume:4~FISICO~qtd:1~data:2024-12-13 || 2~As Torres de Âmbar~A Chave de Âmbar~volume:1~DIGITAL~qtd:2~data:2025-03-19 || 93~Crônicas do Tempo~Os Dias Invertidos~volume:3~FISICO~qtd:1~data:2026-03-03 || 3~As Torres de Âmbar~O Vale das Lanternas~volume:2~FISICO~qtd:3~data:2026-04-12 || 69~Cidades de Sal~O Mercado das Sombras~volume:3~FISICO~qtd:1~data:2026-08-20
USR-000971,Rafaela Ferreira Gomes,47,CPF,700.000.971-37,49~Viajantes de Papel~O Viajante de Papel~volume:1~FISICO~qtd:2~data:2024-05-27 || 8~As Torres de Âmbar~O Reino de Cinzas~volume:4~DIGITAL~qtd:2~data:2025-02-08
972,Nuno Martins Ferreira,80 anos,rg,99.000.972-7,20~Arquivos do Céu~O Mapa de Vidro~volume:2~DIGITAL~qtd:1~data:2024-02-20 || 9~Marés do Norte~O Jardim das Marés~volume:1~FISICO~qtd:3~data:2024-03-15 || 19~Arquivos do Céu~O Mapa de Vidro~volume:2~FISICO~qtd:1~data:2024-10-11 || 47~Jardins Secretos~A Canção dos Pinheiros~volume:4~FISICO~qtd:3~data:2024-11-16 || 24~Arquivos do Céu~A Última Constelação~volume:4~DIGITAL~qtd:2~data:2025-01-18 || 95~Crônicas do Tempo~O Último Minuto~volume:4~FISICO~qtd:3~data:2025-10-09
USR-000973,bruno barbosa costa,83,CPF,700.000.973-07,29~Estações~O Retrato da Primavera~volume:3~FISICO~qtd:1~data:2024-01-28 || 36~Ilhas Errantes~Memórias do Rio Claro~volume:2~DIGITAL~qtd:3~data:2024-05-20 || 33~Ilhas Errantes~A Ilha dos Ventos~volume:1~FISICO~qtd:2~data:2024-07-31 || 18~Arquivos do Céu~A Biblioteca das Nuvens~volume:1~DIGITAL~qtd:3~data:2024-11-06 || 92~Crônicas do Tempo~A Hora Esquecida~volume:2~DIGITAL~qtd:1~data:2024-12-04 || 28~Estações~O Caderno de Inverno~volume:2~DIGITAL~qtd:1~data:2025-04-03 || 26~Estações~Caminhos de Outono~volume:1~DIGITAL~qtd:3~data:2025-06-21 || 75~Reinos do Bosque~O Bosque Adormecido~volume:2~FISICO~qtd:3~data:2025-10-09 || 55~Viajantes de Papel~Os Dias do Cometa~volume:4~FISICO~qtd:2~data:2025-10-24 || 21~Arquivos do Céu~O Palácio dos Ventos~volume:3~FISICO~qtd:3~data:2026-08-07
USR-000974,Elisa Mendes Rocha,46,RG,99.000.974-1,62~Serra Dourada~Horizontes de Cobre~volume:3~DIGITAL~qtd:3~data:2024-06-06 || 3~As Torres de Âmbar~O Vale das Lanternas~volume:2~FISICO~qtd:1~data:2024-09-06 || 88~Luzes do Sul~Depois do Horizonte~volume:4~DIGITAL~qtd:2~data:2024-12-16 || 59~Serra Dourada~A Oficina dos Sonhos~volume:2~FISICO~qtd:3~data:2025-02-14 || 68~Cidades de Sal~O Relógio da Praça~volume:2~DIGITAL~qtd:2~data:2025-05-20 || 42~Jardins Secretos~O Segredo das Acácias~volume:1~DIGITAL~qtd:2~data:2026-01-13 || 24~Arquivos do Céu~A Última Constelação~volume:4~DIGITAL~qtd:1~data:2026-08-26
975,Débora Souza Moreira,72,CPF,700.000.975-61,50~Viajantes de Papel~O Viajante de Papel~volume:1~DIGITAL~qtd:1~data:2024-01-04 || 63~Serra Dourada~Os Guardiões do Horizonte~volume:4~FISICO~qtd:1~data:2024-07-03 || 95~Crônicas do Tempo~O Último Minuto~volume:4~FISICO~qtd:3~data:2024-07-19 || 49~Viajantes de Papel~O Viajante de Papel~volume:1~FISICO~qtd:2~data:2024-12-27 || 18~Arquivos do Céu~A Biblioteca das Nuvens~volume:1~DIGITAL~qtd:2~data:2026-07-28
USR-000976,Pedro Nunes Costa,73 anos,RG,99.000.976-5,5~As Torres de Âmbar~A Torre do Amanhecer~volume:3~FISICO~qtd:2~data:2024-06-25 || 83~Luzes do Sul~A Estrada do Sul~volume:2~FISICO~qtd:2~data:2024-07-04 || 11~Marés do Norte~Cartas da Cidade Azul~volume:2~FISICO~qtd:3~data:2024-10-02 || 35~Ilhas Errantes~Memórias do Rio Claro~volume:2~FISICO~qtd:2~data:2025-09-04 || 96~Crônicas do Tempo~O Último Minuto~volume:4~DIGITAL~qtd:2~data:2025-10-25 || 72~Cidades de Sal~A Cidade sem Portas~volume:4~DIGITAL~qtd:2~data:2026-01-29 || 54~Viajantes de Papel~A Estrada de Cristal~volume:3~DIGITAL~qtd:3~data:2026-06-16
USR-000977,Débora Pereira Nunes,60,CPF,700.000.977-22,55~Viajantes de Papel~Os Dias do Cometa~volume:4~FISICO~qtd:3~data:2024-01-25 || 16~Marés do Norte~A Ilha Submersa~volume:4~DIGITAL~qtd:3~data:2025-12-15
978,João Costa Barbosa,59,rg,99.000.978-9,1~As Torres de Âmbar~A Chave de Âmbar~volume:1~FISICO~qtd:3~data:2025-03-20 || 88~Luzes do Sul~Depois do Horizonte~volume:4~DIGITAL~qtd:2~data:2026-07-31
USR-000979,Teresa Cardoso Pereira,70,CPF,700.000.979-94,45~Jardins Secretos~A Casa das Sete Janelas~volume:3~FISICO~qtd:1~data:2024-03-19 || 63~Serra Dourada~Os Guardiões do Horizonte~volume:4~FISICO~qtd:1~data:2024-04-21 || 77~Reinos do Bosque~A Coroa de Folhas~volume:3~FISICO~qtd:2~data:2024-07-08 || 3~As Torres de Âmbar~O Vale das Lanternas~volume:2~FISICO~qtd:3~data:2024-12-14 || 57~Serra Dourada~Crônicas da Serra Dourada~volume:1~FISICO~qtd:3~data:2024-12-15 || 78~Reinos do Bosque~A Coroa de Folhas~volume:3~DIGITAL~qtd:2~data:2025-04-14 || 13~Marés do Norte~O Último Faroleiro~volume:3~FISICO~qtd:3~data:2025-11-22 || 10~Marés do Norte~O Jardim das Marés~volume:1~DIGITAL~qtd:3~data:2026-02-09
USR-000980,  KARINA FERREIRA DIAS  ,47 anos,RG,99.000.980-3,27~Estações~O Caderno de Inverno~volume:2~FISICO~qtd:3~data:2024-02-13 || 62~Serra Dourada~Horizontes de Cobre~volume:3~DIGITAL~qtd:1~data:2024-07-01 || 24~Arquivos do Céu~A Última Constelação~volume:4~DIGITAL~qtd:1~data:2024-07-12
981,Lucas Rocha Gomes,72,CPF,700.000.981-09,52~Viajantes de Papel~O Trem das Estrelas~volume:2~DIGITAL~qtd:2~data:2026-08-28 || 37~Ilhas Errantes~O Porto das Histórias~volume:3~FISICO~qtd:1~data:2026-09-08
USR-000982,Karina Esteves Ribeiro,21,RG,99.000.982-7,92~Crônicas do Tempo~A Hora Esquecida~volume:2~DIGITAL~qtd:1~data:2024-01-13 || 62~Serra Dourada~Horizontes de Cobre~volume:3~DIGITAL~qtd:1~data:2025-04-15 || 48~Jardins Secretos~A Canção dos Pinheiros~volume:4~DIGITAL~qtd:1~data:2025-08-14 || 61~Serra Dourada~Horizontes de Cobre~volume:3~FISICO~qtd:1~data:2025-09-30 || 28~Estações~O Caderno de Inverno~volume:2~DIGITAL~qtd:3~data:2026-08-10 || 53~Viajantes de Papel~A Estrada de Cristal~volume:3~FISICO~qtd:2~data:2026-09-25
USR-000983,João Oliveira Pereira,43,CPF,700.000.983-71,1~As Torres de Âmbar~A Chave de Âmbar~volume:1~FISICO~qtd:2~data:2024-01-23 || 70~Cidades de Sal~O Mercado das Sombras~volume:3~DIGITAL~qtd:3~data:2024-09-16 || 44~Jardins Secretos~As Pontes de Aurora~volume:2~DIGITAL~qtd:3~data:2024-09-25 || 88~Luzes do Sul~Depois do Horizonte~volume:4~DIGITAL~qtd:2~data:2024-11-18 || 31~Estações~A Última Página do Verão~volume:4~FISICO~qtd:2~data:2024-12-04 || 92~Crônicas do Tempo~A Hora Esquecida~volume:2~DIGITAL~qtd:3~data:2025-02-28 || 4~As Torres de Âmbar~O Vale das Lanternas~volume:2~DIGITAL~qtd:1~data:2025-06-22 || 42~Jardins Secretos~O Segredo das Acácias~volume:1~DIGITAL~qtd:3~data:2026-09-16
984,Caio Ferreira Barbosa,81 anos,rg,99.000.984-1,26~Estações~Caminhos de Outono~volume:1~DIGITAL~qtd:2~data:2026-02-15
USR-000985,Gabriela Ribeiro Pereira,50,CPF,700.000.985-32,20~Arquivos do Céu~O Mapa de Vidro~volume:2~DIGITAL~qtd:1~data:2024-10-01 || 88~Luzes do Sul~Depois do Horizonte~volume:4~DIGITAL~qtd:3~data:2024-11-12 || 23~Arquivos do Céu~A Última Constelação~volume:4~FISICO~qtd:2~data:2024-11-22 || 22~Arquivos do Céu~O Palácio dos Ventos~volume:3~DIGITAL~qtd:3~data:2025-01-14 || 79~Reinos do Bosque~O Guardião das Raízes~volume:4~FISICO~qtd:2~data:2025-05-17 || 25~Estações~Caminhos de Outono~volume:1~FISICO~qtd:3~data:2025-07-01 || 93~Crônicas do Tempo~Os Dias Invertidos~volume:3~FISICO~qtd:1~data:2025-08-03 || 8~As Torres de Âmbar~O Reino de Cinzas~volume:4~DIGITAL~qtd:3~data:2026-07-09
USR-000986,Elisa Pereira Pereira,25,RG,99.000.986-5,85~Luzes do Sul~O Farol de Cristal~volume:3~FISICO~qtd:2~data:2024-02-18 || 38~Ilhas Errantes~O Porto das Histórias~volume:3~DIGITAL~qtd:2~data:2024-02-25 || 43~Jardins Secretos~As Pontes de Aurora~volume:2~FISICO~qtd:3~data:2024-07-19 || 9~Marés do Norte~O Jardim das Marés~volume:1~FISICO~qtd:1~data:2024-10-05 || 20~Arquivos do Céu~O Mapa de Vidro~volume:2~DIGITAL~qtd:3~data:2025-01-08 || 63~Serra Dourada~Os Guardiões do Horizonte~volume:4~FISICO~qtd:1~data:2025-12-31 || 35~Ilhas Errantes~Memórias do Rio Claro~volume:2~FISICO~qtd:1~data:2026-09-21 || 27~Estações~O Caderno de Inverno~volume:2~FISICO~qtd:2~data:2026-09-21
987,eduardo costa esteves,62,CPF,700.000.987-02,5~As Torres de Âmbar~A Torre do Amanhecer~volume:3~FISICO~qtd:1~data:2024-02-01 || 61~Serra Dourada~Horizontes de Cobre~volume:3~FISICO~qtd:1~data:2024-05-10 || 85~Luzes do Sul~O Farol de Cristal~volume:3~FISICO~qtd:2~data:2024-10-23 || 66~Cidades de Sal~O Labirinto de Sal~volume:1~DIGITAL~qtd:1~data:2024-11-27 || 22~Arquivos do Céu~O Palácio dos Ventos~volume:3~DIGITAL~qtd:3~data:2024-12-16 || 62~Serra Dourada~Horizontes de Cobre~volume:3~DIGITAL~qtd:2~data:2024-12-20 || 78~Reinos do Bosque~A Coroa de Folhas~volume:3~DIGITAL~qtd:3~data:2026-06-12 || 43~Jardins Secretos~As Pontes de Aurora~volume:2~FISICO~qtd:2~data:2026-08-02 || 31~Estações~A Última Página do Verão~volume:4~FISICO~qtd:2~data:2026-09-21
USR-000988,Olívia Santos Mendes,62 anos,RG,99.000.988-9,10~Marés do Norte~O Jardim das Marés~volume:1~DIGITAL~qtd:1~data:2024-05-02 || 69~Cidades de Sal~O Mercado das Sombras~volume:3~FISICO~qtd:2~data:2024-09-16 || 85~Luzes do Sul~O Farol de Cristal~volume:3~FISICO~qtd:2~data:2024-09-26 || 87~Luzes do Sul~Depois do Horizonte~volume:4~FISICO~qtd:2~data:2025-05-16 || 70~Cidades de Sal~O Mercado das Sombras~volume:3~DIGITAL~qtd:2~data:2025-06-13 || 54~Viajantes de Papel~A Estrada de Cristal~volume:3~DIGITAL~qtd:1~data:2025-06-24 || 51~Viajantes de Papel~O Trem das Estrelas~volume:2~FISICO~qtd:1~data:2025-09-04 || 19~Arquivos do Céu~O Mapa de Vidro~volume:2~FISICO~qtd:3~data:2025-12-30 || 72~Cidades de Sal~A Cidade sem Portas~volume:4~DIGITAL~qtd:1~data:2026-07-27
USR-000989,Isabela Teixeira Henriques,77,CPF,700.000.989-66,74~Reinos do Bosque~A Semente de Prata~volume:1~DIGITAL~qtd:1~data:2024-01-31 || 25~Estações~Caminhos de Outono~volume:1~FISICO~qtd:3~data:2024-03-13 || 26~Estações~Caminhos de Outono~volume:1~DIGITAL~qtd:3~data:2024-06-30 || 59~Serra Dourada~A Oficina dos Sonhos~volume:2~FISICO~qtd:1~data:2024-12-31 || 31~Estações~A Última Página do Verão~volume:4~FISICO~qtd:1~data:2025-08-12 || 54~Viajantes de Papel~A Estrada de Cristal~volume:3~DIGITAL~qtd:1~data:2025-10-25 || 34~Ilhas Errantes~A Ilha dos Ventos~volume:1~DIGITAL~qtd:3~data:2026-03-23 || 92~Crônicas do Tempo~A Hora Esquecida~volume:2~DIGITAL~qtd:3~data:2026-06-11
990,  DANIEL MOREIRA MARTINS  ,70,rg,99.000.990-3,94~Crônicas do Tempo~Os Dias Invertidos~volume:3~DIGITAL~qtd:2~data:2024-01-05 || 31~Estações~A Última Página do Verão~volume:4~FISICO~qtd:1~data:2024-02-09 || 6~As Torres de Âmbar~A Torre do Amanhecer~volume:3~DIGITAL~qtd:3~data:2024-07-23 || 82~Luzes do Sul~A Primeira Luz~volume:1~DIGITAL~qtd:2~data:2025-06-12 || 16~Marés do Norte~A Ilha Submersa~volume:4~DIGITAL~qtd:1~data:2025-10-18 || 77~Reinos do Bosque~A Coroa de Folhas~volume:3~FISICO~qtd:3~data:2026-01-12 || 10~Marés do Norte~O Jardim das Marés~volume:1~DIGITAL~qtd:2~data:2026-07-12 || 69~Cidades de Sal~O Mercado das Sombras~volume:3~FISICO~qtd:2~data:2026-09-11
USR-000991,Daniel Rocha Ribeiro,26,CPF,700.000.991-81,38~Ilhas Errantes~O Porto das Histórias~volume:3~DIGITAL~qtd:2~data:2026-08-20
USR-000992,Daniel Santos Pereira,53 anos,RG,99.000.992-7,48~Jardins Secretos~A Canção dos Pinheiros~volume:4~DIGITAL~qtd:3~data:2024-04-24 || 94~Crônicas do Tempo~Os Dias Invertidos~volume:3~DIGITAL~qtd:2~data:2024-05-07 || 82~Luzes do Sul~A Primeira Luz~volume:1~DIGITAL~qtd:3~data:2024-05-09 || 73~Reinos do Bosque~A Semente de Prata~volume:1~FISICO~qtd:2~data:2024-07-13 || 86~Luzes do Sul~O Farol de Cristal~volume:3~DIGITAL~qtd:3~data:2024-08-20 || 71~Cidades de Sal~A Cidade sem Portas~volume:4~FISICO~qtd:2~data:2024-11-18 || 23~Arquivos do Céu~A Última Constelação~volume:4~FISICO~qtd:1~data:2025-02-17 || 84~Luzes do Sul~A Estrada do Sul~volume:2~DIGITAL~qtd:1~data:2025-09-06 || 27~Estações~O Caderno de Inverno~volume:2~FISICO~qtd:1~data:2025-10-30 || 87~Luzes do Sul~Depois do Horizonte~volume:4~FISICO~qtd:2~data:2026-02-01
993,Lucas Dias Esteves,36,CPF,700.000.993-42,75~Reinos do Bosque~O Bosque Adormecido~volume:2~FISICO~qtd:1~data:2024-05-20 || 53~Viajantes de Papel~A Estrada de Cristal~volume:3~FISICO~qtd:2~data:2026-05-16 || 6~As Torres de Âmbar~A Torre do Amanhecer~volume:3~DIGITAL~qtd:1~data:2026-06-14
USR-000994,ana henriques oliveira,38,RG,99.000.994-1,71~Cidades de Sal~A Cidade sem Portas~volume:4~FISICO~qtd:3~data:2024-09-16 || 29~Estações~O Retrato da Primavera~volume:3~FISICO~qtd:2~data:2026-03-19
USR-000995,Elisa Mendes Teixeira,62,CPF,700.000.995-04,56~Viajantes de Papel~Os Dias do Cometa~volume:4~DIGITAL~qtd:1~data:2024-07-15 || 17~Arquivos do Céu~A Biblioteca das Nuvens~volume:1~FISICO~qtd:3~data:2024-10-30 || 10~Marés do Norte~O Jardim das Marés~volume:1~DIGITAL~qtd:3~data:2025-02-04 || 14~Marés do Norte~O Último Faroleiro~volume:3~DIGITAL~qtd:1~data:2025-07-23 || 22~Arquivos do Céu~O Palácio dos Ventos~volume:3~DIGITAL~qtd:2~data:2025-08-31 || 76~Reinos do Bosque~O Bosque Adormecido~volume:2~DIGITAL~qtd:2~data:2025-09-28 || 83~Luzes do Sul~A Estrada do Sul~volume:2~FISICO~qtd:2~data:2025-11-21 || 57~Serra Dourada~Crônicas da Serra Dourada~volume:1~FISICO~qtd:3~data:2025-12-08 || 30~Estações~O Retrato da Primavera~volume:3~DIGITAL~qtd:1~data:2026-02-18 || 9~Marés do Norte~O Jardim das Marés~volume:1~FISICO~qtd:2~data:2026-05-10
996,João Oliveira Vieira,65 anos,rg,99.000.996-5,24~Arquivos do Céu~A Última Constelação~volume:4~DIGITAL~qtd:1~data:2024-10-14 || 3~As Torres de Âmbar~O Vale das Lanternas~volume:2~FISICO~qtd:3~data:2025-06-12
USR-000997,Marina Martins Mendes,60,CPF,700.000.997-76,35~Ilhas Errantes~Memórias do Rio Claro~volume:2~FISICO~qtd:2~data:2025-10-29 || 28~Estações~O Caderno de Inverno~volume:2~DIGITAL~qtd:2~data:2025-12-15 || 90~Crônicas do Tempo~O Relógio Partido~volume:1~DIGITAL~qtd:1~data:2026-01-19
USR-000998,Elisa Santos Gomes,43,RG,99.000.998-9,60~Serra Dourada~A Oficina dos Sonhos~volume:2~DIGITAL~qtd:2~data:2025-01-19 || 64~Serra Dourada~Os Guardiões do Horizonte~volume:4~DIGITAL~qtd:3~data:2025-08-13 || 8~As Torres de Âmbar~O Reino de Cinzas~volume:4~DIGITAL~qtd:2~data:2025-08-17 || 17~Arquivos do Céu~A Biblioteca das Nuvens~volume:1~FISICO~qtd:1~data:2026-01-06
999,João Almeida Oliveira,54,CPF,700.000.999-38,8~As Torres de Âmbar~O Reino de Cinzas~volume:4~DIGITAL~qtd:1~data:2026-01-12
USR-001000,  CAIO DIAS DIAS  ,70 anos,RG,99.001.000-3,78~Reinos do Bosque~A Coroa de Folhas~volume:3~DIGITAL~qtd:2~data:2024-05-31 || 43~Jardins Secretos~As Pontes de Aurora~volume:2~FISICO~qtd:1~data:2024-08-28 || 75~Reinos do Bosque~O Bosque Adormecido~volume:2~FISICO~qtd:2~data:2024-09-15 || 83~Luzes do Sul~A Estrada do Sul~volume:2~FISICO~qtd:1~data:2024-09-15 || 31~Estações~A Última Página do Verão~volume:4~FISICO~qtd:2~data:2024-11-02 || 39~Ilhas Errantes~A Travessia das Flores~volume:4~FISICO~qtd:3~data:2025-03-20 || 62~Serra Dourada~Horizontes de Cobre~volume:3~DIGITAL~qtd:3~data:2025-07-10 || 36~Ilhas Errantes~Memórias do Rio Claro~volume:2~DIGITAL~qtd:3~data:2026-03-28
