pedido_id,atendimento_id,usuario_id,produto_id,livro_id,formato,quantidade,preco_unitario,valor_total,pagamento_status,aprovacao_humana,documento_status,criado_em
PED-000001,ATD-000003,112,25-FISICO,25,FISICO,1,25.85,25.85,TESTE_APROVADO,APROVADA,SIMULADO_APROVADO,2026-06-01 13:15:00
PED-000002,ATD-000006,223,40-DIGITAL,40,DIGITAL,1,22.40,22.40,TESTE_APROVADO,APROVADA,SIMULADO_APROVADO,2026-06-01 16:19:00
PED-000003,ATD-000009,334,44-FISICO,44,FISICO,1,28.50,28.50,TESTE_APROVADO,APROVADA,SIMULADO_APROVADO,2026-06-01 20:35:00
PED-000004,ATD-000010,371,11-DIGITAL,11,DIGITAL,1,19.35,19.35,TESTE_APROVADO,APROVADA,SIMULADO_APROVADO,2026-06-01 21:21:00
PED-000005,ATD-000011,408,40-DIGITAL,40,DIGITAL,1,22.40,22.40,TESTE_APROVADO,APROVADA,SIMULADO_APROVADO,2026-06-01 22:57:00
PED-000006,ATD-000013,482,2-DIGITAL,2,DIGITAL,1,15.00,15.00,TESTE_APROVADO,APROVADA,SIMULADO_APROVADO,2026-06-02 00:59:00
PED-000007,ATD-000014,519,8-DIGITAL,8,DIGITAL,1,17.20,17.20,TESTE_APROVADO,APROVADA,SIMULADO_APROVADO,2026-06-02 01:57:00
PED-000008,ATD-000019,704,17-FISICO,17,FISICO,1,24.55,24.55,TESTE_APROVADO,APROVADA,SIMULADO_APROVADO,2026-06-02 08:07:00
PED-000009,ATD-000021,778,4-DIGITAL,4,DIGITAL,1,21.10,21.10,TESTE_APROVADO,APROVADA,SIMULADO_APROVADO,2026-06-02 09:59:00
PED-000010,ATD-000022,815,37-FISICO,37,FISICO,1,23.25,23.25,TESTE_APROVADO,APROVADA,SIMULADO_APROVADO,2026-06-02 11:54:00
PED-000011,ATD-000026,963,41-DIGITAL,41,DIGITAL,1,18.45,18.45,TESTE_APROVADO,APROVADA,SIMULADO_APROVADO,2026-06-02 16:17:00
PED-000012,ATD-000027,1000,29-FISICO,29,FISICO,1,21.95,21.95,TESTE_APROVADO,APROVADA,SIMULADO_APROVADO,2026-06-02 17:26:00
PED-000013,ATD-000029,74,6-FISICO,6,FISICO,2,30.20,60.40,TESTE_APROVADO,APROVADA,SIMULADO_APROVADO,2026-06-02 20:05:00
PED-000014,ATD-000031,148,2-DIGITAL,2,DIGITAL,1,15.00,15.00,TESTE_APROVADO,APROVADA,SIMULADO_APROVADO,2026-06-02 22:08:00
PED-000015,ATD-000034,259,34-FISICO,34,FISICO,1,30.20,30.20,TESTE_APROVADO,APROVADA,SIMULADO_APROVADO,2026-06-03 02:00:00
PED-000016,ATD-000035,296,19-DIGITAL,19,DIGITAL,1,20.65,20.65,TESTE_APROVADO,APROVADA,SIMULADO_APROVADO,2026-06-03 03:21:00
PED-000017,ATD-000039,444,41-FISICO,41,FISICO,1,28.45,28.45,TESTE_APROVADO,APROVADA,SIMULADO_APROVADO,2026-06-03 08:12:00
PED-000018,ATD-000040,481,15-FISICO,15,FISICO,1,25.45,25.45,TESTE_APROVADO,APROVADA,SIMULADO_APROVADO,2026-06-03 08:43:00
PED-000019,ATD-000043,592,23-DIGITAL,23,DIGITAL,1,16.75,16.75,TESTE_APROVADO,APROVADA,SIMULADO_APROVADO,2026-06-03 12:26:00
PED-000020,ATD-000046,703,35-FISICO,35,FISICO,2,24.15,48.30,TESTE_APROVADO,APROVADA,SIMULADO_APROVADO,2026-06-03 16:14:00
PED-000021,ATD-000048,777,12-FISICO,12,FISICO,1,32.40,32.40,TESTE_APROVADO,APROVADA,SIMULADO_APROVADO,2026-06-03 18:01:00
PED-000022,ATD-000052,925,43-DIGITAL,43,DIGITAL,1,15.45,15.45,TESTE_APROVADO,APROVADA,SIMULADO_APROVADO,2026-06-03 22:59:00
PED-000023,ATD-000054,999,19-FISICO,19,FISICO,1,30.65,30.65,TESTE_APROVADO,APROVADA,SIMULADO_APROVADO,2026-06-04 01:50:00
PED-000024,ATD-000056,73,6-FISICO,6,FISICO,1,30.20,30.20,TESTE_APROVADO,APROVADA,SIMULADO_APROVADO,2026-06-04 03:31:00
PED-000025,ATD-000058,147,40-FISICO,40,FISICO,1,32.40,32.40,TESTE_APROVADO,APROVADA,SIMULADO_APROVADO,2026-06-04 06:37:00
PED-000026,ATD-000060,221,6-FISICO,6,FISICO,1,30.20,30.20,TESTE_APROVADO,APROVADA,SIMULADO_APROVADO,2026-06-04 08:22:00
PED-000027,ATD-000061,258,1-DIGITAL,1,DIGITAL,1,11.95,11.95,TESTE_APROVADO,APROVADA,SIMULADO_APROVADO,2026-06-04 09:29:00
PED-000028,ATD-000073,702,5-DIGITAL,5,DIGITAL,1,17.15,17.15,TESTE_APROVADO,APROVADA,SIMULADO_APROVADO,2026-06-04 23:35:00
PED-000029,ATD-000076,813,15-DIGITAL,15,DIGITAL,1,15.45,15.45,TESTE_APROVADO,APROVADA,SIMULADO_APROVADO,2026-06-05 03:33:00
PED-000030,ATD-000077,850,3-FISICO,3,FISICO,1,28.05,28.05,TESTE_APROVADO,APROVADA,SIMULADO_APROVADO,2026-06-05 04:35:00
PED-000031,ATD-000078,887,26-FISICO,26,FISICO,2,28.90,57.80,TESTE_APROVADO,APROVADA,SIMULADO_APROVADO,2026-06-05 05:24:00
PED-000032,ATD-000079,924,22-FISICO,22,FISICO,1,23.70,23.70,TESTE_APROVADO,APROVADA,SIMULADO_APROVADO,2026-06-05 07:17:00
PED-000033,ATD-000080,961,5-DIGITAL,5,DIGITAL,1,17.15,17.15,TESTE_APROVADO,APROVADA,SIMULADO_APROVADO,2026-06-05 08:13:00
PED-000034,ATD-000081,998,10-DIGITAL,10,DIGITAL,1,16.30,16.30,TESTE_APROVADO,APROVADA,SIMULADO_APROVADO,2026-06-05 09:01:00
PED-000035,ATD-000083,72,11-DIGITAL,11,DIGITAL,1,19.35,19.35,TESTE_APROVADO,APROVADA,SIMULADO_APROVADO,2026-06-05 11:20:00
PED-000036,ATD-000084,109,8-FISICO,8,FISICO,1,27.20,27.20,TESTE_APROVADO,APROVADA,SIMULADO_APROVADO,2026-06-05 12:48:00
PED-000037,ATD-000086,183,43-DIGITAL,43,DIGITAL,1,15.45,15.45,TESTE_APROVADO,APROVADA,SIMULADO_APROVADO,2026-06-05 15:16:00
PED-000038,ATD-000087,220,28-FISICO,28,FISICO,1,25.90,25.90,TESTE_APROVADO,APROVADA,SIMULADO_APROVADO,2026-06-05 16:39:00
PED-000039,ATD-000089,294,11-DIGITAL,11,DIGITAL,1,19.35,19.35,TESTE_APROVADO,APROVADA,SIMULADO_APROVADO,2026-06-05 19:14:00
PED-000040,ATD-000093,442,3-DIGITAL,3,DIGITAL,1,18.05,18.05,TESTE_APROVADO,APROVADA,SIMULADO_APROVADO,2026-06-05 23:51:00
PED-000041,ATD-000097,590,23-DIGITAL,23,DIGITAL,1,16.75,16.75,TESTE_APROVADO,APROVADA,SIMULADO_APROVADO,2026-06-06 04:09:00
PED-000042,ATD-000099,664,19-FISICO,19,FISICO,1,30.65,30.65,TESTE_APROVADO,APROVADA,SIMULADO_APROVADO,2026-06-06 06:55:00
PED-000043,ATD-000105,886,40-FISICO,40,FISICO,1,32.40,32.40,TESTE_APROVADO,APROVADA,SIMULADO_APROVADO,2026-06-06 13:47:00
PED-000044,ATD-000107,960,32-DIGITAL,32,DIGITAL,1,21.10,21.10,TESTE_APROVADO,APROVADA,SIMULADO_APROVADO,2026-06-06 16:08:00
PED-000045,ATD-000109,34,10-FISICO,10,FISICO,1,26.30,26.30,TESTE_APROVADO,APROVADA,SIMULADO_APROVADO,2026-06-06 18:41:00
PED-000046,ATD-000111,108,41-DIGITAL,41,DIGITAL,1,18.45,18.45,TESTE_APROVADO,APROVADA,SIMULADO_APROVADO,2026-06-06 20:34:00
PED-000047,ATD-000116,293,41-DIGITAL,41,DIGITAL,1,18.45,18.45,TESTE_APROVADO,APROVADA,SIMULADO_APROVADO,2026-06-07 02:37:00
PED-000048,ATD-000117,330,10-DIGITAL,10,DIGITAL,1,16.30,16.30,TESTE_APROVADO,APROVADA,SIMULADO_APROVADO,2026-06-07 04:12:00
PED-000049,ATD-000121,478,17-DIGITAL,17,DIGITAL,2,14.55,29.10,TESTE_APROVADO,APROVADA,SIMULADO_APROVADO,2026-06-07 08:29:00
PED-000050,ATD-000124,589,17-DIGITAL,17,DIGITAL,1,14.55,14.55,TESTE_APROVADO,APROVADA,SIMULADO_APROVADO,2026-06-07 12:33:00
PED-000051,ATD-000125,626,42-DIGITAL,42,DIGITAL,1,12.40,12.40,TESTE_APROVADO,APROVADA,SIMULADO_APROVADO,2026-06-07 13:24:00
PED-000052,ATD-000132,885,19-DIGITAL,19,DIGITAL,1,20.65,20.65,TESTE_APROVADO,APROVADA,SIMULADO_APROVADO,2026-06-07 21:39:00
PED-000053,ATD-000134,959,10-FISICO,10,FISICO,1,26.30,26.30,TESTE_APROVADO,APROVADA,SIMULADO_APROVADO,2026-06-07 23:43:00
PED-000054,ATD-000137,70,26-FISICO,26,FISICO,1,28.90,28.90,TESTE_APROVADO,APROVADA,SIMULADO_APROVADO,2026-06-08 03:34:00
PED-000055,ATD-000138,107,16-DIGITAL,16,DIGITAL,1,18.50,18.50,TESTE_APROVADO,APROVADA,SIMULADO_APROVADO,2026-06-08 04:36:00
PED-000056,ATD-000140,181,20-DIGITAL,20,DIGITAL,1,23.70,23.70,TESTE_APROVADO,APROVADA,SIMULADO_APROVADO,2026-06-08 07:18:00
PED-000057,ATD-000141,218,3-FISICO,3,FISICO,1,28.05,28.05,TESTE_APROVADO,APROVADA,SIMULADO_APROVADO,2026-06-08 08:18:00
PED-000058,ATD-000144,329,36-DIGITAL,36,DIGITAL,1,17.20,17.20,TESTE_APROVADO,APROVADA,SIMULADO_APROVADO,2026-06-08 12:13:00
PED-000059,ATD-000146,403,3-FISICO,3,FISICO,1,28.05,28.05,TESTE_APROVADO,APROVADA,SIMULADO_APROVADO,2026-06-08 13:52:00
PED-000060,ATD-000148,477,34-DIGITAL,34,DIGITAL,1,20.20,20.20,TESTE_APROVADO,APROVADA,SIMULADO_APROVADO,2026-06-08 16:31:00
PED-000061,ATD-000149,514,1-DIGITAL,1,DIGITAL,1,11.95,11.95,TESTE_APROVADO,APROVADA,SIMULADO_APROVADO,2026-06-08 18:05:00
PED-000062,ATD-000151,588,43-DIGITAL,43,DIGITAL,1,15.45,15.45,TESTE_APROVADO,APROVADA,SIMULADO_APROVADO,2026-06-08 20:00:00
PED-000063,ATD-000153,662,2-DIGITAL,2,DIGITAL,1,15.00,15.00,TESTE_APROVADO,APROVADA,SIMULADO_APROVADO,2026-06-08 22:25:00
PED-000064,ATD-000154,699,33-DIGITAL,33,DIGITAL,1,17.15,17.15,TESTE_APROVADO,APROVADA,SIMULADO_APROVADO,2026-06-09 00:14:00
PED-000065,ATD-000156,773,16-DIGITAL,16,DIGITAL,1,18.50,18.50,TESTE_APROVADO,APROVADA,SIMULADO_APROVADO,2026-06-09 02:09:00
PED-000066,ATD-000158,847,35-DIGITAL,35,DIGITAL,2,14.15,28.30,TESTE_APROVADO,APROVADA,SIMULADO_APROVADO,2026-06-09 04:42:00
PED-000067,ATD-000160,921,44-DIGITAL,44,DIGITAL,1,18.50,18.50,TESTE_APROVADO,APROVADA,SIMULADO_APROVADO,2026-06-09 06:29:00
PED-000068,ATD-000162,995,10-DIGITAL,10,DIGITAL,1,16.30,16.30,TESTE_APROVADO,APROVADA,SIMULADO_APROVADO,2026-06-09 09:29:00
PED-000069,ATD-000163,32,28-FISICO,28,FISICO,1,25.90,25.90,TESTE_APROVADO,APROVADA,SIMULADO_APROVADO,2026-06-09 10:37:00
PED-000070,ATD-000164,69,15-DIGITAL,15,DIGITAL,1,15.45,15.45,TESTE_APROVADO,APROVADA,SIMULADO_APROVADO,2026-06-09 11:46:00
PED-000071,ATD-000168,217,20-DIGITAL,20,DIGITAL,2,23.70,47.40,TESTE_APROVADO,APROVADA,SIMULADO_APROVADO,2026-06-09 16:33:00
PED-000072,ATD-000170,291,2-FISICO,2,FISICO,2,25.00,50.00,TESTE_APROVADO,APROVADA,SIMULADO_APROVADO,2026-06-09 19:00:00
PED-000073,ATD-000174,439,28-DIGITAL,28,DIGITAL,1,15.90,15.90,TESTE_APROVADO,APROVADA,SIMULADO_APROVADO,2026-06-09 23:20:00
PED-000074,ATD-000180,661,18-DIGITAL,18,DIGITAL,1,17.60,17.60,TESTE_APROVADO,APROVADA,SIMULADO_APROVADO,2026-06-10 06:45:00
PED-000075,ATD-000183,772,27-DIGITAL,27,DIGITAL,1,21.95,21.95,TESTE_APROVADO,APROVADA,SIMULADO_APROVADO,2026-06-10 10:17:00
PED-000076,ATD-000187,920,47-FISICO,47,FISICO,1,30.65,30.65,TESTE_APROVADO,APROVADA,SIMULADO_APROVADO,2026-06-10 14:57:00
PED-000077,ATD-000189,994,34-DIGITAL,34,DIGITAL,1,20.20,20.20,TESTE_APROVADO,APROVADA,SIMULADO_APROVADO,2026-06-10 17:19:00
PED-000078,ATD-000192,105,11-DIGITAL,11,DIGITAL,1,19.35,19.35,TESTE_APROVADO,APROVADA,SIMULADO_APROVADO,2026-06-10 20:43:00
PED-000079,ATD-000193,142,48-DIGITAL,48,DIGITAL,1,23.70,23.70,TESTE_APROVADO,APROVADA,SIMULADO_APROVADO,2026-06-10 22:02:00
PED-000080,ATD-000201,438,4-FISICO,4,FISICO,1,31.10,31.10,TESTE_APROVADO,APROVADA,SIMULADO_APROVADO,2026-06-11 07:42:00
PED-000081,ATD-000202,475,45-DIGITAL,45,DIGITAL,1,14.55,14.55,TESTE_APROVADO,APROVADA,SIMULADO_APROVADO,2026-06-11 08:17:00
PED-000082,ATD-000203,512,7-DIGITAL,7,DIGITAL,1,14.15,14.15,TESTE_APROVADO,APROVADA,SIMULADO_APROVADO,2026-06-11 09:53:00
PED-000083,ATD-000205,586,43-DIGITAL,43,DIGITAL,1,15.45,15.45,TESTE_APROVADO,APROVADA,SIMULADO_APROVADO,2026-06-11 12:27:00
PED-000084,ATD-000207,660,35-FISICO,35,FISICO,1,24.15,24.15,TESTE_APROVADO,APROVADA,SIMULADO_APROVADO,2026-06-11 15:00:00
PED-000085,ATD-000213,882,7-DIGITAL,7,DIGITAL,1,14.15,14.15,TESTE_APROVADO,APROVADA,SIMULADO_APROVADO,2026-06-11 21:13:00
PED-000086,ATD-000216,993,25-DIGITAL,25,DIGITAL,1,15.85,15.85,TESTE_APROVADO,APROVADA,SIMULADO_APROVADO,2026-06-12 01:20:00
PED-000087,ATD-000219,104,9-FISICO,9,FISICO,1,23.25,23.25,TESTE_APROVADO,APROVADA,SIMULADO_APROVADO,2026-06-12 04:20:00
PED-000088,ATD-000220,141,13-FISICO,13,FISICO,1,28.45,28.45,TESTE_APROVADO,APROVADA,SIMULADO_APROVADO,2026-06-12 05:49:00
PED-000089,ATD-000224,289,27-DIGITAL,27,DIGITAL,2,21.95,43.90,TESTE_APROVADO,APROVADA,SIMULADO_APROVADO,2026-06-12 10:56:00
PED-000090,ATD-000225,326,23-DIGITAL,23,DIGITAL,1,16.75,16.75,TESTE_APROVADO,APROVADA,SIMULADO_APROVADO,2026-06-12 11:54:00
PED-000091,ATD-000229,474,24-DIGITAL,24,DIGITAL,1,19.80,19.80,TESTE_APROVADO,APROVADA,SIMULADO_APROVADO,2026-06-12 16:11:00
PED-000092,ATD-000231,548,3-DIGITAL,3,DIGITAL,1,18.05,18.05,TESTE_APROVADO,APROVADA,SIMULADO_APROVADO,2026-06-12 18:44:00
PED-000093,ATD-000240,881,15-DIGITAL,15,DIGITAL,1,15.45,15.45,TESTE_APROVADO,APROVADA,SIMULADO_APROVADO,2026-06-13 05:28:00
PED-000094,ATD-000243,992,2-DIGITAL,2,DIGITAL,1,15.00,15.00,TESTE_APROVADO,APROVADA,SIMULADO_APROVADO,2026-06-13 08:43:00
PED-000095,ATD-000246,103,38-DIGITAL,38,DIGITAL,1,16.30,16.30,TESTE_APROVADO,APROVADA,SIMULADO_APROVADO,2026-06-13 12:45:00
PED-000096,ATD-000247,140,45-DIGITAL,45,DIGITAL,1,14.55,14.55,TESTE_APROVADO,APROVADA,SIMULADO_APROVADO,2026-06-13 13:36:00
PED-000097,ATD-000249,214,41-DIGITAL,41,DIGITAL,1,18.45,18.45,TESTE_APROVADO,APROVADA,SIMULADO_APROVADO,2026-06-13 16:08:00
PED-000098,ATD-000252,325,35-FISICO,35,FISICO,1,24.15,24.15,TESTE_APROVADO,APROVADA,SIMULADO_APROVADO,2026-06-13 19:30:00
PED-000099,ATD-000254,399,24-DIGITAL,24,DIGITAL,1,19.80,19.80,TESTE_APROVADO,APROVADA,SIMULADO_APROVADO,2026-06-13 21:57:00
PED-000100,ATD-000255,436,35-FISICO,35,FISICO,1,24.15,24.15,TESTE_APROVADO,APROVADA,SIMULADO_APROVADO,2026-06-13 23:10:00
PED-000101,ATD-000260,621,35-DIGITAL,35,DIGITAL,1,14.15,14.15,TESTE_APROVADO,APROVADA,SIMULADO_APROVADO,2026-06-14 05:15:00
PED-000102,ATD-000265,806,16-FISICO,16,FISICO,1,28.50,28.50,TESTE_APROVADO,APROVADA,SIMULADO_APROVADO,2026-06-14 11:17:00
PED-000103,ATD-000267,880,6-FISICO,6,FISICO,1,30.20,30.20,TESTE_APROVADO,APROVADA,SIMULADO_APROVADO,2026-06-14 13:16:00
PED-000104,ATD-000271,28,33-FISICO,33,FISICO,2,27.15,54.30,TESTE_APROVADO,APROVADA,SIMULADO_APROVADO,2026-06-14 18:32:00
PED-000105,ATD-000272,65,44-FISICO,44,FISICO,1,28.50,28.50,TESTE_APROVADO,APROVADA,SIMULADO_APROVADO,2026-06-14 19:25:00
PED-000106,ATD-000273,102,22-FISICO,22,FISICO,1,23.70,23.70,TESTE_APROVADO,APROVADA,SIMULADO_APROVADO,2026-06-14 20:40:00
PED-000107,ATD-000275,176,44-DIGITAL,44,DIGITAL,1,18.50,18.50,TESTE_APROVADO,APROVADA,SIMULADO_APROVADO,2026-06-14 23:11:00
PED-000108,ATD-000276,213,23-DIGITAL,23,DIGITAL,2,16.75,33.50,TESTE_APROVADO,APROVADA,SIMULADO_APROVADO,2026-06-15 00:00:00
PED-000109,ATD-000277,250,5-DIGITAL,5,DIGITAL,1,17.15,17.15,TESTE_APROVADO,APROVADA,SIMULADO_APROVADO,2026-06-15 00:59:00
PED-000110,ATD-000278,287,28-DIGITAL,28,DIGITAL,1,15.90,15.90,TESTE_APROVADO,APROVADA,SIMULADO_APROVADO,2026-06-15 02:46:00
PED-000111,ATD-000287,620,40-FISICO,40,FISICO,1,32.40,32.40,TESTE_APROVADO,APROVADA,SIMULADO_APROVADO,2026-06-15 13:32:00
PED-000112,ATD-000288,657,20-DIGITAL,20,DIGITAL,1,23.70,23.70,TESTE_APROVADO,APROVADA,SIMULADO_APROVADO,2026-06-15 14:26:00
PED-000113,ATD-000289,694,18-DIGITAL,18,DIGITAL,2,17.60,35.20,TESTE_APROVADO,APROVADA,SIMULADO_APROVADO,2026-06-15 15:14:00
PED-000114,ATD-000290,731,28-DIGITAL,28,DIGITAL,1,15.90,15.90,TESTE_APROVADO,APROVADA,SIMULADO_APROVADO,2026-06-15 17:11:00
PED-000115,ATD-000291,768,26-DIGITAL,26,DIGITAL,1,18.90,18.90,TESTE_APROVADO,APROVADA,SIMULADO_APROVADO,2026-06-15 17:59:00
PED-000116,ATD-000292,805,23-DIGITAL,23,DIGITAL,1,16.75,16.75,TESTE_APROVADO,APROVADA,SIMULADO_APROVADO,2026-06-15 19:32:00
PED-000117,ATD-000294,879,3-DIGITAL,3,DIGITAL,1,18.05,18.05,TESTE_APROVADO,APROVADA,SIMULADO_APROVADO,2026-06-15 21:08:00
PED-000118,ATD-000295,916,48-DIGITAL,48,DIGITAL,1,23.70,23.70,TESTE_APROVADO,APROVADA,SIMULADO_APROVADO,2026-06-15 22:44:00
PED-000119,ATD-000297,990,2-DIGITAL,2,DIGITAL,1,15.00,15.00,TESTE_APROVADO,APROVADA,SIMULADO_APROVADO,2026-06-16 00:52:00
PED-000120,ATD-000304,249,9-DIGITAL,9,DIGITAL,2,13.25,26.50,TESTE_APROVADO,APROVADA,SIMULADO_APROVADO,2026-06-16 09:38:00
PED-000121,ATD-000305,286,33-FISICO,33,FISICO,1,27.15,27.15,TESTE_APROVADO,APROVADA,SIMULADO_APROVADO,2026-06-16 10:03:00
PED-000122,ATD-000308,397,32-DIGITAL,32,DIGITAL,1,21.10,21.10,TESTE_APROVADO,APROVADA,SIMULADO_APROVADO,2026-06-16 14:02:00
PED-000123,ATD-000316,693,46-FISICO,46,FISICO,1,27.60,27.60,TESTE_APROVADO,APROVADA,SIMULADO_APROVADO,2026-06-16 23:29:00
PED-000124,ATD-000317,730,44-DIGITAL,44,DIGITAL,1,18.50,18.50,TESTE_APROVADO,APROVADA,SIMULADO_APROVADO,2026-06-17 00:58:00
PED-000125,ATD-000321,878,8-DIGITAL,8,DIGITAL,1,17.20,17.20,TESTE_APROVADO,APROVADA,SIMULADO_APROVADO,2026-06-17 05:14:00
PED-000126,ATD-000323,952,28-FISICO,28,FISICO,1,25.90,25.90,TESTE_APROVADO,APROVADA,SIMULADO_APROVADO,2026-06-17 08:11:00
PED-000127,ATD-000324,989,33-DIGITAL,33,DIGITAL,1,17.15,17.15,TESTE_APROVADO,APROVADA,SIMULADO_APROVADO,2026-06-17 08:56:00
PED-000128,ATD-000325,26,43-FISICO,43,FISICO,1,25.45,25.45,TESTE_APROVADO,APROVADA,SIMULADO_APROVADO,2026-06-17 09:48:00
PED-000129,ATD-000337,470,4-FISICO,4,FISICO,1,31.10,31.10,TESTE_APROVADO,APROVADA,SIMULADO_APROVADO,2026-06-18 00:50:00
PED-000130,ATD-000339,544,33-DIGITAL,33,DIGITAL,1,17.15,17.15,TESTE_APROVADO,APROVADA,SIMULADO_APROVADO,2026-06-18 02:50:00
PED-000131,ATD-000340,581,26-FISICO,26,FISICO,1,28.90,28.90,TESTE_APROVADO,APROVADA,SIMULADO_APROVADO,2026-06-18 03:55:00
PED-000132,ATD-000343,692,41-FISICO,41,FISICO,1,28.45,28.45,TESTE_APROVADO,APROVADA,SIMULADO_APROVADO,2026-06-18 07:33:00
PED-000133,ATD-000347,840,41-DIGITAL,41,DIGITAL,1,18.45,18.45,TESTE_APROVADO,APROVADA,SIMULADO_APROVADO,2026-06-18 12:27:00
PED-000134,ATD-000352,25,47-FISICO,47,FISICO,1,30.65,30.65,TESTE_APROVADO,APROVADA,SIMULADO_APROVADO,2026-06-18 17:54:00
PED-000135,ATD-000357,210,1-DIGITAL,1,DIGITAL,1,11.95,11.95,TESTE_APROVADO,APROVADA,SIMULADO_APROVADO,2026-06-19 00:01:00
PED-000136,ATD-000363,432,18-DIGITAL,18,DIGITAL,1,17.60,17.60,TESTE_APROVADO,APROVADA,SIMULADO_APROVADO,2026-06-19 07:23:00
PED-000137,ATD-000364,469,4-DIGITAL,4,DIGITAL,1,21.10,21.10,TESTE_APROVADO,APROVADA,SIMULADO_APROVADO,2026-06-19 07:57:00
PED-000138,ATD-000365,506,28-FISICO,28,FISICO,1,25.90,25.90,TESTE_APROVADO,APROVADA,SIMULADO_APROVADO,2026-06-19 09:03:00
PED-000139,ATD-000366,543,41-FISICO,41,FISICO,1,28.45,28.45,TESTE_APROVADO,APROVADA,SIMULADO_APROVADO,2026-06-19 11:00:00
PED-000140,ATD-000368,617,1-DIGITAL,1,DIGITAL,1,11.95,11.95,TESTE_APROVADO,APROVADA,SIMULADO_APROVADO,2026-06-19 13:12:00
PED-000141,ATD-000369,654,2-DIGITAL,2,DIGITAL,1,15.00,15.00,TESTE_APROVADO,APROVADA,SIMULADO_APROVADO,2026-06-19 14:22:00
PED-000142,ATD-000370,691,11-FISICO,11,FISICO,1,29.35,29.35,TESTE_APROVADO,APROVADA,SIMULADO_APROVADO,2026-06-19 15:19:00
PED-000143,ATD-000372,765,9-FISICO,9,FISICO,1,23.25,23.25,TESTE_APROVADO,APROVADA,SIMULADO_APROVADO,2026-06-19 17:54:00
PED-000144,ATD-000376,913,15-FISICO,15,FISICO,1,25.45,25.45,TESTE_APROVADO,APROVADA,SIMULADO_APROVADO,2026-06-19 22:28:00
PED-000145,ATD-000377,950,2-FISICO,2,FISICO,1,25.00,25.00,TESTE_APROVADO,APROVADA,SIMULADO_APROVADO,2026-06-19 23:30:00
PED-000146,ATD-000379,24,35-DIGITAL,35,DIGITAL,1,14.15,14.15,TESTE_APROVADO,APROVADA,SIMULADO_APROVADO,2026-06-20 02:05:00
PED-000147,ATD-000380,61,17-FISICO,17,FISICO,1,24.55,24.55,TESTE_APROVADO,APROVADA,SIMULADO_APROVADO,2026-06-20 03:18:00
PED-000148,ATD-000381,98,38-DIGITAL,38,DIGITAL,1,16.30,16.30,TESTE_APROVADO,APROVADA,SIMULADO_APROVADO,2026-06-20 04:31:00
PED-000149,ATD-000382,135,20-DIGITAL,20,DIGITAL,1,23.70,23.70,TESTE_APROVADO,APROVADA,SIMULADO_APROVADO,2026-06-20 05:30:00
PED-000150,ATD-000387,320,26-DIGITAL,26,DIGITAL,2,18.90,37.80,TESTE_APROVADO,APROVADA,SIMULADO_APROVADO,2026-06-20 11:41:00
PED-000151,ATD-000389,394,22-DIGITAL,22,DIGITAL,1,13.70,13.70,TESTE_APROVADO,APROVADA,SIMULADO_APROVADO,2026-06-20 14:00:00
PED-000152,ATD-000395,616,9-FISICO,9,FISICO,1,23.25,23.25,TESTE_APROVADO,APROVADA,SIMULADO_APROVADO,2026-06-20 20:48:00
PED-000153,ATD-000398,727,24-DIGITAL,24,DIGITAL,1,19.80,19.80,TESTE_APROVADO,APROVADA,SIMULADO_APROVADO,2026-06-21 00:28:00
PED-000154,ATD-000404,949,4-DIGITAL,4,DIGITAL,1,21.10,21.10,TESTE_APROVADO,APROVADA,SIMULADO_APROVADO,2026-06-21 07:14:00
PED-000155,ATD-000410,171,25-FISICO,25,FISICO,1,25.85,25.85,TESTE_APROVADO,APROVADA,SIMULADO_APROVADO,2026-06-21 14:31:00
PED-000156,ATD-000412,245,42-FISICO,42,FISICO,1,22.40,22.40,TESTE_APROVADO,APROVADA,SIMULADO_APROVADO,2026-06-21 17:13:00
PED-000157,ATD-000413,282,11-FISICO,11,FISICO,1,29.35,29.35,TESTE_APROVADO,APROVADA,SIMULADO_APROVADO,2026-06-21 18:17:00
PED-000158,ATD-000415,356,16-FISICO,16,FISICO,1,28.50,28.50,TESTE_APROVADO,APROVADA,SIMULADO_APROVADO,2026-06-21 20:57:00
PED-000159,ATD-000416,393,11-DIGITAL,11,DIGITAL,1,19.35,19.35,TESTE_APROVADO,APROVADA,SIMULADO_APROVADO,2026-06-21 21:25:00
PED-000160,ATD-000418,467,2-DIGITAL,2,DIGITAL,1,15.00,15.00,TESTE_APROVADO,APROVADA,SIMULADO_APROVADO,2026-06-22 00:25:00
PED-000161,ATD-000419,504,33-DIGITAL,33,DIGITAL,1,17.15,17.15,TESTE_APROVADO,APROVADA,SIMULADO_APROVADO,2026-06-22 01:07:00
PED-000162,ATD-000425,726,10-DIGITAL,10,DIGITAL,1,16.30,16.30,TESTE_APROVADO,APROVADA,SIMULADO_APROVADO,2026-06-22 08:35:00
PED-000163,ATD-000426,763,6-FISICO,6,FISICO,2,30.20,60.40,TESTE_APROVADO,APROVADA,SIMULADO_APROVADO,2026-06-22 09:33:00
PED-000164,ATD-000427,800,17-FISICO,17,FISICO,1,24.55,24.55,TESTE_APROVADO,APROVADA,SIMULADO_APROVADO,2026-06-22 10:22:00
PED-000165,ATD-000430,911,17-DIGITAL,17,DIGITAL,1,14.55,14.55,TESTE_APROVADO,APROVADA,SIMULADO_APROVADO,2026-06-22 14:11:00
PED-000166,ATD-000431,948,26-DIGITAL,26,DIGITAL,1,18.90,18.90,TESTE_APROVADO,APROVADA,SIMULADO_APROVADO,2026-06-22 15:59:00
PED-000167,ATD-000432,985,1-FISICO,1,FISICO,1,21.95,21.95,TESTE_APROVADO,APROVADA,SIMULADO_APROVADO,2026-06-22 16:45:00
PED-000168,ATD-000438,207,40-FISICO,40,FISICO,2,32.40,64.80,TESTE_APROVADO,APROVADA,SIMULADO_APROVADO,2026-06-22 23:53:00
PED-000169,ATD-000439,244,9-FISICO,9,FISICO,1,23.25,23.25,TESTE_APROVADO,APROVADA,SIMULADO_APROVADO,2026-06-23 01:31:00
PED-000170,ATD-000445,466,40-DIGITAL,40,DIGITAL,1,22.40,22.40,TESTE_APROVADO,APROVADA,SIMULADO_APROVADO,2026-06-23 08:24:00
PED-000171,ATD-000448,577,43-FISICO,43,FISICO,1,25.45,25.45,TESTE_APROVADO,APROVADA,SIMULADO_APROVADO,2026-06-23 11:21:00
PED-000172,ATD-000455,836,37-FISICO,37,FISICO,1,23.25,23.25,TESTE_APROVADO,APROVADA,SIMULADO_APROVADO,2026-06-23 19:38:00
PED-000173,ATD-000460,21,24-DIGITAL,24,DIGITAL,1,19.80,19.80,TESTE_APROVADO,APROVADA,SIMULADO_APROVADO,2026-06-24 01:40:00
PED-000174,ATD-000462,95,5-DIGITAL,5,DIGITAL,1,17.15,17.15,TESTE_APROVADO,APROVADA,SIMULADO_APROVADO,2026-06-24 04:38:00
PED-000175,ATD-000463,132,41-FISICO,41,FISICO,1,28.45,28.45,TESTE_APROVADO,APROVADA,SIMULADO_APROVADO,2026-06-24 05:24:00
PED-000176,ATD-000464,169,2-FISICO,2,FISICO,1,25.00,25.00,TESTE_APROVADO,APROVADA,SIMULADO_APROVADO,2026-06-24 06:48:00
PED-000177,ATD-000466,243,20-DIGITAL,20,DIGITAL,1,23.70,23.70,TESTE_APROVADO,APROVADA,SIMULADO_APROVADO,2026-06-24 08:46:00
PED-000178,ATD-000472,465,26-FISICO,26,FISICO,1,28.90,28.90,TESTE_APROVADO,APROVADA,SIMULADO_APROVADO,2026-06-24 16:33:00
PED-000179,ATD-000474,539,6-FISICO,6,FISICO,1,30.20,30.20,TESTE_APROVADO,APROVADA,SIMULADO_APROVADO,2026-06-24 18:58:00
PED-000180,ATD-000475,576,41-FISICO,41,FISICO,1,28.45,28.45,TESTE_APROVADO,APROVADA,SIMULADO_APROVADO,2026-06-24 19:47:00
PED-000181,ATD-000477,650,45-DIGITAL,45,DIGITAL,1,14.55,14.55,TESTE_APROVADO,APROVADA,SIMULADO_APROVADO,2026-06-24 22:13:00
PED-000182,ATD-000489,94,36-DIGITAL,36,DIGITAL,1,17.20,17.20,TESTE_APROVADO,APROVADA,SIMULADO_APROVADO,2026-06-25 12:30:00
PED-000183,ATD-000493,242,32-FISICO,32,FISICO,1,31.10,31.10,TESTE_APROVADO,APROVADA,SIMULADO_APROVADO,2026-06-25 17:04:00
PED-000184,ATD-000499,464,17-DIGITAL,17,DIGITAL,1,14.55,14.55,TESTE_APROVADO,APROVADA,SIMULADO_APROVADO,2026-06-25 23:41:00
PED-000185,ATD-000504,649,36-DIGITAL,36,DIGITAL,1,17.20,17.20,TESTE_APROVADO,APROVADA,SIMULADO_APROVADO,2026-06-26 06:02:00
PED-000186,ATD-000505,686,39-DIGITAL,39,DIGITAL,1,19.35,19.35,TESTE_APROVADO,APROVADA,SIMULADO_APROVADO,2026-06-26 06:50:00
PED-000187,ATD-000511,908,25-DIGITAL,25,DIGITAL,1,15.85,15.85,TESTE_APROVADO,APROVADA,SIMULADO_APROVADO,2026-06-26 14:44:00
PED-000188,ATD-000512,945,3-FISICO,3,FISICO,2,28.05,56.10,TESTE_APROVADO,APROVADA,SIMULADO_APROVADO,2026-06-26 15:24:00
PED-000189,ATD-000514,19,44-FISICO,44,FISICO,1,28.50,28.50,TESTE_APROVADO,APROVADA,SIMULADO_APROVADO,2026-06-26 17:37:00
PED-000190,ATD-000519,204,29-FISICO,29,FISICO,1,21.95,21.95,TESTE_APROVADO,APROVADA,SIMULADO_APROVADO,2026-06-26 23:24:00
PED-000191,ATD-000520,241,12-DIGITAL,12,DIGITAL,1,22.40,22.40,TESTE_APROVADO,APROVADA,SIMULADO_APROVADO,2026-06-27 01:16:00
PED-000192,ATD-000524,389,27-DIGITAL,27,DIGITAL,2,21.95,43.90,TESTE_APROVADO,APROVADA,SIMULADO_APROVADO,2026-06-27 05:38:00
PED-000193,ATD-000526,463,34-DIGITAL,34,DIGITAL,1,20.20,20.20,TESTE_APROVADO,APROVADA,SIMULADO_APROVADO,2026-06-27 07:36:00
PED-000194,ATD-000527,500,3-DIGITAL,3,DIGITAL,1,18.05,18.05,TESTE_APROVADO,APROVADA,SIMULADO_APROVADO,2026-06-27 09:17:00
PED-000195,ATD-000531,648,44-FISICO,44,FISICO,1,28.50,28.50,TESTE_APROVADO,APROVADA,SIMULADO_APROVADO,2026-06-27 13:30:00
PED-000196,ATD-000532,685,44-DIGITAL,44,DIGITAL,1,18.50,18.50,TESTE_APROVADO,APROVADA,SIMULADO_APROVADO,2026-06-27 15:12:00
PED-000197,ATD-000535,796,22-DIGITAL,22,DIGITAL,1,13.70,13.70,TESTE_APROVADO,APROVADA,SIMULADO_APROVADO,2026-06-27 18:21:00
PED-000198,ATD-000536,833,30-FISICO,30,FISICO,1,25.00,25.00,TESTE_APROVADO,APROVADA,SIMULADO_APROVADO,2026-06-27 20:01:00
PED-000199,ATD-000537,870,47-FISICO,47,FISICO,1,30.65,30.65,TESTE_APROVADO,APROVADA,SIMULADO_APROVADO,2026-06-27 21:21:00
PED-000200,ATD-000540,981,27-DIGITAL,27,DIGITAL,1,21.95,21.95,TESTE_APROVADO,APROVADA,SIMULADO_APROVADO,2026-06-28 00:24:00
PED-000201,ATD-000541,18,42-DIGITAL,42,DIGITAL,1,12.40,12.40,TESTE_APROVADO,APROVADA,SIMULADO_APROVADO,2026-06-28 01:22:00
PED-000202,ATD-000543,92,39-FISICO,39,FISICO,1,29.35,29.35,TESTE_APROVADO,APROVADA,SIMULADO_APROVADO,2026-06-28 03:58:00
PED-000203,ATD-000544,129,44-FISICO,44,FISICO,1,28.50,28.50,TESTE_APROVADO,APROVADA,SIMULADO_APROVADO,2026-06-28 05:08:00
PED-000204,ATD-000546,203,21-DIGITAL,21,DIGITAL,1,10.65,10.65,TESTE_APROVADO,APROVADA,SIMULADO_APROVADO,2026-06-28 07:22:00
PED-000205,ATD-000548,277,20-DIGITAL,20,DIGITAL,1,23.70,23.70,TESTE_APROVADO,APROVADA,SIMULADO_APROVADO,2026-06-28 09:59:00
PED-000206,ATD-000549,314,22-FISICO,22,FISICO,1,23.70,23.70,TESTE_APROVADO,APROVADA,SIMULADO_APROVADO,2026-06-28 11:19:00
PED-000207,ATD-000550,351,29-FISICO,29,FISICO,1,21.95,21.95,TESTE_APROVADO,APROVADA,SIMULADO_APROVADO,2026-06-28 12:32:00
PED-000208,ATD-000555,536,23-DIGITAL,23,DIGITAL,1,16.75,16.75,TESTE_APROVADO,APROVADA,SIMULADO_APROVADO,2026-06-28 18:11:00
PED-000209,ATD-000556,573,16-DIGITAL,16,DIGITAL,1,18.50,18.50,TESTE_APROVADO,APROVADA,SIMULADO_APROVADO,2026-06-28 19:49:00
PED-000210,ATD-000557,610,34-FISICO,34,FISICO,1,30.20,30.20,TESTE_APROVADO,APROVADA,SIMULADO_APROVADO,2026-06-28 20:42:00
PED-000211,ATD-000558,647,30-DIGITAL,30,DIGITAL,1,15.00,15.00,TESTE_APROVADO,APROVADA,SIMULADO_APROVADO,2026-06-28 21:44:00
PED-000212,ATD-000560,721,1-DIGITAL,1,DIGITAL,1,11.95,11.95,TESTE_APROVADO,APROVADA,SIMULADO_APROVADO,2026-06-29 00:11:00
PED-000213,ATD-000561,758,20-FISICO,20,FISICO,1,33.70,33.70,TESTE_APROVADO,APROVADA,SIMULADO_APROVADO,2026-06-29 01:48:00
PED-000214,ATD-000562,795,4-DIGITAL,4,DIGITAL,1,21.10,21.10,TESTE_APROVADO,APROVADA,SIMULADO_APROVADO,2026-06-29 02:37:00
PED-000215,ATD-000563,832,15-DIGITAL,15,DIGITAL,1,15.45,15.45,TESTE_APROVADO,APROVADA,SIMULADO_APROVADO,2026-06-29 03:48:00
PED-000216,ATD-000565,906,18-DIGITAL,18,DIGITAL,1,17.60,17.60,TESTE_APROVADO,APROVADA,SIMULADO_APROVADO,2026-06-29 06:34:00
PED-000217,ATD-000572,165,43-DIGITAL,43,DIGITAL,1,15.45,15.45,TESTE_APROVADO,APROVADA,SIMULADO_APROVADO,2026-06-29 14:33:00
PED-000218,ATD-000574,239,32-DIGITAL,32,DIGITAL,1,21.10,21.10,TESTE_APROVADO,APROVADA,SIMULADO_APROVADO,2026-06-29 16:37:00
PED-000219,ATD-000576,313,17-FISICO,17,FISICO,1,24.55,24.55,TESTE_APROVADO,APROVADA,SIMULADO_APROVADO,2026-06-29 19:01:00
PED-000220,ATD-000581,498,16-DIGITAL,16,DIGITAL,1,18.50,18.50,TESTE_APROVADO,APROVADA,SIMULADO_APROVADO,2026-06-30 00:38:00
PED-000221,ATD-000586,683,16-FISICO,16,FISICO,1,28.50,28.50,TESTE_APROVADO,APROVADA,SIMULADO_APROVADO,2026-06-30 07:12:00
PED-000222,ATD-000589,794,42-DIGITAL,42,DIGITAL,1,12.40,12.40,TESTE_APROVADO,APROVADA,SIMULADO_APROVADO,2026-06-30 10:15:00
PED-000223,ATD-000592,905,2-FISICO,2,FISICO,1,25.00,25.00,TESTE_APROVADO,APROVADA,SIMULADO_APROVADO,2026-06-30 13:57:00
PED-000224,ATD-000596,53,29-FISICO,29,FISICO,1,21.95,21.95,TESTE_APROVADO,APROVADA,SIMULADO_APROVADO,2026-06-30 18:36:00
PED-000225,ATD-000598,127,37-FISICO,37,FISICO,2,23.25,46.50,TESTE_APROVADO,APROVADA,SIMULADO_APROVADO,2026-06-30 21:26:00
PED-000226,ATD-000601,238,47-FISICO,47,FISICO,1,30.65,30.65,TESTE_APROVADO,APROVADA,SIMULADO_APROVADO,2026-07-01 01:17:00
PED-000227,ATD-000602,275,20-DIGITAL,20,DIGITAL,1,23.70,23.70,TESTE_APROVADO,APROVADA,SIMULADO_APROVADO,2026-07-01 02:02:00
PED-000228,ATD-000603,312,36-DIGITAL,36,DIGITAL,1,17.20,17.20,TESTE_APROVADO,APROVADA,SIMULADO_APROVADO,2026-07-01 03:11:00
PED-000229,ATD-000609,534,5-FISICO,5,FISICO,1,27.15,27.15,TESTE_APROVADO,APROVADA,SIMULADO_APROVADO,2026-07-01 10:05:00
PED-000230,ATD-000610,571,46-FISICO,46,FISICO,1,27.60,27.60,TESTE_APROVADO,APROVADA,SIMULADO_APROVADO,2026-07-01 11:20:00
PED-000231,ATD-000616,793,43-DIGITAL,43,DIGITAL,1,15.45,15.45,TESTE_APROVADO,APROVADA,SIMULADO_APROVADO,2026-07-01 18:35:00
PED-000232,ATD-000617,830,46-FISICO,46,FISICO,1,27.60,27.60,TESTE_APROVADO,APROVADA,SIMULADO_APROVADO,2026-07-01 19:41:00
PED-000233,ATD-000619,904,35-DIGITAL,35,DIGITAL,1,14.15,14.15,TESTE_APROVADO,APROVADA,SIMULADO_APROVADO,2026-07-01 21:43:00
PED-000234,ATD-000620,941,5-DIGITAL,5,DIGITAL,1,17.15,17.15,TESTE_APROVADO,APROVADA,SIMULADO_APROVADO,2026-07-01 23:22:00
PED-000235,ATD-000622,15,47-DIGITAL,47,DIGITAL,1,20.65,20.65,TESTE_APROVADO,APROVADA,SIMULADO_APROVADO,2026-07-02 01:43:00
PED-000236,ATD-000624,89,35-FISICO,35,FISICO,1,24.15,24.15,TESTE_APROVADO,APROVADA,SIMULADO_APROVADO,2026-07-02 03:45:00
PED-000237,ATD-000625,126,19-DIGITAL,19,DIGITAL,1,20.65,20.65,TESTE_APROVADO,APROVADA,SIMULADO_APROVADO,2026-07-02 05:32:00
PED-000238,ATD-000626,163,43-FISICO,43,FISICO,1,25.45,25.45,TESTE_APROVADO,APROVADA,SIMULADO_APROVADO,2026-07-02 05:56:00
PED-000239,ATD-000628,237,46-FISICO,46,FISICO,1,27.60,27.60,TESTE_APROVADO,APROVADA,SIMULADO_APROVADO,2026-07-02 08:27:00
PED-000240,ATD-000629,274,5-DIGITAL,5,DIGITAL,1,17.15,17.15,TESTE_APROVADO,APROVADA,SIMULADO_APROVADO,2026-07-02 09:40:00
PED-000241,ATD-000630,311,29-FISICO,29,FISICO,1,21.95,21.95,TESTE_APROVADO,APROVADA,SIMULADO_APROVADO,2026-07-02 10:46:00
PED-000242,ATD-000635,496,16-FISICO,16,FISICO,1,28.50,28.50,TESTE_APROVADO,APROVADA,SIMULADO_APROVADO,2026-07-02 16:49:00
PED-000243,ATD-000638,607,36-DIGITAL,36,DIGITAL,1,17.20,17.20,TESTE_APROVADO,APROVADA,SIMULADO_APROVADO,2026-07-02 20:40:00
PED-000244,ATD-000639,644,30-FISICO,30,FISICO,1,25.00,25.00,TESTE_APROVADO,APROVADA,SIMULADO_APROVADO,2026-07-02 21:34:00
PED-000245,ATD-000640,681,20-DIGITAL,20,DIGITAL,1,23.70,23.70,TESTE_APROVADO,APROVADA,SIMULADO_APROVADO,2026-07-02 23:21:00
PED-000246,ATD-000641,718,15-DIGITAL,15,DIGITAL,2,15.45,30.90,TESTE_APROVADO,APROVADA,SIMULADO_APROVADO,2026-07-03 00:07:00
PED-000247,ATD-000643,792,28-FISICO,28,FISICO,1,25.90,25.90,TESTE_APROVADO,APROVADA,SIMULADO_APROVADO,2026-07-03 02:37:00
PED-000248,ATD-000644,829,9-DIGITAL,9,DIGITAL,1,13.25,13.25,TESTE_APROVADO,APROVADA,SIMULADO_APROVADO,2026-07-03 03:33:00
PED-000249,ATD-000650,51,9-DIGITAL,9,DIGITAL,1,13.25,13.25,TESTE_APROVADO,APROVADA,SIMULADO_APROVADO,2026-07-03 10:44:00
PED-000250,ATD-000654,199,46-DIGITAL,46,DIGITAL,1,17.60,17.60,TESTE_APROVADO,APROVADA,SIMULADO_APROVADO,2026-07-03 15:39:00
PED-000251,ATD-000661,458,13-DIGITAL,13,DIGITAL,1,18.45,18.45,TESTE_APROVADO,APROVADA,SIMULADO_APROVADO,2026-07-03 23:37:00
PED-000252,ATD-000662,495,47-FISICO,47,FISICO,1,30.65,30.65,TESTE_APROVADO,APROVADA,SIMULADO_APROVADO,2026-07-04 00:41:00
PED-000253,ATD-000663,532,5-FISICO,5,FISICO,1,27.15,27.15,TESTE_APROVADO,APROVADA,SIMULADO_APROVADO,2026-07-04 02:28:00
PED-000254,ATD-000664,569,27-DIGITAL,27,DIGITAL,1,21.95,21.95,TESTE_APROVADO,APROVADA,SIMULADO_APROVADO,2026-07-04 03:33:00
PED-000255,ATD-000665,606,47-FISICO,47,FISICO,1,30.65,30.65,TESTE_APROVADO,APROVADA,SIMULADO_APROVADO,2026-07-04 04:56:00
PED-000256,ATD-000667,680,11-FISICO,11,FISICO,2,29.35,58.70,TESTE_APROVADO,APROVADA,SIMULADO_APROVADO,2026-07-04 07:10:00
PED-000257,ATD-000668,717,29-FISICO,29,FISICO,1,21.95,21.95,TESTE_APROVADO,APROVADA,SIMULADO_APROVADO,2026-07-04 07:44:00
PED-000258,ATD-000671,828,10-FISICO,10,FISICO,1,26.30,26.30,TESTE_APROVADO,APROVADA,SIMULADO_APROVADO,2026-07-04 11:06:00
PED-000259,ATD-000672,865,10-DIGITAL,10,DIGITAL,1,16.30,16.30,TESTE_APROVADO,APROVADA,SIMULADO_APROVADO,2026-07-04 12:52:00
PED-000260,ATD-000673,902,2-FISICO,2,FISICO,1,25.00,25.00,TESTE_APROVADO,APROVADA,SIMULADO_APROVADO,2026-07-04 13:48:00
PED-000261,ATD-000676,13,32-FISICO,32,FISICO,1,31.10,31.10,TESTE_APROVADO,APROVADA,SIMULADO_APROVADO,2026-07-04 17:16:00
PED-000262,ATD-000680,161,5-FISICO,5,FISICO,1,27.15,27.15,TESTE_APROVADO,APROVADA,SIMULADO_APROVADO,2026-07-04 22:26:00
PED-000263,ATD-000681,198,3-DIGITAL,3,DIGITAL,1,18.05,18.05,TESTE_APROVADO,APROVADA,SIMULADO_APROVADO,2026-07-04 23:19:00
PED-000264,ATD-000683,272,43-DIGITAL,43,DIGITAL,1,15.45,15.45,TESTE_APROVADO,APROVADA,SIMULADO_APROVADO,2026-07-05 01:52:00
PED-000265,ATD-000688,457,5-FISICO,5,FISICO,1,27.15,27.15,TESTE_APROVADO,APROVADA,SIMULADO_APROVADO,2026-07-05 07:53:00
PED-000266,ATD-000689,494,6-DIGITAL,6,DIGITAL,1,20.20,20.20,TESTE_APROVADO,APROVADA,SIMULADO_APROVADO,2026-07-05 08:48:00
PED-000267,ATD-000690,531,22-DIGITAL,22,DIGITAL,1,13.70,13.70,TESTE_APROVADO,APROVADA,SIMULADO_APROVADO,2026-07-05 09:38:00
PED-000268,ATD-000694,679,45-DIGITAL,45,DIGITAL,1,14.55,14.55,TESTE_APROVADO,APROVADA,SIMULADO_APROVADO,2026-07-05 14:48:00
PED-000269,ATD-000696,753,45-DIGITAL,45,DIGITAL,1,14.55,14.55,TESTE_APROVADO,APROVADA,SIMULADO_APROVADO,2026-07-05 16:59:00
PED-000270,ATD-000698,827,24-DIGITAL,24,DIGITAL,1,19.80,19.80,TESTE_APROVADO,APROVADA,SIMULADO_APROVADO,2026-07-05 19:32:00
PED-000271,ATD-000699,864,4-DIGITAL,4,DIGITAL,2,21.10,42.20,TESTE_APROVADO,APROVADA,SIMULADO_APROVADO,2026-07-05 20:34:00
PED-000272,ATD-000701,938,4-FISICO,4,FISICO,1,31.10,31.10,TESTE_APROVADO,APROVADA,SIMULADO_APROVADO,2026-07-05 23:03:00
PED-000273,ATD-000704,49,44-FISICO,44,FISICO,1,28.50,28.50,TESTE_APROVADO,APROVADA,SIMULADO_APROVADO,2026-07-06 02:22:00
PED-000274,ATD-000705,86,30-DIGITAL,30,DIGITAL,1,15.00,15.00,TESTE_APROVADO,APROVADA,SIMULADO_APROVADO,2026-07-06 04:10:00
PED-000275,ATD-000706,123,34-FISICO,34,FISICO,1,30.20,30.20,TESTE_APROVADO,APROVADA,SIMULADO_APROVADO,2026-07-06 05:22:00
PED-000276,ATD-000709,234,30-FISICO,30,FISICO,1,25.00,25.00,TESTE_APROVADO,APROVADA,SIMULADO_APROVADO,2026-07-06 08:19:00
PED-000277,ATD-000710,271,36-DIGITAL,36,DIGITAL,1,17.20,17.20,TESTE_APROVADO,APROVADA,SIMULADO_APROVADO,2026-07-06 09:28:00
PED-000278,ATD-000714,419,35-FISICO,35,FISICO,1,24.15,24.15,TESTE_APROVADO,APROVADA,SIMULADO_APROVADO,2026-07-06 14:34:00
PED-000279,ATD-000715,456,26-DIGITAL,26,DIGITAL,1,18.90,18.90,TESTE_APROVADO,APROVADA,SIMULADO_APROVADO,2026-07-06 15:36:00
PED-000280,ATD-000717,530,42-DIGITAL,42,DIGITAL,1,12.40,12.40,TESTE_APROVADO,APROVADA,SIMULADO_APROVADO,2026-07-06 18:20:00
PED-000281,ATD-000718,567,44-FISICO,44,FISICO,1,28.50,28.50,TESTE_APROVADO,APROVADA,SIMULADO_APROVADO,2026-07-06 18:58:00
PED-000282,ATD-000721,678,31-DIGITAL,31,DIGITAL,1,18.05,18.05,TESTE_APROVADO,APROVADA,SIMULADO_APROVADO,2026-07-06 22:48:00
PED-000283,ATD-000724,789,3-DIGITAL,3,DIGITAL,1,18.05,18.05,TESTE_APROVADO,APROVADA,SIMULADO_APROVADO,2026-07-07 02:08:00
PED-000284,ATD-000725,826,10-DIGITAL,10,DIGITAL,1,16.30,16.30,TESTE_APROVADO,APROVADA,SIMULADO_APROVADO,2026-07-07 03:33:00
PED-000285,ATD-000726,863,2-DIGITAL,2,DIGITAL,1,15.00,15.00,TESTE_APROVADO,APROVADA,SIMULADO_APROVADO,2026-07-07 04:11:00
PED-000286,ATD-000730,11,4-DIGITAL,4,DIGITAL,1,21.10,21.10,TESTE_APROVADO,APROVADA,SIMULADO_APROVADO,2026-07-07 09:01:00
PED-000287,ATD-000732,85,47-FISICO,47,FISICO,1,30.65,30.65,TESTE_APROVADO,APROVADA,SIMULADO_APROVADO,2026-07-07 11:55:00
PED-000288,ATD-000733,122,46-FISICO,46,FISICO,1,27.60,27.60,TESTE_APROVADO,APROVADA,SIMULADO_APROVADO,2026-07-07 12:48:00
PED-000289,ATD-000736,233,17-FISICO,17,FISICO,1,24.55,24.55,TESTE_APROVADO,APROVADA,SIMULADO_APROVADO,2026-07-07 16:43:00
PED-000290,ATD-000743,492,3-DIGITAL,3,DIGITAL,1,18.05,18.05,TESTE_APROVADO,APROVADA,SIMULADO_APROVADO,2026-07-08 00:31:00
PED-000291,ATD-000744,529,9-DIGITAL,9,DIGITAL,1,13.25,13.25,TESTE_APROVADO,APROVADA,SIMULADO_APROVADO,2026-07-08 01:50:00
PED-000292,ATD-000747,640,47-DIGITAL,47,DIGITAL,1,20.65,20.65,TESTE_APROVADO,APROVADA,SIMULADO_APROVADO,2026-07-08 05:36:00
PED-000293,ATD-000749,714,22-DIGITAL,22,DIGITAL,1,13.70,13.70,TESTE_APROVADO,APROVADA,SIMULADO_APROVADO,2026-07-08 07:38:00
PED-000294,ATD-000753,862,19-FISICO,19,FISICO,1,30.65,30.65,TESTE_APROVADO,APROVADA,SIMULADO_APROVADO,2026-07-08 13:08:00
PED-000295,ATD-000755,936,41-DIGITAL,41,DIGITAL,1,18.45,18.45,TESTE_APROVADO,APROVADA,SIMULADO_APROVADO,2026-07-08 15:12:00
PED-000296,ATD-000757,10,17-FISICO,17,FISICO,1,24.55,24.55,TESTE_APROVADO,APROVADA,SIMULADO_APROVADO,2026-07-08 17:27:00
PED-000297,ATD-000758,47,33-FISICO,33,FISICO,1,27.15,27.15,TESTE_APROVADO,APROVADA,SIMULADO_APROVADO,2026-07-08 18:47:00
PED-000298,ATD-000764,269,10-DIGITAL,10,DIGITAL,1,16.30,16.30,TESTE_APROVADO,APROVADA,SIMULADO_APROVADO,2026-07-09 01:54:00
PED-000299,ATD-000765,306,30-FISICO,30,FISICO,1,25.00,25.00,TESTE_APROVADO,APROVADA,SIMULADO_APROVADO,2026-07-09 02:52:00
PED-000300,ATD-000767,380,19-FISICO,19,FISICO,1,30.65,30.65,TESTE_APROVADO,APROVADA,SIMULADO_APROVADO,2026-07-09 05:12:00
PED-000301,ATD-000769,454,22-FISICO,22,FISICO,1,23.70,23.70,TESTE_APROVADO,APROVADA,SIMULADO_APROVADO,2026-07-09 07:09:00
PED-000302,ATD-000771,528,3-FISICO,3,FISICO,1,28.05,28.05,TESTE_APROVADO,APROVADA,SIMULADO_APROVADO,2026-07-09 09:57:00
PED-000303,ATD-000773,602,17-DIGITAL,17,DIGITAL,1,14.55,14.55,TESTE_APROVADO,APROVADA,SIMULADO_APROVADO,2026-07-09 12:21:00
PED-000304,ATD-000774,639,24-DIGITAL,24,DIGITAL,1,19.80,19.80,TESTE_APROVADO,APROVADA,SIMULADO_APROVADO,2026-07-09 13:30:00
PED-000305,ATD-000776,713,42-DIGITAL,42,DIGITAL,1,12.40,12.40,TESTE_APROVADO,APROVADA,SIMULADO_APROVADO,2026-07-09 15:45:00
PED-000306,ATD-000778,787,22-FISICO,22,FISICO,2,23.70,47.40,TESTE_APROVADO,APROVADA,SIMULADO_APROVADO,2026-07-09 18:18:00
PED-000307,ATD-000779,824,28-FISICO,28,FISICO,1,25.90,25.90,TESTE_APROVADO,APROVADA,SIMULADO_APROVADO,2026-07-09 19:27:00
PED-000308,ATD-000782,935,35-DIGITAL,35,DIGITAL,1,14.15,14.15,TESTE_APROVADO,APROVADA,SIMULADO_APROVADO,2026-07-09 22:59:00
PED-000309,ATD-000783,972,2-FISICO,2,FISICO,1,25.00,25.00,TESTE_APROVADO,APROVADA,SIMULADO_APROVADO,2026-07-10 00:35:00
PED-000310,ATD-000785,46,16-FISICO,16,FISICO,1,28.50,28.50,TESTE_APROVADO,APROVADA,SIMULADO_APROVADO,2026-07-10 02:44:00
PED-000311,ATD-000791,268,27-DIGITAL,27,DIGITAL,1,21.95,21.95,TESTE_APROVADO,APROVADA,SIMULADO_APROVADO,2026-07-10 09:55:00
PED-000312,ATD-000797,490,36-FISICO,36,FISICO,2,27.20,54.40,TESTE_APROVADO,APROVADA,SIMULADO_APROVADO,2026-07-10 16:55:00
PED-000313,ATD-000799,564,17-FISICO,17,FISICO,1,24.55,24.55,TESTE_APROVADO,APROVADA,SIMULADO_APROVADO,2026-07-10 18:48:00
PED-000314,ATD-000801,638,10-FISICO,10,FISICO,1,26.30,26.30,TESTE_APROVADO,APROVADA,SIMULADO_APROVADO,2026-07-10 21:43:00
PED-000315,ATD-000803,712,16-FISICO,16,FISICO,1,28.50,28.50,TESTE_APROVADO,APROVADA,SIMULADO_APROVADO,2026-07-11 00:17:00
PED-000316,ATD-000805,786,46-FISICO,46,FISICO,1,27.60,27.60,TESTE_APROVADO,APROVADA,SIMULADO_APROVADO,2026-07-11 02:08:00
PED-000317,ATD-000806,823,20-FISICO,20,FISICO,1,33.70,33.70,TESTE_APROVADO,APROVADA,SIMULADO_APROVADO,2026-07-11 02:58:00
PED-000318,ATD-000807,860,42-DIGITAL,42,DIGITAL,1,12.40,12.40,TESTE_APROVADO,APROVADA,SIMULADO_APROVADO,2026-07-11 04:29:00
PED-000319,ATD-000809,934,24-DIGITAL,24,DIGITAL,1,19.80,19.80,TESTE_APROVADO,APROVADA,SIMULADO_APROVADO,2026-07-11 06:55:00
PED-000320,ATD-000813,82,5-FISICO,5,FISICO,1,27.15,27.15,TESTE_APROVADO,APROVADA,SIMULADO_APROVADO,2026-07-11 11:35:00
PED-000321,ATD-000815,156,43-DIGITAL,43,DIGITAL,1,15.45,15.45,TESTE_APROVADO,APROVADA,SIMULADO_APROVADO,2026-07-11 13:43:00
PED-000322,ATD-000819,304,35-DIGITAL,35,DIGITAL,1,14.15,14.15,TESTE_APROVADO,APROVADA,SIMULADO_APROVADO,2026-07-11 18:41:00
PED-000323,ATD-000826,563,28-FISICO,28,FISICO,1,25.90,25.90,TESTE_APROVADO,APROVADA,SIMULADO_APROVADO,2026-07-12 02:48:00
PED-000324,ATD-000829,674,18-DIGITAL,18,DIGITAL,1,17.60,17.60,TESTE_APROVADO,APROVADA,SIMULADO_APROVADO,2026-07-12 06:41:00
PED-000325,ATD-000831,748,5-FISICO,5,FISICO,1,27.15,27.15,TESTE_APROVADO,APROVADA,SIMULADO_APROVADO,2026-07-12 08:37:00
PED-000326,ATD-000832,785,45-DIGITAL,45,DIGITAL,1,14.55,14.55,TESTE_APROVADO,APROVADA,SIMULADO_APROVADO,2026-07-12 09:50:00
PED-000327,ATD-000834,859,39-FISICO,39,FISICO,1,29.35,29.35,TESTE_APROVADO,APROVADA,SIMULADO_APROVADO,2026-07-12 12:15:00
PED-000328,ATD-000837,970,46-DIGITAL,46,DIGITAL,1,17.60,17.60,TESTE_APROVADO,APROVADA,SIMULADO_APROVADO,2026-07-12 15:36:00
PED-000329,ATD-000840,81,42-DIGITAL,42,DIGITAL,1,12.40,12.40,TESTE_APROVADO,APROVADA,SIMULADO_APROVADO,2026-07-12 20:04:00
PED-000330,ATD-000844,229,30-DIGITAL,30,DIGITAL,1,15.00,15.00,TESTE_APROVADO,APROVADA,SIMULADO_APROVADO,2026-07-13 00:31:00
PED-000331,ATD-000846,303,2-DIGITAL,2,DIGITAL,1,15.00,15.00,TESTE_APROVADO,APROVADA,SIMULADO_APROVADO,2026-07-13 02:52:00
PED-000332,ATD-000847,340,15-DIGITAL,15,DIGITAL,1,15.45,15.45,TESTE_APROVADO,APROVADA,SIMULADO_APROVADO,2026-07-13 03:47:00
PED-000333,ATD-000851,488,17-DIGITAL,17,DIGITAL,1,14.55,14.55,TESTE_APROVADO,APROVADA,SIMULADO_APROVADO,2026-07-13 08:30:00
PED-000334,ATD-000853,562,28-DIGITAL,28,DIGITAL,1,15.90,15.90,TESTE_APROVADO,APROVADA,SIMULADO_APROVADO,2026-07-13 11:14:00
PED-000335,ATD-000858,747,37-FISICO,37,FISICO,1,23.25,23.25,TESTE_APROVADO,APROVADA,SIMULADO_APROVADO,2026-07-13 17:00:00
PED-000336,ATD-000869,154,13-FISICO,13,FISICO,1,28.45,28.45,TESTE_APROVADO,APROVADA,SIMULADO_APROVADO,2026-07-14 06:04:00
PED-000337,ATD-000877,450,46-FISICO,46,FISICO,1,27.60,27.60,TESTE_APROVADO,APROVADA,SIMULADO_APROVADO,2026-07-14 15:24:00
PED-000338,ATD-000878,487,16-FISICO,16,FISICO,1,28.50,28.50,TESTE_APROVADO,APROVADA,SIMULADO_APROVADO,2026-07-14 16:22:00
PED-000339,ATD-000880,561,46-FISICO,46,FISICO,1,27.60,27.60,TESTE_APROVADO,APROVADA,SIMULADO_APROVADO,2026-07-14 18:34:00
PED-000340,ATD-000881,598,21-DIGITAL,21,DIGITAL,2,10.65,21.30,TESTE_APROVADO,APROVADA,SIMULADO_APROVADO,2026-07-14 20:20:00
PED-000341,ATD-000882,635,17-DIGITAL,17,DIGITAL,1,14.55,14.55,TESTE_APROVADO,APROVADA,SIMULADO_APROVADO,2026-07-14 20:55:00
PED-000342,ATD-000883,672,4-DIGITAL,4,DIGITAL,1,21.10,21.10,TESTE_APROVADO,APROVADA,SIMULADO_APROVADO,2026-07-14 22:20:00
PED-000343,ATD-000885,746,18-DIGITAL,18,DIGITAL,1,17.60,17.60,TESTE_APROVADO,APROVADA,SIMULADO_APROVADO,2026-07-15 01:15:00
PED-000344,ATD-000890,931,24-DIGITAL,24,DIGITAL,1,19.80,19.80,TESTE_APROVADO,APROVADA,SIMULADO_APROVADO,2026-07-15 07:07:00
PED-000345,ATD-000892,5,8-DIGITAL,8,DIGITAL,1,17.20,17.20,TESTE_APROVADO,APROVADA,SIMULADO_APROVADO,2026-07-15 09:13:00
PED-000346,ATD-000894,79,42-DIGITAL,42,DIGITAL,1,12.40,12.40,TESTE_APROVADO,APROVADA,SIMULADO_APROVADO,2026-07-15 11:40:00
PED-000347,ATD-000895,116,14-DIGITAL,14,DIGITAL,1,12.40,12.40,TESTE_APROVADO,APROVADA,SIMULADO_APROVADO,2026-07-15 12:46:00
PED-000348,ATD-000896,153,25-FISICO,25,FISICO,1,25.85,25.85,TESTE_APROVADO,APROVADA,SIMULADO_APROVADO,2026-07-15 13:39:00
PED-000349,ATD-000897,190,15-DIGITAL,15,DIGITAL,1,15.45,15.45,TESTE_APROVADO,APROVADA,SIMULADO_APROVADO,2026-07-15 15:19:00
PED-000350,ATD-000903,412,17-DIGITAL,17,DIGITAL,1,14.55,14.55,TESTE_APROVADO,APROVADA,SIMULADO_APROVADO,2026-07-15 22:19:00
PED-000351,ATD-000904,449,28-DIGITAL,28,DIGITAL,1,15.90,15.90,TESTE_APROVADO,APROVADA,SIMULADO_APROVADO,2026-07-15 23:07:00
PED-000352,ATD-000905,486,30-DIGITAL,30,DIGITAL,1,15.00,15.00,TESTE_APROVADO,APROVADA,SIMULADO_APROVADO,2026-07-16 00:39:00
PED-000353,ATD-000908,597,19-DIGITAL,19,DIGITAL,1,20.65,20.65,TESTE_APROVADO,APROVADA,SIMULADO_APROVADO,2026-07-16 03:46:00
PED-000354,ATD-000911,708,34-DIGITAL,34,DIGITAL,1,20.20,20.20,TESTE_APROVADO,APROVADA,SIMULADO_APROVADO,2026-07-16 07:31:00
PED-000355,ATD-000912,745,41-DIGITAL,41,DIGITAL,1,18.45,18.45,TESTE_APROVADO,APROVADA,SIMULADO_APROVADO,2026-07-16 08:25:00
PED-000356,ATD-000916,893,46-FISICO,46,FISICO,2,27.60,55.20,TESTE_APROVADO,APROVADA,SIMULADO_APROVADO,2026-07-16 13:13:00
PED-000357,ATD-000917,930,3-DIGITAL,3,DIGITAL,1,18.05,18.05,TESTE_APROVADO,APROVADA,SIMULADO_APROVADO,2026-07-16 14:58:00
PED-000358,ATD-000918,967,31-DIGITAL,31,DIGITAL,1,18.05,18.05,TESTE_APROVADO,APROVADA,SIMULADO_APROVADO,2026-07-16 15:53:00
PED-000359,ATD-000920,41,29-DIGITAL,29,DIGITAL,1,11.95,11.95,TESTE_APROVADO,APROVADA,SIMULADO_APROVADO,2026-07-16 18:03:00
PED-000360,ATD-000921,78,48-DIGITAL,48,DIGITAL,1,23.70,23.70,TESTE_APROVADO,APROVADA,SIMULADO_APROVADO,2026-07-16 19:36:00
PED-000361,ATD-000926,263,32-FISICO,32,FISICO,1,31.10,31.10,TESTE_APROVADO,APROVADA,SIMULADO_APROVADO,2026-07-17 01:24:00
PED-000362,ATD-000927,300,34-DIGITAL,34,DIGITAL,1,20.20,20.20,TESTE_APROVADO,APROVADA,SIMULADO_APROVADO,2026-07-17 02:40:00
PED-000363,ATD-000932,485,48-DIGITAL,48,DIGITAL,1,23.70,23.70,TESTE_APROVADO,APROVADA,SIMULADO_APROVADO,2026-07-17 08:21:00
PED-000364,ATD-000934,559,4-DIGITAL,4,DIGITAL,2,21.10,42.20,TESTE_APROVADO,APROVADA,SIMULADO_APROVADO,2026-07-17 10:41:00
PED-000365,ATD-000937,670,6-FISICO,6,FISICO,1,30.20,30.20,TESTE_APROVADO,APROVADA,SIMULADO_APROVADO,2026-07-17 14:28:00
PED-000366,ATD-000938,707,7-DIGITAL,7,DIGITAL,2,14.15,28.30,TESTE_APROVADO,APROVADA,SIMULADO_APROVADO,2026-07-17 15:14:00
PED-000367,ATD-000944,929,11-DIGITAL,11,DIGITAL,2,19.35,38.70,TESTE_APROVADO,APROVADA,SIMULADO_APROVADO,2026-07-17 23:02:00
PED-000368,ATD-000949,114,30-FISICO,30,FISICO,1,25.00,25.00,TESTE_APROVADO,APROVADA,SIMULADO_APROVADO,2026-07-18 04:07:00
PED-000369,ATD-000951,188,10-DIGITAL,10,DIGITAL,1,16.30,16.30,TESTE_APROVADO,APROVADA,SIMULADO_APROVADO,2026-07-18 07:02:00
PED-000370,ATD-000954,299,11-FISICO,11,FISICO,1,29.35,29.35,TESTE_APROVADO,APROVADA,SIMULADO_APROVADO,2026-07-18 10:14:00
PED-000371,ATD-000956,373,37-FISICO,37,FISICO,1,23.25,23.25,TESTE_APROVADO,APROVADA,SIMULADO_APROVADO,2026-07-18 12:27:00
PED-000372,ATD-000958,447,5-FISICO,5,FISICO,1,27.15,27.15,TESTE_APROVADO,APROVADA,SIMULADO_APROVADO,2026-07-18 15:38:00
PED-000373,ATD-000960,521,45-DIGITAL,45,DIGITAL,1,14.55,14.55,TESTE_APROVADO,APROVADA,SIMULADO_APROVADO,2026-07-18 17:33:00
PED-000374,ATD-000964,669,28-DIGITAL,28,DIGITAL,1,15.90,15.90,TESTE_APROVADO,APROVADA,SIMULADO_APROVADO,2026-07-18 22:25:00
PED-000375,ATD-000969,854,6-DIGITAL,6,DIGITAL,1,20.20,20.20,TESTE_APROVADO,APROVADA,SIMULADO_APROVADO,2026-07-19 04:08:00
PED-000376,ATD-000970,891,19-DIGITAL,19,DIGITAL,1,20.65,20.65,TESTE_APROVADO,APROVADA,SIMULADO_APROVADO,2026-07-19 05:45:00
PED-000377,ATD-000972,965,3-FISICO,3,FISICO,1,28.05,28.05,TESTE_APROVADO,APROVADA,SIMULADO_APROVADO,2026-07-19 07:47:00
PED-000378,ATD-000979,224,45-DIGITAL,45,DIGITAL,1,14.55,14.55,TESTE_APROVADO,APROVADA,SIMULADO_APROVADO,2026-07-19 15:48:00
PED-000379,ATD-000982,335,36-FISICO,36,FISICO,1,27.20,27.20,TESTE_APROVADO,APROVADA,SIMULADO_APROVADO,2026-07-19 19:52:00
PED-000380,ATD-000985,446,8-DIGITAL,8,DIGITAL,1,17.20,17.20,TESTE_APROVADO,APROVADA,SIMULADO_APROVADO,2026-07-19 23:26:00
PED-000381,ATD-000986,483,3-DIGITAL,3,DIGITAL,1,18.05,18.05,TESTE_APROVADO,APROVADA,SIMULADO_APROVADO,2026-07-20 00:05:00
PED-000382,ATD-000989,594,9-FISICO,9,FISICO,1,23.25,23.25,TESTE_APROVADO,APROVADA,SIMULADO_APROVADO,2026-07-20 04:13:00
PED-000383,ATD-000992,705,2-FISICO,2,FISICO,1,25.00,25.00,TESTE_APROVADO,APROVADA,SIMULADO_APROVADO,2026-07-20 07:46:00
PED-000384,ATD-000993,742,2-FISICO,2,FISICO,1,25.00,25.00,TESTE_APROVADO,APROVADA,SIMULADO_APROVADO,2026-07-20 08:51:00
PED-000385,ATD-001000,1,17-DIGITAL,17,DIGITAL,2,14.55,29.10,TESTE_APROVADO,APROVADA,SIMULADO_APROVADO,2026-07-20 16:45:00
PED-000386,ATD-001001,38,5-FISICO,5,FISICO,1,27.15,27.15,TESTE_APROVADO,APROVADA,SIMULADO_APROVADO,2026-07-20 17:50:00
PED-000387,ATD-001002,75,9-DIGITAL,9,DIGITAL,1,13.25,13.25,TESTE_APROVADO,APROVADA,SIMULADO_APROVADO,2026-07-20 19:31:00
PED-000388,ATD-001006,223,22-FISICO,22,FISICO,1,23.70,23.70,TESTE_APROVADO,APROVADA,SIMULADO_APROVADO,2026-07-20 23:59:00
PED-000389,ATD-001009,334,42-DIGITAL,42,DIGITAL,1,12.40,12.40,TESTE_APROVADO,APROVADA,SIMULADO_APROVADO,2026-07-21 03:12:00
PED-000390,ATD-001013,482,39-DIGITAL,39,DIGITAL,1,19.35,19.35,TESTE_APROVADO,APROVADA,SIMULADO_APROVADO,2026-07-21 08:48:00
PED-000391,ATD-001014,519,1-DIGITAL,1,DIGITAL,1,11.95,11.95,TESTE_APROVADO,APROVADA,SIMULADO_APROVADO,2026-07-21 09:12:00
PED-000392,ATD-001019,704,25-DIGITAL,25,DIGITAL,1,15.85,15.85,TESTE_APROVADO,APROVADA,SIMULADO_APROVADO,2026-07-21 14:56:00
PED-000393,ATD-001022,815,20-DIGITAL,20,DIGITAL,1,23.70,23.70,TESTE_APROVADO,APROVADA,SIMULADO_APROVADO,2026-07-21 18:37:00
PED-000394,ATD-001027,1000,13-FISICO,13,FISICO,1,28.45,28.45,TESTE_APROVADO,APROVADA,SIMULADO_APROVADO,2026-07-22 01:06:00
PED-000395,ATD-001029,74,6-DIGITAL,6,DIGITAL,1,20.20,20.20,TESTE_APROVADO,APROVADA,SIMULADO_APROVADO,2026-07-22 03:34:00
PED-000396,ATD-001031,148,9-FISICO,9,FISICO,1,23.25,23.25,TESTE_APROVADO,APROVADA,SIMULADO_APROVADO,2026-07-22 05:12:00
PED-000397,ATD-001034,259,34-FISICO,34,FISICO,2,30.20,60.40,TESTE_APROVADO,APROVADA,SIMULADO_APROVADO,2026-07-22 09:15:00
PED-000398,ATD-001039,444,28-FISICO,28,FISICO,1,25.90,25.90,TESTE_APROVADO,APROVADA,SIMULADO_APROVADO,2026-07-22 14:54:00
PED-000399,ATD-001041,518,19-FISICO,19,FISICO,1,30.65,30.65,TESTE_APROVADO,APROVADA,SIMULADO_APROVADO,2026-07-22 17:18:00
PED-000400,ATD-001043,592,23-FISICO,23,FISICO,1,26.75,26.75,TESTE_APROVADO,APROVADA,SIMULADO_APROVADO,2026-07-22 19:27:00
PED-000401,ATD-001044,629,3-FISICO,3,FISICO,1,28.05,28.05,TESTE_APROVADO,APROVADA,SIMULADO_APROVADO,2026-07-22 21:12:00
PED-000402,ATD-001045,666,9-FISICO,9,FISICO,1,23.25,23.25,TESTE_APROVADO,APROVADA,SIMULADO_APROVADO,2026-07-22 22:22:00
PED-000403,ATD-001046,703,43-FISICO,43,FISICO,1,25.45,25.45,TESTE_APROVADO,APROVADA,SIMULADO_APROVADO,2026-07-22 23:18:00
PED-000404,ATD-001047,740,27-DIGITAL,27,DIGITAL,1,21.95,21.95,TESTE_APROVADO,APROVADA,SIMULADO_APROVADO,2026-07-23 00:57:00
PED-000405,ATD-001048,777,4-DIGITAL,4,DIGITAL,1,21.10,21.10,TESTE_APROVADO,APROVADA,SIMULADO_APROVADO,2026-07-23 02:06:00
PED-000406,ATD-001051,888,6-DIGITAL,6,DIGITAL,1,20.20,20.20,TESTE_APROVADO,APROVADA,SIMULADO_APROVADO,2026-07-23 04:52:00
PED-000407,ATD-001053,962,9-DIGITAL,9,DIGITAL,1,13.25,13.25,TESTE_APROVADO,APROVADA,SIMULADO_APROVADO,2026-07-23 07:15:00
PED-000408,ATD-001060,221,16-DIGITAL,16,DIGITAL,1,18.50,18.50,TESTE_APROVADO,APROVADA,SIMULADO_APROVADO,2026-07-23 16:13:00
PED-000409,ATD-001066,443,28-FISICO,28,FISICO,1,25.90,25.90,TESTE_APROVADO,APROVADA,SIMULADO_APROVADO,2026-07-23 23:04:00
PED-000410,ATD-001068,517,36-FISICO,36,FISICO,1,27.20,27.20,TESTE_APROVADO,APROVADA,SIMULADO_APROVADO,2026-07-24 01:34:00
PED-000411,ATD-001070,591,20-FISICO,20,FISICO,1,33.70,33.70,TESTE_APROVADO,APROVADA,SIMULADO_APROVADO,2026-07-24 03:30:00
PED-000412,ATD-001074,739,18-DIGITAL,18,DIGITAL,1,17.60,17.60,TESTE_APROVADO,APROVADA,SIMULADO_APROVADO,2026-07-24 08:34:00
PED-000413,ATD-001075,776,1-FISICO,1,FISICO,1,21.95,21.95,TESTE_APROVADO,APROVADA,SIMULADO_APROVADO,2026-07-24 09:51:00
PED-000414,ATD-001082,35,19-DIGITAL,19,DIGITAL,1,20.65,20.65,TESTE_APROVADO,APROVADA,SIMULADO_APROVADO,2026-07-24 18:14:00
PED-000415,ATD-001083,72,22-FISICO,22,FISICO,1,23.70,23.70,TESTE_APROVADO,APROVADA,SIMULADO_APROVADO,2026-07-24 18:55:00
PED-000416,ATD-001088,257,10-FISICO,10,FISICO,1,26.30,26.30,TESTE_APROVADO,APROVADA,SIMULADO_APROVADO,2026-07-25 00:53:00
PED-000417,ATD-001094,479,2-FISICO,2,FISICO,1,25.00,25.00,TESTE_APROVADO,APROVADA,SIMULADO_APROVADO,2026-07-25 08:06:00
PED-000418,ATD-001096,553,2-DIGITAL,2,DIGITAL,2,15.00,30.00,TESTE_APROVADO,APROVADA,SIMULADO_APROVADO,2026-07-25 10:31:00
PED-000419,ATD-001097,590,23-DIGITAL,23,DIGITAL,1,16.75,16.75,TESTE_APROVADO,APROVADA,SIMULADO_APROVADO,2026-07-25 11:55:00
PED-000420,ATD-001100,701,26-DIGITAL,26,DIGITAL,1,18.90,18.90,TESTE_APROVADO,APROVADA,SIMULADO_APROVADO,2026-07-25 14:54:00
PED-000421,ATD-001101,738,43-FISICO,43,FISICO,1,25.45,25.45,TESTE_APROVADO,APROVADA,SIMULADO_APROVADO,2026-07-25 16:54:00
PED-000422,ATD-001103,812,27-DIGITAL,27,DIGITAL,1,21.95,21.95,TESTE_APROVADO,APROVADA,SIMULADO_APROVADO,2026-07-25 18:55:00
PED-000423,ATD-001105,886,40-FISICO,40,FISICO,2,32.40,64.80,TESTE_APROVADO,APROVADA,SIMULADO_APROVADO,2026-07-25 21:12:00
PED-000424,ATD-001107,960,3-DIGITAL,3,DIGITAL,1,18.05,18.05,TESTE_APROVADO,APROVADA,SIMULADO_APROVADO,2026-07-25 23:20:00
PED-000425,ATD-001109,34,29-DIGITAL,29,DIGITAL,1,11.95,11.95,TESTE_APROVADO,APROVADA,SIMULADO_APROVADO,2026-07-26 01:59:00
PED-000426,ATD-001111,108,1-DIGITAL,1,DIGITAL,1,11.95,11.95,TESTE_APROVADO,APROVADA,SIMULADO_APROVADO,2026-07-26 04:01:00
PED-000427,ATD-001112,145,43-FISICO,43,FISICO,1,25.45,25.45,TESTE_APROVADO,APROVADA,SIMULADO_APROVADO,2026-07-26 05:39:00
PED-000428,ATD-001114,219,38-DIGITAL,38,DIGITAL,1,16.30,16.30,TESTE_APROVADO,APROVADA,SIMULADO_APROVADO,2026-07-26 07:55:00
PED-000429,ATD-001115,256,9-FISICO,9,FISICO,1,23.25,23.25,TESTE_APROVADO,APROVADA,SIMULADO_APROVADO,2026-07-26 08:45:00
PED-000430,ATD-001116,293,48-DIGITAL,48,DIGITAL,1,23.70,23.70,TESTE_APROVADO,APROVADA,SIMULADO_APROVADO,2026-07-26 10:03:00
PED-000431,ATD-001118,367,28-FISICO,28,FISICO,1,25.90,25.90,TESTE_APROVADO,APROVADA,SIMULADO_APROVADO,2026-07-26 12:51:00
PED-000432,ATD-001120,441,5-DIGITAL,5,DIGITAL,1,17.15,17.15,TESTE_APROVADO,APROVADA,SIMULADO_APROVADO,2026-07-26 15:12:00
PED-000433,ATD-001124,589,31-DIGITAL,31,DIGITAL,1,18.05,18.05,TESTE_APROVADO,APROVADA,SIMULADO_APROVADO,2026-07-26 20:02:00
PED-000434,ATD-001125,626,42-DIGITAL,42,DIGITAL,1,12.40,12.40,TESTE_APROVADO,APROVADA,SIMULADO_APROVADO,2026-07-26 20:43:00
PED-000435,ATD-001126,663,34-FISICO,34,FISICO,1,30.20,30.20,TESTE_APROVADO,APROVADA,SIMULADO_APROVADO,2026-07-26 21:59:00
PED-000436,ATD-001127,700,23-FISICO,23,FISICO,1,26.75,26.75,TESTE_APROVADO,APROVADA,SIMULADO_APROVADO,2026-07-26 23:26:00
PED-000437,ATD-001128,737,31-DIGITAL,31,DIGITAL,1,18.05,18.05,TESTE_APROVADO,APROVADA,SIMULADO_APROVADO,2026-07-27 00:01:00
PED-000438,ATD-001129,774,21-DIGITAL,21,DIGITAL,1,10.65,10.65,TESTE_APROVADO,APROVADA,SIMULADO_APROVADO,2026-07-27 01:36:00
PED-000439,ATD-001130,811,43-FISICO,43,FISICO,1,25.45,25.45,TESTE_APROVADO,APROVADA,SIMULADO_APROVADO,2026-07-27 03:04:00
PED-000440,ATD-001132,885,34-DIGITAL,34,DIGITAL,2,20.20,40.40,TESTE_APROVADO,APROVADA,SIMULADO_APROVADO,2026-07-27 05:22:00
PED-000441,ATD-001134,959,1-DIGITAL,1,DIGITAL,1,11.95,11.95,TESTE_APROVADO,APROVADA,SIMULADO_APROVADO,2026-07-27 07:44:00
PED-000442,ATD-001138,107,16-FISICO,16,FISICO,1,28.50,28.50,TESTE_APROVADO,APROVADA,SIMULADO_APROVADO,2026-07-27 12:31:00
PED-000443,ATD-001140,181,43-DIGITAL,43,DIGITAL,1,15.45,15.45,TESTE_APROVADO,APROVADA,SIMULADO_APROVADO,2026-07-27 15:05:00
PED-000444,ATD-001141,218,5-FISICO,5,FISICO,1,27.15,27.15,TESTE_APROVADO,APROVADA,SIMULADO_APROVADO,2026-07-27 16:03:00
PED-000445,ATD-001142,255,7-DIGITAL,7,DIGITAL,1,14.15,14.15,TESTE_APROVADO,APROVADA,SIMULADO_APROVADO,2026-07-27 17:13:00
PED-000446,ATD-001145,366,47-FISICO,47,FISICO,1,30.65,30.65,TESTE_APROVADO,APROVADA,SIMULADO_APROVADO,2026-07-27 20:19:00
PED-000447,ATD-001148,477,22-DIGITAL,22,DIGITAL,1,13.70,13.70,TESTE_APROVADO,APROVADA,SIMULADO_APROVADO,2026-07-28 00:20:00
PED-000448,ATD-001161,958,35-DIGITAL,35,DIGITAL,1,14.15,14.15,TESTE_APROVADO,APROVADA,SIMULADO_APROVADO,2026-07-28 15:47:00
PED-000449,ATD-001163,32,23-FISICO,23,FISICO,1,26.75,26.75,TESTE_APROVADO,APROVADA,SIMULADO_APROVADO,2026-07-28 17:54:00
PED-000450,ATD-001164,69,30-FISICO,30,FISICO,1,25.00,25.00,TESTE_APROVADO,APROVADA,SIMULADO_APROVADO,2026-07-28 18:38:00
PED-000451,ATD-001168,217,20-DIGITAL,20,DIGITAL,2,23.70,47.40,TESTE_APROVADO,APROVADA,SIMULADO_APROVADO,2026-07-29 00:02:00
PED-000452,ATD-001170,291,4-DIGITAL,4,DIGITAL,1,21.10,21.10,TESTE_APROVADO,APROVADA,SIMULADO_APROVADO,2026-07-29 01:59:00
PED-000453,ATD-001171,328,37-DIGITAL,37,DIGITAL,1,13.25,13.25,TESTE_APROVADO,APROVADA,SIMULADO_APROVADO,2026-07-29 03:17:00
PED-000454,ATD-001172,365,45-DIGITAL,45,DIGITAL,1,14.55,14.55,TESTE_APROVADO,APROVADA,SIMULADO_APROVADO,2026-07-29 04:45:00
PED-000455,ATD-001173,402,46-DIGITAL,46,DIGITAL,1,17.60,17.60,TESTE_APROVADO,APROVADA,SIMULADO_APROVADO,2026-07-29 05:52:00
PED-000456,ATD-001174,439,44-DIGITAL,44,DIGITAL,1,18.50,18.50,TESTE_APROVADO,APROVADA,SIMULADO_APROVADO,2026-07-29 06:53:00
PED-000457,ATD-001178,587,47-DIGITAL,47,DIGITAL,1,20.65,20.65,TESTE_APROVADO,APROVADA,SIMULADO_APROVADO,2026-07-29 11:26:00
PED-000458,ATD-001180,661,22-FISICO,22,FISICO,1,23.70,23.70,TESTE_APROVADO,APROVADA,SIMULADO_APROVADO,2026-07-29 13:41:00
PED-000459,ATD-001182,735,42-FISICO,42,FISICO,1,22.40,22.40,TESTE_APROVADO,APROVADA,SIMULADO_APROVADO,2026-07-29 16:34:00
PED-000460,ATD-001187,920,16-DIGITAL,16,DIGITAL,1,18.50,18.50,TESTE_APROVADO,APROVADA,SIMULADO_APROVADO,2026-07-29 21:56:00
PED-000461,ATD-001195,216,36-DIGITAL,36,DIGITAL,1,17.20,17.20,TESTE_APROVADO,APROVADA,SIMULADO_APROVADO,2026-07-30 07:33:00
PED-000462,ATD-001197,290,17-DIGITAL,17,DIGITAL,1,14.55,14.55,TESTE_APROVADO,APROVADA,SIMULADO_APROVADO,2026-07-30 10:33:00
PED-000463,ATD-001198,327,3-FISICO,3,FISICO,1,28.05,28.05,TESTE_APROVADO,APROVADA,SIMULADO_APROVADO,2026-07-30 11:02:00
PED-000464,ATD-001199,364,9-FISICO,9,FISICO,1,23.25,23.25,TESTE_APROVADO,APROVADA,SIMULADO_APROVADO,2026-07-30 12:29:00
PED-000465,ATD-001200,401,13-FISICO,13,FISICO,1,28.45,28.45,TESTE_APROVADO,APROVADA,SIMULADO_APROVADO,2026-07-30 13:57:00
PED-000466,ATD-001202,475,31-DIGITAL,31,DIGITAL,1,18.05,18.05,TESTE_APROVADO,APROVADA,SIMULADO_APROVADO,2026-07-30 16:20:00
PED-000467,ATD-001210,771,19-DIGITAL,19,DIGITAL,1,20.65,20.65,TESTE_APROVADO,APROVADA,SIMULADO_APROVADO,2026-07-31 01:05:00
PED-000468,ATD-001211,808,21-DIGITAL,21,DIGITAL,1,10.65,10.65,TESTE_APROVADO,APROVADA,SIMULADO_APROVADO,2026-07-31 02:23:00
PED-000469,ATD-001213,882,48-DIGITAL,48,DIGITAL,1,23.70,23.70,TESTE_APROVADO,APROVADA,SIMULADO_APROVADO,2026-07-31 04:35:00
PED-000470,ATD-001219,104,46-FISICO,46,FISICO,2,27.60,55.20,TESTE_APROVADO,APROVADA,SIMULADO_APROVADO,2026-07-31 11:53:00
PED-000471,ATD-001229,474,24-DIGITAL,24,DIGITAL,1,19.80,19.80,TESTE_APROVADO,APROVADA,SIMULADO_APROVADO,2026-07-31 23:49:00
PED-000472,ATD-001230,511,21-DIGITAL,21,DIGITAL,1,10.65,10.65,TESTE_APROVADO,APROVADA,SIMULADO_APROVADO,2026-08-01 01:37:00
PED-000473,ATD-001232,585,25-DIGITAL,25,DIGITAL,1,15.85,15.85,TESTE_APROVADO,APROVADA,SIMULADO_APROVADO,2026-08-01 03:35:00
PED-000474,ATD-001234,659,26-DIGITAL,26,DIGITAL,2,18.90,37.80,TESTE_APROVADO,APROVADA,SIMULADO_APROVADO,2026-08-01 05:45:00
PED-000475,ATD-001236,733,3-FISICO,3,FISICO,1,28.05,28.05,TESTE_APROVADO,APROVADA,SIMULADO_APROVADO,2026-08-01 08:19:00
PED-000476,ATD-001237,770,27-FISICO,27,FISICO,1,31.95,31.95,TESTE_APROVADO,APROVADA,SIMULADO_APROVADO,2026-08-01 09:01:00
PED-000477,ATD-001238,807,30-FISICO,30,FISICO,1,25.00,25.00,TESTE_APROVADO,APROVADA,SIMULADO_APROVADO,2026-08-01 10:56:00
PED-000478,ATD-001241,918,18-FISICO,18,FISICO,1,27.60,27.60,TESTE_APROVADO,APROVADA,SIMULADO_APROVADO,2026-08-01 14:17:00
PED-000479,ATD-001243,992,25-DIGITAL,25,DIGITAL,1,15.85,15.85,TESTE_APROVADO,APROVADA,SIMULADO_APROVADO,2026-08-01 16:49:00
PED-000480,ATD-001245,66,46-DIGITAL,46,DIGITAL,1,17.60,17.60,TESTE_APROVADO,APROVADA,SIMULADO_APROVADO,2026-08-01 18:54:00
PED-000481,ATD-001246,103,38-DIGITAL,38,DIGITAL,1,16.30,16.30,TESTE_APROVADO,APROVADA,SIMULADO_APROVADO,2026-08-01 20:27:00
PED-000482,ATD-001247,140,4-FISICO,4,FISICO,1,31.10,31.10,TESTE_APROVADO,APROVADA,SIMULADO_APROVADO,2026-08-01 21:22:00
PED-000483,ATD-001252,325,42-FISICO,42,FISICO,1,22.40,22.40,TESTE_APROVADO,APROVADA,SIMULADO_APROVADO,2026-08-02 03:07:00
PED-000484,ATD-001253,362,43-DIGITAL,43,DIGITAL,1,15.45,15.45,TESTE_APROVADO,APROVADA,SIMULADO_APROVADO,2026-08-02 04:27:00
PED-000485,ATD-001256,473,2-FISICO,2,FISICO,1,25.00,25.00,TESTE_APROVADO,APROVADA,SIMULADO_APROVADO,2026-08-02 08:02:00
PED-000486,ATD-001260,621,35-FISICO,35,FISICO,2,24.15,48.30,TESTE_APROVADO,APROVADA,SIMULADO_APROVADO,2026-08-02 12:55:00
PED-000487,ATD-001262,695,23-DIGITAL,23,DIGITAL,1,16.75,16.75,TESTE_APROVADO,APROVADA,SIMULADO_APROVADO,2026-08-02 15:16:00
PED-000488,ATD-001263,732,34-DIGITAL,34,DIGITAL,1,20.20,20.20,TESTE_APROVADO,APROVADA,SIMULADO_APROVADO,2026-08-02 16:33:00
PED-000489,ATD-001265,806,16-DIGITAL,16,DIGITAL,1,18.50,18.50,TESTE_APROVADO,APROVADA,SIMULADO_APROVADO,2026-08-02 18:04:00
PED-000490,ATD-001266,843,1-FISICO,1,FISICO,2,21.95,43.90,TESTE_APROVADO,APROVADA,SIMULADO_APROVADO,2026-08-02 20:07:00
PED-000491,ATD-001267,880,6-DIGITAL,6,DIGITAL,1,20.20,20.20,TESTE_APROVADO,APROVADA,SIMULADO_APROVADO,2026-08-02 20:53:00
PED-000492,ATD-001270,991,24-DIGITAL,24,DIGITAL,1,19.80,19.80,TESTE_APROVADO,APROVADA,SIMULADO_APROVADO,2026-08-03 00:29:00
PED-000493,ATD-001275,176,28-DIGITAL,28,DIGITAL,1,15.90,15.90,TESTE_APROVADO,APROVADA,SIMULADO_APROVADO,2026-08-03 06:44:00
PED-000494,ATD-001276,213,23-DIGITAL,23,DIGITAL,1,16.75,16.75,TESTE_APROVADO,APROVADA,SIMULADO_APROVADO,2026-08-03 07:58:00
PED-000495,ATD-001278,287,28-DIGITAL,28,DIGITAL,1,15.90,15.90,TESTE_APROVADO,APROVADA,SIMULADO_APROVADO,2026-08-03 09:57:00
PED-000496,ATD-001284,509,37-FISICO,37,FISICO,1,23.25,23.25,TESTE_APROVADO,APROVADA,SIMULADO_APROVADO,2026-08-03 17:16:00
PED-000497,ATD-001285,546,38-DIGITAL,38,DIGITAL,1,16.30,16.30,TESTE_APROVADO,APROVADA,SIMULADO_APROVADO,2026-08-03 17:53:00
PED-000498,ATD-001286,583,35-FISICO,35,FISICO,1,24.15,24.15,TESTE_APROVADO,APROVADA,SIMULADO_APROVADO,2026-08-03 19:37:00
PED-000499,ATD-001288,657,20-DIGITAL,20,DIGITAL,1,23.70,23.70,TESTE_APROVADO,APROVADA,SIMULADO_APROVADO,2026-08-03 21:14:00
PED-000500,ATD-001289,694,4-DIGITAL,4,DIGITAL,1,21.10,21.10,TESTE_APROVADO,APROVADA,SIMULADO_APROVADO,2026-08-03 23:18:00
PED-000501,ATD-001293,842,35-DIGITAL,35,DIGITAL,1,14.15,14.15,TESTE_APROVADO,APROVADA,SIMULADO_APROVADO,2026-08-04 03:22:00
PED-000502,ATD-001294,879,5-DIGITAL,5,DIGITAL,1,17.15,17.15,TESTE_APROVADO,APROVADA,SIMULADO_APROVADO,2026-08-04 05:00:00
PED-000503,ATD-001295,916,48-DIGITAL,48,DIGITAL,1,23.70,23.70,TESTE_APROVADO,APROVADA,SIMULADO_APROVADO,2026-08-04 05:44:00
PED-000504,ATD-001298,27,43-DIGITAL,43,DIGITAL,1,15.45,15.45,TESTE_APROVADO,APROVADA,SIMULADO_APROVADO,2026-08-04 09:53:00
PED-000505,ATD-001300,101,21-DIGITAL,21,DIGITAL,1,10.65,10.65,TESTE_APROVADO,APROVADA,SIMULADO_APROVADO,2026-08-04 12:08:00
PED-000506,ATD-001302,175,2-FISICO,2,FISICO,1,25.00,25.00,TESTE_APROVADO,APROVADA,SIMULADO_APROVADO,2026-08-04 14:02:00
PED-000507,ATD-001303,212,19-FISICO,19,FISICO,1,30.65,30.65,TESTE_APROVADO,APROVADA,SIMULADO_APROVADO,2026-08-04 15:16:00
PED-000508,ATD-001307,360,5-FISICO,5,FISICO,1,27.15,27.15,TESTE_APROVADO,APROVADA,SIMULADO_APROVADO,2026-08-04 20:18:00
PED-000509,ATD-001312,545,26-FISICO,26,FISICO,1,28.90,28.90,TESTE_APROVADO,APROVADA,SIMULADO_APROVADO,2026-08-05 01:54:00
PED-000510,ATD-001315,656,36-DIGITAL,36,DIGITAL,2,17.20,34.40,TESTE_APROVADO,APROVADA,SIMULADO_APROVADO,2026-08-05 05:28:00
PED-000511,ATD-001319,804,47-FISICO,47,FISICO,1,30.65,30.65,TESTE_APROVADO,APROVADA,SIMULADO_APROVADO,2026-08-05 10:32:00
PED-000512,ATD-001321,878,6-DIGITAL,6,DIGITAL,1,20.20,20.20,TESTE_APROVADO,APROVADA,SIMULADO_APROVADO,2026-08-05 12:49:00
PED-000513,ATD-001322,915,43-FISICO,43,FISICO,1,25.45,25.45,TESTE_APROVADO,APROVADA,SIMULADO_APROVADO,2026-08-05 13:44:00
PED-000514,ATD-001328,137,7-DIGITAL,7,DIGITAL,1,14.15,14.15,TESTE_APROVADO,APROVADA,SIMULADO_APROVADO,2026-08-05 21:27:00
PED-000515,ATD-001329,174,47-FISICO,47,FISICO,1,30.65,30.65,TESTE_APROVADO,APROVADA,SIMULADO_APROVADO,2026-08-05 22:30:00
PED-000516,ATD-001338,507,10-FISICO,10,FISICO,1,26.30,26.30,TESTE_APROVADO,APROVADA,SIMULADO_APROVADO,2026-08-06 08:51:00
PED-000517,ATD-001344,729,18-DIGITAL,18,DIGITAL,1,17.60,17.60,TESTE_APROVADO,APROVADA,SIMULADO_APROVADO,2026-08-06 15:41:00
PED-000518,ATD-001345,766,17-FISICO,17,FISICO,1,24.55,24.55,TESTE_APROVADO,APROVADA,SIMULADO_APROVADO,2026-08-06 17:30:00
PED-000519,ATD-001346,803,45-DIGITAL,45,DIGITAL,1,14.55,14.55,TESTE_APROVADO,APROVADA,SIMULADO_APROVADO,2026-08-06 18:25:00
PED-000520,ATD-001353,62,24-DIGITAL,24,DIGITAL,1,19.80,19.80,TESTE_APROVADO,APROVADA,SIMULADO_APROVADO,2026-08-07 02:36:00
PED-000521,ATD-001356,173,24-DIGITAL,24,DIGITAL,1,19.80,19.80,TESTE_APROVADO,APROVADA,SIMULADO_APROVADO,2026-08-07 05:58:00
PED-000522,ATD-001359,284,22-DIGITAL,22,DIGITAL,1,13.70,13.70,TESTE_APROVADO,APROVADA,SIMULADO_APROVADO,2026-08-07 09:49:00
PED-000523,ATD-001360,321,25-DIGITAL,25,DIGITAL,1,15.85,15.85,TESTE_APROVADO,APROVADA,SIMULADO_APROVADO,2026-08-07 11:12:00
PED-000524,ATD-001364,469,2-DIGITAL,2,DIGITAL,2,15.00,30.00,TESTE_APROVADO,APROVADA,SIMULADO_APROVADO,2026-08-07 15:37:00
PED-000525,ATD-001365,506,35-DIGITAL,35,DIGITAL,1,14.15,14.15,TESTE_APROVADO,APROVADA,SIMULADO_APROVADO,2026-08-07 17:19:00
PED-000526,ATD-001368,617,3-DIGITAL,3,DIGITAL,1,18.05,18.05,TESTE_APROVADO,APROVADA,SIMULADO_APROVADO,2026-08-07 20:31:00
PED-000527,ATD-001369,654,19-DIGITAL,19,DIGITAL,1,20.65,20.65,TESTE_APROVADO,APROVADA,SIMULADO_APROVADO,2026-08-07 21:06:00
PED-000528,ATD-001371,728,43-DIGITAL,43,DIGITAL,1,15.45,15.45,TESTE_APROVADO,APROVADA,SIMULADO_APROVADO,2026-08-07 23:47:00
PED-000529,ATD-001374,839,8-DIGITAL,8,DIGITAL,1,17.20,17.20,TESTE_APROVADO,APROVADA,SIMULADO_APROVADO,2026-08-08 03:26:00
PED-000530,ATD-001376,913,2-FISICO,2,FISICO,2,25.00,50.00,TESTE_APROVADO,APROVADA,SIMULADO_APROVADO,2026-08-08 05:50:00
PED-000531,ATD-001379,24,34-DIGITAL,34,DIGITAL,1,20.20,20.20,TESTE_APROVADO,APROVADA,SIMULADO_APROVADO,2026-08-08 09:36:00
PED-000532,ATD-001390,431,42-DIGITAL,42,DIGITAL,1,12.40,12.40,TESTE_APROVADO,APROVADA,SIMULADO_APROVADO,2026-08-08 22:47:00
PED-000533,ATD-001392,505,12-FISICO,12,FISICO,1,32.40,32.40,TESTE_APROVADO,APROVADA,SIMULADO_APROVADO,2026-08-09 01:10:00
PED-000534,ATD-001403,912,17-FISICO,17,FISICO,1,24.55,24.55,TESTE_APROVADO,APROVADA,SIMULADO_APROVADO,2026-08-09 13:58:00
PED-000535,ATD-001405,986,20-FISICO,20,FISICO,1,33.70,33.70,TESTE_APROVADO,APROVADA,SIMULADO_APROVADO,2026-08-09 15:51:00
PED-000536,ATD-001406,23,15-DIGITAL,15,DIGITAL,1,15.45,15.45,TESTE_APROVADO,APROVADA,SIMULADO_APROVADO,2026-08-09 17:46:00
PED-000537,ATD-001408,97,14-DIGITAL,14,DIGITAL,2,12.40,24.80,TESTE_APROVADO,APROVADA,SIMULADO_APROVADO,2026-08-09 19:59:00
PED-000538,ATD-001409,134,26-FISICO,26,FISICO,1,28.90,28.90,TESTE_APROVADO,APROVADA,SIMULADO_APROVADO,2026-08-09 20:24:00
PED-000539,ATD-001411,208,45-DIGITAL,45,DIGITAL,1,14.55,14.55,TESTE_APROVADO,APROVADA,SIMULADO_APROVADO,2026-08-09 23:11:00
PED-000540,ATD-001414,319,43-DIGITAL,43,DIGITAL,1,15.45,15.45,TESTE_APROVADO,APROVADA,SIMULADO_APROVADO,2026-08-10 03:07:00
PED-000541,ATD-001415,356,16-FISICO,16,FISICO,1,28.50,28.50,TESTE_APROVADO,APROVADA,SIMULADO_APROVADO,2026-08-10 03:47:00
PED-000542,ATD-001416,393,37-FISICO,37,FISICO,1,23.25,23.25,TESTE_APROVADO,APROVADA,SIMULADO_APROVADO,2026-08-10 05:33:00
PED-000543,ATD-001420,541,32-FISICO,32,FISICO,1,31.10,31.10,TESTE_APROVADO,APROVADA,SIMULADO_APROVADO,2026-08-10 09:30:00
PED-000544,ATD-001421,578,27-FISICO,27,FISICO,1,31.95,31.95,TESTE_APROVADO,APROVADA,SIMULADO_APROVADO,2026-08-10 11:17:00
PED-000545,ATD-001422,615,28-FISICO,28,FISICO,1,25.90,25.90,TESTE_APROVADO,APROVADA,SIMULADO_APROVADO,2026-08-10 12:01:00
PED-000546,ATD-001425,726,10-DIGITAL,10,DIGITAL,2,16.30,32.60,TESTE_APROVADO,APROVADA,SIMULADO_APROVADO,2026-08-10 16:08:00
PED-000547,ATD-001427,800,28-FISICO,28,FISICO,1,25.90,25.90,TESTE_APROVADO,APROVADA,SIMULADO_APROVADO,2026-08-10 18:38:00
PED-000548,ATD-001429,874,17-DIGITAL,17,DIGITAL,1,14.55,14.55,TESTE_APROVADO,APROVADA,SIMULADO_APROVADO,2026-08-10 20:53:00
PED-000549,ATD-001435,96,32-FISICO,32,FISICO,1,31.10,31.10,TESTE_APROVADO,APROVADA,SIMULADO_APROVADO,2026-08-11 03:52:00
PED-000550,ATD-001437,170,18-DIGITAL,18,DIGITAL,1,17.60,17.60,TESTE_APROVADO,APROVADA,SIMULADO_APROVADO,2026-08-11 06:01:00
PED-000551,ATD-001438,207,2-FISICO,2,FISICO,1,25.00,25.00,TESTE_APROVADO,APROVADA,SIMULADO_APROVADO,2026-08-11 07:04:00
PED-000552,ATD-001441,318,19-DIGITAL,19,DIGITAL,1,20.65,20.65,TESTE_APROVADO,APROVADA,SIMULADO_APROVADO,2026-08-11 10:51:00
PED-000553,ATD-001442,355,48-DIGITAL,48,DIGITAL,1,23.70,23.70,TESTE_APROVADO,APROVADA,SIMULADO_APROVADO,2026-08-11 11:40:00
PED-000554,ATD-001444,429,1-DIGITAL,1,DIGITAL,1,11.95,11.95,TESTE_APROVADO,APROVADA,SIMULADO_APROVADO,2026-08-11 14:38:00
PED-000555,ATD-001445,466,17-FISICO,17,FISICO,1,24.55,24.55,TESTE_APROVADO,APROVADA,SIMULADO_APROVADO,2026-08-11 15:54:00
PED-000556,ATD-001449,614,40-FISICO,40,FISICO,1,32.40,32.40,TESTE_APROVADO,APROVADA,SIMULADO_APROVADO,2026-08-11 19:48:00
PED-000557,ATD-001454,799,33-FISICO,33,FISICO,1,27.15,27.15,TESTE_APROVADO,APROVADA,SIMULADO_APROVADO,2026-08-12 01:54:00
PED-000558,ATD-001456,873,7-DIGITAL,7,DIGITAL,1,14.15,14.15,TESTE_APROVADO,APROVADA,SIMULADO_APROVADO,2026-08-12 04:54:00
PED-000559,ATD-001459,984,15-DIGITAL,15,DIGITAL,1,15.45,15.45,TESTE_APROVADO,APROVADA,SIMULADO_APROVADO,2026-08-12 08:07:00
PED-000560,ATD-001461,58,19-DIGITAL,19,DIGITAL,2,20.65,41.30,TESTE_APROVADO,APROVADA,SIMULADO_APROVADO,2026-08-12 10:08:00
PED-000561,ATD-001463,132,18-DIGITAL,18,DIGITAL,1,17.60,17.60,TESTE_APROVADO,APROVADA,SIMULADO_APROVADO,2026-08-12 12:20:00
PED-000562,ATD-001467,280,44-DIGITAL,44,DIGITAL,1,18.50,18.50,TESTE_APROVADO,APROVADA,SIMULADO_APROVADO,2026-08-12 17:22:00
PED-000563,ATD-001469,354,42-DIGITAL,42,DIGITAL,1,12.40,12.40,TESTE_APROVADO,APROVADA,SIMULADO_APROVADO,2026-08-12 19:38:00
PED-000564,ATD-001473,502,10-FISICO,10,FISICO,1,26.30,26.30,TESTE_APROVADO,APROVADA,SIMULADO_APROVADO,2026-08-13 00:53:00
PED-000565,ATD-001475,576,16-DIGITAL,16,DIGITAL,1,18.50,18.50,TESTE_APROVADO,APROVADA,SIMULADO_APROVADO,2026-08-13 03:08:00
PED-000566,ATD-001476,613,1-DIGITAL,1,DIGITAL,1,11.95,11.95,TESTE_APROVADO,APROVADA,SIMULADO_APROVADO,2026-08-13 04:19:00
PED-000567,ATD-001480,761,23-FISICO,23,FISICO,1,26.75,26.75,TESTE_APROVADO,APROVADA,SIMULADO_APROVADO,2026-08-13 08:41:00
PED-000568,ATD-001483,872,9-DIGITAL,9,DIGITAL,1,13.25,13.25,TESTE_APROVADO,APROVADA,SIMULADO_APROVADO,2026-08-13 12:23:00
PED-000569,ATD-001485,946,3-DIGITAL,3,DIGITAL,2,18.05,36.10,TESTE_APROVADO,APROVADA,SIMULADO_APROVADO,2026-08-13 14:49:00
PED-000570,ATD-001486,983,23-DIGITAL,23,DIGITAL,1,16.75,16.75,TESTE_APROVADO,APROVADA,SIMULADO_APROVADO,2026-08-13 15:53:00
PED-000571,ATD-001488,57,19-DIGITAL,19,DIGITAL,1,20.65,20.65,TESTE_APROVADO,APROVADA,SIMULADO_APROVADO,2026-08-13 17:55:00
PED-000572,ATD-001489,94,5-DIGITAL,5,DIGITAL,1,17.15,17.15,TESTE_APROVADO,APROVADA,SIMULADO_APROVADO,2026-08-13 19:30:00
PED-000573,ATD-001495,316,45-DIGITAL,45,DIGITAL,1,14.55,14.55,TESTE_APROVADO,APROVADA,SIMULADO_APROVADO,2026-08-14 02:45:00
PED-000574,ATD-001497,390,1-FISICO,1,FISICO,1,21.95,21.95,TESTE_APROVADO,APROVADA,SIMULADO_APROVADO,2026-08-14 05:01:00
PED-000575,ATD-001499,464,19-FISICO,19,FISICO,1,30.65,30.65,TESTE_APROVADO,APROVADA,SIMULADO_APROVADO,2026-08-14 07:15:00
PED-000576,ATD-001501,538,37-FISICO,37,FISICO,1,23.25,23.25,TESTE_APROVADO,APROVADA,SIMULADO_APROVADO,2026-08-14 10:15:00
PED-000577,ATD-001503,612,45-DIGITAL,45,DIGITAL,2,14.55,29.10,TESTE_APROVADO,APROVADA,SIMULADO_APROVADO,2026-08-14 12:28:00
PED-000578,ATD-001509,834,28-DIGITAL,28,DIGITAL,1,15.90,15.90,TESTE_APROVADO,APROVADA,SIMULADO_APROVADO,2026-08-14 19:12:00
PED-000579,ATD-001511,908,25-DIGITAL,25,DIGITAL,1,15.85,15.85,TESTE_APROVADO,APROVADA,SIMULADO_APROVADO,2026-08-14 21:54:00
PED-000580,ATD-001512,945,10-FISICO,10,FISICO,1,26.30,26.30,TESTE_APROVADO,APROVADA,SIMULADO_APROVADO,2026-08-14 22:48:00
PED-000581,ATD-001513,982,6-DIGITAL,6,DIGITAL,1,20.20,20.20,TESTE_APROVADO,APROVADA,SIMULADO_APROVADO,2026-08-14 23:56:00
PED-000582,ATD-001516,93,37-FISICO,37,FISICO,1,23.25,23.25,TESTE_APROVADO,APROVADA,SIMULADO_APROVADO,2026-08-15 03:23:00
PED-000583,ATD-001517,130,5-DIGITAL,5,DIGITAL,1,17.15,17.15,TESTE_APROVADO,APROVADA,SIMULADO_APROVADO,2026-08-15 04:55:00
PED-000584,ATD-001519,204,42-DIGITAL,42,DIGITAL,1,12.40,12.40,TESTE_APROVADO,APROVADA,SIMULADO_APROVADO,2026-08-15 06:35:00
PED-000585,ATD-001521,278,17-DIGITAL,17,DIGITAL,1,14.55,14.55,TESTE_APROVADO,APROVADA,SIMULADO_APROVADO,2026-08-15 09:28:00
PED-000586,ATD-001524,389,3-DIGITAL,3,DIGITAL,2,18.05,36.10,TESTE_APROVADO,APROVADA,SIMULADO_APROVADO,2026-08-15 13:10:00
PED-000587,ATD-001529,574,29-DIGITAL,29,DIGITAL,1,11.95,11.95,TESTE_APROVADO,APROVADA,SIMULADO_APROVADO,2026-08-15 18:56:00
PED-000588,ATD-001534,759,3-DIGITAL,3,DIGITAL,1,18.05,18.05,TESTE_APROVADO,APROVADA,SIMULADO_APROVADO,2026-08-16 01:11:00
PED-000589,ATD-001535,796,30-DIGITAL,30,DIGITAL,1,15.00,15.00,TESTE_APROVADO,APROVADA,SIMULADO_APROVADO,2026-08-16 01:53:00
PED-000590,ATD-001536,833,30-FISICO,30,FISICO,1,25.00,25.00,TESTE_APROVADO,APROVADA,SIMULADO_APROVADO,2026-08-16 03:29:00
PED-000591,ATD-001541,18,28-FISICO,28,FISICO,1,25.90,25.90,TESTE_APROVADO,APROVADA,SIMULADO_APROVADO,2026-08-16 08:38:00
PED-000592,ATD-001542,55,22-FISICO,22,FISICO,2,23.70,47.40,TESTE_APROVADO,APROVADA,SIMULADO_APROVADO,2026-08-16 10:02:00
PED-000593,ATD-001543,92,22-DIGITAL,22,DIGITAL,2,13.70,27.40,TESTE_APROVADO,APROVADA,SIMULADO_APROVADO,2026-08-16 11:07:00
PED-000594,ATD-001545,166,30-DIGITAL,30,DIGITAL,1,15.00,15.00,TESTE_APROVADO,APROVADA,SIMULADO_APROVADO,2026-08-16 13:55:00
PED-000595,ATD-001551,388,29-FISICO,29,FISICO,2,21.95,43.90,TESTE_APROVADO,APROVADA,SIMULADO_APROVADO,2026-08-16 20:35:00
PED-000596,ATD-001559,684,21-DIGITAL,21,DIGITAL,2,10.65,21.30,TESTE_APROVADO,APROVADA,SIMULADO_APROVADO,2026-08-17 06:31:00
PED-000597,ATD-001562,795,33-DIGITAL,33,DIGITAL,1,17.15,17.15,TESTE_APROVADO,APROVADA,SIMULADO_APROVADO,2026-08-17 09:57:00
PED-000598,ATD-001566,943,2-FISICO,2,FISICO,1,25.00,25.00,TESTE_APROVADO,APROVADA,SIMULADO_APROVADO,2026-08-17 14:27:00
PED-000599,ATD-001567,980,9-DIGITAL,9,DIGITAL,1,13.25,13.25,TESTE_APROVADO,APROVADA,SIMULADO_APROVADO,2026-08-17 16:14:00
PED-000600,ATD-001570,91,34-DIGITAL,34,DIGITAL,1,20.20,20.20,TESTE_APROVADO,APROVADA,SIMULADO_APROVADO,2026-08-17 19:29:00
PED-000601,ATD-001575,276,47-DIGITAL,47,DIGITAL,1,20.65,20.65,TESTE_APROVADO,APROVADA,SIMULADO_APROVADO,2026-08-18 01:28:00
PED-000602,ATD-001578,387,11-DIGITAL,11,DIGITAL,1,19.35,19.35,TESTE_APROVADO,APROVADA,SIMULADO_APROVADO,2026-08-18 05:09:00
PED-000603,ATD-001581,498,45-DIGITAL,45,DIGITAL,1,14.55,14.55,TESTE_APROVADO,APROVADA,SIMULADO_APROVADO,2026-08-18 08:34:00
PED-000604,ATD-001583,572,41-FISICO,41,FISICO,1,28.45,28.45,TESTE_APROVADO,APROVADA,SIMULADO_APROVADO,2026-08-18 10:27:00
PED-000605,ATD-001586,683,27-DIGITAL,27,DIGITAL,1,21.95,21.95,TESTE_APROVADO,APROVADA,SIMULADO_APROVADO,2026-08-18 14:23:00
PED-000606,ATD-001588,757,27-DIGITAL,27,DIGITAL,1,21.95,21.95,TESTE_APROVADO,APROVADA,SIMULADO_APROVADO,2026-08-18 16:52:00
PED-000607,ATD-001590,831,30-DIGITAL,30,DIGITAL,1,15.00,15.00,TESTE_APROVADO,APROVADA,SIMULADO_APROVADO,2026-08-18 18:51:00
PED-000608,ATD-001591,868,1-DIGITAL,1,DIGITAL,1,11.95,11.95,TESTE_APROVADO,APROVADA,SIMULADO_APROVADO,2026-08-18 20:43:00
PED-000609,ATD-001594,979,17-FISICO,17,FISICO,1,24.55,24.55,TESTE_APROVADO,APROVADA,SIMULADO_APROVADO,2026-08-18 23:58:00
PED-000610,ATD-001595,16,41-FISICO,41,FISICO,1,28.45,28.45,TESTE_APROVADO,APROVADA,SIMULADO_APROVADO,2026-08-19 01:19:00
PED-000611,ATD-001604,349,15-FISICO,15,FISICO,2,25.45,50.90,TESTE_APROVADO,APROVADA,SIMULADO_APROVADO,2026-08-19 11:37:00
PED-000612,ATD-001606,423,9-FISICO,9,FISICO,1,23.25,23.25,TESTE_APROVADO,APROVADA,SIMULADO_APROVADO,2026-08-19 14:22:00
PED-000613,ATD-001607,460,25-DIGITAL,25,DIGITAL,1,15.85,15.85,TESTE_APROVADO,APROVADA,SIMULADO_APROVADO,2026-08-19 15:29:00
PED-000614,ATD-001609,534,8-FISICO,8,FISICO,1,27.20,27.20,TESTE_APROVADO,APROVADA,SIMULADO_APROVADO,2026-08-19 17:37:00
PED-000615,ATD-001612,645,25-DIGITAL,25,DIGITAL,1,15.85,15.85,TESTE_APROVADO,APROVADA,SIMULADO_APROVADO,2026-08-19 21:11:00
PED-000616,ATD-001613,682,35-FISICO,35,FISICO,1,24.15,24.15,TESTE_APROVADO,APROVADA,SIMULADO_APROVADO,2026-08-19 22:16:00
PED-000617,ATD-001615,756,46-DIGITAL,46,DIGITAL,1,17.60,17.60,TESTE_APROVADO,APROVADA,SIMULADO_APROVADO,2026-08-20 00:49:00
PED-000618,ATD-001616,793,47-DIGITAL,47,DIGITAL,1,20.65,20.65,TESTE_APROVADO,APROVADA,SIMULADO_APROVADO,2026-08-20 02:21:00
PED-000619,ATD-001618,867,17-FISICO,17,FISICO,1,24.55,24.55,TESTE_APROVADO,APROVADA,SIMULADO_APROVADO,2026-08-20 04:16:00
PED-000620,ATD-001619,904,27-DIGITAL,27,DIGITAL,1,21.95,21.95,TESTE_APROVADO,APROVADA,SIMULADO_APROVADO,2026-08-20 05:11:00
PED-000621,ATD-001622,15,46-FISICO,46,FISICO,1,27.60,27.60,TESTE_APROVADO,APROVADA,SIMULADO_APROVADO,2026-08-20 08:46:00
PED-000622,ATD-001629,274,5-FISICO,5,FISICO,1,27.15,27.15,TESTE_APROVADO,APROVADA,SIMULADO_APROVADO,2026-08-20 17:35:00
PED-000623,ATD-001633,422,23-FISICO,23,FISICO,1,26.75,26.75,TESTE_APROVADO,APROVADA,SIMULADO_APROVADO,2026-08-20 22:00:00
PED-000624,ATD-001634,459,5-DIGITAL,5,DIGITAL,2,17.15,34.30,TESTE_APROVADO,APROVADA,SIMULADO_APROVADO,2026-08-20 23:25:00
PED-000625,ATD-001641,718,15-FISICO,15,FISICO,1,25.45,25.45,TESTE_APROVADO,APROVADA,SIMULADO_APROVADO,2026-08-21 07:42:00
PED-000626,ATD-001645,866,11-DIGITAL,11,DIGITAL,1,19.35,19.35,TESTE_APROVADO,APROVADA,SIMULADO_APROVADO,2026-08-21 12:07:00
PED-000627,ATD-001646,903,13-DIGITAL,13,DIGITAL,1,18.45,18.45,TESTE_APROVADO,APROVADA,SIMULADO_APROVADO,2026-08-21 12:53:00
PED-000628,ATD-001648,977,25-DIGITAL,25,DIGITAL,1,15.85,15.85,TESTE_APROVADO,APROVADA,SIMULADO_APROVADO,2026-08-21 15:58:00
PED-000629,ATD-001649,14,4-DIGITAL,4,DIGITAL,1,21.10,21.10,TESTE_APROVADO,APROVADA,SIMULADO_APROVADO,2026-08-21 16:37:00
PED-000630,ATD-001650,51,12-FISICO,12,FISICO,1,32.40,32.40,TESTE_APROVADO,APROVADA,SIMULADO_APROVADO,2026-08-21 17:49:00
PED-000631,ATD-001652,125,22-FISICO,22,FISICO,1,23.70,23.70,TESTE_APROVADO,APROVADA,SIMULADO_APROVADO,2026-08-21 20:50:00
PED-000632,ATD-001657,310,39-FISICO,39,FISICO,1,29.35,29.35,TESTE_APROVADO,APROVADA,SIMULADO_APROVADO,2026-08-22 02:42:00
PED-000633,ATD-001658,347,5-FISICO,5,FISICO,1,27.15,27.15,TESTE_APROVADO,APROVADA,SIMULADO_APROVADO,2026-08-22 03:45:00
PED-000634,ATD-001660,421,25-DIGITAL,25,DIGITAL,1,15.85,15.85,TESTE_APROVADO,APROVADA,SIMULADO_APROVADO,2026-08-22 05:43:00
PED-000635,ATD-001663,532,23-FISICO,23,FISICO,1,26.75,26.75,TESTE_APROVADO,APROVADA,SIMULADO_APROVADO,2026-08-22 08:58:00
PED-000636,ATD-001664,569,45-DIGITAL,45,DIGITAL,1,14.55,14.55,TESTE_APROVADO,APROVADA,SIMULADO_APROVADO,2026-08-22 10:18:00
PED-000637,ATD-001666,643,18-DIGITAL,18,DIGITAL,1,17.60,17.60,TESTE_APROVADO,APROVADA,SIMULADO_APROVADO,2026-08-22 13:16:00
PED-000638,ATD-001667,680,11-DIGITAL,11,DIGITAL,1,19.35,19.35,TESTE_APROVADO,APROVADA,SIMULADO_APROVADO,2026-08-22 13:58:00
PED-000639,ATD-001668,717,3-FISICO,3,FISICO,1,28.05,28.05,TESTE_APROVADO,APROVADA,SIMULADO_APROVADO,2026-08-22 15:39:00
PED-000640,ATD-001670,791,43-FISICO,43,FISICO,1,25.45,25.45,TESTE_APROVADO,APROVADA,SIMULADO_APROVADO,2026-08-22 17:50:00
PED-000641,ATD-001671,828,1-DIGITAL,1,DIGITAL,1,11.95,11.95,TESTE_APROVADO,APROVADA,SIMULADO_APROVADO,2026-08-22 19:03:00
PED-000642,ATD-001673,902,2-FISICO,2,FISICO,1,25.00,25.00,TESTE_APROVADO,APROVADA,SIMULADO_APROVADO,2026-08-22 21:31:00
PED-000643,ATD-001674,939,30-FISICO,30,FISICO,1,25.00,25.00,TESTE_APROVADO,APROVADA,SIMULADO_APROVADO,2026-08-22 22:29:00
PED-000644,ATD-001678,87,8-DIGITAL,8,DIGITAL,2,17.20,34.40,TESTE_APROVADO,APROVADA,SIMULADO_APROVADO,2026-08-23 03:22:00
PED-000645,ATD-001679,124,8-DIGITAL,8,DIGITAL,1,17.20,17.20,TESTE_APROVADO,APROVADA,SIMULADO_APROVADO,2026-08-23 04:26:00
PED-000646,ATD-001680,161,17-DIGITAL,17,DIGITAL,1,14.55,14.55,TESTE_APROVADO,APROVADA,SIMULADO_APROVADO,2026-08-23 05:53:00
PED-000647,ATD-001681,198,23-FISICO,23,FISICO,1,26.75,26.75,TESTE_APROVADO,APROVADA,SIMULADO_APROVADO,2026-08-23 07:05:00
PED-000648,ATD-001683,272,22-DIGITAL,22,DIGITAL,1,13.70,13.70,TESTE_APROVADO,APROVADA,SIMULADO_APROVADO,2026-08-23 08:58:00
PED-000649,ATD-001685,346,17-FISICO,17,FISICO,1,24.55,24.55,TESTE_APROVADO,APROVADA,SIMULADO_APROVADO,2026-08-23 11:17:00
PED-000650,ATD-001687,420,35-DIGITAL,35,DIGITAL,1,14.15,14.15,TESTE_APROVADO,APROVADA,SIMULADO_APROVADO,2026-08-23 13:35:00
PED-000651,ATD-001688,457,36-DIGITAL,36,DIGITAL,1,17.20,17.20,TESTE_APROVADO,APROVADA,SIMULADO_APROVADO,2026-08-23 14:46:00
PED-000652,ATD-001690,531,48-DIGITAL,48,DIGITAL,1,23.70,23.70,TESTE_APROVADO,APROVADA,SIMULADO_APROVADO,2026-08-23 17:28:00
PED-000653,ATD-001691,568,42-FISICO,42,FISICO,1,22.40,22.40,TESTE_APROVADO,APROVADA,SIMULADO_APROVADO,2026-08-23 18:53:00
PED-000654,ATD-001692,605,30-FISICO,30,FISICO,1,25.00,25.00,TESTE_APROVADO,APROVADA,SIMULADO_APROVADO,2026-08-23 19:58:00
PED-000655,ATD-001698,827,35-FISICO,35,FISICO,1,24.15,24.15,TESTE_APROVADO,APROVADA,SIMULADO_APROVADO,2026-08-24 02:40:00
PED-000656,ATD-001703,12,16-FISICO,16,FISICO,1,28.50,28.50,TESTE_APROVADO,APROVADA,SIMULADO_APROVADO,2026-08-24 08:32:00
PED-000657,ATD-001704,49,23-FISICO,23,FISICO,1,26.75,26.75,TESTE_APROVADO,APROVADA,SIMULADO_APROVADO,2026-08-24 10:06:00
PED-000658,ATD-001713,382,29-DIGITAL,29,DIGITAL,1,11.95,11.95,TESTE_APROVADO,APROVADA,SIMULADO_APROVADO,2026-08-24 20:55:00
PED-000659,ATD-001715,456,42-DIGITAL,42,DIGITAL,2,12.40,24.80,TESTE_APROVADO,APROVADA,SIMULADO_APROVADO,2026-08-24 22:35:00
PED-000660,ATD-001716,493,12-FISICO,12,FISICO,1,32.40,32.40,TESTE_APROVADO,APROVADA,SIMULADO_APROVADO,2026-08-25 00:27:00
PED-000661,ATD-001720,641,15-DIGITAL,15,DIGITAL,1,15.45,15.45,TESTE_APROVADO,APROVADA,SIMULADO_APROVADO,2026-08-25 04:41:00
PED-000662,ATD-001723,752,24-DIGITAL,24,DIGITAL,1,19.80,19.80,TESTE_APROVADO,APROVADA,SIMULADO_APROVADO,2026-08-25 08:13:00
PED-000663,ATD-001724,789,3-FISICO,3,FISICO,1,28.05,28.05,TESTE_APROVADO,APROVADA,SIMULADO_APROVADO,2026-08-25 09:50:00
PED-000664,ATD-001726,863,5-FISICO,5,FISICO,1,27.15,27.15,TESTE_APROVADO,APROVADA,SIMULADO_APROVADO,2026-08-25 12:00:00
PED-000665,ATD-001728,937,28-DIGITAL,28,DIGITAL,1,15.90,15.90,TESTE_APROVADO,APROVADA,SIMULADO_APROVADO,2026-08-25 14:10:00
PED-000666,ATD-001729,974,46-DIGITAL,46,DIGITAL,1,17.60,17.60,TESTE_APROVADO,APROVADA,SIMULADO_APROVADO,2026-08-25 15:45:00
PED-000667,ATD-001735,196,32-FISICO,32,FISICO,1,31.10,31.10,TESTE_APROVADO,APROVADA,SIMULADO_APROVADO,2026-08-25 22:35:00
PED-000668,ATD-001737,270,37-FISICO,37,FISICO,1,23.25,23.25,TESTE_APROVADO,APROVADA,SIMULADO_APROVADO,2026-08-26 01:22:00
PED-000669,ATD-001740,381,7-DIGITAL,7,DIGITAL,1,14.15,14.15,TESTE_APROVADO,APROVADA,SIMULADO_APROVADO,2026-08-26 05:01:00
PED-000670,ATD-001742,455,25-FISICO,25,FISICO,1,25.85,25.85,TESTE_APROVADO,APROVADA,SIMULADO_APROVADO,2026-08-26 07:01:00
PED-000671,ATD-001745,566,7-DIGITAL,7,DIGITAL,1,14.15,14.15,TESTE_APROVADO,APROVADA,SIMULADO_APROVADO,2026-08-26 10:13:00
PED-000672,ATD-001748,677,32-DIGITAL,32,DIGITAL,1,21.10,21.10,TESTE_APROVADO,APROVADA,SIMULADO_APROVADO,2026-08-26 14:03:00
PED-000673,ATD-001749,714,1-DIGITAL,1,DIGITAL,1,11.95,11.95,TESTE_APROVADO,APROVADA,SIMULADO_APROVADO,2026-08-26 15:07:00
PED-000674,ATD-001751,788,44-DIGITAL,44,DIGITAL,1,18.50,18.50,TESTE_APROVADO,APROVADA,SIMULADO_APROVADO,2026-08-26 17:16:00
PED-000675,ATD-001752,825,36-DIGITAL,36,DIGITAL,1,17.20,17.20,TESTE_APROVADO,APROVADA,SIMULADO_APROVADO,2026-08-26 19:11:00
PED-000676,ATD-001753,862,18-FISICO,18,FISICO,1,27.60,27.60,TESTE_APROVADO,APROVADA,SIMULADO_APROVADO,2026-08-26 20:13:00
PED-000677,ATD-001756,973,12-DIGITAL,12,DIGITAL,1,22.40,22.40,TESTE_APROVADO,APROVADA,SIMULADO_APROVADO,2026-08-26 23:40:00
PED-000678,ATD-001757,10,6-DIGITAL,6,DIGITAL,1,20.20,20.20,TESTE_APROVADO,APROVADA,SIMULADO_APROVADO,2026-08-27 00:30:00
PED-000679,ATD-001760,121,32-DIGITAL,32,DIGITAL,1,21.10,21.10,TESTE_APROVADO,APROVADA,SIMULADO_APROVADO,2026-08-27 04:11:00
PED-000680,ATD-001762,195,28-FISICO,28,FISICO,1,25.90,25.90,TESTE_APROVADO,APROVADA,SIMULADO_APROVADO,2026-08-27 06:32:00
PED-000681,ATD-001763,232,45-DIGITAL,45,DIGITAL,2,14.55,29.10,TESTE_APROVADO,APROVADA,SIMULADO_APROVADO,2026-08-27 08:06:00
PED-000682,ATD-001766,343,46-DIGITAL,46,DIGITAL,1,17.60,17.60,TESTE_APROVADO,APROVADA,SIMULADO_APROVADO,2026-08-27 11:33:00
PED-000683,ATD-001771,528,12-FISICO,12,FISICO,1,32.40,32.40,TESTE_APROVADO,APROVADA,SIMULADO_APROVADO,2026-08-27 17:29:00
PED-000684,ATD-001777,750,28-FISICO,28,FISICO,1,25.90,25.90,TESTE_APROVADO,APROVADA,SIMULADO_APROVADO,2026-08-28 00:46:00
PED-000685,ATD-001779,824,2-FISICO,2,FISICO,2,25.00,50.00,TESTE_APROVADO,APROVADA,SIMULADO_APROVADO,2026-08-28 02:37:00
PED-000686,ATD-001783,972,4-FISICO,4,FISICO,1,31.10,31.10,TESTE_APROVADO,APROVADA,SIMULADO_APROVADO,2026-08-28 07:09:00
PED-000687,ATD-001784,9,17-DIGITAL,17,DIGITAL,1,14.55,14.55,TESTE_APROVADO,APROVADA,SIMULADO_APROVADO,2026-08-28 08:39:00
PED-000688,ATD-001787,120,2-FISICO,2,FISICO,1,25.00,25.00,TESTE_APROVADO,APROVADA,SIMULADO_APROVADO,2026-08-28 12:25:00
PED-000689,ATD-001788,157,16-DIGITAL,16,DIGITAL,1,18.50,18.50,TESTE_APROVADO,APROVADA,SIMULADO_APROVADO,2026-08-28 12:53:00
PED-000690,ATD-001792,305,30-FISICO,30,FISICO,1,25.00,25.00,TESTE_APROVADO,APROVADA,SIMULADO_APROVADO,2026-08-28 18:06:00
PED-000691,ATD-001797,490,36-FISICO,36,FISICO,1,27.20,27.20,TESTE_APROVADO,APROVADA,SIMULADO_APROVADO,2026-08-29 00:20:00
PED-000692,ATD-001798,527,15-FISICO,15,FISICO,1,25.45,25.45,TESTE_APROVADO,APROVADA,SIMULADO_APROVADO,2026-08-29 01:12:00
PED-000693,ATD-001799,564,10-FISICO,10,FISICO,1,26.30,26.30,TESTE_APROVADO,APROVADA,SIMULADO_APROVADO,2026-08-29 02:52:00
PED-000694,ATD-001801,638,2-FISICO,2,FISICO,1,25.00,25.00,TESTE_APROVADO,APROVADA,SIMULADO_APROVADO,2026-08-29 04:49:00
PED-000695,ATD-001803,712,41-FISICO,41,FISICO,1,28.45,28.45,TESTE_APROVADO,APROVADA,SIMULADO_APROVADO,2026-08-29 07:08:00
PED-000696,ATD-001804,749,42-DIGITAL,42,DIGITAL,1,12.40,12.40,TESTE_APROVADO,APROVADA,SIMULADO_APROVADO,2026-08-29 08:42:00
PED-000697,ATD-001805,786,23-FISICO,23,FISICO,2,26.75,53.50,TESTE_APROVADO,APROVADA,SIMULADO_APROVADO,2026-08-29 09:31:00
PED-000698,ATD-001806,823,41-DIGITAL,41,DIGITAL,1,18.45,18.45,TESTE_APROVADO,APROVADA,SIMULADO_APROVADO,2026-08-29 11:08:00
PED-000699,ATD-001808,897,28-DIGITAL,28,DIGITAL,1,15.90,15.90,TESTE_APROVADO,APROVADA,SIMULADO_APROVADO,2026-08-29 13:13:00
PED-000700,ATD-001809,934,24-DIGITAL,24,DIGITAL,1,19.80,19.80,TESTE_APROVADO,APROVADA,SIMULADO_APROVADO,2026-08-29 14:10:00
PED-000701,ATD-001819,304,32-FISICO,32,FISICO,1,31.10,31.10,TESTE_APROVADO,APROVADA,SIMULADO_APROVADO,2026-08-30 02:09:00
PED-000702,ATD-001823,452,40-FISICO,40,FISICO,1,32.40,32.40,TESTE_APROVADO,APROVADA,SIMULADO_APROVADO,2026-08-30 07:04:00
PED-000703,ATD-001825,526,4-DIGITAL,4,DIGITAL,1,21.10,21.10,TESTE_APROVADO,APROVADA,SIMULADO_APROVADO,2026-08-30 09:04:00
PED-000704,ATD-001827,600,5-DIGITAL,5,DIGITAL,1,17.15,17.15,TESTE_APROVADO,APROVADA,SIMULADO_APROVADO,2026-08-30 11:42:00
PED-000705,ATD-001829,674,6-DIGITAL,6,DIGITAL,1,20.20,20.20,TESTE_APROVADO,APROVADA,SIMULADO_APROVADO,2026-08-30 14:09:00
PED-000706,ATD-001831,748,6-FISICO,6,FISICO,1,30.20,30.20,TESTE_APROVADO,APROVADA,SIMULADO_APROVADO,2026-08-30 16:15:00
PED-000707,ATD-001833,822,20-DIGITAL,20,DIGITAL,1,23.70,23.70,TESTE_APROVADO,APROVADA,SIMULADO_APROVADO,2026-08-30 18:50:00
PED-000708,ATD-001834,859,2-FISICO,2,FISICO,2,25.00,50.00,TESTE_APROVADO,APROVADA,SIMULADO_APROVADO,2026-08-30 19:26:00
PED-000709,ATD-001835,896,3-DIGITAL,3,DIGITAL,1,18.05,18.05,TESTE_APROVADO,APROVADA,SIMULADO_APROVADO,2026-08-30 20:44:00
PED-000710,ATD-001836,933,26-DIGITAL,26,DIGITAL,1,18.90,18.90,TESTE_APROVADO,APROVADA,SIMULADO_APROVADO,2026-08-30 22:20:00
PED-000711,ATD-001838,7,35-FISICO,35,FISICO,2,24.15,48.30,TESTE_APROVADO,APROVADA,SIMULADO_APROVADO,2026-08-31 00:14:00
PED-000712,ATD-001842,155,32-DIGITAL,32,DIGITAL,1,21.10,21.10,TESTE_APROVADO,APROVADA,SIMULADO_APROVADO,2026-08-31 05:29:00
PED-000713,ATD-001846,303,2-DIGITAL,2,DIGITAL,1,15.00,15.00,TESTE_APROVADO,APROVADA,SIMULADO_APROVADO,2026-08-31 10:14:00
PED-000714,ATD-001852,525,11-DIGITAL,11,DIGITAL,1,19.35,19.35,TESTE_APROVADO,APROVADA,SIMULADO_APROVADO,2026-08-31 17:19:00
PED-000715,ATD-001853,562,28-DIGITAL,28,DIGITAL,1,15.90,15.90,TESTE_APROVADO,APROVADA,SIMULADO_APROVADO,2026-08-31 18:35:00
PED-000716,ATD-001863,932,41-FISICO,41,FISICO,1,28.45,28.45,TESTE_APROVADO,APROVADA,SIMULADO_APROVADO,2026-09-01 06:13:00
PED-000717,ATD-001864,969,40-FISICO,40,FISICO,2,32.40,64.80,TESTE_APROVADO,APROVADA,SIMULADO_APROVADO,2026-09-01 07:37:00
PED-000718,ATD-001873,302,4-DIGITAL,4,DIGITAL,1,21.10,21.10,TESTE_APROVADO,APROVADA,SIMULADO_APROVADO,2026-09-01 17:48:00
PED-000719,ATD-001875,376,4-DIGITAL,4,DIGITAL,1,21.10,21.10,TESTE_APROVADO,APROVADA,SIMULADO_APROVADO,2026-09-01 20:16:00
PED-000720,ATD-001876,413,24-DIGITAL,24,DIGITAL,1,19.80,19.80,TESTE_APROVADO,APROVADA,SIMULADO_APROVADO,2026-09-01 21:34:00
PED-000721,ATD-001877,450,29-FISICO,29,FISICO,1,21.95,21.95,TESTE_APROVADO,APROVADA,SIMULADO_APROVADO,2026-09-01 22:42:00
PED-000722,ATD-001882,635,20-FISICO,20,FISICO,1,33.70,33.70,TESTE_APROVADO,APROVADA,SIMULADO_APROVADO,2026-09-02 04:56:00
PED-000723,ATD-001883,672,2-DIGITAL,2,DIGITAL,1,15.00,15.00,TESTE_APROVADO,APROVADA,SIMULADO_APROVADO,2026-09-02 06:01:00
PED-000724,ATD-001886,783,42-DIGITAL,42,DIGITAL,1,12.40,12.40,TESTE_APROVADO,APROVADA,SIMULADO_APROVADO,2026-09-02 09:21:00
PED-000725,ATD-001887,820,44-DIGITAL,44,DIGITAL,1,18.50,18.50,TESTE_APROVADO,APROVADA,SIMULADO_APROVADO,2026-09-02 10:45:00
PED-000726,ATD-001888,857,23-FISICO,23,FISICO,1,26.75,26.75,TESTE_APROVADO,APROVADA,SIMULADO_APROVADO,2026-09-02 12:00:00
PED-000727,ATD-001890,931,17-DIGITAL,17,DIGITAL,1,14.55,14.55,TESTE_APROVADO,APROVADA,SIMULADO_APROVADO,2026-09-02 14:12:00
PED-000728,ATD-001892,5,4-DIGITAL,4,DIGITAL,1,21.10,21.10,TESTE_APROVADO,APROVADA,SIMULADO_APROVADO,2026-09-02 16:29:00
PED-000729,ATD-001894,79,37-FISICO,37,FISICO,1,23.25,23.25,TESTE_APROVADO,APROVADA,SIMULADO_APROVADO,2026-09-02 18:28:00
PED-000730,ATD-001895,116,5-DIGITAL,5,DIGITAL,1,17.15,17.15,TESTE_APROVADO,APROVADA,SIMULADO_APROVADO,2026-09-02 19:49:00
PED-000731,ATD-001900,301,19-FISICO,19,FISICO,1,30.65,30.65,TESTE_APROVADO,APROVADA,SIMULADO_APROVADO,2026-09-03 02:21:00
PED-000732,ATD-001901,338,28-FISICO,28,FISICO,1,25.90,25.90,TESTE_APROVADO,APROVADA,SIMULADO_APROVADO,2026-09-03 03:10:00
PED-000733,ATD-001905,486,23-FISICO,23,FISICO,1,26.75,26.75,TESTE_APROVADO,APROVADA,SIMULADO_APROVADO,2026-09-03 07:34:00
PED-000734,ATD-001915,856,6-DIGITAL,6,DIGITAL,1,20.20,20.20,TESTE_APROVADO,APROVADA,SIMULADO_APROVADO,2026-09-03 19:51:00
PED-000735,ATD-001918,967,19-DIGITAL,19,DIGITAL,1,20.65,20.65,TESTE_APROVADO,APROVADA,SIMULADO_APROVADO,2026-09-03 23:05:00
PED-000736,ATD-001921,78,19-DIGITAL,19,DIGITAL,1,20.65,20.65,TESTE_APROVADO,APROVADA,SIMULADO_APROVADO,2026-09-04 03:09:00
PED-000737,ATD-001922,115,26-FISICO,26,FISICO,1,28.90,28.90,TESTE_APROVADO,APROVADA,SIMULADO_APROVADO,2026-09-04 03:36:00
PED-000738,ATD-001923,152,9-FISICO,9,FISICO,1,23.25,23.25,TESTE_APROVADO,APROVADA,SIMULADO_APROVADO,2026-09-04 05:13:00
PED-000739,ATD-001925,226,30-DIGITAL,30,DIGITAL,1,15.00,15.00,TESTE_APROVADO,APROVADA,SIMULADO_APROVADO,2026-09-04 06:59:00
PED-000740,ATD-001926,263,30-FISICO,30,FISICO,1,25.00,25.00,TESTE_APROVADO,APROVADA,SIMULADO_APROVADO,2026-09-04 08:28:00
PED-000741,ATD-001928,337,2-DIGITAL,2,DIGITAL,1,15.00,15.00,TESTE_APROVADO,APROVADA,SIMULADO_APROVADO,2026-09-04 10:53:00
PED-000742,ATD-001929,374,41-FISICO,41,FISICO,1,28.45,28.45,TESTE_APROVADO,APROVADA,SIMULADO_APROVADO,2026-09-04 12:10:00
PED-000743,ATD-001930,411,20-DIGITAL,20,DIGITAL,1,23.70,23.70,TESTE_APROVADO,APROVADA,SIMULADO_APROVADO,2026-09-04 13:44:00
PED-000744,ATD-001932,485,37-DIGITAL,37,DIGITAL,1,13.25,13.25,TESTE_APROVADO,APROVADA,SIMULADO_APROVADO,2026-09-04 16:17:00
PED-000745,ATD-001938,707,26-DIGITAL,26,DIGITAL,1,18.90,18.90,TESTE_APROVADO,APROVADA,SIMULADO_APROVADO,2026-09-04 22:43:00
PED-000746,ATD-001939,744,2-DIGITAL,2,DIGITAL,1,15.00,15.00,TESTE_APROVADO,APROVADA,SIMULADO_APROVADO,2026-09-05 00:17:00
PED-000747,ATD-001946,3,8-DIGITAL,8,DIGITAL,1,17.20,17.20,TESTE_APROVADO,APROVADA,SIMULADO_APROVADO,2026-09-05 08:38:00
PED-000748,ATD-001951,188,9-FISICO,9,FISICO,1,23.25,23.25,TESTE_APROVADO,APROVADA,SIMULADO_APROVADO,2026-09-05 14:38:00
PED-000749,ATD-001955,336,27-DIGITAL,27,DIGITAL,1,21.95,21.95,TESTE_APROVADO,APROVADA,SIMULADO_APROVADO,2026-09-05 18:37:00
PED-000750,ATD-001956,373,1-DIGITAL,1,DIGITAL,1,11.95,11.95,TESTE_APROVADO,APROVADA,SIMULADO_APROVADO,2026-09-05 20:26:00
PED-000751,ATD-001957,410,42-DIGITAL,42,DIGITAL,1,12.40,12.40,TESTE_APROVADO,APROVADA,SIMULADO_APROVADO,2026-09-05 21:26:00
PED-000752,ATD-001958,447,6-FISICO,6,FISICO,1,30.20,30.20,TESTE_APROVADO,APROVADA,SIMULADO_APROVADO,2026-09-05 22:37:00
PED-000753,ATD-001960,521,45-DIGITAL,45,DIGITAL,1,14.55,14.55,TESTE_APROVADO,APROVADA,SIMULADO_APROVADO,2026-09-06 00:36:00
PED-000754,ATD-001967,780,28-FISICO,28,FISICO,1,25.90,25.90,TESTE_APROVADO,APROVADA,SIMULADO_APROVADO,2026-09-06 09:09:00
PED-000755,ATD-001968,817,44-DIGITAL,44,DIGITAL,1,18.50,18.50,TESTE_APROVADO,APROVADA,SIMULADO_APROVADO,2026-09-06 10:44:00
PED-000756,ATD-001974,39,29-FISICO,29,FISICO,1,21.95,21.95,TESTE_APROVADO,APROVADA,SIMULADO_APROVADO,2026-09-06 17:16:00
PED-000757,ATD-001977,150,22-FISICO,22,FISICO,1,23.70,23.70,TESTE_APROVADO,APROVADA,SIMULADO_APROVADO,2026-09-06 21:18:00
PED-000758,ATD-001984,409,1-DIGITAL,1,DIGITAL,1,11.95,11.95,TESTE_APROVADO,APROVADA,SIMULADO_APROVADO,2026-09-07 05:48:00
PED-000759,ATD-001985,446,8-DIGITAL,8,DIGITAL,1,17.20,17.20,TESTE_APROVADO,APROVADA,SIMULADO_APROVADO,2026-09-07 06:44:00
PED-000760,ATD-001988,557,14-DIGITAL,14,DIGITAL,1,12.40,12.40,TESTE_APROVADO,APROVADA,SIMULADO_APROVADO,2026-09-07 10:15:00
PED-000761,ATD-001990,631,28-FISICO,28,FISICO,1,25.90,25.90,TESTE_APROVADO,APROVADA,SIMULADO_APROVADO,2026-09-07 12:39:00
PED-000762,ATD-001991,668,20-FISICO,20,FISICO,1,33.70,33.70,TESTE_APROVADO,APROVADA,SIMULADO_APROVADO,2026-09-07 13:41:00
PED-000763,ATD-001993,742,25-FISICO,25,FISICO,1,25.85,25.85,TESTE_APROVADO,APROVADA,SIMULADO_APROVADO,2026-09-07 15:39:00
PED-000764,ATD-001994,779,23-DIGITAL,23,DIGITAL,1,16.75,16.75,TESTE_APROVADO,APROVADA,SIMULADO_APROVADO,2026-09-07 16:54:00
PED-000765,ATD-001995,816,33-DIGITAL,33,DIGITAL,1,17.15,17.15,TESTE_APROVADO,APROVADA,SIMULADO_APROVADO,2026-09-07 18:35:00
PED-000766,ATD-001997,890,47-FISICO,47,FISICO,1,30.65,30.65,TESTE_APROVADO,APROVADA,SIMULADO_APROVADO,2026-09-07 20:57:00
PED-000767,ATD-001998,927,23-DIGITAL,23,DIGITAL,1,16.75,16.75,TESTE_APROVADO,APROVADA,SIMULADO_APROVADO,2026-09-07 21:39:00
PED-000768,ATD-002003,112,2-FISICO,2,FISICO,1,25.00,25.00,TESTE_APROVADO,APROVADA,SIMULADO_APROVADO,2026-09-08 03:36:00
PED-000769,ATD-002004,149,29-DIGITAL,29,DIGITAL,1,11.95,11.95,TESTE_APROVADO,APROVADA,SIMULADO_APROVADO,2026-09-08 04:56:00
PED-000770,ATD-002006,223,2-DIGITAL,2,DIGITAL,1,15.00,15.00,TESTE_APROVADO,APROVADA,SIMULADO_APROVADO,2026-09-08 07:42:00
PED-000771,ATD-002007,260,24-DIGITAL,24,DIGITAL,2,19.80,39.60,TESTE_APROVADO,APROVADA,SIMULADO_APROVADO,2026-09-08 08:04:00
PED-000772,ATD-002009,334,42-FISICO,42,FISICO,2,22.40,44.80,TESTE_APROVADO,APROVADA,SIMULADO_APROVADO,2026-09-08 10:30:00
PED-000773,ATD-002012,445,47-DIGITAL,47,DIGITAL,2,20.65,41.30,TESTE_APROVADO,APROVADA,SIMULADO_APROVADO,2026-09-08 14:31:00
PED-000774,ATD-002013,482,39-FISICO,39,FISICO,1,29.35,29.35,TESTE_APROVADO,APROVADA,SIMULADO_APROVADO,2026-09-08 15:35:00
PED-000775,ATD-002015,556,29-DIGITAL,29,DIGITAL,1,11.95,11.95,TESTE_APROVADO,APROVADA,SIMULADO_APROVADO,2026-09-08 17:46:00
PED-000776,ATD-002016,593,22-FISICO,22,FISICO,1,23.70,23.70,TESTE_APROVADO,APROVADA,SIMULADO_APROVADO,2026-09-08 18:56:00
PED-000777,ATD-002020,741,42-FISICO,42,FISICO,2,22.40,44.80,TESTE_APROVADO,APROVADA,SIMULADO_APROVADO,2026-09-08 23:59:00
PED-000778,ATD-002022,815,20-DIGITAL,20,DIGITAL,1,23.70,23.70,TESTE_APROVADO,APROVADA,SIMULADO_APROVADO,2026-09-09 02:08:00
PED-000779,ATD-002023,852,13-FISICO,13,FISICO,1,28.45,28.45,TESTE_APROVADO,APROVADA,SIMULADO_APROVADO,2026-09-09 03:38:00
PED-000780,ATD-002024,889,13-DIGITAL,13,DIGITAL,1,18.45,18.45,TESTE_APROVADO,APROVADA,SIMULADO_APROVADO,2026-09-09 04:41:00
PED-000781,ATD-002029,74,44-DIGITAL,44,DIGITAL,1,18.50,18.50,TESTE_APROVADO,APROVADA,SIMULADO_APROVADO,2026-09-09 10:41:00
PED-000782,ATD-002031,148,48-DIGITAL,48,DIGITAL,1,23.70,23.70,TESTE_APROVADO,APROVADA,SIMULADO_APROVADO,2026-09-09 13:22:00
PED-000783,ATD-002035,296,19-FISICO,19,FISICO,1,30.65,30.65,TESTE_APROVADO,APROVADA,SIMULADO_APROVADO,2026-09-09 17:28:00
PED-000784,ATD-002036,333,8-DIGITAL,8,DIGITAL,1,17.20,17.20,TESTE_APROVADO,APROVADA,SIMULADO_APROVADO,2026-09-09 19:02:00
PED-000785,ATD-002039,444,47-FISICO,47,FISICO,1,30.65,30.65,TESTE_APROVADO,APROVADA,SIMULADO_APROVADO,2026-09-09 22:26:00
PED-000786,ATD-002045,666,10-FISICO,10,FISICO,1,26.30,26.30,TESTE_APROVADO,APROVADA,SIMULADO_APROVADO,2026-09-10 05:14:00
PED-000787,ATD-002046,703,35-FISICO,35,FISICO,1,24.15,24.15,TESTE_APROVADO,APROVADA,SIMULADO_APROVADO,2026-09-10 06:55:00
PED-000788,ATD-002047,740,41-DIGITAL,41,DIGITAL,1,18.45,18.45,TESTE_APROVADO,APROVADA,SIMULADO_APROVADO,2026-09-10 08:13:00
PED-000789,ATD-002048,777,9-FISICO,9,FISICO,1,23.25,23.25,TESTE_APROVADO,APROVADA,SIMULADO_APROVADO,2026-09-10 09:22:00
PED-000790,ATD-002053,962,35-DIGITAL,35,DIGITAL,1,14.15,14.15,TESTE_APROVADO,APROVADA,SIMULADO_APROVADO,2026-09-10 14:49:00
PED-000791,ATD-002057,110,19-DIGITAL,19,DIGITAL,1,20.65,20.65,TESTE_APROVADO,APROVADA,SIMULADO_APROVADO,2026-09-10 20:03:00
PED-000792,ATD-002059,184,8-FISICO,8,FISICO,1,27.20,27.20,TESTE_APROVADO,APROVADA,SIMULADO_APROVADO,2026-09-10 22:02:00
PED-000793,ATD-002060,221,33-FISICO,33,FISICO,1,27.15,27.15,TESTE_APROVADO,APROVADA,SIMULADO_APROVADO,2026-09-10 23:31:00
PED-000794,ATD-002069,554,4-DIGITAL,4,DIGITAL,1,21.10,21.10,TESTE_APROVADO,APROVADA,SIMULADO_APROVADO,2026-09-11 09:39:00
PED-000795,ATD-002074,739,30-FISICO,30,FISICO,1,25.00,25.00,TESTE_APROVADO,APROVADA,SIMULADO_APROVADO,2026-09-11 15:36:00
PED-000796,ATD-002079,924,22-FISICO,22,FISICO,1,23.70,23.70,TESTE_APROVADO,APROVADA,SIMULADO_APROVADO,2026-09-11 21:54:00
PED-000797,ATD-002080,961,7-DIGITAL,7,DIGITAL,1,14.15,14.15,TESTE_APROVADO,APROVADA,SIMULADO_APROVADO,2026-09-11 22:52:00
PED-000798,ATD-002081,998,10-DIGITAL,10,DIGITAL,1,16.30,16.30,TESTE_APROVADO,APROVADA,SIMULADO_APROVADO,2026-09-12 00:23:00
PED-000799,ATD-002082,35,25-FISICO,25,FISICO,1,25.85,25.85,TESTE_APROVADO,APROVADA,SIMULADO_APROVADO,2026-09-12 01:26:00
PED-000800,ATD-002084,109,13-DIGITAL,13,DIGITAL,1,18.45,18.45,TESTE_APROVADO,APROVADA,SIMULADO_APROVADO,2026-09-12 03:14:00
PED-000801,ATD-002086,183,26-DIGITAL,26,DIGITAL,2,18.90,37.80,TESTE_APROVADO,APROVADA,SIMULADO_APROVADO,2026-09-12 06:04:00
PED-000802,ATD-002087,220,28-DIGITAL,28,DIGITAL,1,15.90,15.90,TESTE_APROVADO,APROVADA,SIMULADO_APROVADO,2026-09-12 07:37:00
PED-000803,ATD-002088,257,1-FISICO,1,FISICO,1,21.95,21.95,TESTE_APROVADO,APROVADA,SIMULADO_APROVADO,2026-09-12 08:38:00
PED-000804,ATD-002089,294,1-DIGITAL,1,DIGITAL,1,11.95,11.95,TESTE_APROVADO,APROVADA,SIMULADO_APROVADO,2026-09-12 09:28:00
PED-000805,ATD-002093,442,48-DIGITAL,48,DIGITAL,1,23.70,23.70,TESTE_APROVADO,APROVADA,SIMULADO_APROVADO,2026-09-12 13:56:00
PED-000806,ATD-002096,553,39-FISICO,39,FISICO,1,29.35,29.35,TESTE_APROVADO,APROVADA,SIMULADO_APROVADO,2026-09-12 17:30:00
PED-000807,ATD-002097,590,21-DIGITAL,21,DIGITAL,1,10.65,10.65,TESTE_APROVADO,APROVADA,SIMULADO_APROVADO,2026-09-12 19:14:00
PED-000808,ATD-002100,701,26-DIGITAL,26,DIGITAL,1,18.90,18.90,TESTE_APROVADO,APROVADA,SIMULADO_APROVADO,2026-09-12 22:52:00
PED-000809,ATD-002101,738,43-FISICO,43,FISICO,1,25.45,25.45,TESTE_APROVADO,APROVADA,SIMULADO_APROVADO,2026-09-13 00:00:00
PED-000810,ATD-002102,775,10-FISICO,10,FISICO,1,26.30,26.30,TESTE_APROVADO,APROVADA,SIMULADO_APROVADO,2026-09-13 00:52:00
PED-000811,ATD-002107,960,29-DIGITAL,29,DIGITAL,2,11.95,23.90,TESTE_APROVADO,APROVADA,SIMULADO_APROVADO,2026-09-13 06:47:00
PED-000812,ATD-002109,34,10-DIGITAL,10,DIGITAL,1,16.30,16.30,TESTE_APROVADO,APROVADA,SIMULADO_APROVADO,2026-09-13 08:58:00
PED-000813,ATD-002112,145,10-DIGITAL,10,DIGITAL,1,16.30,16.30,TESTE_APROVADO,APROVADA,SIMULADO_APROVADO,2026-09-13 12:55:00
PED-000814,ATD-002113,182,47-FISICO,47,FISICO,1,30.65,30.65,TESTE_APROVADO,APROVADA,SIMULADO_APROVADO,2026-09-13 13:31:00
PED-000815,ATD-002115,256,17-DIGITAL,17,DIGITAL,1,14.55,14.55,TESTE_APROVADO,APROVADA,SIMULADO_APROVADO,2026-09-13 16:12:00
PED-000816,ATD-002119,404,2-DIGITAL,2,DIGITAL,1,15.00,15.00,TESTE_APROVADO,APROVADA,SIMULADO_APROVADO,2026-09-13 21:05:00
PED-000817,ATD-002122,515,23-FISICO,23,FISICO,1,26.75,26.75,TESTE_APROVADO,APROVADA,SIMULADO_APROVADO,2026-09-14 00:22:00
PED-000818,ATD-002125,626,43-DIGITAL,43,DIGITAL,1,15.45,15.45,TESTE_APROVADO,APROVADA,SIMULADO_APROVADO,2026-09-14 03:57:00
PED-000819,ATD-002129,774,2-DIGITAL,2,DIGITAL,1,15.00,15.00,TESTE_APROVADO,APROVADA,SIMULADO_APROVADO,2026-09-14 08:42:00
PED-000820,ATD-002131,848,29-FISICO,29,FISICO,1,21.95,21.95,TESTE_APROVADO,APROVADA,SIMULADO_APROVADO,2026-09-14 11:19:00
PED-000821,ATD-002132,885,29-DIGITAL,29,DIGITAL,1,11.95,11.95,TESTE_APROVADO,APROVADA,SIMULADO_APROVADO,2026-09-14 12:30:00
PED-000822,ATD-002133,922,5-FISICO,5,FISICO,1,27.15,27.15,TESTE_APROVADO,APROVADA,SIMULADO_APROVADO,2026-09-14 13:47:00
PED-000823,ATD-002136,33,21-DIGITAL,21,DIGITAL,2,10.65,21.30,TESTE_APROVADO,APROVADA,SIMULADO_APROVADO,2026-09-14 17:27:00
PED-000824,ATD-002139,144,2-FISICO,2,FISICO,1,25.00,25.00,TESTE_APROVADO,APROVADA,SIMULADO_APROVADO,2026-09-14 21:02:00
PED-000825,ATD-002143,292,23-DIGITAL,23,DIGITAL,1,16.75,16.75,TESTE_APROVADO,APROVADA,SIMULADO_APROVADO,2026-09-15 01:22:00
PED-000826,ATD-002145,366,5-FISICO,5,FISICO,1,27.15,27.15,TESTE_APROVADO,APROVADA,SIMULADO_APROVADO,2026-09-15 03:33:00
PED-000827,ATD-002146,403,1-DIGITAL,1,DIGITAL,1,11.95,11.95,TESTE_APROVADO,APROVADA,SIMULADO_APROVADO,2026-09-15 05:11:00
PED-000828,ATD-002147,440,5-FISICO,5,FISICO,1,27.15,27.15,TESTE_APROVADO,APROVADA,SIMULADO_APROVADO,2026-09-15 06:05:00
PED-000829,ATD-002149,514,36-DIGITAL,36,DIGITAL,1,17.20,17.20,TESTE_APROVADO,APROVADA,SIMULADO_APROVADO,2026-09-15 08:29:00
PED-000830,ATD-002153,662,36-DIGITAL,36,DIGITAL,2,17.20,34.40,TESTE_APROVADO,APROVADA,SIMULADO_APROVADO,2026-09-15 13:37:00
PED-000831,ATD-002154,699,46-DIGITAL,46,DIGITAL,1,17.60,17.60,TESTE_APROVADO,APROVADA,SIMULADO_APROVADO,2026-09-15 14:38:00
PED-000832,ATD-002155,736,20-DIGITAL,20,DIGITAL,1,23.70,23.70,TESTE_APROVADO,APROVADA,SIMULADO_APROVADO,2026-09-15 15:54:00
PED-000833,ATD-002157,810,2-FISICO,2,FISICO,2,25.00,50.00,TESTE_APROVADO,APROVADA,SIMULADO_APROVADO,2026-09-15 18:35:00
PED-000834,ATD-002159,884,17-FISICO,17,FISICO,1,24.55,24.55,TESTE_APROVADO,APROVADA,SIMULADO_APROVADO,2026-09-15 20:47:00
PED-000835,ATD-002160,921,1-DIGITAL,1,DIGITAL,1,11.95,11.95,TESTE_APROVADO,APROVADA,SIMULADO_APROVADO,2026-09-15 21:36:00
PED-000836,ATD-002162,995,14-DIGITAL,14,DIGITAL,1,12.40,12.40,TESTE_APROVADO,APROVADA,SIMULADO_APROVADO,2026-09-15 23:49:00
PED-000837,ATD-002164,69,15-FISICO,15,FISICO,2,25.45,50.90,TESTE_APROVADO,APROVADA,SIMULADO_APROVADO,2026-09-16 02:43:00
PED-000838,ATD-002168,217,43-DIGITAL,43,DIGITAL,1,15.45,15.45,TESTE_APROVADO,APROVADA,SIMULADO_APROVADO,2026-09-16 06:49:00
PED-000839,ATD-002171,328,1-DIGITAL,1,DIGITAL,1,11.95,11.95,TESTE_APROVADO,APROVADA,SIMULADO_APROVADO,2026-09-16 10:45:00
PED-000840,ATD-002179,624,30-FISICO,30,FISICO,1,25.00,25.00,TESTE_APROVADO,APROVADA,SIMULADO_APROVADO,2026-09-16 20:04:00
PED-000841,ATD-002180,661,19-FISICO,19,FISICO,1,30.65,30.65,TESTE_APROVADO,APROVADA,SIMULADO_APROVADO,2026-09-16 21:23:00
PED-000842,ATD-002181,698,3-FISICO,3,FISICO,1,28.05,28.05,TESTE_APROVADO,APROVADA,SIMULADO_APROVADO,2026-09-16 22:10:00
PED-000843,ATD-002183,772,27-DIGITAL,27,DIGITAL,1,21.95,21.95,TESTE_APROVADO,APROVADA,SIMULADO_APROVADO,2026-09-17 00:41:00
PED-000844,ATD-002184,809,2-FISICO,2,FISICO,1,25.00,25.00,TESTE_APROVADO,APROVADA,SIMULADO_APROVADO,2026-09-17 02:09:00
PED-000845,ATD-002186,883,13-DIGITAL,13,DIGITAL,1,18.45,18.45,TESTE_APROVADO,APROVADA,SIMULADO_APROVADO,2026-09-17 04:00:00
PED-000846,ATD-002188,957,30-FISICO,30,FISICO,1,25.00,25.00,TESTE_APROVADO,APROVADA,SIMULADO_APROVADO,2026-09-17 06:55:00
PED-000847,ATD-002191,68,46-FISICO,46,FISICO,1,27.60,27.60,TESTE_APROVADO,APROVADA,SIMULADO_APROVADO,2026-09-17 10:32:00
PED-000848,ATD-002193,142,46-FISICO,46,FISICO,2,27.60,55.20,TESTE_APROVADO,APROVADA,SIMULADO_APROVADO,2026-09-17 12:24:00
PED-000849,ATD-002195,216,3-DIGITAL,3,DIGITAL,1,18.05,18.05,TESTE_APROVADO,APROVADA,SIMULADO_APROVADO,2026-09-17 15:00:00
PED-000850,ATD-002198,327,28-FISICO,28,FISICO,2,25.90,51.80,TESTE_APROVADO,APROVADA,SIMULADO_APROVADO,2026-09-17 19:02:00
PED-000851,ATD-002204,549,22-FISICO,22,FISICO,2,23.70,47.40,TESTE_APROVADO,APROVADA,SIMULADO_APROVADO,2026-09-18 01:13:00
PED-000852,ATD-002212,845,25-DIGITAL,25,DIGITAL,1,15.85,15.85,TESTE_APROVADO,APROVADA,SIMULADO_APROVADO,2026-09-18 11:31:00
PED-000853,ATD-002215,956,20-DIGITAL,20,DIGITAL,1,23.70,23.70,TESTE_APROVADO,APROVADA,SIMULADO_APROVADO,2026-09-18 14:39:00
PED-000854,ATD-002217,30,23-DIGITAL,23,DIGITAL,2,16.75,33.50,TESTE_APROVADO,APROVADA,SIMULADO_APROVADO,2026-09-18 16:44:00
PED-000855,ATD-002219,104,38-DIGITAL,38,DIGITAL,1,16.30,16.30,TESTE_APROVADO,APROVADA,SIMULADO_APROVADO,2026-09-18 19:46:00
PED-000856,ATD-002220,141,16-FISICO,16,FISICO,1,28.50,28.50,TESTE_APROVADO,APROVADA,SIMULADO_APROVADO,2026-09-18 20:15:00
PED-000857,ATD-002221,178,13-DIGITAL,13,DIGITAL,2,18.45,36.90,TESTE_APROVADO,APROVADA,SIMULADO_APROVADO,2026-09-18 21:29:00
PED-000858,ATD-002223,252,10-FISICO,10,FISICO,1,26.30,26.30,TESTE_APROVADO,APROVADA,SIMULADO_APROVADO,2026-09-19 00:02:00
PED-000859,ATD-002226,363,47-DIGITAL,47,DIGITAL,2,20.65,41.30,TESTE_APROVADO,APROVADA,SIMULADO_APROVADO,2026-09-19 03:43:00
PED-000860,ATD-002227,400,27-FISICO,27,FISICO,1,31.95,31.95,TESTE_APROVADO,APROVADA,SIMULADO_APROVADO,2026-09-19 05:22:00
PED-000861,ATD-002231,548,22-DIGITAL,22,DIGITAL,1,13.70,13.70,TESTE_APROVADO,APROVADA,SIMULADO_APROVADO,2026-09-19 10:06:00
PED-000862,ATD-002233,622,28-DIGITAL,28,DIGITAL,1,15.90,15.90,TESTE_APROVADO,APROVADA,SIMULADO_APROVADO,2026-09-19 11:40:00
PED-000863,ATD-002236,733,21-DIGITAL,21,DIGITAL,1,10.65,10.65,TESTE_APROVADO,APROVADA,SIMULADO_APROVADO,2026-09-19 15:07:00
PED-000864,ATD-002238,807,30-FISICO,30,FISICO,2,25.00,50.00,TESTE_APROVADO,APROVADA,SIMULADO_APROVADO,2026-09-19 18:19:00
PED-000865,ATD-002239,844,1-DIGITAL,1,DIGITAL,1,11.95,11.95,TESTE_APROVADO,APROVADA,SIMULADO_APROVADO,2026-09-19 18:50:00
PED-000866,ATD-002245,66,46-DIGITAL,46,DIGITAL,1,17.60,17.60,TESTE_APROVADO,APROVADA,SIMULADO_APROVADO,2026-09-20 02:09:00
PED-000867,ATD-002249,214,42-DIGITAL,42,DIGITAL,2,12.40,24.80,TESTE_APROVADO,APROVADA,SIMULADO_APROVADO,2026-09-20 06:59:00
PED-000868,ATD-002250,251,11-FISICO,11,FISICO,1,29.35,29.35,TESTE_APROVADO,APROVADA,SIMULADO_APROVADO,2026-09-20 07:56:00
PED-000869,ATD-002251,288,23-DIGITAL,23,DIGITAL,1,16.75,16.75,TESTE_APROVADO,APROVADA,SIMULADO_APROVADO,2026-09-20 08:51:00
PED-000870,ATD-002254,399,10-FISICO,10,FISICO,1,26.30,26.30,TESTE_APROVADO,APROVADA,SIMULADO_APROVADO,2026-09-20 12:57:00
PED-000871,ATD-002257,510,41-FISICO,41,FISICO,1,28.45,28.45,TESTE_APROVADO,APROVADA,SIMULADO_APROVADO,2026-09-20 16:18:00
PED-000872,ATD-002259,584,16-FISICO,16,FISICO,1,28.50,28.50,TESTE_APROVADO,APROVADA,SIMULADO_APROVADO,2026-09-20 18:35:00
PED-000873,ATD-002260,621,35-FISICO,35,FISICO,1,24.15,24.15,TESTE_APROVADO,APROVADA,SIMULADO_APROVADO,2026-09-20 20:16:00
PED-000874,ATD-002261,658,42-FISICO,42,FISICO,1,22.40,22.40,TESTE_APROVADO,APROVADA,SIMULADO_APROVADO,2026-09-20 20:46:00
PED-000875,ATD-002264,769,35-DIGITAL,35,DIGITAL,1,14.15,14.15,TESTE_APROVADO,APROVADA,SIMULADO_APROVADO,2026-09-21 00:11:00
PED-000876,ATD-002265,806,16-DIGITAL,16,DIGITAL,1,18.50,18.50,TESTE_APROVADO,APROVADA,SIMULADO_APROVADO,2026-09-21 01:46:00
PED-000877,ATD-002266,843,3-DIGITAL,3,DIGITAL,1,18.05,18.05,TESTE_APROVADO,APROVADA,SIMULADO_APROVADO,2026-09-21 02:55:00
PED-000878,ATD-002267,880,6-DIGITAL,6,DIGITAL,1,20.20,20.20,TESTE_APROVADO,APROVADA,SIMULADO_APROVADO,2026-09-21 04:03:00
PED-000879,ATD-002268,917,5-DIGITAL,5,DIGITAL,1,17.15,17.15,TESTE_APROVADO,APROVADA,SIMULADO_APROVADO,2026-09-21 05:07:00
PED-000880,ATD-002269,954,45-DIGITAL,45,DIGITAL,2,14.55,29.10,TESTE_APROVADO,APROVADA,SIMULADO_APROVADO,2026-09-21 06:22:00
PED-000881,ATD-002270,991,29-FISICO,29,FISICO,1,21.95,21.95,TESTE_APROVADO,APROVADA,SIMULADO_APROVADO,2026-09-21 07:22:00
PED-000882,ATD-002271,28,30-FISICO,30,FISICO,1,25.00,25.00,TESTE_APROVADO,APROVADA,SIMULADO_APROVADO,2026-09-21 08:53:00
PED-000883,ATD-002277,250,8-DIGITAL,8,DIGITAL,1,17.20,17.20,TESTE_APROVADO,APROVADA,SIMULADO_APROVADO,2026-09-21 16:10:00
PED-000884,ATD-002279,324,35-FISICO,35,FISICO,1,24.15,24.15,TESTE_APROVADO,APROVADA,SIMULADO_APROVADO,2026-09-21 18:23:00
PED-000885,ATD-002280,361,3-FISICO,3,FISICO,1,28.05,28.05,TESTE_APROVADO,APROVADA,SIMULADO_APROVADO,2026-09-21 19:33:00
PED-000886,ATD-002282,435,14-DIGITAL,14,DIGITAL,2,12.40,24.80,TESTE_APROVADO,APROVADA,SIMULADO_APROVADO,2026-09-21 21:38:00
PED-000887,ATD-002284,509,37-FISICO,37,FISICO,1,23.25,23.25,TESTE_APROVADO,APROVADA,SIMULADO_APROVADO,2026-09-22 00:06:00
PED-000888,ATD-002285,546,40-FISICO,40,FISICO,1,32.40,32.40,TESTE_APROVADO,APROVADA,SIMULADO_APROVADO,2026-09-22 01:39:00
PED-000889,ATD-002287,620,40-FISICO,40,FISICO,1,32.40,32.40,TESTE_APROVADO,APROVADA,SIMULADO_APROVADO,2026-09-22 04:21:00
PED-000890,ATD-002289,694,10-DIGITAL,10,DIGITAL,1,16.30,16.30,TESTE_APROVADO,APROVADA,SIMULADO_APROVADO,2026-09-22 06:01:00
PED-000891,ATD-002291,768,46-FISICO,46,FISICO,1,27.60,27.60,TESTE_APROVADO,APROVADA,SIMULADO_APROVADO,2026-09-22 08:17:00
PED-000892,ATD-002293,842,28-DIGITAL,28,DIGITAL,1,15.90,15.90,TESTE_APROVADO,APROVADA,SIMULADO_APROVADO,2026-09-22 11:19:00
PED-000893,ATD-002294,879,42-DIGITAL,42,DIGITAL,1,12.40,12.40,TESTE_APROVADO,APROVADA,SIMULADO_APROVADO,2026-09-22 12:13:00
PED-000894,ATD-002303,212,30-DIGITAL,30,DIGITAL,1,15.00,15.00,TESTE_APROVADO,APROVADA,SIMULADO_APROVADO,2026-09-22 22:55:00
PED-000895,ATD-002304,249,2-DIGITAL,2,DIGITAL,1,15.00,15.00,TESTE_APROVADO,APROVADA,SIMULADO_APROVADO,2026-09-22 23:51:00
PED-000896,ATD-002309,434,23-DIGITAL,23,DIGITAL,1,16.75,16.75,TESTE_APROVADO,APROVADA,SIMULADO_APROVADO,2026-09-23 05:57:00
PED-000897,ATD-002311,508,3-DIGITAL,3,DIGITAL,1,18.05,18.05,TESTE_APROVADO,APROVADA,SIMULADO_APROVADO,2026-09-23 08:05:00
PED-000898,ATD-002317,730,31-DIGITAL,31,DIGITAL,1,18.05,18.05,TESTE_APROVADO,APROVADA,SIMULADO_APROVADO,2026-09-23 15:21:00
PED-000899,ATD-002326,63,26-FISICO,26,FISICO,1,28.90,28.90,TESTE_APROVADO,APROVADA,SIMULADO_APROVADO,2026-09-24 02:02:00
PED-000900,ATD-002330,211,9-DIGITAL,9,DIGITAL,1,13.25,13.25,TESTE_APROVADO,APROVADA,SIMULADO_APROVADO,2026-09-24 06:39:00
PED-000901,ATD-002332,285,30-FISICO,30,FISICO,1,25.00,25.00,TESTE_APROVADO,APROVADA,SIMULADO_APROVADO,2026-09-24 09:04:00
PED-000902,ATD-002334,359,6-FISICO,6,FISICO,1,30.20,30.20,TESTE_APROVADO,APROVADA,SIMULADO_APROVADO,2026-09-24 12:00:00
PED-000903,ATD-002337,470,6-FISICO,6,FISICO,1,30.20,30.20,TESTE_APROVADO,APROVADA,SIMULADO_APROVADO,2026-09-24 15:21:00
PED-000904,ATD-002341,618,37-FISICO,37,FISICO,2,23.25,46.50,TESTE_APROVADO,APROVADA,SIMULADO_APROVADO,2026-09-24 19:24:00
PED-000905,ATD-002342,655,23-FISICO,23,FISICO,1,26.75,26.75,TESTE_APROVADO,APROVADA,SIMULADO_APROVADO,2026-09-24 21:08:00
PED-000906,ATD-002344,729,22-DIGITAL,22,DIGITAL,1,13.70,13.70,TESTE_APROVADO,APROVADA,SIMULADO_APROVADO,2026-09-24 23:45:00
PED-000907,ATD-002347,840,44-DIGITAL,44,DIGITAL,1,18.50,18.50,TESTE_APROVADO,APROVADA,SIMULADO_APROVADO,2026-09-25 03:20:00
PED-000908,ATD-002349,914,32-DIGITAL,32,DIGITAL,1,21.10,21.10,TESTE_APROVADO,APROVADA,SIMULADO_APROVADO,2026-09-25 05:04:00
PED-000909,ATD-002352,25,41-DIGITAL,41,DIGITAL,1,18.45,18.45,TESTE_APROVADO,APROVADA,SIMULADO_APROVADO,2026-09-25 08:41:00
PED-000910,ATD-002355,136,26-FISICO,26,FISICO,1,28.90,28.90,TESTE_APROVADO,APROVADA,SIMULADO_APROVADO,2026-09-25 12:01:00
PED-000911,ATD-002356,173,23-FISICO,23,FISICO,1,26.75,26.75,TESTE_APROVADO,APROVADA,SIMULADO_APROVADO,2026-09-25 13:42:00
PED-000912,ATD-002360,321,8-DIGITAL,8,DIGITAL,1,17.20,17.20,TESTE_APROVADO,APROVADA,SIMULADO_APROVADO,2026-09-25 17:58:00
PED-000913,ATD-002363,432,18-DIGITAL,18,DIGITAL,1,17.60,17.60,TESTE_APROVADO,APROVADA,SIMULADO_APROVADO,2026-09-25 21:44:00
PED-000914,ATD-002365,506,1-DIGITAL,1,DIGITAL,1,11.95,11.95,TESTE_APROVADO,APROVADA,SIMULADO_APROVADO,2026-09-25 23:52:00
PED-000915,ATD-002369,654,21-DIGITAL,21,DIGITAL,1,10.65,10.65,TESTE_APROVADO,APROVADA,SIMULADO_APROVADO,2026-09-26 04:32:00
PED-000916,ATD-002370,691,3-DIGITAL,3,DIGITAL,1,18.05,18.05,TESTE_APROVADO,APROVADA,SIMULADO_APROVADO,2026-09-26 06:22:00
PED-000917,ATD-002372,765,5-DIGITAL,5,DIGITAL,1,17.15,17.15,TESTE_APROVADO,APROVADA,SIMULADO_APROVADO,2026-09-26 08:23:00
PED-000918,ATD-002373,802,2-DIGITAL,2,DIGITAL,1,15.00,15.00,TESTE_APROVADO,APROVADA,SIMULADO_APROVADO,2026-09-26 09:25:00
PED-000919,ATD-002374,839,8-DIGITAL,8,DIGITAL,1,17.20,17.20,TESTE_APROVADO,APROVADA,SIMULADO_APROVADO,2026-09-26 10:39:00
PED-000920,ATD-002375,876,44-DIGITAL,44,DIGITAL,1,18.50,18.50,TESTE_APROVADO,APROVADA,SIMULADO_APROVADO,2026-09-26 12:07:00
PED-000921,ATD-002378,987,2-FISICO,2,FISICO,1,25.00,25.00,TESTE_APROVADO,APROVADA,SIMULADO_APROVADO,2026-09-26 15:13:00
PED-000922,ATD-002379,24,35-FISICO,35,FISICO,1,24.15,24.15,TESTE_APROVADO,APROVADA,SIMULADO_APROVADO,2026-09-26 16:43:00
PED-000923,ATD-002382,135,4-DIGITAL,4,DIGITAL,1,21.10,21.10,TESTE_APROVADO,APROVADA,SIMULADO_APROVADO,2026-09-26 19:59:00
PED-000924,ATD-002383,172,17-DIGITAL,17,DIGITAL,1,14.55,14.55,TESTE_APROVADO,APROVADA,SIMULADO_APROVADO,2026-09-26 21:58:00
PED-000925,ATD-002384,209,25-FISICO,25,FISICO,1,25.85,25.85,TESTE_APROVADO,APROVADA,SIMULADO_APROVADO,2026-09-26 22:39:00
PED-000926,ATD-002386,283,45-DIGITAL,45,DIGITAL,1,14.55,14.55,TESTE_APROVADO,APROVADA,SIMULADO_APROVADO,2026-09-27 00:58:00
PED-000927,ATD-002387,320,5-FISICO,5,FISICO,2,27.15,54.30,TESTE_APROVADO,APROVADA,SIMULADO_APROVADO,2026-09-27 02:14:00
PED-000928,ATD-002389,394,17-DIGITAL,17,DIGITAL,1,14.55,14.55,TESTE_APROVADO,APROVADA,SIMULADO_APROVADO,2026-09-27 04:51:00
PED-000929,ATD-002390,431,9-FISICO,9,FISICO,1,23.25,23.25,TESTE_APROVADO,APROVADA,SIMULADO_APROVADO,2026-09-27 06:01:00
PED-000930,ATD-002392,505,15-FISICO,15,FISICO,1,25.45,25.45,TESTE_APROVADO,APROVADA,SIMULADO_APROVADO,2026-09-27 07:48:00
PED-000931,ATD-002393,542,9-DIGITAL,9,DIGITAL,1,13.25,13.25,TESTE_APROVADO,APROVADA,SIMULADO_APROVADO,2026-09-27 09:46:00
PED-000932,ATD-002400,801,4-DIGITAL,4,DIGITAL,1,21.10,21.10,TESTE_APROVADO,APROVADA,SIMULADO_APROVADO,2026-09-27 17:59:00
